stage,source_file,source_row,borehole_id,field,issue_code,severity,observed_value,reference_value,residual,threshold,neighbour_count,action,review_status
raw,GRID_D22_GitHub\data\real_munich\data\bohrungen_epsg25832_shp\bohrungen_stammdaten.csv,1958.0,,record,missing_borehole_id,warning,,,,,,flag_for_review,pending
raw,GRID_D22_GitHub\data\real_munich\data\bohrungen_epsg25832_shp\bohrungen_stammdaten.csv,1959.0,,record,missing_borehole_id,warning,,,,,,flag_for_review,pending
raw,GRID_D22_GitHub\data\real_munich\data\bohrungen_epsg25832_shp\bohrungen_stammdaten.csv,1965.0,,record,missing_borehole_id,warning,,,,,,flag_for_review,pending
raw,GRID_D22_GitHub\data\real_munich\data\bohrungen_epsg25832_shp\bohrungen_stammdaten.csv,1966.0,,record,missing_borehole_id,warning,,,,,,flag_for_review,pending
raw,GRID_D22_GitHub\data\real_munich\data\bohrungen_epsg25832_shp\bohrungen_stammdaten.csv,1967.0,,record,missing_borehole_id,warning,,,,,,flag_for_review,pending
raw,GRID_D22_GitHub\data\real_munich\data\bohrungen_epsg25832_shp\bohrungen_stammdaten.csv,1968.0,,record,missing_borehole_id,warning,,,,,,flag_for_review,pending
raw,GRID_D22_GitHub\data\real_munich\data\bohrungen_epsg25832_shp\bohrungen_stammdaten.csv,1971.0,,record,missing_borehole_id,warning,,,,,,flag_for_review,pending
raw,GRID_D22_GitHub\data\real_munich\data\bohrungen_epsg25832_shp\bohrungen_stammdaten.csv,1973.0,,record,missing_borehole_id,warning,,,,,,flag_for_review,pending
raw,GRID_D22_GitHub\data\real_munich\data\bohrungen_epsg25832_shp\bohrungen_stammdaten.csv,2000.0,,record,missing_borehole_id,warning,,,,,,flag_for_review,pending
raw,GRID_D22_GitHub\data\real_munich\data\bohrungen_epsg25832_shp\bohrungen_stammdaten.csv,2021.0,,record,missing_borehole_id,warning,,,,,,flag_for_review,pending
raw,GRID_D22_GitHub\data\real_munich\data\bohrungen_epsg25832_shp\bohrungen_stammdaten.csv,2078.0,,record,missing_borehole_id,warning,,,,,,flag_for_review,pending
raw,GRID_D22_GitHub\data\real_munich\data\bohrungen_epsg25832_shp\bohrungen_stammdaten.csv,2103.0,,record,missing_borehole_id,warning,,,,,,flag_for_review,pending
raw,GRID_D22_GitHub\data\real_munich\data\bohrungen_epsg25832_shp\bohrungen_stammdaten.csv,2105.0,,record,missing_borehole_id,warning,,,,,,flag_for_review,pending
raw,GRID_D22_GitHub\data\real_munich\data\bohrungen_epsg25832_shp\bohrungen_stammdaten.csv,2110.0,,record,missing_borehole_id,warning,,,,,,flag_for_review,pending
raw,GRID_D22_GitHub\data\real_munich\data\bohrungen_epsg25832_shp\bohrungen_stammdaten.csv,2111.0,,record,missing_borehole_id,warning,,,,,,flag_for_review,pending
raw,GRID_D22_GitHub\data\real_munich\data\bohrungen_epsg25832_shp\bohrungen_stammdaten.csv,2116.0,,record,missing_borehole_id,warning,,,,,,flag_for_review,pending
raw,GRID_D22_GitHub\data\real_munich\data\bohrungen_epsg25832_shp\bohrungen_stammdaten.csv,2117.0,,record,missing_borehole_id,warning,,,,,,flag_for_review,pending
raw,GRID_D22_GitHub\data\real_munich\data\bohrungen_epsg25832_shp\bohrungen_stammdaten.csv,2118.0,,record,missing_borehole_id,warning,,,,,,flag_for_review,pending
raw,GRID_D22_GitHub\data\real_munich\data\bohrungen_epsg25832_shp\bohrungen_stammdaten.csv,2120.0,,record,missing_borehole_id,warning,,,,,,flag_for_review,pending
raw,GRID_D22_GitHub\data\real_munich\data\bohrungen_epsg25832_shp\bohrungen_stammdaten.csv,2127.0,,record,missing_borehole_id,warning,,,,,,flag_for_review,pending
raw,GRID_D22_GitHub\data\real_munich\data\bohrungen_epsg25832_shp\bohrungen_stammdaten.csv,2129.0,,record,missing_borehole_id,warning,,,,,,flag_for_review,pending
raw,GRID_D22_GitHub\data\real_munich\data\bohrungen_epsg25832_shp\bohrungen_stammdaten.csv,2130.0,,record,missing_borehole_id,warning,,,,,,flag_for_review,pending
raw,GRID_D22_GitHub\data\real_munich\data\bohrungen_epsg25832_shp\bohrungen_stammdaten.csv,2152.0,,record,missing_borehole_id,warning,,,,,,flag_for_review,pending
raw,GRID_D22_GitHub\data\real_munich\data\bohrungen_epsg25832_shp\bohrungen_stammdaten.csv,2154.0,,record,missing_borehole_id,warning,,,,,,flag_for_review,pending
raw,GRID_D22_GitHub\data\real_munich\data\bohrungen_epsg25832_shp\bohrungen_stammdaten.csv,2156.0,,record,missing_borehole_id,warning,,,,,,flag_for_review,pending
raw,GRID_D22_GitHub\data\real_munich\data\bohrungen_epsg25832_shp\bohrungen_stammdaten.csv,2160.0,,record,missing_borehole_id,warning,,,,,,flag_for_review,pending
raw,GRID_D22_GitHub\data\real_munich\data\bohrungen_epsg25832_shp\bohrungen_stammdaten.csv,2161.0,,record,missing_borehole_id,warning,,,,,,flag_for_review,pending
raw,GRID_D22_GitHub\data\real_munich\data\bohrungen_epsg25832_shp\bohrungen_stammdaten.csv,2162.0,,record,missing_borehole_id,warning,,,,,,flag_for_review,pending
raw,GRID_D22_GitHub\data\real_munich\data\bohrungen_epsg25832_shp\bohrungen_stammdaten.csv,2163.0,,record,missing_borehole_id,warning,,,,,,flag_for_review,pending
raw,GRID_D22_GitHub\data\real_munich\data\bohrungen_epsg25832_shp\bohrungen_stammdaten.csv,2164.0,,record,missing_borehole_id,warning,,,,,,flag_for_review,pending
raw,GRID_D22_GitHub\data\real_munich\data\bohrungen_epsg25832_shp\bohrungen_stammdaten.csv,2165.0,,record,missing_borehole_id,warning,,,,,,flag_for_review,pending
raw,GRID_D22_GitHub\data\real_munich\data\bohrungen_epsg25832_shp\bohrungen_stammdaten.csv,2166.0,,record,missing_borehole_id,warning,,,,,,flag_for_review,pending
raw,GRID_D22_GitHub\data\real_munich\data\bohrungen_epsg25832_shp\bohrungen_stammdaten.csv,2167.0,,record,missing_borehole_id,warning,,,,,,flag_for_review,pending
raw,GRID_D22_GitHub\data\real_munich\data\bohrungen_epsg25832_shp\bohrungen_stammdaten.csv,2168.0,,record,missing_borehole_id,warning,,,,,,flag_for_review,pending
raw,GRID_D22_GitHub\data\real_munich\data\bohrungen_epsg25832_shp\bohrungen_stammdaten.csv,2169.0,,record,missing_borehole_id,warning,,,,,,flag_for_review,pending
raw,GRID_D22_GitHub\data\real_munich\data\bohrungen_epsg25832_shp\bohrungen_stammdaten.csv,2170.0,,record,missing_borehole_id,warning,,,,,,flag_for_review,pending
raw,GRID_D22_GitHub\data\real_munich\data\bohrungen_epsg25832_shp\bohrungen_stammdaten.csv,2171.0,,record,missing_borehole_id,warning,,,,,,flag_for_review,pending
raw,GRID_D22_GitHub\data\real_munich\data\bohrungen_epsg25832_shp\bohrungen_stammdaten.csv,2172.0,,record,missing_borehole_id,warning,,,,,,flag_for_review,pending
raw,GRID_D22_GitHub\data\real_munich\data\bohrungen_epsg25832_shp\bohrungen_stammdaten.csv,2173.0,,record,missing_borehole_id,warning,,,,,,flag_for_review,pending
raw,GRID_D22_GitHub\data\real_munich\data\bohrungen_epsg25832_shp\bohrungen_stammdaten.csv,2174.0,,record,missing_borehole_id,warning,,,,,,flag_for_review,pending
raw,GRID_D22_GitHub\data\real_munich\data\bohrungen_epsg25832_shp\bohrungen_stammdaten.csv,2175.0,,record,missing_borehole_id,warning,,,,,,flag_for_review,pending
raw,GRID_D22_GitHub\data\real_munich\data\bohrungen_epsg25832_shp\bohrungen_stammdaten.csv,2176.0,,record,missing_borehole_id,warning,,,,,,flag_for_review,pending
raw,GRID_D22_GitHub\data\real_munich\data\bohrungen_epsg25832_shp\bohrungen_stammdaten.csv,2177.0,,record,missing_borehole_id,warning,,,,,,flag_for_review,pending
raw,GRID_D22_GitHub\data\real_munich\data\bohrungen_epsg25832_shp\bohrungen_stammdaten.csv,2178.0,,record,missing_borehole_id,warning,,,,,,flag_for_review,pending
raw,GRID_D22_GitHub\data\real_munich\data\bohrungen_epsg25832_shp\bohrungen_stammdaten.csv,2181.0,,record,missing_borehole_id,warning,,,,,,flag_for_review,pending
raw,GRID_D22_GitHub\data\real_munich\data\bohrungen_epsg25832_shp\bohrungen_stammdaten.csv,2182.0,,record,missing_borehole_id,warning,,,,,,flag_for_review,pending
raw,GRID_D22_GitHub\data\real_munich\data\bohrungen_epsg25832_shp\bohrungen_stammdaten.csv,2183.0,,record,missing_borehole_id,warning,,,,,,flag_for_review,pending
raw,GRID_D22_GitHub\data\real_munich\data\bohrungen_epsg25832_shp\bohrungen_stammdaten.csv,2184.0,,record,missing_borehole_id,warning,,,,,,flag_for_review,pending
raw,GRID_D22_GitHub\data\real_munich\data\bohrungen_epsg25832_shp\bohrungen_stammdaten.csv,2186.0,,record,missing_borehole_id,warning,,,,,,flag_for_review,pending
raw,GRID_D22_GitHub\data\real_munich\data\bohrungen_epsg25832_shp\bohrungen_stammdaten.csv,2187.0,,record,missing_borehole_id,warning,,,,,,flag_for_review,pending
raw,GRID_D22_GitHub\data\real_munich\data\bohrungen_epsg25832_shp\bohrungen_stammdaten.csv,2188.0,,record,missing_borehole_id,warning,,,,,,flag_for_review,pending
raw,GRID_D22_GitHub\data\real_munich\data\bohrungen_epsg25832_shp\bohrungen_stammdaten.csv,2189.0,,record,missing_borehole_id,warning,,,,,,flag_for_review,pending
raw,GRID_D22_GitHub\data\real_munich\data\bohrungen_epsg25832_shp\bohrungen_stammdaten.csv,2190.0,,record,missing_borehole_id,warning,,,,,,flag_for_review,pending
raw,GRID_D22_GitHub\data\real_munich\data\bohrungen_epsg25832_shp\bohrungen_stammdaten.csv,2191.0,,record,missing_borehole_id,warning,,,,,,flag_for_review,pending
raw,GRID_D22_GitHub\data\real_munich\data\bohrungen_epsg25832_shp\bohrungen_stammdaten.csv,2192.0,,record,missing_borehole_id,warning,,,,,,flag_for_review,pending
raw,GRID_D22_GitHub\data\real_munich\data\bohrungen_epsg25832_shp\bohrungen_stammdaten.csv,2193.0,,record,missing_borehole_id,warning,,,,,,flag_for_review,pending
raw,GRID_D22_GitHub\data\real_munich\data\bohrungen_epsg25832_shp\bohrungen_stammdaten.csv,2194.0,,record,missing_borehole_id,warning,,,,,,flag_for_review,pending
raw,GRID_D22_GitHub\data\real_munich\data\bohrungen_epsg25832_shp\bohrungen_stammdaten.csv,2195.0,,record,missing_borehole_id,warning,,,,,,flag_for_review,pending
raw,GRID_D22_GitHub\data\real_munich\data\bohrungen_epsg25832_shp\bohrungen_stammdaten.csv,2196.0,,record,missing_borehole_id,warning,,,,,,flag_for_review,pending
raw,GRID_D22_GitHub\data\real_munich\data\bohrungen_epsg25832_shp\bohrungen_stammdaten.csv,2197.0,,record,missing_borehole_id,warning,,,,,,flag_for_review,pending
raw,GRID_D22_GitHub\data\real_munich\data\bohrungen_epsg25832_shp\bohrungen_stammdaten.csv,2198.0,,record,missing_borehole_id,warning,,,,,,flag_for_review,pending
raw,GRID_D22_GitHub\data\real_munich\data\bohrungen_epsg25832_shp\bohrungen_stammdaten.csv,2199.0,,record,missing_borehole_id,warning,,,,,,flag_for_review,pending
raw,GRID_D22_GitHub\data\real_munich\data\bohrungen_epsg25832_shp\bohrungen_stammdaten.csv,2200.0,,record,missing_borehole_id,warning,,,,,,flag_for_review,pending
raw,GRID_D22_GitHub\data\real_munich\data\bohrungen_epsg25832_shp\bohrungen_stammdaten.csv,2201.0,,record,missing_borehole_id,warning,,,,,,flag_for_review,pending
raw,GRID_D22_GitHub\data\real_munich\data\bohrungen_epsg25832_shp\bohrungen_stammdaten.csv,2202.0,,record,missing_borehole_id,warning,,,,,,flag_for_review,pending
raw,GRID_D22_GitHub\data\real_munich\data\bohrungen_epsg25832_shp\bohrungen_stammdaten.csv,2203.0,,record,missing_borehole_id,warning,,,,,,flag_for_review,pending
raw,GRID_D22_GitHub\data\real_munich\data\bohrungen_epsg25832_shp\bohrungen_stammdaten.csv,2205.0,,record,missing_borehole_id,warning,,,,,,flag_for_review,pending
raw,GRID_D22_GitHub\data\real_munich\data\bohrungen_epsg25832_shp\bohrungen_stammdaten.csv,2206.0,,record,missing_borehole_id,warning,,,,,,flag_for_review,pending
raw,GRID_D22_GitHub\data\real_munich\data\bohrungen_epsg25832_shp\bohrungen_stammdaten.csv,2208.0,,record,missing_borehole_id,warning,,,,,,flag_for_review,pending
raw,GRID_D22_GitHub\data\real_munich\data\bohrungen_epsg25832_shp\bohrungen_stammdaten.csv,2209.0,,record,missing_borehole_id,warning,,,,,,flag_for_review,pending
raw,GRID_D22_GitHub\data\real_munich\data\bohrungen_epsg25832_shp\bohrungen_stammdaten.csv,2211.0,,record,missing_borehole_id,warning,,,,,,flag_for_review,pending
raw,GRID_D22_GitHub\data\real_munich\data\bohrungen_epsg25832_shp\bohrungen_stammdaten.csv,2212.0,,record,missing_borehole_id,warning,,,,,,flag_for_review,pending
raw,GRID_D22_GitHub\data\real_munich\data\bohrungen_epsg25832_shp\bohrungen_stammdaten.csv,2213.0,,record,missing_borehole_id,warning,,,,,,flag_for_review,pending
raw,GRID_D22_GitHub\data\real_munich\data\bohrungen_epsg25832_shp\bohrungen_stammdaten.csv,2214.0,,record,missing_borehole_id,warning,,,,,,flag_for_review,pending
raw,GRID_D22_GitHub\data\real_munich\data\bohrungen_epsg25832_shp\bohrungen_stammdaten.csv,2215.0,,record,missing_borehole_id,warning,,,,,,flag_for_review,pending
raw,GRID_D22_GitHub\data\real_munich\data\bohrungen_epsg25832_shp\bohrungen_stammdaten.csv,2216.0,,record,missing_borehole_id,warning,,,,,,flag_for_review,pending
raw,GRID_D22_GitHub\data\real_munich\data\bohrungen_epsg25832_shp\bohrungen_stammdaten.csv,2217.0,,record,missing_borehole_id,warning,,,,,,flag_for_review,pending
raw,GRID_D22_GitHub\data\real_munich\data\bohrungen_epsg25832_shp\bohrungen_stammdaten.csv,2218.0,,record,missing_borehole_id,warning,,,,,,flag_for_review,pending
raw,GRID_D22_GitHub\data\real_munich\data\bohrungen_epsg25832_shp\bohrungen_stammdaten.csv,2219.0,,record,missing_borehole_id,warning,,,,,,flag_for_review,pending
raw,GRID_D22_GitHub\data\real_munich\data\bohrungen_epsg25832_shp\bohrungen_stammdaten.csv,2220.0,,record,missing_borehole_id,warning,,,,,,flag_for_review,pending
raw,GRID_D22_GitHub\data\real_munich\data\bohrungen_epsg25832_shp\bohrungen_stammdaten.csv,2221.0,,record,missing_borehole_id,warning,,,,,,flag_for_review,pending
raw,GRID_D22_GitHub\data\real_munich\data\bohrungen_epsg25832_shp\bohrungen_stammdaten.csv,2222.0,,record,missing_borehole_id,warning,,,,,,flag_for_review,pending
raw,GRID_D22_GitHub\data\real_munich\data\bohrungen_epsg25832_shp\bohrungen_stammdaten.csv,2223.0,,record,missing_borehole_id,warning,,,,,,flag_for_review,pending
raw,GRID_D22_GitHub\data\real_munich\data\bohrungen_epsg25832_shp\bohrungen_stammdaten.csv,2225.0,,record,missing_borehole_id,warning,,,,,,flag_for_review,pending
raw,GRID_D22_GitHub\data\real_munich\data\bohrungen_epsg25832_shp\bohrungen_stammdaten.csv,2233.0,,record,missing_borehole_id,warning,,,,,,flag_for_review,pending
raw,GRID_D22_GitHub\data\real_munich\data\bohrungen_epsg25832_shp\bohrungen_stammdaten.csv,2234.0,,record,missing_borehole_id,warning,,,,,,flag_for_review,pending
raw,GRID_D22_GitHub\data\real_munich\data\bohrungen_epsg25832_shp\bohrungen_stammdaten.csv,2235.0,,record,missing_borehole_id,warning,,,,,,flag_for_review,pending
raw,GRID_D22_GitHub\data\real_munich\data\bohrungen_epsg25832_shp\bohrungen_stammdaten.csv,2236.0,,record,missing_borehole_id,warning,,,,,,flag_for_review,pending
raw,GRID_D22_GitHub\data\real_munich\data\bohrungen_epsg25832_shp\bohrungen_stammdaten.csv,2237.0,,record,missing_borehole_id,warning,,,,,,flag_for_review,pending
raw,GRID_D22_GitHub\data\real_munich\data\bohrungen_epsg25832_shp\bohrungen_stammdaten.csv,2238.0,,record,missing_borehole_id,warning,,,,,,flag_for_review,pending
raw,GRID_D22_GitHub\data\real_munich\data\bohrungen_epsg25832_shp\bohrungen_stammdaten.csv,2239.0,,record,missing_borehole_id,warning,,,,,,flag_for_review,pending
raw,GRID_D22_GitHub\data\real_munich\data\bohrungen_epsg25832_shp\bohrungen_stammdaten.csv,2240.0,,record,missing_borehole_id,warning,,,,,,flag_for_review,pending
raw,GRID_D22_GitHub\data\real_munich\data\bohrungen_epsg25832_shp\bohrungen_stammdaten.csv,2243.0,,record,missing_borehole_id,warning,,,,,,flag_for_review,pending
raw,GRID_D22_GitHub\data\real_munich\data\bohrungen_epsg25832_shp\bohrungen_stammdaten.csv,2244.0,,record,missing_borehole_id,warning,,,,,,flag_for_review,pending
raw,GRID_D22_GitHub\data\real_munich\data\bohrungen_epsg25832_shp\bohrungen_stammdaten.csv,1958.0,,record,duplicate_record,warning,,,,,,flag_for_review,pending
raw,GRID_D22_GitHub\data\real_munich\data\bohrungen_epsg25832_shp\bohrungen_stammdaten.csv,1959.0,,record,duplicate_record,warning,,,,,,flag_for_review,pending
raw,GRID_D22_GitHub\data\real_munich\data\bohrungen_epsg25832_shp\bohrungen_stammdaten.csv,1965.0,,record,duplicate_record,warning,,,,,,flag_for_review,pending
raw,GRID_D22_GitHub\data\real_munich\data\bohrungen_epsg25832_shp\bohrungen_stammdaten.csv,1966.0,,record,duplicate_record,warning,,,,,,flag_for_review,pending
raw,GRID_D22_GitHub\data\real_munich\data\bohrungen_epsg25832_shp\bohrungen_stammdaten.csv,1967.0,,record,duplicate_record,warning,,,,,,flag_for_review,pending
raw,GRID_D22_GitHub\data\real_munich\data\bohrungen_epsg25832_shp\bohrungen_stammdaten.csv,1968.0,,record,duplicate_record,warning,,,,,,flag_for_review,pending
raw,GRID_D22_GitHub\data\real_munich\data\bohrungen_epsg25832_shp\bohrungen_stammdaten.csv,1971.0,,record,duplicate_record,warning,,,,,,flag_for_review,pending
raw,GRID_D22_GitHub\data\real_munich\data\bohrungen_epsg25832_shp\bohrungen_stammdaten.csv,1973.0,,record,duplicate_record,warning,,,,,,flag_for_review,pending
raw,GRID_D22_GitHub\data\real_munich\data\bohrungen_epsg25832_shp\bohrungen_stammdaten.csv,2000.0,,record,duplicate_record,warning,,,,,,flag_for_review,pending
raw,GRID_D22_GitHub\data\real_munich\data\bohrungen_epsg25832_shp\bohrungen_stammdaten.csv,2021.0,,record,duplicate_record,warning,,,,,,flag_for_review,pending
raw,GRID_D22_GitHub\data\real_munich\data\bohrungen_epsg25832_shp\bohrungen_stammdaten.csv,2078.0,,record,duplicate_record,warning,,,,,,flag_for_review,pending
raw,GRID_D22_GitHub\data\real_munich\data\bohrungen_epsg25832_shp\bohrungen_stammdaten.csv,2103.0,,record,duplicate_record,warning,,,,,,flag_for_review,pending
raw,GRID_D22_GitHub\data\real_munich\data\bohrungen_epsg25832_shp\bohrungen_stammdaten.csv,2105.0,,record,duplicate_record,warning,,,,,,flag_for_review,pending
raw,GRID_D22_GitHub\data\real_munich\data\bohrungen_epsg25832_shp\bohrungen_stammdaten.csv,2110.0,,record,duplicate_record,warning,,,,,,flag_for_review,pending
raw,GRID_D22_GitHub\data\real_munich\data\bohrungen_epsg25832_shp\bohrungen_stammdaten.csv,2111.0,,record,duplicate_record,warning,,,,,,flag_for_review,pending
raw,GRID_D22_GitHub\data\real_munich\data\bohrungen_epsg25832_shp\bohrungen_stammdaten.csv,2116.0,,record,duplicate_record,warning,,,,,,flag_for_review,pending
raw,GRID_D22_GitHub\data\real_munich\data\bohrungen_epsg25832_shp\bohrungen_stammdaten.csv,2117.0,,record,duplicate_record,warning,,,,,,flag_for_review,pending
raw,GRID_D22_GitHub\data\real_munich\data\bohrungen_epsg25832_shp\bohrungen_stammdaten.csv,2118.0,,record,duplicate_record,warning,,,,,,flag_for_review,pending
raw,GRID_D22_GitHub\data\real_munich\data\bohrungen_epsg25832_shp\bohrungen_stammdaten.csv,2120.0,,record,duplicate_record,warning,,,,,,flag_for_review,pending
raw,GRID_D22_GitHub\data\real_munich\data\bohrungen_epsg25832_shp\bohrungen_stammdaten.csv,2127.0,,record,duplicate_record,warning,,,,,,flag_for_review,pending
raw,GRID_D22_GitHub\data\real_munich\data\bohrungen_epsg25832_shp\bohrungen_stammdaten.csv,2129.0,,record,duplicate_record,warning,,,,,,flag_for_review,pending
raw,GRID_D22_GitHub\data\real_munich\data\bohrungen_epsg25832_shp\bohrungen_stammdaten.csv,2130.0,,record,duplicate_record,warning,,,,,,flag_for_review,pending
raw,GRID_D22_GitHub\data\real_munich\data\bohrungen_epsg25832_shp\bohrungen_stammdaten.csv,2152.0,,record,duplicate_record,warning,,,,,,flag_for_review,pending
raw,GRID_D22_GitHub\data\real_munich\data\bohrungen_epsg25832_shp\bohrungen_stammdaten.csv,2154.0,,record,duplicate_record,warning,,,,,,flag_for_review,pending
raw,GRID_D22_GitHub\data\real_munich\data\bohrungen_epsg25832_shp\bohrungen_stammdaten.csv,2156.0,,record,duplicate_record,warning,,,,,,flag_for_review,pending
raw,GRID_D22_GitHub\data\real_munich\data\bohrungen_epsg25832_shp\bohrungen_stammdaten.csv,2160.0,,record,duplicate_record,warning,,,,,,flag_for_review,pending
raw,GRID_D22_GitHub\data\real_munich\data\bohrungen_epsg25832_shp\bohrungen_stammdaten.csv,2161.0,,record,duplicate_record,warning,,,,,,flag_for_review,pending
raw,GRID_D22_GitHub\data\real_munich\data\bohrungen_epsg25832_shp\bohrungen_stammdaten.csv,2162.0,,record,duplicate_record,warning,,,,,,flag_for_review,pending
raw,GRID_D22_GitHub\data\real_munich\data\bohrungen_epsg25832_shp\bohrungen_stammdaten.csv,2163.0,,record,duplicate_record,warning,,,,,,flag_for_review,pending
raw,GRID_D22_GitHub\data\real_munich\data\bohrungen_epsg25832_shp\bohrungen_stammdaten.csv,2164.0,,record,duplicate_record,warning,,,,,,flag_for_review,pending
raw,GRID_D22_GitHub\data\real_munich\data\bohrungen_epsg25832_shp\bohrungen_stammdaten.csv,2165.0,,record,duplicate_record,warning,,,,,,flag_for_review,pending
raw,GRID_D22_GitHub\data\real_munich\data\bohrungen_epsg25832_shp\bohrungen_stammdaten.csv,2166.0,,record,duplicate_record,warning,,,,,,flag_for_review,pending
raw,GRID_D22_GitHub\data\real_munich\data\bohrungen_epsg25832_shp\bohrungen_stammdaten.csv,2167.0,,record,duplicate_record,warning,,,,,,flag_for_review,pending
raw,GRID_D22_GitHub\data\real_munich\data\bohrungen_epsg25832_shp\bohrungen_stammdaten.csv,2168.0,,record,duplicate_record,warning,,,,,,flag_for_review,pending
raw,GRID_D22_GitHub\data\real_munich\data\bohrungen_epsg25832_shp\bohrungen_stammdaten.csv,2169.0,,record,duplicate_record,warning,,,,,,flag_for_review,pending
raw,GRID_D22_GitHub\data\real_munich\data\bohrungen_epsg25832_shp\bohrungen_stammdaten.csv,2170.0,,record,duplicate_record,warning,,,,,,flag_for_review,pending
raw,GRID_D22_GitHub\data\real_munich\data\bohrungen_epsg25832_shp\bohrungen_stammdaten.csv,2171.0,,record,duplicate_record,warning,,,,,,flag_for_review,pending
raw,GRID_D22_GitHub\data\real_munich\data\bohrungen_epsg25832_shp\bohrungen_stammdaten.csv,2172.0,,record,duplicate_record,warning,,,,,,flag_for_review,pending
raw,GRID_D22_GitHub\data\real_munich\data\bohrungen_epsg25832_shp\bohrungen_stammdaten.csv,2173.0,,record,duplicate_record,warning,,,,,,flag_for_review,pending
raw,GRID_D22_GitHub\data\real_munich\data\bohrungen_epsg25832_shp\bohrungen_stammdaten.csv,2174.0,,record,duplicate_record,warning,,,,,,flag_for_review,pending
raw,GRID_D22_GitHub\data\real_munich\data\bohrungen_epsg25832_shp\bohrungen_stammdaten.csv,2175.0,,record,duplicate_record,warning,,,,,,flag_for_review,pending
raw,GRID_D22_GitHub\data\real_munich\data\bohrungen_epsg25832_shp\bohrungen_stammdaten.csv,2176.0,,record,duplicate_record,warning,,,,,,flag_for_review,pending
raw,GRID_D22_GitHub\data\real_munich\data\bohrungen_epsg25832_shp\bohrungen_stammdaten.csv,2177.0,,record,duplicate_record,warning,,,,,,flag_for_review,pending
raw,GRID_D22_GitHub\data\real_munich\data\bohrungen_epsg25832_shp\bohrungen_stammdaten.csv,2178.0,,record,duplicate_record,warning,,,,,,flag_for_review,pending
raw,GRID_D22_GitHub\data\real_munich\data\bohrungen_epsg25832_shp\bohrungen_stammdaten.csv,2181.0,,record,duplicate_record,warning,,,,,,flag_for_review,pending
raw,GRID_D22_GitHub\data\real_munich\data\bohrungen_epsg25832_shp\bohrungen_stammdaten.csv,2182.0,,record,duplicate_record,warning,,,,,,flag_for_review,pending
raw,GRID_D22_GitHub\data\real_munich\data\bohrungen_epsg25832_shp\bohrungen_stammdaten.csv,2183.0,,record,duplicate_record,warning,,,,,,flag_for_review,pending
raw,GRID_D22_GitHub\data\real_munich\data\bohrungen_epsg25832_shp\bohrungen_stammdaten.csv,2184.0,,record,duplicate_record,warning,,,,,,flag_for_review,pending
raw,GRID_D22_GitHub\data\real_munich\data\bohrungen_epsg25832_shp\bohrungen_stammdaten.csv,2186.0,,record,duplicate_record,warning,,,,,,flag_for_review,pending
raw,GRID_D22_GitHub\data\real_munich\data\bohrungen_epsg25832_shp\bohrungen_stammdaten.csv,2187.0,,record,duplicate_record,warning,,,,,,flag_for_review,pending
raw,GRID_D22_GitHub\data\real_munich\data\bohrungen_epsg25832_shp\bohrungen_stammdaten.csv,2188.0,,record,duplicate_record,warning,,,,,,flag_for_review,pending
raw,GRID_D22_GitHub\data\real_munich\data\bohrungen_epsg25832_shp\bohrungen_stammdaten.csv,2189.0,,record,duplicate_record,warning,,,,,,flag_for_review,pending
raw,GRID_D22_GitHub\data\real_munich\data\bohrungen_epsg25832_shp\bohrungen_stammdaten.csv,2190.0,,record,duplicate_record,warning,,,,,,flag_for_review,pending
raw,GRID_D22_GitHub\data\real_munich\data\bohrungen_epsg25832_shp\bohrungen_stammdaten.csv,2191.0,,record,duplicate_record,warning,,,,,,flag_for_review,pending
raw,GRID_D22_GitHub\data\real_munich\data\bohrungen_epsg25832_shp\bohrungen_stammdaten.csv,2192.0,,record,duplicate_record,warning,,,,,,flag_for_review,pending
raw,GRID_D22_GitHub\data\real_munich\data\bohrungen_epsg25832_shp\bohrungen_stammdaten.csv,2193.0,,record,duplicate_record,warning,,,,,,flag_for_review,pending
raw,GRID_D22_GitHub\data\real_munich\data\bohrungen_epsg25832_shp\bohrungen_stammdaten.csv,2194.0,,record,duplicate_record,warning,,,,,,flag_for_review,pending
raw,GRID_D22_GitHub\data\real_munich\data\bohrungen_epsg25832_shp\bohrungen_stammdaten.csv,2195.0,,record,duplicate_record,warning,,,,,,flag_for_review,pending
raw,GRID_D22_GitHub\data\real_munich\data\bohrungen_epsg25832_shp\bohrungen_stammdaten.csv,2196.0,,record,duplicate_record,warning,,,,,,flag_for_review,pending
raw,GRID_D22_GitHub\data\real_munich\data\bohrungen_epsg25832_shp\bohrungen_stammdaten.csv,2197.0,,record,duplicate_record,warning,,,,,,flag_for_review,pending
raw,GRID_D22_GitHub\data\real_munich\data\bohrungen_epsg25832_shp\bohrungen_stammdaten.csv,2198.0,,record,duplicate_record,warning,,,,,,flag_for_review,pending
raw,GRID_D22_GitHub\data\real_munich\data\bohrungen_epsg25832_shp\bohrungen_stammdaten.csv,2199.0,,record,duplicate_record,warning,,,,,,flag_for_review,pending
raw,GRID_D22_GitHub\data\real_munich\data\bohrungen_epsg25832_shp\bohrungen_stammdaten.csv,2200.0,,record,duplicate_record,warning,,,,,,flag_for_review,pending
raw,GRID_D22_GitHub\data\real_munich\data\bohrungen_epsg25832_shp\bohrungen_stammdaten.csv,2201.0,,record,duplicate_record,warning,,,,,,flag_for_review,pending
raw,GRID_D22_GitHub\data\real_munich\data\bohrungen_epsg25832_shp\bohrungen_stammdaten.csv,2202.0,,record,duplicate_record,warning,,,,,,flag_for_review,pending
raw,GRID_D22_GitHub\data\real_munich\data\bohrungen_epsg25832_shp\bohrungen_stammdaten.csv,2203.0,,record,duplicate_record,warning,,,,,,flag_for_review,pending
raw,GRID_D22_GitHub\data\real_munich\data\bohrungen_epsg25832_shp\bohrungen_stammdaten.csv,2205.0,,record,duplicate_record,warning,,,,,,flag_for_review,pending
raw,GRID_D22_GitHub\data\real_munich\data\bohrungen_epsg25832_shp\bohrungen_stammdaten.csv,2206.0,,record,duplicate_record,warning,,,,,,flag_for_review,pending
raw,GRID_D22_GitHub\data\real_munich\data\bohrungen_epsg25832_shp\bohrungen_stammdaten.csv,2208.0,,record,duplicate_record,warning,,,,,,flag_for_review,pending
raw,GRID_D22_GitHub\data\real_munich\data\bohrungen_epsg25832_shp\bohrungen_stammdaten.csv,2209.0,,record,duplicate_record,warning,,,,,,flag_for_review,pending
raw,GRID_D22_GitHub\data\real_munich\data\bohrungen_epsg25832_shp\bohrungen_stammdaten.csv,2211.0,,record,duplicate_record,warning,,,,,,flag_for_review,pending
raw,GRID_D22_GitHub\data\real_munich\data\bohrungen_epsg25832_shp\bohrungen_stammdaten.csv,2212.0,,record,duplicate_record,warning,,,,,,flag_for_review,pending
raw,GRID_D22_GitHub\data\real_munich\data\bohrungen_epsg25832_shp\bohrungen_stammdaten.csv,2213.0,,record,duplicate_record,warning,,,,,,flag_for_review,pending
raw,GRID_D22_GitHub\data\real_munich\data\bohrungen_epsg25832_shp\bohrungen_stammdaten.csv,2214.0,,record,duplicate_record,warning,,,,,,flag_for_review,pending
raw,GRID_D22_GitHub\data\real_munich\data\bohrungen_epsg25832_shp\bohrungen_stammdaten.csv,2215.0,,record,duplicate_record,warning,,,,,,flag_for_review,pending
raw,GRID_D22_GitHub\data\real_munich\data\bohrungen_epsg25832_shp\bohrungen_stammdaten.csv,2216.0,,record,duplicate_record,warning,,,,,,flag_for_review,pending
raw,GRID_D22_GitHub\data\real_munich\data\bohrungen_epsg25832_shp\bohrungen_stammdaten.csv,2217.0,,record,duplicate_record,warning,,,,,,flag_for_review,pending
raw,GRID_D22_GitHub\data\real_munich\data\bohrungen_epsg25832_shp\bohrungen_stammdaten.csv,2218.0,,record,duplicate_record,warning,,,,,,flag_for_review,pending
raw,GRID_D22_GitHub\data\real_munich\data\bohrungen_epsg25832_shp\bohrungen_stammdaten.csv,2219.0,,record,duplicate_record,warning,,,,,,flag_for_review,pending
raw,GRID_D22_GitHub\data\real_munich\data\bohrungen_epsg25832_shp\bohrungen_stammdaten.csv,2220.0,,record,duplicate_record,warning,,,,,,flag_for_review,pending
raw,GRID_D22_GitHub\data\real_munich\data\bohrungen_epsg25832_shp\bohrungen_stammdaten.csv,2221.0,,record,duplicate_record,warning,,,,,,flag_for_review,pending
raw,GRID_D22_GitHub\data\real_munich\data\bohrungen_epsg25832_shp\bohrungen_stammdaten.csv,2222.0,,record,duplicate_record,warning,,,,,,flag_for_review,pending
raw,GRID_D22_GitHub\data\real_munich\data\bohrungen_epsg25832_shp\bohrungen_stammdaten.csv,2223.0,,record,duplicate_record,warning,,,,,,flag_for_review,pending
raw,GRID_D22_GitHub\data\real_munich\data\bohrungen_epsg25832_shp\bohrungen_stammdaten.csv,2225.0,,record,duplicate_record,warning,,,,,,flag_for_review,pending
raw,GRID_D22_GitHub\data\real_munich\data\bohrungen_epsg25832_shp\bohrungen_stammdaten.csv,2233.0,,record,duplicate_record,warning,,,,,,flag_for_review,pending
raw,GRID_D22_GitHub\data\real_munich\data\bohrungen_epsg25832_shp\bohrungen_stammdaten.csv,2234.0,,record,duplicate_record,warning,,,,,,flag_for_review,pending
raw,GRID_D22_GitHub\data\real_munich\data\bohrungen_epsg25832_shp\bohrungen_stammdaten.csv,2235.0,,record,duplicate_record,warning,,,,,,flag_for_review,pending
raw,GRID_D22_GitHub\data\real_munich\data\bohrungen_epsg25832_shp\bohrungen_stammdaten.csv,2236.0,,record,duplicate_record,warning,,,,,,flag_for_review,pending
raw,GRID_D22_GitHub\data\real_munich\data\bohrungen_epsg25832_shp\bohrungen_stammdaten.csv,2237.0,,record,duplicate_record,warning,,,,,,flag_for_review,pending
raw,GRID_D22_GitHub\data\real_munich\data\bohrungen_epsg25832_shp\bohrungen_stammdaten.csv,2238.0,,record,duplicate_record,warning,,,,,,flag_for_review,pending
raw,GRID_D22_GitHub\data\real_munich\data\bohrungen_epsg25832_shp\bohrungen_stammdaten.csv,2239.0,,record,duplicate_record,warning,,,,,,flag_for_review,pending
raw,GRID_D22_GitHub\data\real_munich\data\bohrungen_epsg25832_shp\bohrungen_stammdaten.csv,2240.0,,record,duplicate_record,warning,,,,,,flag_for_review,pending
raw,GRID_D22_GitHub\data\real_munich\data\bohrungen_epsg25832_shp\bohrungen_stammdaten.csv,2243.0,,record,duplicate_record,warning,,,,,,flag_for_review,pending
raw,GRID_D22_GitHub\data\real_munich\data\bohrungen_epsg25832_shp\bohrungen_stammdaten.csv,2244.0,,record,duplicate_record,warning,,,,,,flag_for_review,pending
raw,GRID_D22_GitHub\data\real_munich\data\bohrungen_epsg25832_shp\bohrungen_stammdaten.csv,1958.0,7835BG018091,ObjektID,legacy_index_join_id_mismatch,warning,,,,,,legacy_excluded,pending
raw,GRID_D22_GitHub\data\real_munich\data\bohrungen_epsg25832_shp\bohrungen_stammdaten.csv,1959.0,7835BG018096,ObjektID,legacy_index_join_id_mismatch,warning,,,,,,legacy_excluded,pending
raw,GRID_D22_GitHub\data\real_munich\data\bohrungen_epsg25832_shp\bohrungen_stammdaten.csv,1965.0,7835BG018092,ObjektID,legacy_index_join_id_mismatch,warning,,,,,,legacy_excluded,pending
raw,GRID_D22_GitHub\data\real_munich\data\bohrungen_epsg25832_shp\bohrungen_stammdaten.csv,1966.0,7835BG018095,ObjektID,legacy_index_join_id_mismatch,warning,,,,,,legacy_excluded,pending
raw,GRID_D22_GitHub\data\real_munich\data\bohrungen_epsg25832_shp\bohrungen_stammdaten.csv,1967.0,7835BG018094,ObjektID,legacy_index_join_id_mismatch,warning,,,,,,legacy_excluded,pending
raw,GRID_D22_GitHub\data\real_munich\data\bohrungen_epsg25832_shp\bohrungen_stammdaten.csv,1968.0,7835BG018093,ObjektID,legacy_index_join_id_mismatch,warning,,,,,,legacy_excluded,pending
raw,GRID_D22_GitHub\data\real_munich\data\bohrungen_epsg25832_shp\bohrungen_stammdaten.csv,1971.0,7835BG018090,ObjektID,legacy_index_join_id_mismatch,warning,,,,,,legacy_excluded,pending
raw,GRID_D22_GitHub\data\real_munich\data\bohrungen_epsg25832_shp\bohrungen_stammdaten.csv,1973.0,7835BG017979,ObjektID,legacy_index_join_id_mismatch,warning,,,,,,legacy_excluded,pending
raw,GRID_D22_GitHub\data\real_munich\data\bohrungen_epsg25832_shp\bohrungen_stammdaten.csv,2000.0,7835BG018735,ObjektID,legacy_index_join_id_mismatch,warning,,,,,,legacy_excluded,pending
raw,GRID_D22_GitHub\data\real_munich\data\bohrungen_epsg25832_shp\bohrungen_stammdaten.csv,2021.0,7835BG018731,ObjektID,legacy_index_join_id_mismatch,warning,,,,,,legacy_excluded,pending
raw,GRID_D22_GitHub\data\real_munich\data\bohrungen_epsg25832_shp\bohrungen_stammdaten.csv,2078.0,7835BG018526,ObjektID,legacy_index_join_id_mismatch,warning,,,,,,legacy_excluded,pending
raw,GRID_D22_GitHub\data\real_munich\data\bohrungen_epsg25832_shp\bohrungen_stammdaten.csv,2103.0,7835BG017874,ObjektID,legacy_index_join_id_mismatch,warning,,,,,,legacy_excluded,pending
raw,GRID_D22_GitHub\data\real_munich\data\bohrungen_epsg25832_shp\bohrungen_stammdaten.csv,2105.0,7835BG017806,ObjektID,legacy_index_join_id_mismatch,warning,,,,,,legacy_excluded,pending
raw,GRID_D22_GitHub\data\real_munich\data\bohrungen_epsg25832_shp\bohrungen_stammdaten.csv,2110.0,7835BG017872,ObjektID,legacy_index_join_id_mismatch,warning,,,,,,legacy_excluded,pending
raw,GRID_D22_GitHub\data\real_munich\data\bohrungen_epsg25832_shp\bohrungen_stammdaten.csv,2111.0,7835BG017978,ObjektID,legacy_index_join_id_mismatch,warning,,,,,,legacy_excluded,pending
raw,GRID_D22_GitHub\data\real_munich\data\bohrungen_epsg25832_shp\bohrungen_stammdaten.csv,2116.0,7835BG017804,ObjektID,legacy_index_join_id_mismatch,warning,,,,,,legacy_excluded,pending
raw,GRID_D22_GitHub\data\real_munich\data\bohrungen_epsg25832_shp\bohrungen_stammdaten.csv,2117.0,7835BG017807,ObjektID,legacy_index_join_id_mismatch,warning,,,,,,legacy_excluded,pending
raw,GRID_D22_GitHub\data\real_munich\data\bohrungen_epsg25832_shp\bohrungen_stammdaten.csv,2118.0,7835BG017805,ObjektID,legacy_index_join_id_mismatch,warning,,,,,,legacy_excluded,pending
raw,GRID_D22_GitHub\data\real_munich\data\bohrungen_epsg25832_shp\bohrungen_stammdaten.csv,2120.0,7835BG017907,ObjektID,legacy_index_join_id_mismatch,warning,,,,,,legacy_excluded,pending
raw,GRID_D22_GitHub\data\real_munich\data\bohrungen_epsg25832_shp\bohrungen_stammdaten.csv,2127.0,7835BG017987,ObjektID,legacy_index_join_id_mismatch,warning,,,,,,legacy_excluded,pending
raw,GRID_D22_GitHub\data\real_munich\data\bohrungen_epsg25832_shp\bohrungen_stammdaten.csv,2129.0,7835BG017989,ObjektID,legacy_index_join_id_mismatch,warning,,,,,,legacy_excluded,pending
raw,GRID_D22_GitHub\data\real_munich\data\bohrungen_epsg25832_shp\bohrungen_stammdaten.csv,2130.0,7835BG017988,ObjektID,legacy_index_join_id_mismatch,warning,,,,,,legacy_excluded,pending
raw,GRID_D22_GitHub\data\real_munich\data\bohrungen_epsg25832_shp\bohrungen_stammdaten.csv,2152.0,7835BG017908,ObjektID,legacy_index_join_id_mismatch,warning,,,,,,legacy_excluded,pending
raw,GRID_D22_GitHub\data\real_munich\data\bohrungen_epsg25832_shp\bohrungen_stammdaten.csv,2154.0,7835BG018130,ObjektID,legacy_index_join_id_mismatch,warning,,,,,,legacy_excluded,pending
raw,GRID_D22_GitHub\data\real_munich\data\bohrungen_epsg25832_shp\bohrungen_stammdaten.csv,2156.0,7835BG018733,ObjektID,legacy_index_join_id_mismatch,warning,,,,,,legacy_excluded,pending
raw,GRID_D22_GitHub\data\real_munich\data\bohrungen_epsg25832_shp\bohrungen_stammdaten.csv,2160.0,7835BG018307,ObjektID,legacy_index_join_id_mismatch,warning,,,,,,legacy_excluded,pending
raw,GRID_D22_GitHub\data\real_munich\data\bohrungen_epsg25832_shp\bohrungen_stammdaten.csv,2161.0,7835BG018128,ObjektID,legacy_index_join_id_mismatch,warning,,,,,,legacy_excluded,pending
raw,GRID_D22_GitHub\data\real_munich\data\bohrungen_epsg25832_shp\bohrungen_stammdaten.csv,2162.0,7835BG018446,ObjektID,legacy_index_join_id_mismatch,warning,,,,,,legacy_excluded,pending
raw,GRID_D22_GitHub\data\real_munich\data\bohrungen_epsg25832_shp\bohrungen_stammdaten.csv,2163.0,7835BG018443,ObjektID,legacy_index_join_id_mismatch,warning,,,,,,legacy_excluded,pending
raw,GRID_D22_GitHub\data\real_munich\data\bohrungen_epsg25832_shp\bohrungen_stammdaten.csv,2164.0,7835BG018451,ObjektID,legacy_index_join_id_mismatch,warning,,,,,,legacy_excluded,pending
raw,GRID_D22_GitHub\data\real_munich\data\bohrungen_epsg25832_shp\bohrungen_stammdaten.csv,2165.0,7835BG018452,ObjektID,legacy_index_join_id_mismatch,warning,,,,,,legacy_excluded,pending
raw,GRID_D22_GitHub\data\real_munich\data\bohrungen_epsg25832_shp\bohrungen_stammdaten.csv,2166.0,7835BG018448,ObjektID,legacy_index_join_id_mismatch,warning,,,,,,legacy_excluded,pending
raw,GRID_D22_GitHub\data\real_munich\data\bohrungen_epsg25832_shp\bohrungen_stammdaten.csv,2167.0,7835BG018453,ObjektID,legacy_index_join_id_mismatch,warning,,,,,,legacy_excluded,pending
raw,GRID_D22_GitHub\data\real_munich\data\bohrungen_epsg25832_shp\bohrungen_stammdaten.csv,2168.0,7835BG018450,ObjektID,legacy_index_join_id_mismatch,warning,,,,,,legacy_excluded,pending
raw,GRID_D22_GitHub\data\real_munich\data\bohrungen_epsg25832_shp\bohrungen_stammdaten.csv,2169.0,7835BG018444,ObjektID,legacy_index_join_id_mismatch,warning,,,,,,legacy_excluded,pending
raw,GRID_D22_GitHub\data\real_munich\data\bohrungen_epsg25832_shp\bohrungen_stammdaten.csv,2170.0,7835BG018457,ObjektID,legacy_index_join_id_mismatch,warning,,,,,,legacy_excluded,pending
raw,GRID_D22_GitHub\data\real_munich\data\bohrungen_epsg25832_shp\bohrungen_stammdaten.csv,2171.0,7835BG018402,ObjektID,legacy_index_join_id_mismatch,warning,,,,,,legacy_excluded,pending
raw,GRID_D22_GitHub\data\real_munich\data\bohrungen_epsg25832_shp\bohrungen_stammdaten.csv,2172.0,7835BG018401,ObjektID,legacy_index_join_id_mismatch,warning,,,,,,legacy_excluded,pending
raw,GRID_D22_GitHub\data\real_munich\data\bohrungen_epsg25832_shp\bohrungen_stammdaten.csv,2173.0,7835BG018454,ObjektID,legacy_index_join_id_mismatch,warning,,,,,,legacy_excluded,pending
raw,GRID_D22_GitHub\data\real_munich\data\bohrungen_epsg25832_shp\bohrungen_stammdaten.csv,2174.0,7835BG018447,ObjektID,legacy_index_join_id_mismatch,warning,,,,,,legacy_excluded,pending
raw,GRID_D22_GitHub\data\real_munich\data\bohrungen_epsg25832_shp\bohrungen_stammdaten.csv,2175.0,7835BG018449,ObjektID,legacy_index_join_id_mismatch,warning,,,,,,legacy_excluded,pending
raw,GRID_D22_GitHub\data\real_munich\data\bohrungen_epsg25832_shp\bohrungen_stammdaten.csv,2176.0,7835BG018456,ObjektID,legacy_index_join_id_mismatch,warning,,,,,,legacy_excluded,pending
raw,GRID_D22_GitHub\data\real_munich\data\bohrungen_epsg25832_shp\bohrungen_stammdaten.csv,2177.0,7835BG018445,ObjektID,legacy_index_join_id_mismatch,warning,,,,,,legacy_excluded,pending
raw,GRID_D22_GitHub\data\real_munich\data\bohrungen_epsg25832_shp\bohrungen_stammdaten.csv,2178.0,7835BG018487,ObjektID,legacy_index_join_id_mismatch,warning,,,,,,legacy_excluded,pending
raw,GRID_D22_GitHub\data\real_munich\data\bohrungen_epsg25832_shp\bohrungen_stammdaten.csv,2181.0,7835BG018221,ObjektID,legacy_index_join_id_mismatch,warning,,,,,,legacy_excluded,pending
raw,GRID_D22_GitHub\data\real_munich\data\bohrungen_epsg25832_shp\bohrungen_stammdaten.csv,2182.0,7835BG018222,ObjektID,legacy_index_join_id_mismatch,warning,,,,,,legacy_excluded,pending
raw,GRID_D22_GitHub\data\real_munich\data\bohrungen_epsg25832_shp\bohrungen_stammdaten.csv,2183.0,7835BG018220,ObjektID,legacy_index_join_id_mismatch,warning,,,,,,legacy_excluded,pending
raw,GRID_D22_GitHub\data\real_munich\data\bohrungen_epsg25832_shp\bohrungen_stammdaten.csv,2184.0,7835BG018333,ObjektID,legacy_index_join_id_mismatch,warning,,,,,,legacy_excluded,pending
raw,GRID_D22_GitHub\data\real_munich\data\bohrungen_epsg25832_shp\bohrungen_stammdaten.csv,2186.0,7835BG018085,ObjektID,legacy_index_join_id_mismatch,warning,,,,,,legacy_excluded,pending
raw,GRID_D22_GitHub\data\real_munich\data\bohrungen_epsg25832_shp\bohrungen_stammdaten.csv,2187.0,7835BG018562,ObjektID,legacy_index_join_id_mismatch,warning,,,,,,legacy_excluded,pending
raw,GRID_D22_GitHub\data\real_munich\data\bohrungen_epsg25832_shp\bohrungen_stammdaten.csv,2188.0,7835BG018155,ObjektID,legacy_index_join_id_mismatch,warning,,,,,,legacy_excluded,pending
raw,GRID_D22_GitHub\data\real_munich\data\bohrungen_epsg25832_shp\bohrungen_stammdaten.csv,2189.0,7835BG018204,ObjektID,legacy_index_join_id_mismatch,warning,,,,,,legacy_excluded,pending
raw,GRID_D22_GitHub\data\real_munich\data\bohrungen_epsg25832_shp\bohrungen_stammdaten.csv,2190.0,7835BG018455,ObjektID,legacy_index_join_id_mismatch,warning,,,,,,legacy_excluded,pending
raw,GRID_D22_GitHub\data\real_munich\data\bohrungen_epsg25832_shp\bohrungen_stammdaten.csv,2191.0,7835BG019010,ObjektID,legacy_index_join_id_mismatch,warning,,,,,,legacy_excluded,pending
raw,GRID_D22_GitHub\data\real_munich\data\bohrungen_epsg25832_shp\bohrungen_stammdaten.csv,2192.0,7835BG018129,ObjektID,legacy_index_join_id_mismatch,warning,,,,,,legacy_excluded,pending
raw,GRID_D22_GitHub\data\real_munich\data\bohrungen_epsg25832_shp\bohrungen_stammdaten.csv,2193.0,7835BG018156,ObjektID,legacy_index_join_id_mismatch,warning,,,,,,legacy_excluded,pending
raw,GRID_D22_GitHub\data\real_munich\data\bohrungen_epsg25832_shp\bohrungen_stammdaten.csv,2194.0,7835BG018154,ObjektID,legacy_index_join_id_mismatch,warning,,,,,,legacy_excluded,pending
raw,GRID_D22_GitHub\data\real_munich\data\bohrungen_epsg25832_shp\bohrungen_stammdaten.csv,2195.0,7835BG018541,ObjektID,legacy_index_join_id_mismatch,warning,,,,,,legacy_excluded,pending
raw,GRID_D22_GitHub\data\real_munich\data\bohrungen_epsg25832_shp\bohrungen_stammdaten.csv,2196.0,7835BG018540,ObjektID,legacy_index_join_id_mismatch,warning,,,,,,legacy_excluded,pending
raw,GRID_D22_GitHub\data\real_munich\data\bohrungen_epsg25832_shp\bohrungen_stammdaten.csv,2197.0,7835BG018539,ObjektID,legacy_index_join_id_mismatch,warning,,,,,,legacy_excluded,pending
raw,GRID_D22_GitHub\data\real_munich\data\bohrungen_epsg25832_shp\bohrungen_stammdaten.csv,2198.0,7835BG018538,ObjektID,legacy_index_join_id_mismatch,warning,,,,,,legacy_excluded,pending
raw,GRID_D22_GitHub\data\real_munich\data\bohrungen_epsg25832_shp\bohrungen_stammdaten.csv,2199.0,7835BG018537,ObjektID,legacy_index_join_id_mismatch,warning,,,,,,legacy_excluded,pending
raw,GRID_D22_GitHub\data\real_munich\data\bohrungen_epsg25832_shp\bohrungen_stammdaten.csv,2200.0,7835BG018536,ObjektID,legacy_index_join_id_mismatch,warning,,,,,,legacy_excluded,pending
raw,GRID_D22_GitHub\data\real_munich\data\bohrungen_epsg25832_shp\bohrungen_stammdaten.csv,2201.0,7835BG018535,ObjektID,legacy_index_join_id_mismatch,warning,,,,,,legacy_excluded,pending
raw,GRID_D22_GitHub\data\real_munich\data\bohrungen_epsg25832_shp\bohrungen_stammdaten.csv,2202.0,7835BG018534,ObjektID,legacy_index_join_id_mismatch,warning,,,,,,legacy_excluded,pending
raw,GRID_D22_GitHub\data\real_munich\data\bohrungen_epsg25832_shp\bohrungen_stammdaten.csv,2203.0,7835BG018068,ObjektID,legacy_index_join_id_mismatch,warning,,,,,,legacy_excluded,pending
raw,GRID_D22_GitHub\data\real_munich\data\bohrungen_epsg25832_shp\bohrungen_stammdaten.csv,2205.0,7835BG018050,ObjektID,legacy_index_join_id_mismatch,warning,,,,,,legacy_excluded,pending
raw,GRID_D22_GitHub\data\real_munich\data\bohrungen_epsg25832_shp\bohrungen_stammdaten.csv,2206.0,7835BG018799,ObjektID,legacy_index_join_id_mismatch,warning,,,,,,legacy_excluded,pending
raw,GRID_D22_GitHub\data\real_munich\data\bohrungen_epsg25832_shp\bohrungen_stammdaten.csv,2208.0,7835BG018442,ObjektID,legacy_index_join_id_mismatch,warning,,,,,,legacy_excluded,pending
raw,GRID_D22_GitHub\data\real_munich\data\bohrungen_epsg25832_shp\bohrungen_stammdaten.csv,2209.0,7835BG018489,ObjektID,legacy_index_join_id_mismatch,warning,,,,,,legacy_excluded,pending
raw,GRID_D22_GitHub\data\real_munich\data\bohrungen_epsg25832_shp\bohrungen_stammdaten.csv,2211.0,7835BG018727,ObjektID,legacy_index_join_id_mismatch,warning,,,,,,legacy_excluded,pending
raw,GRID_D22_GitHub\data\real_munich\data\bohrungen_epsg25832_shp\bohrungen_stammdaten.csv,2212.0,7835BG018527,ObjektID,legacy_index_join_id_mismatch,warning,,,,,,legacy_excluded,pending
raw,GRID_D22_GitHub\data\real_munich\data\bohrungen_epsg25832_shp\bohrungen_stammdaten.csv,2213.0,7835BG018525,ObjektID,legacy_index_join_id_mismatch,warning,,,,,,legacy_excluded,pending
raw,GRID_D22_GitHub\data\real_munich\data\bohrungen_epsg25832_shp\bohrungen_stammdaten.csv,2214.0,7835BG018729,ObjektID,legacy_index_join_id_mismatch,warning,,,,,,legacy_excluded,pending
raw,GRID_D22_GitHub\data\real_munich\data\bohrungen_epsg25832_shp\bohrungen_stammdaten.csv,2215.0,7835BG018405,ObjektID,legacy_index_join_id_mismatch,warning,,,,,,legacy_excluded,pending
raw,GRID_D22_GitHub\data\real_munich\data\bohrungen_epsg25832_shp\bohrungen_stammdaten.csv,2216.0,7835BG018404,ObjektID,legacy_index_join_id_mismatch,warning,,,,,,legacy_excluded,pending
raw,GRID_D22_GitHub\data\real_munich\data\bohrungen_epsg25832_shp\bohrungen_stammdaten.csv,2217.0,7835BG018730,ObjektID,legacy_index_join_id_mismatch,warning,,,,,,legacy_excluded,pending
raw,GRID_D22_GitHub\data\real_munich\data\bohrungen_epsg25832_shp\bohrungen_stammdaten.csv,2218.0,7835BG018573,ObjektID,legacy_index_join_id_mismatch,warning,,,,,,legacy_excluded,pending
raw,GRID_D22_GitHub\data\real_munich\data\bohrungen_epsg25832_shp\bohrungen_stammdaten.csv,2219.0,7835BG018791,ObjektID,legacy_index_join_id_mismatch,warning,,,,,,legacy_excluded,pending
raw,GRID_D22_GitHub\data\real_munich\data\bohrungen_epsg25832_shp\bohrungen_stammdaten.csv,2220.0,7835BG018790,ObjektID,legacy_index_join_id_mismatch,warning,,,,,,legacy_excluded,pending
raw,GRID_D22_GitHub\data\real_munich\data\bohrungen_epsg25832_shp\bohrungen_stammdaten.csv,2221.0,7835BG018914,ObjektID,legacy_index_join_id_mismatch,warning,,,,,,legacy_excluded,pending
raw,GRID_D22_GitHub\data\real_munich\data\bohrungen_epsg25832_shp\bohrungen_stammdaten.csv,2222.0,7835BG018913,ObjektID,legacy_index_join_id_mismatch,warning,,,,,,legacy_excluded,pending
raw,GRID_D22_GitHub\data\real_munich\data\bohrungen_epsg25832_shp\bohrungen_stammdaten.csv,2223.0,7835BG018728,ObjektID,legacy_index_join_id_mismatch,warning,,,,,,legacy_excluded,pending
raw,GRID_D22_GitHub\data\real_munich\data\bohrungen_epsg25832_shp\bohrungen_stammdaten.csv,2225.0,7835BG018734,ObjektID,legacy_index_join_id_mismatch,warning,,,,,,legacy_excluded,pending
raw,GRID_D22_GitHub\data\real_munich\data\bohrungen_epsg25832_shp\bohrungen_stammdaten.csv,2233.0,7835BG018702,ObjektID,legacy_index_join_id_mismatch,warning,,,,,,legacy_excluded,pending
raw,GRID_D22_GitHub\data\real_munich\data\bohrungen_epsg25832_shp\bohrungen_stammdaten.csv,2234.0,7835BG018700,ObjektID,legacy_index_join_id_mismatch,warning,,,,,,legacy_excluded,pending
raw,GRID_D22_GitHub\data\real_munich\data\bohrungen_epsg25832_shp\bohrungen_stammdaten.csv,2235.0,7835BG018701,ObjektID,legacy_index_join_id_mismatch,warning,,,,,,legacy_excluded,pending
raw,GRID_D22_GitHub\data\real_munich\data\bohrungen_epsg25832_shp\bohrungen_stammdaten.csv,2236.0,7835BG018699,ObjektID,legacy_index_join_id_mismatch,warning,,,,,,legacy_excluded,pending
raw,GRID_D22_GitHub\data\real_munich\data\bohrungen_epsg25832_shp\bohrungen_stammdaten.csv,2237.0,7835BG018698,ObjektID,legacy_index_join_id_mismatch,warning,,,,,,legacy_excluded,pending
raw,GRID_D22_GitHub\data\real_munich\data\bohrungen_epsg25832_shp\bohrungen_stammdaten.csv,2238.0,7835BG018697,ObjektID,legacy_index_join_id_mismatch,warning,,,,,,legacy_excluded,pending
raw,GRID_D22_GitHub\data\real_munich\data\bohrungen_epsg25832_shp\bohrungen_stammdaten.csv,2239.0,7835BG018696,ObjektID,legacy_index_join_id_mismatch,warning,,,,,,legacy_excluded,pending
raw,GRID_D22_GitHub\data\real_munich\data\bohrungen_epsg25832_shp\bohrungen_stammdaten.csv,2240.0,7835BG018732,ObjektID,legacy_index_join_id_mismatch,warning,,,,,,legacy_excluded,pending
raw,GRID_D22_GitHub\data\real_munich\data\bohrungen_epsg25832_shp\bohrungen_stammdaten.csv,2243.0,7835BG018842,ObjektID,legacy_index_join_id_mismatch,warning,,,,,,legacy_excluded,pending
raw,GRID_D22_GitHub\data\real_munich\data\bohrungen_epsg25832_shp\bohrungen_stammdaten.csv,2244.0,7835BG019011,ObjektID,legacy_index_join_id_mismatch,warning,,,,,,legacy_excluded,pending
raw,GRID_D22_GitHub\data\real_munich\data\bohrungen_epsg25832_shp\bohrungen_stammdaten.csv,,7835BG018453,ObjektID,missing_collar_record,warning,,,,,,flag_for_review,pending
raw,GRID_D22_GitHub\data\real_munich\data\bohrungen_epsg25832_shp\bohrungen_stammdaten.csv,,7835BG018698,ObjektID,missing_collar_record,warning,,,,,,flag_for_review,pending
raw,GRID_D22_GitHub\data\real_munich\data\bohrungen_epsg25832_shp\bohrungen_stammdaten.csv,,7835BG018068,ObjektID,missing_collar_record,warning,,,,,,flag_for_review,pending
raw,GRID_D22_GitHub\data\real_munich\data\bohrungen_epsg25832_shp\bohrungen_stammdaten.csv,,7835BG018154,ObjektID,missing_collar_record,warning,,,,,,flag_for_review,pending
raw,GRID_D22_GitHub\data\real_munich\data\bohrungen_epsg25832_shp\bohrungen_stammdaten.csv,,7835BG018402,ObjektID,missing_collar_record,warning,,,,,,flag_for_review,pending
raw,GRID_D22_GitHub\data\real_munich\data\bohrungen_epsg25832_shp\bohrungen_stammdaten.csv,,7835BG018221,ObjektID,missing_collar_record,warning,,,,,,flag_for_review,pending
raw,GRID_D22_GitHub\data\real_munich\data\bohrungen_epsg25832_shp\bohrungen_stammdaten.csv,,7835BG018155,ObjektID,missing_collar_record,warning,,,,,,flag_for_review,pending
raw,GRID_D22_GitHub\data\real_munich\data\bohrungen_epsg25832_shp\bohrungen_stammdaten.csv,,7835BG018527,ObjektID,missing_collar_record,warning,,,,,,flag_for_review,pending
raw,GRID_D22_GitHub\data\real_munich\data\bohrungen_epsg25832_shp\bohrungen_stammdaten.csv,,7835BG018092,ObjektID,missing_collar_record,warning,,,,,,flag_for_review,pending
raw,GRID_D22_GitHub\data\real_munich\data\bohrungen_epsg25832_shp\bohrungen_stammdaten.csv,,7835BG018487,ObjektID,missing_collar_record,warning,,,,,,flag_for_review,pending
raw,GRID_D22_GitHub\data\real_munich\data\bohrungen_epsg25832_shp\bohrungen_stammdaten.csv,,7835BG018728,ObjektID,missing_collar_record,warning,,,,,,flag_for_review,pending
raw,GRID_D22_GitHub\data\real_munich\data\bohrungen_epsg25832_shp\bohrungen_stammdaten.csv,,7835BG018733,ObjektID,missing_collar_record,warning,,,,,,flag_for_review,pending
raw,GRID_D22_GitHub\data\real_munich\data\bohrungen_epsg25832_shp\bohrungen_stammdaten.csv,,7835BG018734,ObjektID,missing_collar_record,warning,,,,,,flag_for_review,pending
raw,GRID_D22_GitHub\data\real_munich\data\bohrungen_epsg25832_shp\bohrungen_stammdaten.csv,,7835BG018095,ObjektID,missing_collar_record,warning,,,,,,flag_for_review,pending
raw,GRID_D22_GitHub\data\real_munich\data\bohrungen_epsg25832_shp\bohrungen_stammdaten.csv,,7835BG018443,ObjektID,missing_collar_record,warning,,,,,,flag_for_review,pending
raw,GRID_D22_GitHub\data\real_munich\data\bohrungen_epsg25832_shp\bohrungen_stammdaten.csv,,7835BG017806,ObjektID,missing_collar_record,warning,,,,,,flag_for_review,pending
raw,GRID_D22_GitHub\data\real_munich\data\bohrungen_epsg25832_shp\bohrungen_stammdaten.csv,,7835BG017872,ObjektID,missing_collar_record,warning,,,,,,flag_for_review,pending
raw,GRID_D22_GitHub\data\real_munich\data\bohrungen_epsg25832_shp\bohrungen_stammdaten.csv,,7835BG018539,ObjektID,missing_collar_record,warning,,,,,,flag_for_review,pending
raw,GRID_D22_GitHub\data\real_munich\data\bohrungen_epsg25832_shp\bohrungen_stammdaten.csv,,7835BG018842,ObjektID,missing_collar_record,warning,,,,,,flag_for_review,pending
raw,GRID_D22_GitHub\data\real_munich\data\bohrungen_epsg25832_shp\bohrungen_stammdaten.csv,,7835BG018444,ObjektID,missing_collar_record,warning,,,,,,flag_for_review,pending
raw,GRID_D22_GitHub\data\real_munich\data\bohrungen_epsg25832_shp\bohrungen_stammdaten.csv,,7835BG018446,ObjektID,missing_collar_record,warning,,,,,,flag_for_review,pending
raw,GRID_D22_GitHub\data\real_munich\data\bohrungen_epsg25832_shp\bohrungen_stammdaten.csv,,7835BG018448,ObjektID,missing_collar_record,warning,,,,,,flag_for_review,pending
raw,GRID_D22_GitHub\data\real_munich\data\bohrungen_epsg25832_shp\bohrungen_stammdaten.csv,,7835BG017978,ObjektID,missing_collar_record,warning,,,,,,flag_for_review,pending
raw,GRID_D22_GitHub\data\real_munich\data\bohrungen_epsg25832_shp\bohrungen_stammdaten.csv,,7835BG018452,ObjektID,missing_collar_record,warning,,,,,,flag_for_review,pending
raw,GRID_D22_GitHub\data\real_munich\data\bohrungen_epsg25832_shp\bohrungen_stammdaten.csv,,7835BG018913,ObjektID,missing_collar_record,warning,,,,,,flag_for_review,pending
raw,GRID_D22_GitHub\data\real_munich\data\bohrungen_epsg25832_shp\bohrungen_stammdaten.csv,,7835BG018096,ObjektID,missing_collar_record,warning,,,,,,flag_for_review,pending
raw,GRID_D22_GitHub\data\real_munich\data\bohrungen_epsg25832_shp\bohrungen_stammdaten.csv,,7835BG018534,ObjektID,missing_collar_record,warning,,,,,,flag_for_review,pending
raw,GRID_D22_GitHub\data\real_munich\data\bohrungen_epsg25832_shp\bohrungen_stammdaten.csv,,7835BG017807,ObjektID,missing_collar_record,warning,,,,,,flag_for_review,pending
raw,GRID_D22_GitHub\data\real_munich\data\bohrungen_epsg25832_shp\bohrungen_stammdaten.csv,,7835BG018914,ObjektID,missing_collar_record,warning,,,,,,flag_for_review,pending
raw,GRID_D22_GitHub\data\real_munich\data\bohrungen_epsg25832_shp\bohrungen_stammdaten.csv,,7835BG017874,ObjektID,missing_collar_record,warning,,,,,,flag_for_review,pending
raw,GRID_D22_GitHub\data\real_munich\data\bohrungen_epsg25832_shp\bohrungen_stammdaten.csv,,7835BG018220,ObjektID,missing_collar_record,warning,,,,,,flag_for_review,pending
raw,GRID_D22_GitHub\data\real_munich\data\bohrungen_epsg25832_shp\bohrungen_stammdaten.csv,,7835BG019010,ObjektID,missing_collar_record,warning,,,,,,flag_for_review,pending
raw,GRID_D22_GitHub\data\real_munich\data\bohrungen_epsg25832_shp\bohrungen_stammdaten.csv,,7835BG018445,ObjektID,missing_collar_record,warning,,,,,,flag_for_review,pending
raw,GRID_D22_GitHub\data\real_munich\data\bohrungen_epsg25832_shp\bohrungen_stammdaten.csv,,7835BG018696,ObjektID,missing_collar_record,warning,,,,,,flag_for_review,pending
raw,GRID_D22_GitHub\data\real_munich\data\bohrungen_epsg25832_shp\bohrungen_stammdaten.csv,,7835BG017989,ObjektID,missing_collar_record,warning,,,,,,flag_for_review,pending
raw,GRID_D22_GitHub\data\real_munich\data\bohrungen_epsg25832_shp\bohrungen_stammdaten.csv,,7835BG018538,ObjektID,missing_collar_record,warning,,,,,,flag_for_review,pending
raw,GRID_D22_GitHub\data\real_munich\data\bohrungen_epsg25832_shp\bohrungen_stammdaten.csv,,7835BG018093,ObjektID,missing_collar_record,warning,,,,,,flag_for_review,pending
raw,GRID_D22_GitHub\data\real_munich\data\bohrungen_epsg25832_shp\bohrungen_stammdaten.csv,,7835BG017804,ObjektID,missing_collar_record,warning,,,,,,flag_for_review,pending
raw,GRID_D22_GitHub\data\real_munich\data\bohrungen_epsg25832_shp\bohrungen_stammdaten.csv,,7835BG018700,ObjektID,missing_collar_record,warning,,,,,,flag_for_review,pending
raw,GRID_D22_GitHub\data\real_munich\data\bohrungen_epsg25832_shp\bohrungen_stammdaten.csv,,7835BG018730,ObjektID,missing_collar_record,warning,,,,,,flag_for_review,pending
raw,GRID_D22_GitHub\data\real_munich\data\bohrungen_epsg25832_shp\bohrungen_stammdaten.csv,,7835BG018727,ObjektID,missing_collar_record,warning,,,,,,flag_for_review,pending
raw,GRID_D22_GitHub\data\real_munich\data\bohrungen_epsg25832_shp\bohrungen_stammdaten.csv,,7835BG018455,ObjektID,missing_collar_record,warning,,,,,,flag_for_review,pending
raw,GRID_D22_GitHub\data\real_munich\data\bohrungen_epsg25832_shp\bohrungen_stammdaten.csv,,7835BG018050,ObjektID,missing_collar_record,warning,,,,,,flag_for_review,pending
raw,GRID_D22_GitHub\data\real_munich\data\bohrungen_epsg25832_shp\bohrungen_stammdaten.csv,,7835BG018540,ObjektID,missing_collar_record,warning,,,,,,flag_for_review,pending
raw,GRID_D22_GitHub\data\real_munich\data\bohrungen_epsg25832_shp\bohrungen_stammdaten.csv,,7835BG018573,ObjektID,missing_collar_record,warning,,,,,,flag_for_review,pending
raw,GRID_D22_GitHub\data\real_munich\data\bohrungen_epsg25832_shp\bohrungen_stammdaten.csv,,7835BG018456,ObjektID,missing_collar_record,warning,,,,,,flag_for_review,pending
raw,GRID_D22_GitHub\data\real_munich\data\bohrungen_epsg25832_shp\bohrungen_stammdaten.csv,,7835BG018156,ObjektID,missing_collar_record,warning,,,,,,flag_for_review,pending
raw,GRID_D22_GitHub\data\real_munich\data\bohrungen_epsg25832_shp\bohrungen_stammdaten.csv,,7835BG018526,ObjektID,missing_collar_record,warning,,,,,,flag_for_review,pending
raw,GRID_D22_GitHub\data\real_munich\data\bohrungen_epsg25832_shp\bohrungen_stammdaten.csv,,7835BG017907,ObjektID,missing_collar_record,warning,,,,,,flag_for_review,pending
raw,GRID_D22_GitHub\data\real_munich\data\bohrungen_epsg25832_shp\bohrungen_stammdaten.csv,,7835BG018697,ObjektID,missing_collar_record,warning,,,,,,flag_for_review,pending
raw,GRID_D22_GitHub\data\real_munich\data\bohrungen_epsg25832_shp\bohrungen_stammdaten.csv,,7835BG018405,ObjektID,missing_collar_record,warning,,,,,,flag_for_review,pending
raw,GRID_D22_GitHub\data\real_munich\data\bohrungen_epsg25832_shp\bohrungen_stammdaten.csv,,7835BG018701,ObjektID,missing_collar_record,warning,,,,,,flag_for_review,pending
raw,GRID_D22_GitHub\data\real_munich\data\bohrungen_epsg25832_shp\bohrungen_stammdaten.csv,,7835BG018204,ObjektID,missing_collar_record,warning,,,,,,flag_for_review,pending
raw,GRID_D22_GitHub\data\real_munich\data\bohrungen_epsg25832_shp\bohrungen_stammdaten.csv,,7835BG018799,ObjektID,missing_collar_record,warning,,,,,,flag_for_review,pending
raw,GRID_D22_GitHub\data\real_munich\data\bohrungen_epsg25832_shp\bohrungen_stammdaten.csv,,7835BG018535,ObjektID,missing_collar_record,warning,,,,,,flag_for_review,pending
raw,GRID_D22_GitHub\data\real_munich\data\bohrungen_epsg25832_shp\bohrungen_stammdaten.csv,,7835BG018222,ObjektID,missing_collar_record,warning,,,,,,flag_for_review,pending
raw,GRID_D22_GitHub\data\real_munich\data\bohrungen_epsg25832_shp\bohrungen_stammdaten.csv,,7835BG018128,ObjektID,missing_collar_record,warning,,,,,,flag_for_review,pending
raw,GRID_D22_GitHub\data\real_munich\data\bohrungen_epsg25832_shp\bohrungen_stammdaten.csv,,7835BG018307,ObjektID,missing_collar_record,warning,,,,,,flag_for_review,pending
raw,GRID_D22_GitHub\data\real_munich\data\bohrungen_epsg25832_shp\bohrungen_stammdaten.csv,,7835BG018451,ObjektID,missing_collar_record,warning,,,,,,flag_for_review,pending
raw,GRID_D22_GitHub\data\real_munich\data\bohrungen_epsg25832_shp\bohrungen_stammdaten.csv,,7835BG018094,ObjektID,missing_collar_record,warning,,,,,,flag_for_review,pending
raw,GRID_D22_GitHub\data\real_munich\data\bohrungen_epsg25832_shp\bohrungen_stammdaten.csv,,7835BG018130,ObjektID,missing_collar_record,warning,,,,,,flag_for_review,pending
raw,GRID_D22_GitHub\data\real_munich\data\bohrungen_epsg25832_shp\bohrungen_stammdaten.csv,,7835BG018401,ObjektID,missing_collar_record,warning,,,,,,flag_for_review,pending
raw,GRID_D22_GitHub\data\real_munich\data\bohrungen_epsg25832_shp\bohrungen_stammdaten.csv,,7835BG018085,ObjektID,missing_collar_record,warning,,,,,,flag_for_review,pending
raw,GRID_D22_GitHub\data\real_munich\data\bohrungen_epsg25832_shp\bohrungen_stammdaten.csv,,7835BG018333,ObjektID,missing_collar_record,warning,,,,,,flag_for_review,pending
raw,GRID_D22_GitHub\data\real_munich\data\bohrungen_epsg25832_shp\bohrungen_stammdaten.csv,,7835BG018791,ObjektID,missing_collar_record,warning,,,,,,flag_for_review,pending
raw,GRID_D22_GitHub\data\real_munich\data\bohrungen_epsg25832_shp\bohrungen_stammdaten.csv,,7835BG018699,ObjektID,missing_collar_record,warning,,,,,,flag_for_review,pending
raw,GRID_D22_GitHub\data\real_munich\data\bohrungen_epsg25832_shp\bohrungen_stammdaten.csv,,7835BG018454,ObjektID,missing_collar_record,warning,,,,,,flag_for_review,pending
raw,GRID_D22_GitHub\data\real_munich\data\bohrungen_epsg25832_shp\bohrungen_stammdaten.csv,,7835BG017805,ObjektID,missing_collar_record,warning,,,,,,flag_for_review,pending
raw,GRID_D22_GitHub\data\real_munich\data\bohrungen_epsg25832_shp\bohrungen_stammdaten.csv,,7835BG019011,ObjektID,missing_collar_record,warning,,,,,,flag_for_review,pending
raw,GRID_D22_GitHub\data\real_munich\data\bohrungen_epsg25832_shp\bohrungen_stammdaten.csv,,7835BG017979,ObjektID,missing_collar_record,warning,,,,,,flag_for_review,pending
raw,GRID_D22_GitHub\data\real_munich\data\bohrungen_epsg25832_shp\bohrungen_stammdaten.csv,,7835BG018536,ObjektID,missing_collar_record,warning,,,,,,flag_for_review,pending
raw,GRID_D22_GitHub\data\real_munich\data\bohrungen_epsg25832_shp\bohrungen_stammdaten.csv,,7835BG018729,ObjektID,missing_collar_record,warning,,,,,,flag_for_review,pending
raw,GRID_D22_GitHub\data\real_munich\data\bohrungen_epsg25832_shp\bohrungen_stammdaten.csv,,7835BG018489,ObjektID,missing_collar_record,warning,,,,,,flag_for_review,pending
raw,GRID_D22_GitHub\data\real_munich\data\bohrungen_epsg25832_shp\bohrungen_stammdaten.csv,,7835BG018091,ObjektID,missing_collar_record,warning,,,,,,flag_for_review,pending
raw,GRID_D22_GitHub\data\real_munich\data\bohrungen_epsg25832_shp\bohrungen_stammdaten.csv,,7835BG018442,ObjektID,missing_collar_record,warning,,,,,,flag_for_review,pending
raw,GRID_D22_GitHub\data\real_munich\data\bohrungen_epsg25832_shp\bohrungen_stammdaten.csv,,7835BG017908,ObjektID,missing_collar_record,warning,,,,,,flag_for_review,pending
raw,GRID_D22_GitHub\data\real_munich\data\bohrungen_epsg25832_shp\bohrungen_stammdaten.csv,,7835BG017987,ObjektID,missing_collar_record,warning,,,,,,flag_for_review,pending
raw,GRID_D22_GitHub\data\real_munich\data\bohrungen_epsg25832_shp\bohrungen_stammdaten.csv,,7835BG018732,ObjektID,missing_collar_record,warning,,,,,,flag_for_review,pending
raw,GRID_D22_GitHub\data\real_munich\data\bohrungen_epsg25832_shp\bohrungen_stammdaten.csv,,7835BG018702,ObjektID,missing_collar_record,warning,,,,,,flag_for_review,pending
raw,GRID_D22_GitHub\data\real_munich\data\bohrungen_epsg25832_shp\bohrungen_stammdaten.csv,,7835BG018525,ObjektID,missing_collar_record,warning,,,,,,flag_for_review,pending
raw,GRID_D22_GitHub\data\real_munich\data\bohrungen_epsg25832_shp\bohrungen_stammdaten.csv,,7835BG018562,ObjektID,missing_collar_record,warning,,,,,,flag_for_review,pending
raw,GRID_D22_GitHub\data\real_munich\data\bohrungen_epsg25832_shp\bohrungen_stammdaten.csv,,7835BG017988,ObjektID,missing_collar_record,warning,,,,,,flag_for_review,pending
raw,GRID_D22_GitHub\data\real_munich\data\bohrungen_epsg25832_shp\bohrungen_stammdaten.csv,,7835BG018735,ObjektID,missing_collar_record,warning,,,,,,flag_for_review,pending
raw,GRID_D22_GitHub\data\real_munich\data\bohrungen_epsg25832_shp\bohrungen_stammdaten.csv,,7835BG018090,ObjektID,missing_collar_record,warning,,,,,,flag_for_review,pending
raw,GRID_D22_GitHub\data\real_munich\data\bohrungen_epsg25832_shp\bohrungen_stammdaten.csv,,7835BG018129,ObjektID,missing_collar_record,warning,,,,,,flag_for_review,pending
raw,GRID_D22_GitHub\data\real_munich\data\bohrungen_epsg25832_shp\bohrungen_stammdaten.csv,,7835BG018731,ObjektID,missing_collar_record,warning,,,,,,flag_for_review,pending
raw,GRID_D22_GitHub\data\real_munich\data\bohrungen_epsg25832_shp\bohrungen_stammdaten.csv,,7835BG018449,ObjektID,missing_collar_record,warning,,,,,,flag_for_review,pending
raw,GRID_D22_GitHub\data\real_munich\data\bohrungen_epsg25832_shp\bohrungen_stammdaten.csv,,7835BG018450,ObjektID,missing_collar_record,warning,,,,,,flag_for_review,pending
raw,GRID_D22_GitHub\data\real_munich\data\bohrungen_epsg25832_shp\bohrungen_stammdaten.csv,,7835BG018457,ObjektID,missing_collar_record,warning,,,,,,flag_for_review,pending
raw,GRID_D22_GitHub\data\real_munich\data\bohrungen_epsg25832_shp\bohrungen_stammdaten.csv,,7835BG018541,ObjektID,missing_collar_record,warning,,,,,,flag_for_review,pending
raw,GRID_D22_GitHub\data\real_munich\data\bohrungen_epsg25832_shp\bohrungen_stammdaten.csv,,7835BG018790,ObjektID,missing_collar_record,warning,,,,,,flag_for_review,pending
raw,GRID_D22_GitHub\data\real_munich\data\bohrungen_epsg25832_shp\bohrungen_stammdaten.csv,,7835BG018537,ObjektID,missing_collar_record,warning,,,,,,flag_for_review,pending
raw,GRID_D22_GitHub\data\real_munich\data\bohrungen_epsg25832_shp\bohrungen_stammdaten.csv,,7835BG018404,ObjektID,missing_collar_record,warning,,,,,,flag_for_review,pending
raw,GRID_D22_GitHub\data\real_munich\data\bohrungen_epsg25832_shp\bohrungen_stammdaten.csv,,7835BG018447,ObjektID,missing_collar_record,warning,,,,,,flag_for_review,pending
raw,GRID_D22_GitHub\data\real_munich\data\bohrungen_epsg25832_shp\bohrungen_schichten.csv,,7835BG018453,ObjektID,missing_layer_records,warning,,,,,,flag_for_review,pending
raw,GRID_D22_GitHub\data\real_munich\data\bohrungen_epsg25832_shp\bohrungen_schichten.csv,,7835BG018698,ObjektID,missing_layer_records,warning,,,,,,flag_for_review,pending
raw,GRID_D22_GitHub\data\real_munich\data\bohrungen_epsg25832_shp\bohrungen_schichten.csv,,7835BG018068,ObjektID,missing_layer_records,warning,,,,,,flag_for_review,pending
raw,GRID_D22_GitHub\data\real_munich\data\bohrungen_epsg25832_shp\bohrungen_schichten.csv,,7835BG018154,ObjektID,missing_layer_records,warning,,,,,,flag_for_review,pending
raw,GRID_D22_GitHub\data\real_munich\data\bohrungen_epsg25832_shp\bohrungen_schichten.csv,,7835BG017614,ObjektID,missing_layer_records,warning,,,,,,flag_for_review,pending
raw,GRID_D22_GitHub\data\real_munich\data\bohrungen_epsg25832_shp\bohrungen_schichten.csv,,7835BG018402,ObjektID,missing_layer_records,warning,,,,,,flag_for_review,pending
raw,GRID_D22_GitHub\data\real_munich\data\bohrungen_epsg25832_shp\bohrungen_schichten.csv,,7835BG017623,ObjektID,missing_layer_records,warning,,,,,,flag_for_review,pending
raw,GRID_D22_GitHub\data\real_munich\data\bohrungen_epsg25832_shp\bohrungen_schichten.csv,,7835BG018221,ObjektID,missing_layer_records,warning,,,,,,flag_for_review,pending
raw,GRID_D22_GitHub\data\real_munich\data\bohrungen_epsg25832_shp\bohrungen_schichten.csv,,7835BG018155,ObjektID,missing_layer_records,warning,,,,,,flag_for_review,pending
raw,GRID_D22_GitHub\data\real_munich\data\bohrungen_epsg25832_shp\bohrungen_schichten.csv,,7835BG018527,ObjektID,missing_layer_records,warning,,,,,,flag_for_review,pending
raw,GRID_D22_GitHub\data\real_munich\data\bohrungen_epsg25832_shp\bohrungen_schichten.csv,,7835BG018092,ObjektID,missing_layer_records,warning,,,,,,flag_for_review,pending
raw,GRID_D22_GitHub\data\real_munich\data\bohrungen_epsg25832_shp\bohrungen_schichten.csv,,7835BG018487,ObjektID,missing_layer_records,warning,,,,,,flag_for_review,pending
raw,GRID_D22_GitHub\data\real_munich\data\bohrungen_epsg25832_shp\bohrungen_schichten.csv,,7835BG018728,ObjektID,missing_layer_records,warning,,,,,,flag_for_review,pending
raw,GRID_D22_GitHub\data\real_munich\data\bohrungen_epsg25832_shp\bohrungen_schichten.csv,,7835BG018733,ObjektID,missing_layer_records,warning,,,,,,flag_for_review,pending
raw,GRID_D22_GitHub\data\real_munich\data\bohrungen_epsg25832_shp\bohrungen_schichten.csv,,7835BG015024,ObjektID,missing_layer_records,warning,,,,,,flag_for_review,pending
raw,GRID_D22_GitHub\data\real_munich\data\bohrungen_epsg25832_shp\bohrungen_schichten.csv,,7835BG017616,ObjektID,missing_layer_records,warning,,,,,,flag_for_review,pending
raw,GRID_D22_GitHub\data\real_munich\data\bohrungen_epsg25832_shp\bohrungen_schichten.csv,,7835BG017627,ObjektID,missing_layer_records,warning,,,,,,flag_for_review,pending
raw,GRID_D22_GitHub\data\real_munich\data\bohrungen_epsg25832_shp\bohrungen_schichten.csv,,7835BG018734,ObjektID,missing_layer_records,warning,,,,,,flag_for_review,pending
raw,GRID_D22_GitHub\data\real_munich\data\bohrungen_epsg25832_shp\bohrungen_schichten.csv,,7835BG015164,ObjektID,missing_layer_records,warning,,,,,,flag_for_review,pending
raw,GRID_D22_GitHub\data\real_munich\data\bohrungen_epsg25832_shp\bohrungen_schichten.csv,,7835BG018095,ObjektID,missing_layer_records,warning,,,,,,flag_for_review,pending
raw,GRID_D22_GitHub\data\real_munich\data\bohrungen_epsg25832_shp\bohrungen_schichten.csv,,7835BG018443,ObjektID,missing_layer_records,warning,,,,,,flag_for_review,pending
raw,GRID_D22_GitHub\data\real_munich\data\bohrungen_epsg25832_shp\bohrungen_schichten.csv,,7835BG017619,ObjektID,missing_layer_records,warning,,,,,,flag_for_review,pending
raw,GRID_D22_GitHub\data\real_munich\data\bohrungen_epsg25832_shp\bohrungen_schichten.csv,,7835BG017806,ObjektID,missing_layer_records,warning,,,,,,flag_for_review,pending
raw,GRID_D22_GitHub\data\real_munich\data\bohrungen_epsg25832_shp\bohrungen_schichten.csv,,7835BG017872,ObjektID,missing_layer_records,warning,,,,,,flag_for_review,pending
raw,GRID_D22_GitHub\data\real_munich\data\bohrungen_epsg25832_shp\bohrungen_schichten.csv,,7835BG018539,ObjektID,missing_layer_records,warning,,,,,,flag_for_review,pending
raw,GRID_D22_GitHub\data\real_munich\data\bohrungen_epsg25832_shp\bohrungen_schichten.csv,,7835BG018842,ObjektID,missing_layer_records,warning,,,,,,flag_for_review,pending
raw,GRID_D22_GitHub\data\real_munich\data\bohrungen_epsg25832_shp\bohrungen_schichten.csv,,7835BG018444,ObjektID,missing_layer_records,warning,,,,,,flag_for_review,pending
raw,GRID_D22_GitHub\data\real_munich\data\bohrungen_epsg25832_shp\bohrungen_schichten.csv,,7835BG018446,ObjektID,missing_layer_records,warning,,,,,,flag_for_review,pending
raw,GRID_D22_GitHub\data\real_munich\data\bohrungen_epsg25832_shp\bohrungen_schichten.csv,,7835BG018448,ObjektID,missing_layer_records,warning,,,,,,flag_for_review,pending
raw,GRID_D22_GitHub\data\real_munich\data\bohrungen_epsg25832_shp\bohrungen_schichten.csv,,7835BG017978,ObjektID,missing_layer_records,warning,,,,,,flag_for_review,pending
raw,GRID_D22_GitHub\data\real_munich\data\bohrungen_epsg25832_shp\bohrungen_schichten.csv,,7835BG018452,ObjektID,missing_layer_records,warning,,,,,,flag_for_review,pending
raw,GRID_D22_GitHub\data\real_munich\data\bohrungen_epsg25832_shp\bohrungen_schichten.csv,,7835BG018913,ObjektID,missing_layer_records,warning,,,,,,flag_for_review,pending
raw,GRID_D22_GitHub\data\real_munich\data\bohrungen_epsg25832_shp\bohrungen_schichten.csv,,7835BG018096,ObjektID,missing_layer_records,warning,,,,,,flag_for_review,pending
raw,GRID_D22_GitHub\data\real_munich\data\bohrungen_epsg25832_shp\bohrungen_schichten.csv,,7835BG017620,ObjektID,missing_layer_records,warning,,,,,,flag_for_review,pending
raw,GRID_D22_GitHub\data\real_munich\data\bohrungen_epsg25832_shp\bohrungen_schichten.csv,,7835BG018534,ObjektID,missing_layer_records,warning,,,,,,flag_for_review,pending
raw,GRID_D22_GitHub\data\real_munich\data\bohrungen_epsg25832_shp\bohrungen_schichten.csv,,7835BG017807,ObjektID,missing_layer_records,warning,,,,,,flag_for_review,pending
raw,GRID_D22_GitHub\data\real_munich\data\bohrungen_epsg25832_shp\bohrungen_schichten.csv,,7835BG018914,ObjektID,missing_layer_records,warning,,,,,,flag_for_review,pending
raw,GRID_D22_GitHub\data\real_munich\data\bohrungen_epsg25832_shp\bohrungen_schichten.csv,,7835BG017874,ObjektID,missing_layer_records,warning,,,,,,flag_for_review,pending
raw,GRID_D22_GitHub\data\real_munich\data\bohrungen_epsg25832_shp\bohrungen_schichten.csv,,7835BG018220,ObjektID,missing_layer_records,warning,,,,,,flag_for_review,pending
raw,GRID_D22_GitHub\data\real_munich\data\bohrungen_epsg25832_shp\bohrungen_schichten.csv,,7835BG019010,ObjektID,missing_layer_records,warning,,,,,,flag_for_review,pending
raw,GRID_D22_GitHub\data\real_munich\data\bohrungen_epsg25832_shp\bohrungen_schichten.csv,,7835BG015889,ObjektID,missing_layer_records,warning,,,,,,flag_for_review,pending
raw,GRID_D22_GitHub\data\real_munich\data\bohrungen_epsg25832_shp\bohrungen_schichten.csv,,7835BG018445,ObjektID,missing_layer_records,warning,,,,,,flag_for_review,pending
raw,GRID_D22_GitHub\data\real_munich\data\bohrungen_epsg25832_shp\bohrungen_schichten.csv,,7835BG018696,ObjektID,missing_layer_records,warning,,,,,,flag_for_review,pending
raw,GRID_D22_GitHub\data\real_munich\data\bohrungen_epsg25832_shp\bohrungen_schichten.csv,,7835BG017989,ObjektID,missing_layer_records,warning,,,,,,flag_for_review,pending
raw,GRID_D22_GitHub\data\real_munich\data\bohrungen_epsg25832_shp\bohrungen_schichten.csv,,7835BG018538,ObjektID,missing_layer_records,warning,,,,,,flag_for_review,pending
raw,GRID_D22_GitHub\data\real_munich\data\bohrungen_epsg25832_shp\bohrungen_schichten.csv,,7835BG018093,ObjektID,missing_layer_records,warning,,,,,,flag_for_review,pending
raw,GRID_D22_GitHub\data\real_munich\data\bohrungen_epsg25832_shp\bohrungen_schichten.csv,,7835BG017804,ObjektID,missing_layer_records,warning,,,,,,flag_for_review,pending
raw,GRID_D22_GitHub\data\real_munich\data\bohrungen_epsg25832_shp\bohrungen_schichten.csv,,7835BG018700,ObjektID,missing_layer_records,warning,,,,,,flag_for_review,pending
raw,GRID_D22_GitHub\data\real_munich\data\bohrungen_epsg25832_shp\bohrungen_schichten.csv,,7835BG018730,ObjektID,missing_layer_records,warning,,,,,,flag_for_review,pending
raw,GRID_D22_GitHub\data\real_munich\data\bohrungen_epsg25832_shp\bohrungen_schichten.csv,,7835BG018727,ObjektID,missing_layer_records,warning,,,,,,flag_for_review,pending
raw,GRID_D22_GitHub\data\real_munich\data\bohrungen_epsg25832_shp\bohrungen_schichten.csv,,7835BG015081,ObjektID,missing_layer_records,warning,,,,,,flag_for_review,pending
raw,GRID_D22_GitHub\data\real_munich\data\bohrungen_epsg25832_shp\bohrungen_schichten.csv,,7835BG018455,ObjektID,missing_layer_records,warning,,,,,,flag_for_review,pending
raw,GRID_D22_GitHub\data\real_munich\data\bohrungen_epsg25832_shp\bohrungen_schichten.csv,,7835BG018050,ObjektID,missing_layer_records,warning,,,,,,flag_for_review,pending
raw,GRID_D22_GitHub\data\real_munich\data\bohrungen_epsg25832_shp\bohrungen_schichten.csv,,7835BG018540,ObjektID,missing_layer_records,warning,,,,,,flag_for_review,pending
raw,GRID_D22_GitHub\data\real_munich\data\bohrungen_epsg25832_shp\bohrungen_schichten.csv,,7835BG016165,ObjektID,missing_layer_records,warning,,,,,,flag_for_review,pending
raw,GRID_D22_GitHub\data\real_munich\data\bohrungen_epsg25832_shp\bohrungen_schichten.csv,,7835BG017629,ObjektID,missing_layer_records,warning,,,,,,flag_for_review,pending
raw,GRID_D22_GitHub\data\real_munich\data\bohrungen_epsg25832_shp\bohrungen_schichten.csv,,7835BG018573,ObjektID,missing_layer_records,warning,,,,,,flag_for_review,pending
raw,GRID_D22_GitHub\data\real_munich\data\bohrungen_epsg25832_shp\bohrungen_schichten.csv,,7835BG015033,ObjektID,missing_layer_records,warning,,,,,,flag_for_review,pending
raw,GRID_D22_GitHub\data\real_munich\data\bohrungen_epsg25832_shp\bohrungen_schichten.csv,,7835BG018456,ObjektID,missing_layer_records,warning,,,,,,flag_for_review,pending
raw,GRID_D22_GitHub\data\real_munich\data\bohrungen_epsg25832_shp\bohrungen_schichten.csv,,7835BG018156,ObjektID,missing_layer_records,warning,,,,,,flag_for_review,pending
raw,GRID_D22_GitHub\data\real_munich\data\bohrungen_epsg25832_shp\bohrungen_schichten.csv,,7835BG018526,ObjektID,missing_layer_records,warning,,,,,,flag_for_review,pending
raw,GRID_D22_GitHub\data\real_munich\data\bohrungen_epsg25832_shp\bohrungen_schichten.csv,,7835BG017907,ObjektID,missing_layer_records,warning,,,,,,flag_for_review,pending
raw,GRID_D22_GitHub\data\real_munich\data\bohrungen_epsg25832_shp\bohrungen_schichten.csv,,7835BG018697,ObjektID,missing_layer_records,warning,,,,,,flag_for_review,pending
raw,GRID_D22_GitHub\data\real_munich\data\bohrungen_epsg25832_shp\bohrungen_schichten.csv,,7835BG018405,ObjektID,missing_layer_records,warning,,,,,,flag_for_review,pending
raw,GRID_D22_GitHub\data\real_munich\data\bohrungen_epsg25832_shp\bohrungen_schichten.csv,,7835BG017453,ObjektID,missing_layer_records,warning,,,,,,flag_for_review,pending
raw,GRID_D22_GitHub\data\real_munich\data\bohrungen_epsg25832_shp\bohrungen_schichten.csv,,7835BG018701,ObjektID,missing_layer_records,warning,,,,,,flag_for_review,pending
raw,GRID_D22_GitHub\data\real_munich\data\bohrungen_epsg25832_shp\bohrungen_schichten.csv,,7835BG018204,ObjektID,missing_layer_records,warning,,,,,,flag_for_review,pending
raw,GRID_D22_GitHub\data\real_munich\data\bohrungen_epsg25832_shp\bohrungen_schichten.csv,,7835BG015240,ObjektID,missing_layer_records,warning,,,,,,flag_for_review,pending
raw,GRID_D22_GitHub\data\real_munich\data\bohrungen_epsg25832_shp\bohrungen_schichten.csv,,7835BG018799,ObjektID,missing_layer_records,warning,,,,,,flag_for_review,pending
raw,GRID_D22_GitHub\data\real_munich\data\bohrungen_epsg25832_shp\bohrungen_schichten.csv,,7835BG018535,ObjektID,missing_layer_records,warning,,,,,,flag_for_review,pending
raw,GRID_D22_GitHub\data\real_munich\data\bohrungen_epsg25832_shp\bohrungen_schichten.csv,,7835BG015393,ObjektID,missing_layer_records,warning,,,,,,flag_for_review,pending
raw,GRID_D22_GitHub\data\real_munich\data\bohrungen_epsg25832_shp\bohrungen_schichten.csv,,7835BG018222,ObjektID,missing_layer_records,warning,,,,,,flag_for_review,pending
raw,GRID_D22_GitHub\data\real_munich\data\bohrungen_epsg25832_shp\bohrungen_schichten.csv,,7835BG018128,ObjektID,missing_layer_records,warning,,,,,,flag_for_review,pending
raw,GRID_D22_GitHub\data\real_munich\data\bohrungen_epsg25832_shp\bohrungen_schichten.csv,,7835BG017618,ObjektID,missing_layer_records,warning,,,,,,flag_for_review,pending
raw,GRID_D22_GitHub\data\real_munich\data\bohrungen_epsg25832_shp\bohrungen_schichten.csv,,7835BG018307,ObjektID,missing_layer_records,warning,,,,,,flag_for_review,pending
raw,GRID_D22_GitHub\data\real_munich\data\bohrungen_epsg25832_shp\bohrungen_schichten.csv,,7835BG018451,ObjektID,missing_layer_records,warning,,,,,,flag_for_review,pending
raw,GRID_D22_GitHub\data\real_munich\data\bohrungen_epsg25832_shp\bohrungen_schichten.csv,,7835BG018094,ObjektID,missing_layer_records,warning,,,,,,flag_for_review,pending
raw,GRID_D22_GitHub\data\real_munich\data\bohrungen_epsg25832_shp\bohrungen_schichten.csv,,7835BG018130,ObjektID,missing_layer_records,warning,,,,,,flag_for_review,pending
raw,GRID_D22_GitHub\data\real_munich\data\bohrungen_epsg25832_shp\bohrungen_schichten.csv,,7835BG018401,ObjektID,missing_layer_records,warning,,,,,,flag_for_review,pending
raw,GRID_D22_GitHub\data\real_munich\data\bohrungen_epsg25832_shp\bohrungen_schichten.csv,,7835BG018085,ObjektID,missing_layer_records,warning,,,,,,flag_for_review,pending
raw,GRID_D22_GitHub\data\real_munich\data\bohrungen_epsg25832_shp\bohrungen_schichten.csv,,7835BG018333,ObjektID,missing_layer_records,warning,,,,,,flag_for_review,pending
raw,GRID_D22_GitHub\data\real_munich\data\bohrungen_epsg25832_shp\bohrungen_schichten.csv,,7835BG017617,ObjektID,missing_layer_records,warning,,,,,,flag_for_review,pending
raw,GRID_D22_GitHub\data\real_munich\data\bohrungen_epsg25832_shp\bohrungen_schichten.csv,,7835BG018791,ObjektID,missing_layer_records,warning,,,,,,flag_for_review,pending
raw,GRID_D22_GitHub\data\real_munich\data\bohrungen_epsg25832_shp\bohrungen_schichten.csv,,7835BG018699,ObjektID,missing_layer_records,warning,,,,,,flag_for_review,pending
raw,GRID_D22_GitHub\data\real_munich\data\bohrungen_epsg25832_shp\bohrungen_schichten.csv,,7835BG015231,ObjektID,missing_layer_records,warning,,,,,,flag_for_review,pending
raw,GRID_D22_GitHub\data\real_munich\data\bohrungen_epsg25832_shp\bohrungen_schichten.csv,,7835BG017628,ObjektID,missing_layer_records,warning,,,,,,flag_for_review,pending
raw,GRID_D22_GitHub\data\real_munich\data\bohrungen_epsg25832_shp\bohrungen_schichten.csv,,7835BG018454,ObjektID,missing_layer_records,warning,,,,,,flag_for_review,pending
raw,GRID_D22_GitHub\data\real_munich\data\bohrungen_epsg25832_shp\bohrungen_schichten.csv,,7835BG015104,ObjektID,missing_layer_records,warning,,,,,,flag_for_review,pending
raw,GRID_D22_GitHub\data\real_munich\data\bohrungen_epsg25832_shp\bohrungen_schichten.csv,,7835BG017805,ObjektID,missing_layer_records,warning,,,,,,flag_for_review,pending
raw,GRID_D22_GitHub\data\real_munich\data\bohrungen_epsg25832_shp\bohrungen_schichten.csv,,7835BG019011,ObjektID,missing_layer_records,warning,,,,,,flag_for_review,pending
raw,GRID_D22_GitHub\data\real_munich\data\bohrungen_epsg25832_shp\bohrungen_schichten.csv,,7835BG015462,ObjektID,missing_layer_records,warning,,,,,,flag_for_review,pending
raw,GRID_D22_GitHub\data\real_munich\data\bohrungen_epsg25832_shp\bohrungen_schichten.csv,,7835BG017979,ObjektID,missing_layer_records,warning,,,,,,flag_for_review,pending
raw,GRID_D22_GitHub\data\real_munich\data\bohrungen_epsg25832_shp\bohrungen_schichten.csv,,7835BG018536,ObjektID,missing_layer_records,warning,,,,,,flag_for_review,pending
raw,GRID_D22_GitHub\data\real_munich\data\bohrungen_epsg25832_shp\bohrungen_schichten.csv,,7835BG018729,ObjektID,missing_layer_records,warning,,,,,,flag_for_review,pending
raw,GRID_D22_GitHub\data\real_munich\data\bohrungen_epsg25832_shp\bohrungen_schichten.csv,,7835BG018489,ObjektID,missing_layer_records,warning,,,,,,flag_for_review,pending
raw,GRID_D22_GitHub\data\real_munich\data\bohrungen_epsg25832_shp\bohrungen_schichten.csv,,7835BG018091,ObjektID,missing_layer_records,warning,,,,,,flag_for_review,pending
raw,GRID_D22_GitHub\data\real_munich\data\bohrungen_epsg25832_shp\bohrungen_schichten.csv,,7835BG018442,ObjektID,missing_layer_records,warning,,,,,,flag_for_review,pending
raw,GRID_D22_GitHub\data\real_munich\data\bohrungen_epsg25832_shp\bohrungen_schichten.csv,,7835BG017612,ObjektID,missing_layer_records,warning,,,,,,flag_for_review,pending
raw,GRID_D22_GitHub\data\real_munich\data\bohrungen_epsg25832_shp\bohrungen_schichten.csv,,7835BG017626,ObjektID,missing_layer_records,warning,,,,,,flag_for_review,pending
raw,GRID_D22_GitHub\data\real_munich\data\bohrungen_epsg25832_shp\bohrungen_schichten.csv,,7835BG017613,ObjektID,missing_layer_records,warning,,,,,,flag_for_review,pending
raw,GRID_D22_GitHub\data\real_munich\data\bohrungen_epsg25832_shp\bohrungen_schichten.csv,,7835BG015888,ObjektID,missing_layer_records,warning,,,,,,flag_for_review,pending
raw,GRID_D22_GitHub\data\real_munich\data\bohrungen_epsg25832_shp\bohrungen_schichten.csv,,7835BG017908,ObjektID,missing_layer_records,warning,,,,,,flag_for_review,pending
raw,GRID_D22_GitHub\data\real_munich\data\bohrungen_epsg25832_shp\bohrungen_schichten.csv,,7835BG017622,ObjektID,missing_layer_records,warning,,,,,,flag_for_review,pending
raw,GRID_D22_GitHub\data\real_munich\data\bohrungen_epsg25832_shp\bohrungen_schichten.csv,,7835BG017987,ObjektID,missing_layer_records,warning,,,,,,flag_for_review,pending
raw,GRID_D22_GitHub\data\real_munich\data\bohrungen_epsg25832_shp\bohrungen_schichten.csv,,7835BG018732,ObjektID,missing_layer_records,warning,,,,,,flag_for_review,pending
raw,GRID_D22_GitHub\data\real_munich\data\bohrungen_epsg25832_shp\bohrungen_schichten.csv,,7835BG018702,ObjektID,missing_layer_records,warning,,,,,,flag_for_review,pending
raw,GRID_D22_GitHub\data\real_munich\data\bohrungen_epsg25832_shp\bohrungen_schichten.csv,,7835BG018525,ObjektID,missing_layer_records,warning,,,,,,flag_for_review,pending
raw,GRID_D22_GitHub\data\real_munich\data\bohrungen_epsg25832_shp\bohrungen_schichten.csv,,7835BG015886,ObjektID,missing_layer_records,warning,,,,,,flag_for_review,pending
raw,GRID_D22_GitHub\data\real_munich\data\bohrungen_epsg25832_shp\bohrungen_schichten.csv,,7835BG015087,ObjektID,missing_layer_records,warning,,,,,,flag_for_review,pending
raw,GRID_D22_GitHub\data\real_munich\data\bohrungen_epsg25832_shp\bohrungen_schichten.csv,,7835BG017988,ObjektID,missing_layer_records,warning,,,,,,flag_for_review,pending
raw,GRID_D22_GitHub\data\real_munich\data\bohrungen_epsg25832_shp\bohrungen_schichten.csv,,7835BG018562,ObjektID,missing_layer_records,warning,,,,,,flag_for_review,pending
raw,GRID_D22_GitHub\data\real_munich\data\bohrungen_epsg25832_shp\bohrungen_schichten.csv,,7835BG018735,ObjektID,missing_layer_records,warning,,,,,,flag_for_review,pending
raw,GRID_D22_GitHub\data\real_munich\data\bohrungen_epsg25832_shp\bohrungen_schichten.csv,,7835BG018090,ObjektID,missing_layer_records,warning,,,,,,flag_for_review,pending
raw,GRID_D22_GitHub\data\real_munich\data\bohrungen_epsg25832_shp\bohrungen_schichten.csv,,7835BG018129,ObjektID,missing_layer_records,warning,,,,,,flag_for_review,pending
raw,GRID_D22_GitHub\data\real_munich\data\bohrungen_epsg25832_shp\bohrungen_schichten.csv,,7835BG018731,ObjektID,missing_layer_records,warning,,,,,,flag_for_review,pending
raw,GRID_D22_GitHub\data\real_munich\data\bohrungen_epsg25832_shp\bohrungen_schichten.csv,,7835BG018449,ObjektID,missing_layer_records,warning,,,,,,flag_for_review,pending
raw,GRID_D22_GitHub\data\real_munich\data\bohrungen_epsg25832_shp\bohrungen_schichten.csv,,7835BG018450,ObjektID,missing_layer_records,warning,,,,,,flag_for_review,pending
raw,GRID_D22_GitHub\data\real_munich\data\bohrungen_epsg25832_shp\bohrungen_schichten.csv,,7835BG015103,ObjektID,missing_layer_records,warning,,,,,,flag_for_review,pending
raw,GRID_D22_GitHub\data\real_munich\data\bohrungen_epsg25832_shp\bohrungen_schichten.csv,,7835BG018457,ObjektID,missing_layer_records,warning,,,,,,flag_for_review,pending
raw,GRID_D22_GitHub\data\real_munich\data\bohrungen_epsg25832_shp\bohrungen_schichten.csv,,7835BG018541,ObjektID,missing_layer_records,warning,,,,,,flag_for_review,pending
raw,GRID_D22_GitHub\data\real_munich\data\bohrungen_epsg25832_shp\bohrungen_schichten.csv,,7835BG015877,ObjektID,missing_layer_records,warning,,,,,,flag_for_review,pending
raw,GRID_D22_GitHub\data\real_munich\data\bohrungen_epsg25832_shp\bohrungen_schichten.csv,,7835BG018790,ObjektID,missing_layer_records,warning,,,,,,flag_for_review,pending
raw,GRID_D22_GitHub\data\real_munich\data\bohrungen_epsg25832_shp\bohrungen_schichten.csv,,7835BG018537,ObjektID,missing_layer_records,warning,,,,,,flag_for_review,pending
raw,GRID_D22_GitHub\data\real_munich\data\bohrungen_epsg25832_shp\bohrungen_schichten.csv,,7835BG018404,ObjektID,missing_layer_records,warning,,,,,,flag_for_review,pending
raw,GRID_D22_GitHub\data\real_munich\data\bohrungen_epsg25832_shp\bohrungen_schichten.csv,,7835BG017625,ObjektID,missing_layer_records,warning,,,,,,flag_for_review,pending
raw,GRID_D22_GitHub\data\real_munich\data\bohrungen_epsg25832_shp\bohrungen_schichten.csv,,7835BG018447,ObjektID,missing_layer_records,warning,,,,,,flag_for_review,pending
raw,GRID_D22_GitHub\data\real_munich\data\bohrungen_epsg25832_shp\bohrungen_stammdaten.csv,1958.0,7835BG018091,Ansatzhoeh,missing_or_nonnumeric_collar_elevation,warning,,,,"[400, 700]",,legacy_excluded,pending
raw,GRID_D22_GitHub\data\real_munich\data\bohrungen_epsg25832_shp\bohrungen_stammdaten.csv,1959.0,7835BG018096,Ansatzhoeh,missing_or_nonnumeric_collar_elevation,warning,,,,"[400, 700]",,legacy_excluded,pending
raw,GRID_D22_GitHub\data\real_munich\data\bohrungen_epsg25832_shp\bohrungen_stammdaten.csv,1965.0,7835BG018092,Ansatzhoeh,missing_or_nonnumeric_collar_elevation,warning,,,,"[400, 700]",,legacy_excluded,pending
raw,GRID_D22_GitHub\data\real_munich\data\bohrungen_epsg25832_shp\bohrungen_stammdaten.csv,1966.0,7835BG018095,Ansatzhoeh,missing_or_nonnumeric_collar_elevation,warning,,,,"[400, 700]",,legacy_excluded,pending
raw,GRID_D22_GitHub\data\real_munich\data\bohrungen_epsg25832_shp\bohrungen_stammdaten.csv,1967.0,7835BG018094,Ansatzhoeh,missing_or_nonnumeric_collar_elevation,warning,,,,"[400, 700]",,legacy_excluded,pending
raw,GRID_D22_GitHub\data\real_munich\data\bohrungen_epsg25832_shp\bohrungen_stammdaten.csv,1968.0,7835BG018093,Ansatzhoeh,missing_or_nonnumeric_collar_elevation,warning,,,,"[400, 700]",,legacy_excluded,pending
raw,GRID_D22_GitHub\data\real_munich\data\bohrungen_epsg25832_shp\bohrungen_stammdaten.csv,1971.0,7835BG018090,Ansatzhoeh,missing_or_nonnumeric_collar_elevation,warning,,,,"[400, 700]",,legacy_excluded,pending
raw,GRID_D22_GitHub\data\real_munich\data\bohrungen_epsg25832_shp\bohrungen_stammdaten.csv,1973.0,7835BG017979,Ansatzhoeh,missing_or_nonnumeric_collar_elevation,warning,,,,"[400, 700]",,legacy_excluded,pending
raw,GRID_D22_GitHub\data\real_munich\data\bohrungen_epsg25832_shp\bohrungen_stammdaten.csv,2000.0,7835BG018735,Ansatzhoeh,missing_or_nonnumeric_collar_elevation,warning,,,,"[400, 700]",,legacy_excluded,pending
raw,GRID_D22_GitHub\data\real_munich\data\bohrungen_epsg25832_shp\bohrungen_stammdaten.csv,2021.0,7835BG018731,Ansatzhoeh,missing_or_nonnumeric_collar_elevation,warning,,,,"[400, 700]",,legacy_excluded,pending
raw,GRID_D22_GitHub\data\real_munich\data\bohrungen_epsg25832_shp\bohrungen_stammdaten.csv,2078.0,7835BG018526,Ansatzhoeh,missing_or_nonnumeric_collar_elevation,warning,,,,"[400, 700]",,legacy_excluded,pending
raw,GRID_D22_GitHub\data\real_munich\data\bohrungen_epsg25832_shp\bohrungen_stammdaten.csv,2103.0,7835BG017874,Ansatzhoeh,missing_or_nonnumeric_collar_elevation,warning,,,,"[400, 700]",,legacy_excluded,pending
raw,GRID_D22_GitHub\data\real_munich\data\bohrungen_epsg25832_shp\bohrungen_stammdaten.csv,2105.0,7835BG017806,Ansatzhoeh,missing_or_nonnumeric_collar_elevation,warning,,,,"[400, 700]",,legacy_excluded,pending
raw,GRID_D22_GitHub\data\real_munich\data\bohrungen_epsg25832_shp\bohrungen_stammdaten.csv,2110.0,7835BG017872,Ansatzhoeh,missing_or_nonnumeric_collar_elevation,warning,,,,"[400, 700]",,legacy_excluded,pending
raw,GRID_D22_GitHub\data\real_munich\data\bohrungen_epsg25832_shp\bohrungen_stammdaten.csv,2111.0,7835BG017978,Ansatzhoeh,missing_or_nonnumeric_collar_elevation,warning,,,,"[400, 700]",,legacy_excluded,pending
raw,GRID_D22_GitHub\data\real_munich\data\bohrungen_epsg25832_shp\bohrungen_stammdaten.csv,2116.0,7835BG017804,Ansatzhoeh,missing_or_nonnumeric_collar_elevation,warning,,,,"[400, 700]",,legacy_excluded,pending
raw,GRID_D22_GitHub\data\real_munich\data\bohrungen_epsg25832_shp\bohrungen_stammdaten.csv,2117.0,7835BG017807,Ansatzhoeh,missing_or_nonnumeric_collar_elevation,warning,,,,"[400, 700]",,legacy_excluded,pending
raw,GRID_D22_GitHub\data\real_munich\data\bohrungen_epsg25832_shp\bohrungen_stammdaten.csv,2118.0,7835BG017805,Ansatzhoeh,missing_or_nonnumeric_collar_elevation,warning,,,,"[400, 700]",,legacy_excluded,pending
raw,GRID_D22_GitHub\data\real_munich\data\bohrungen_epsg25832_shp\bohrungen_stammdaten.csv,2120.0,7835BG017907,Ansatzhoeh,missing_or_nonnumeric_collar_elevation,warning,,,,"[400, 700]",,legacy_excluded,pending
raw,GRID_D22_GitHub\data\real_munich\data\bohrungen_epsg25832_shp\bohrungen_stammdaten.csv,2127.0,7835BG017987,Ansatzhoeh,missing_or_nonnumeric_collar_elevation,warning,,,,"[400, 700]",,legacy_excluded,pending
raw,GRID_D22_GitHub\data\real_munich\data\bohrungen_epsg25832_shp\bohrungen_stammdaten.csv,2129.0,7835BG017989,Ansatzhoeh,missing_or_nonnumeric_collar_elevation,warning,,,,"[400, 700]",,legacy_excluded,pending
raw,GRID_D22_GitHub\data\real_munich\data\bohrungen_epsg25832_shp\bohrungen_stammdaten.csv,2130.0,7835BG017988,Ansatzhoeh,missing_or_nonnumeric_collar_elevation,warning,,,,"[400, 700]",,legacy_excluded,pending
raw,GRID_D22_GitHub\data\real_munich\data\bohrungen_epsg25832_shp\bohrungen_stammdaten.csv,2152.0,7835BG017908,Ansatzhoeh,missing_or_nonnumeric_collar_elevation,warning,,,,"[400, 700]",,legacy_excluded,pending
raw,GRID_D22_GitHub\data\real_munich\data\bohrungen_epsg25832_shp\bohrungen_stammdaten.csv,2154.0,7835BG018130,Ansatzhoeh,missing_or_nonnumeric_collar_elevation,warning,,,,"[400, 700]",,legacy_excluded,pending
raw,GRID_D22_GitHub\data\real_munich\data\bohrungen_epsg25832_shp\bohrungen_stammdaten.csv,2156.0,7835BG018733,Ansatzhoeh,missing_or_nonnumeric_collar_elevation,warning,,,,"[400, 700]",,legacy_excluded,pending
raw,GRID_D22_GitHub\data\real_munich\data\bohrungen_epsg25832_shp\bohrungen_stammdaten.csv,2160.0,7835BG018307,Ansatzhoeh,missing_or_nonnumeric_collar_elevation,warning,,,,"[400, 700]",,legacy_excluded,pending
raw,GRID_D22_GitHub\data\real_munich\data\bohrungen_epsg25832_shp\bohrungen_stammdaten.csv,2161.0,7835BG018128,Ansatzhoeh,missing_or_nonnumeric_collar_elevation,warning,,,,"[400, 700]",,legacy_excluded,pending
raw,GRID_D22_GitHub\data\real_munich\data\bohrungen_epsg25832_shp\bohrungen_stammdaten.csv,2162.0,7835BG018446,Ansatzhoeh,missing_or_nonnumeric_collar_elevation,warning,,,,"[400, 700]",,legacy_excluded,pending
raw,GRID_D22_GitHub\data\real_munich\data\bohrungen_epsg25832_shp\bohrungen_stammdaten.csv,2163.0,7835BG018443,Ansatzhoeh,missing_or_nonnumeric_collar_elevation,warning,,,,"[400, 700]",,legacy_excluded,pending
raw,GRID_D22_GitHub\data\real_munich\data\bohrungen_epsg25832_shp\bohrungen_stammdaten.csv,2164.0,7835BG018451,Ansatzhoeh,missing_or_nonnumeric_collar_elevation,warning,,,,"[400, 700]",,legacy_excluded,pending
raw,GRID_D22_GitHub\data\real_munich\data\bohrungen_epsg25832_shp\bohrungen_stammdaten.csv,2165.0,7835BG018452,Ansatzhoeh,missing_or_nonnumeric_collar_elevation,warning,,,,"[400, 700]",,legacy_excluded,pending
raw,GRID_D22_GitHub\data\real_munich\data\bohrungen_epsg25832_shp\bohrungen_stammdaten.csv,2166.0,7835BG018448,Ansatzhoeh,missing_or_nonnumeric_collar_elevation,warning,,,,"[400, 700]",,legacy_excluded,pending
raw,GRID_D22_GitHub\data\real_munich\data\bohrungen_epsg25832_shp\bohrungen_stammdaten.csv,2167.0,7835BG018453,Ansatzhoeh,missing_or_nonnumeric_collar_elevation,warning,,,,"[400, 700]",,legacy_excluded,pending
raw,GRID_D22_GitHub\data\real_munich\data\bohrungen_epsg25832_shp\bohrungen_stammdaten.csv,2168.0,7835BG018450,Ansatzhoeh,missing_or_nonnumeric_collar_elevation,warning,,,,"[400, 700]",,legacy_excluded,pending
raw,GRID_D22_GitHub\data\real_munich\data\bohrungen_epsg25832_shp\bohrungen_stammdaten.csv,2169.0,7835BG018444,Ansatzhoeh,missing_or_nonnumeric_collar_elevation,warning,,,,"[400, 700]",,legacy_excluded,pending
raw,GRID_D22_GitHub\data\real_munich\data\bohrungen_epsg25832_shp\bohrungen_stammdaten.csv,2170.0,7835BG018457,Ansatzhoeh,missing_or_nonnumeric_collar_elevation,warning,,,,"[400, 700]",,legacy_excluded,pending
raw,GRID_D22_GitHub\data\real_munich\data\bohrungen_epsg25832_shp\bohrungen_stammdaten.csv,2171.0,7835BG018402,Ansatzhoeh,missing_or_nonnumeric_collar_elevation,warning,,,,"[400, 700]",,legacy_excluded,pending
raw,GRID_D22_GitHub\data\real_munich\data\bohrungen_epsg25832_shp\bohrungen_stammdaten.csv,2172.0,7835BG018401,Ansatzhoeh,missing_or_nonnumeric_collar_elevation,warning,,,,"[400, 700]",,legacy_excluded,pending
raw,GRID_D22_GitHub\data\real_munich\data\bohrungen_epsg25832_shp\bohrungen_stammdaten.csv,2173.0,7835BG018454,Ansatzhoeh,missing_or_nonnumeric_collar_elevation,warning,,,,"[400, 700]",,legacy_excluded,pending
raw,GRID_D22_GitHub\data\real_munich\data\bohrungen_epsg25832_shp\bohrungen_stammdaten.csv,2174.0,7835BG018447,Ansatzhoeh,missing_or_nonnumeric_collar_elevation,warning,,,,"[400, 700]",,legacy_excluded,pending
raw,GRID_D22_GitHub\data\real_munich\data\bohrungen_epsg25832_shp\bohrungen_stammdaten.csv,2175.0,7835BG018449,Ansatzhoeh,missing_or_nonnumeric_collar_elevation,warning,,,,"[400, 700]",,legacy_excluded,pending
raw,GRID_D22_GitHub\data\real_munich\data\bohrungen_epsg25832_shp\bohrungen_stammdaten.csv,2176.0,7835BG018456,Ansatzhoeh,missing_or_nonnumeric_collar_elevation,warning,,,,"[400, 700]",,legacy_excluded,pending
raw,GRID_D22_GitHub\data\real_munich\data\bohrungen_epsg25832_shp\bohrungen_stammdaten.csv,2177.0,7835BG018445,Ansatzhoeh,missing_or_nonnumeric_collar_elevation,warning,,,,"[400, 700]",,legacy_excluded,pending
raw,GRID_D22_GitHub\data\real_munich\data\bohrungen_epsg25832_shp\bohrungen_stammdaten.csv,2178.0,7835BG018487,Ansatzhoeh,missing_or_nonnumeric_collar_elevation,warning,,,,"[400, 700]",,legacy_excluded,pending
raw,GRID_D22_GitHub\data\real_munich\data\bohrungen_epsg25832_shp\bohrungen_stammdaten.csv,2181.0,7835BG018221,Ansatzhoeh,missing_or_nonnumeric_collar_elevation,warning,,,,"[400, 700]",,legacy_excluded,pending
raw,GRID_D22_GitHub\data\real_munich\data\bohrungen_epsg25832_shp\bohrungen_stammdaten.csv,2182.0,7835BG018222,Ansatzhoeh,missing_or_nonnumeric_collar_elevation,warning,,,,"[400, 700]",,legacy_excluded,pending
raw,GRID_D22_GitHub\data\real_munich\data\bohrungen_epsg25832_shp\bohrungen_stammdaten.csv,2183.0,7835BG018220,Ansatzhoeh,missing_or_nonnumeric_collar_elevation,warning,,,,"[400, 700]",,legacy_excluded,pending
raw,GRID_D22_GitHub\data\real_munich\data\bohrungen_epsg25832_shp\bohrungen_stammdaten.csv,2184.0,7835BG018333,Ansatzhoeh,missing_or_nonnumeric_collar_elevation,warning,,,,"[400, 700]",,legacy_excluded,pending
raw,GRID_D22_GitHub\data\real_munich\data\bohrungen_epsg25832_shp\bohrungen_stammdaten.csv,2186.0,7835BG018085,Ansatzhoeh,missing_or_nonnumeric_collar_elevation,warning,,,,"[400, 700]",,legacy_excluded,pending
raw,GRID_D22_GitHub\data\real_munich\data\bohrungen_epsg25832_shp\bohrungen_stammdaten.csv,2187.0,7835BG018562,Ansatzhoeh,missing_or_nonnumeric_collar_elevation,warning,,,,"[400, 700]",,legacy_excluded,pending
raw,GRID_D22_GitHub\data\real_munich\data\bohrungen_epsg25832_shp\bohrungen_stammdaten.csv,2188.0,7835BG018155,Ansatzhoeh,missing_or_nonnumeric_collar_elevation,warning,,,,"[400, 700]",,legacy_excluded,pending
raw,GRID_D22_GitHub\data\real_munich\data\bohrungen_epsg25832_shp\bohrungen_stammdaten.csv,2189.0,7835BG018204,Ansatzhoeh,missing_or_nonnumeric_collar_elevation,warning,,,,"[400, 700]",,legacy_excluded,pending
raw,GRID_D22_GitHub\data\real_munich\data\bohrungen_epsg25832_shp\bohrungen_stammdaten.csv,2190.0,7835BG018455,Ansatzhoeh,missing_or_nonnumeric_collar_elevation,warning,,,,"[400, 700]",,legacy_excluded,pending
raw,GRID_D22_GitHub\data\real_munich\data\bohrungen_epsg25832_shp\bohrungen_stammdaten.csv,2191.0,7835BG019010,Ansatzhoeh,missing_or_nonnumeric_collar_elevation,warning,,,,"[400, 700]",,legacy_excluded,pending
raw,GRID_D22_GitHub\data\real_munich\data\bohrungen_epsg25832_shp\bohrungen_stammdaten.csv,2192.0,7835BG018129,Ansatzhoeh,missing_or_nonnumeric_collar_elevation,warning,,,,"[400, 700]",,legacy_excluded,pending
raw,GRID_D22_GitHub\data\real_munich\data\bohrungen_epsg25832_shp\bohrungen_stammdaten.csv,2193.0,7835BG018156,Ansatzhoeh,missing_or_nonnumeric_collar_elevation,warning,,,,"[400, 700]",,legacy_excluded,pending
raw,GRID_D22_GitHub\data\real_munich\data\bohrungen_epsg25832_shp\bohrungen_stammdaten.csv,2194.0,7835BG018154,Ansatzhoeh,missing_or_nonnumeric_collar_elevation,warning,,,,"[400, 700]",,legacy_excluded,pending
raw,GRID_D22_GitHub\data\real_munich\data\bohrungen_epsg25832_shp\bohrungen_stammdaten.csv,2195.0,7835BG018541,Ansatzhoeh,missing_or_nonnumeric_collar_elevation,warning,,,,"[400, 700]",,legacy_excluded,pending
raw,GRID_D22_GitHub\data\real_munich\data\bohrungen_epsg25832_shp\bohrungen_stammdaten.csv,2196.0,7835BG018540,Ansatzhoeh,missing_or_nonnumeric_collar_elevation,warning,,,,"[400, 700]",,legacy_excluded,pending
raw,GRID_D22_GitHub\data\real_munich\data\bohrungen_epsg25832_shp\bohrungen_stammdaten.csv,2197.0,7835BG018539,Ansatzhoeh,missing_or_nonnumeric_collar_elevation,warning,,,,"[400, 700]",,legacy_excluded,pending
raw,GRID_D22_GitHub\data\real_munich\data\bohrungen_epsg25832_shp\bohrungen_stammdaten.csv,2198.0,7835BG018538,Ansatzhoeh,missing_or_nonnumeric_collar_elevation,warning,,,,"[400, 700]",,legacy_excluded,pending
raw,GRID_D22_GitHub\data\real_munich\data\bohrungen_epsg25832_shp\bohrungen_stammdaten.csv,2199.0,7835BG018537,Ansatzhoeh,missing_or_nonnumeric_collar_elevation,warning,,,,"[400, 700]",,legacy_excluded,pending
raw,GRID_D22_GitHub\data\real_munich\data\bohrungen_epsg25832_shp\bohrungen_stammdaten.csv,2200.0,7835BG018536,Ansatzhoeh,missing_or_nonnumeric_collar_elevation,warning,,,,"[400, 700]",,legacy_excluded,pending
raw,GRID_D22_GitHub\data\real_munich\data\bohrungen_epsg25832_shp\bohrungen_stammdaten.csv,2201.0,7835BG018535,Ansatzhoeh,missing_or_nonnumeric_collar_elevation,warning,,,,"[400, 700]",,legacy_excluded,pending
raw,GRID_D22_GitHub\data\real_munich\data\bohrungen_epsg25832_shp\bohrungen_stammdaten.csv,2202.0,7835BG018534,Ansatzhoeh,missing_or_nonnumeric_collar_elevation,warning,,,,"[400, 700]",,legacy_excluded,pending
raw,GRID_D22_GitHub\data\real_munich\data\bohrungen_epsg25832_shp\bohrungen_stammdaten.csv,2203.0,7835BG018068,Ansatzhoeh,missing_or_nonnumeric_collar_elevation,warning,,,,"[400, 700]",,legacy_excluded,pending
raw,GRID_D22_GitHub\data\real_munich\data\bohrungen_epsg25832_shp\bohrungen_stammdaten.csv,2205.0,7835BG018050,Ansatzhoeh,missing_or_nonnumeric_collar_elevation,warning,,,,"[400, 700]",,legacy_excluded,pending
raw,GRID_D22_GitHub\data\real_munich\data\bohrungen_epsg25832_shp\bohrungen_stammdaten.csv,2206.0,7835BG018799,Ansatzhoeh,missing_or_nonnumeric_collar_elevation,warning,,,,"[400, 700]",,legacy_excluded,pending
raw,GRID_D22_GitHub\data\real_munich\data\bohrungen_epsg25832_shp\bohrungen_stammdaten.csv,2208.0,7835BG018442,Ansatzhoeh,missing_or_nonnumeric_collar_elevation,warning,,,,"[400, 700]",,legacy_excluded,pending
raw,GRID_D22_GitHub\data\real_munich\data\bohrungen_epsg25832_shp\bohrungen_stammdaten.csv,2209.0,7835BG018489,Ansatzhoeh,missing_or_nonnumeric_collar_elevation,warning,,,,"[400, 700]",,legacy_excluded,pending
raw,GRID_D22_GitHub\data\real_munich\data\bohrungen_epsg25832_shp\bohrungen_stammdaten.csv,2211.0,7835BG018727,Ansatzhoeh,missing_or_nonnumeric_collar_elevation,warning,,,,"[400, 700]",,legacy_excluded,pending
raw,GRID_D22_GitHub\data\real_munich\data\bohrungen_epsg25832_shp\bohrungen_stammdaten.csv,2212.0,7835BG018527,Ansatzhoeh,missing_or_nonnumeric_collar_elevation,warning,,,,"[400, 700]",,legacy_excluded,pending
raw,GRID_D22_GitHub\data\real_munich\data\bohrungen_epsg25832_shp\bohrungen_stammdaten.csv,2213.0,7835BG018525,Ansatzhoeh,missing_or_nonnumeric_collar_elevation,warning,,,,"[400, 700]",,legacy_excluded,pending
raw,GRID_D22_GitHub\data\real_munich\data\bohrungen_epsg25832_shp\bohrungen_stammdaten.csv,2214.0,7835BG018729,Ansatzhoeh,missing_or_nonnumeric_collar_elevation,warning,,,,"[400, 700]",,legacy_excluded,pending
raw,GRID_D22_GitHub\data\real_munich\data\bohrungen_epsg25832_shp\bohrungen_stammdaten.csv,2215.0,7835BG018405,Ansatzhoeh,missing_or_nonnumeric_collar_elevation,warning,,,,"[400, 700]",,legacy_excluded,pending
raw,GRID_D22_GitHub\data\real_munich\data\bohrungen_epsg25832_shp\bohrungen_stammdaten.csv,2216.0,7835BG018404,Ansatzhoeh,missing_or_nonnumeric_collar_elevation,warning,,,,"[400, 700]",,legacy_excluded,pending
raw,GRID_D22_GitHub\data\real_munich\data\bohrungen_epsg25832_shp\bohrungen_stammdaten.csv,2217.0,7835BG018730,Ansatzhoeh,missing_or_nonnumeric_collar_elevation,warning,,,,"[400, 700]",,legacy_excluded,pending
raw,GRID_D22_GitHub\data\real_munich\data\bohrungen_epsg25832_shp\bohrungen_stammdaten.csv,2218.0,7835BG018573,Ansatzhoeh,missing_or_nonnumeric_collar_elevation,warning,,,,"[400, 700]",,legacy_excluded,pending
raw,GRID_D22_GitHub\data\real_munich\data\bohrungen_epsg25832_shp\bohrungen_stammdaten.csv,2219.0,7835BG018791,Ansatzhoeh,missing_or_nonnumeric_collar_elevation,warning,,,,"[400, 700]",,legacy_excluded,pending
raw,GRID_D22_GitHub\data\real_munich\data\bohrungen_epsg25832_shp\bohrungen_stammdaten.csv,2220.0,7835BG018790,Ansatzhoeh,missing_or_nonnumeric_collar_elevation,warning,,,,"[400, 700]",,legacy_excluded,pending
raw,GRID_D22_GitHub\data\real_munich\data\bohrungen_epsg25832_shp\bohrungen_stammdaten.csv,2221.0,7835BG018914,Ansatzhoeh,missing_or_nonnumeric_collar_elevation,warning,,,,"[400, 700]",,legacy_excluded,pending
raw,GRID_D22_GitHub\data\real_munich\data\bohrungen_epsg25832_shp\bohrungen_stammdaten.csv,2222.0,7835BG018913,Ansatzhoeh,missing_or_nonnumeric_collar_elevation,warning,,,,"[400, 700]",,legacy_excluded,pending
raw,GRID_D22_GitHub\data\real_munich\data\bohrungen_epsg25832_shp\bohrungen_stammdaten.csv,2223.0,7835BG018728,Ansatzhoeh,missing_or_nonnumeric_collar_elevation,warning,,,,"[400, 700]",,legacy_excluded,pending
raw,GRID_D22_GitHub\data\real_munich\data\bohrungen_epsg25832_shp\bohrungen_stammdaten.csv,2225.0,7835BG018734,Ansatzhoeh,missing_or_nonnumeric_collar_elevation,warning,,,,"[400, 700]",,legacy_excluded,pending
raw,GRID_D22_GitHub\data\real_munich\data\bohrungen_epsg25832_shp\bohrungen_stammdaten.csv,2233.0,7835BG018702,Ansatzhoeh,missing_or_nonnumeric_collar_elevation,warning,,,,"[400, 700]",,legacy_excluded,pending
raw,GRID_D22_GitHub\data\real_munich\data\bohrungen_epsg25832_shp\bohrungen_stammdaten.csv,2234.0,7835BG018700,Ansatzhoeh,missing_or_nonnumeric_collar_elevation,warning,,,,"[400, 700]",,legacy_excluded,pending
raw,GRID_D22_GitHub\data\real_munich\data\bohrungen_epsg25832_shp\bohrungen_stammdaten.csv,2235.0,7835BG018701,Ansatzhoeh,missing_or_nonnumeric_collar_elevation,warning,,,,"[400, 700]",,legacy_excluded,pending
raw,GRID_D22_GitHub\data\real_munich\data\bohrungen_epsg25832_shp\bohrungen_stammdaten.csv,2236.0,7835BG018699,Ansatzhoeh,missing_or_nonnumeric_collar_elevation,warning,,,,"[400, 700]",,legacy_excluded,pending
raw,GRID_D22_GitHub\data\real_munich\data\bohrungen_epsg25832_shp\bohrungen_stammdaten.csv,2237.0,7835BG018698,Ansatzhoeh,missing_or_nonnumeric_collar_elevation,warning,,,,"[400, 700]",,legacy_excluded,pending
raw,GRID_D22_GitHub\data\real_munich\data\bohrungen_epsg25832_shp\bohrungen_stammdaten.csv,2238.0,7835BG018697,Ansatzhoeh,missing_or_nonnumeric_collar_elevation,warning,,,,"[400, 700]",,legacy_excluded,pending
raw,GRID_D22_GitHub\data\real_munich\data\bohrungen_epsg25832_shp\bohrungen_stammdaten.csv,2239.0,7835BG018696,Ansatzhoeh,missing_or_nonnumeric_collar_elevation,warning,,,,"[400, 700]",,legacy_excluded,pending
raw,GRID_D22_GitHub\data\real_munich\data\bohrungen_epsg25832_shp\bohrungen_stammdaten.csv,2240.0,7835BG018732,Ansatzhoeh,missing_or_nonnumeric_collar_elevation,warning,,,,"[400, 700]",,legacy_excluded,pending
raw,GRID_D22_GitHub\data\real_munich\data\bohrungen_epsg25832_shp\bohrungen_stammdaten.csv,2243.0,7835BG018842,Ansatzhoeh,missing_or_nonnumeric_collar_elevation,warning,,,,"[400, 700]",,legacy_excluded,pending
raw,GRID_D22_GitHub\data\real_munich\data\bohrungen_epsg25832_shp\bohrungen_stammdaten.csv,2244.0,7835BG019011,Ansatzhoeh,missing_or_nonnumeric_collar_elevation,warning,,,,"[400, 700]",,legacy_excluded,pending
raw,GRID_D22_GitHub\data\real_munich\data\bohrungen_epsg25832_shp\bohrungen_stammdaten.csv,691.0,7835BG010379,Ansatzhoeh,spatial_residual_exceeds_threshold,warning,501.54,517.3429712460064,-15.802971246006393,10,313.0,flag_for_review,pending
raw,GRID_D22_GitHub\data\real_munich\data\bohrungen_epsg25832_shp\bohrungen_stammdaten.csv,913.0,7835BG007177,Ansatzhoeh,spatial_residual_exceeds_threshold,warning,490.9,518.7854166666666,-27.88541666666663,10,192.0,flag_for_review,pending
raw,GRID_D22_GitHub\data\real_munich\data\bohrungen_epsg25832_shp\bohrungen_stammdaten.csv,1004.0,7835BG007088,Ansatzhoeh,spatial_residual_exceeds_threshold,warning,493.3,517.5009734513275,-24.200973451327457,10,339.0,flag_for_review,pending
raw,GRID_D22_GitHub\data\real_munich\data\bohrungen_epsg25832_shp\bohrungen_stammdaten.csv,1005.0,7835BG007092,Ansatzhoeh,spatial_residual_exceeds_threshold,warning,493.9,517.4613897280967,-23.561389728096742,10,331.0,flag_for_review,pending
raw,GRID_D22_GitHub\data\real_munich\data\bohrungen_epsg25832_shp\bohrungen_stammdaten.csv,1006.0,7835BG007096,Ansatzhoeh,spatial_residual_exceeds_threshold,warning,493.2,517.3924778761062,-24.19247787610624,10,339.0,flag_for_review,pending
raw,GRID_D22_GitHub\data\real_munich\data\bohrungen_epsg25832_shp\bohrungen_stammdaten.csv,1007.0,7835BG007099,Ansatzhoeh,spatial_residual_exceeds_threshold,warning,493.2,517.3799109792285,-24.17991097922851,10,337.0,flag_for_review,pending
raw,GRID_D22_GitHub\data\real_munich\data\bohrungen_epsg25832_shp\bohrungen_stammdaten.csv,1008.0,7835BG007103,Ansatzhoeh,spatial_residual_exceeds_threshold,warning,493.3,517.4554782608697,-24.155478260869643,10,345.0,flag_for_review,pending
raw,GRID_D22_GitHub\data\real_munich\data\bohrungen_epsg25832_shp\bohrungen_stammdaten.csv,1257.0,7835BG001516,Ansatzhoeh,spatial_residual_exceeds_threshold,warning,487.4,517.3939616613418,-29.993961661341814,10,313.0,flag_for_review,pending
raw,GRID_D22_GitHub\data\real_munich\data\bohrungen_epsg25832_shp\bohrungen_stammdaten.csv,1421.0,7835BG004323,Ansatzhoeh,spatial_residual_exceeds_threshold,warning,491.4,517.5154166666667,-26.11541666666676,10,264.0,flag_for_review,pending
raw,GRID_D22_GitHub\data\real_munich\data\bohrungen_epsg25832_shp\bohrungen_stammdaten.csv,1482.0,7835BG005241,Ansatzhoeh,spatial_residual_exceeds_threshold,warning,502.8,516.7344054054054,-13.934405405405357,10,370.0,flag_for_review,pending
raw,GRID_D22_GitHub\data\real_munich\data\bohrungen_epsg25832_shp\bohrungen_stammdaten.csv,1486.0,7835BG005246,Ansatzhoeh,spatial_residual_exceeds_threshold,warning,501.6,516.6608659217878,-15.060865921787808,10,358.0,flag_for_review,pending
raw,GRID_D22_GitHub\data\real_munich\data\bohrungen_epsg25832_shp\bohrungen_stammdaten.csv,1666.0,7835BG007175,Ansatzhoeh,spatial_residual_exceeds_threshold,warning,489.4,518.7932291666666,-29.39322916666663,10,192.0,flag_for_review,pending
raw,GRID_D22_GitHub\data\real_munich\data\bohrungen_epsg25832_shp\bohrungen_stammdaten.csv,1871.0,7835BG007085,Ansatzhoeh,spatial_residual_exceeds_threshold,warning,493.1,517.4658841463414,-24.365884146341386,10,328.0,flag_for_review,pending
raw,GRID_D22_GitHub\data\real_munich\data\bohrungen_epsg25832_shp\bohrungen_stammdaten.csv,1872.0,7835BG007086,Ansatzhoeh,spatial_residual_exceeds_threshold,warning,493.1,517.4824464831804,-24.382446483180388,10,327.0,flag_for_review,pending
raw,GRID_D22_GitHub\data\real_munich\data\bohrungen_epsg25832_shp\bohrungen_stammdaten.csv,1873.0,7835BG007087,Ansatzhoeh,spatial_residual_exceeds_threshold,warning,493.3,517.4981981981982,-24.198198198198213,10,333.0,flag_for_review,pending
raw,GRID_D22_GitHub\data\real_munich\data\bohrungen_epsg25832_shp\bohrungen_stammdaten.csv,1874.0,7835BG007089,Ansatzhoeh,spatial_residual_exceeds_threshold,warning,493.3,517.4662241887905,-24.166224188790522,10,339.0,flag_for_review,pending
raw,GRID_D22_GitHub\data\real_munich\data\bohrungen_epsg25832_shp\bohrungen_stammdaten.csv,1875.0,7835BG007090,Ansatzhoeh,spatial_residual_exceeds_threshold,warning,493.3,517.4088988095239,-24.10889880952385,10,336.0,flag_for_review,pending
raw,GRID_D22_GitHub\data\real_munich\data\bohrungen_epsg25832_shp\bohrungen_stammdaten.csv,1876.0,7835BG007091,Ansatzhoeh,spatial_residual_exceeds_threshold,warning,493.2,517.4147462686566,-24.214746268656597,10,335.0,flag_for_review,pending
raw,GRID_D22_GitHub\data\real_munich\data\bohrungen_epsg25832_shp\bohrungen_stammdaten.csv,1877.0,7835BG007093,Ansatzhoeh,spatial_residual_exceeds_threshold,warning,493.2,517.480798816568,-24.28079881656805,10,338.0,flag_for_review,pending
raw,GRID_D22_GitHub\data\real_munich\data\bohrungen_epsg25832_shp\bohrungen_stammdaten.csv,1878.0,7835BG007094,Ansatzhoeh,spatial_residual_exceeds_threshold,warning,493.4,517.4601470588235,-24.06014705882353,10,340.0,flag_for_review,pending
raw,GRID_D22_GitHub\data\real_munich\data\bohrungen_epsg25832_shp\bohrungen_stammdaten.csv,1879.0,7835BG007095,Ansatzhoeh,spatial_residual_exceeds_threshold,warning,493.3,517.443411764706,-24.143411764705945,10,340.0,flag_for_review,pending
raw,GRID_D22_GitHub\data\real_munich\data\bohrungen_epsg25832_shp\bohrungen_stammdaten.csv,1880.0,7835BG007097,Ansatzhoeh,spatial_residual_exceeds_threshold,warning,493.2,517.3726686217009,-24.172668621700893,10,341.0,flag_for_review,pending
raw,GRID_D22_GitHub\data\real_munich\data\bohrungen_epsg25832_shp\bohrungen_stammdaten.csv,1881.0,7835BG007098,Ansatzhoeh,spatial_residual_exceeds_threshold,warning,493.2,517.5080733944955,-24.308073394495466,10,327.0,flag_for_review,pending
raw,GRID_D22_GitHub\data\real_munich\data\bohrungen_epsg25832_shp\bohrungen_stammdaten.csv,1882.0,7835BG007100,Ansatzhoeh,spatial_residual_exceeds_threshold,warning,493.7,517.5053495440729,-23.805349544072953,10,329.0,flag_for_review,pending
raw,GRID_D22_GitHub\data\real_munich\data\bohrungen_epsg25832_shp\bohrungen_stammdaten.csv,1883.0,7835BG007101,Ansatzhoeh,spatial_residual_exceeds_threshold,warning,493.2,517.4417313432835,-24.24173134328356,10,335.0,flag_for_review,pending
raw,GRID_D22_GitHub\data\real_munich\data\bohrungen_epsg25832_shp\bohrungen_stammdaten.csv,1884.0,7835BG007102,Ansatzhoeh,spatial_residual_exceeds_threshold,warning,493.3,517.472772861357,-24.172772861357032,10,339.0,flag_for_review,pending
raw,GRID_D22_GitHub\data\real_munich\data\bohrungen_epsg25832_shp\bohrungen_stammdaten.csv,1885.0,7835BG007104,Ansatzhoeh,spatial_residual_exceeds_threshold,warning,493.9,517.4613897280967,-23.561389728096742,10,331.0,flag_for_review,pending
raw,GRID_D22_GitHub\data\real_munich\data\bohrungen_epsg25832_shp\bohrungen_stammdaten.csv,2097.0,7835BG017614,Ansatzhoeh,spatial_residual_exceeds_threshold,warning,500.4,517.6532295719844,-17.253229571984434,10,257.0,flag_for_review,pending
raw,GRID_D22_GitHub\data\real_munich\data\bohrungen_epsg25832_shp\bohrungen_stammdaten.csv,2098.0,7835BG017613,Ansatzhoeh,spatial_residual_exceeds_threshold,warning,500.4,517.634274509804,-17.23427450980398,10,255.0,flag_for_review,pending
raw,GRID_D22_GitHub\data\real_munich\data\bohrungen_epsg25832_shp\bohrungen_stammdaten.csv,2099.0,7835BG017612,Ansatzhoeh,spatial_residual_exceeds_threshold,warning,500.5,517.4326141078839,-16.932614107883865,10,241.0,flag_for_review,pending
raw,GRID_D22_GitHub\data\real_munich\data\bohrungen_epsg25832_shp\bohrungen_stammdaten.csv,2134.0,7835BG017631,Ansatzhoeh,spatial_residual_exceeds_threshold,warning,491.3,517.5956457564577,-26.295645756457645,10,271.0,flag_for_review,pending
raw,GRID_D22_GitHub\data\real_munich\data\bohrungen_epsg25832_shp\bohrungen_stammdaten.csv,2135.0,7835BG017630,Ansatzhoeh,spatial_residual_exceeds_threshold,warning,491.9,517.5419850187267,-25.6419850187267,10,267.0,flag_for_review,pending
raw,GRID_D22_GitHub\data\real_munich\data\bohrungen_epsg25832_shp\bohrungen_stammdaten.csv,2136.0,7835BG017629,Ansatzhoeh,spatial_residual_exceeds_threshold,warning,501.5,516.7650000000001,-15.2650000000001,10,372.0,flag_for_review,pending
raw,GRID_D22_GitHub\data\real_munich\data\bohrungen_epsg25832_shp\bohrungen_stammdaten.csv,2137.0,7835BG017628,Ansatzhoeh,spatial_residual_exceeds_threshold,warning,498.5,517.8430491803279,-19.343049180327853,10,305.0,flag_for_review,pending
raw,GRID_D22_GitHub\data\real_munich\data\bohrungen_epsg25832_shp\bohrungen_stammdaten.csv,2138.0,7835BG017627,Ansatzhoeh,spatial_residual_exceeds_threshold,warning,499.25,517.7690671641792,-18.519067164179205,10,268.0,flag_for_review,pending
raw,GRID_D22_GitHub\data\real_munich\data\bohrungen_epsg25832_shp\bohrungen_stammdaten.csv,2139.0,7835BG017624,Ansatzhoeh,spatial_residual_exceeds_threshold,warning,500.5,517.4644583333334,-16.96445833333337,10,240.0,flag_for_review,pending
raw,GRID_D22_GitHub\data\real_munich\data\bohrungen_epsg25832_shp\bohrungen_stammdaten.csv,2140.0,7835BG017625,Ansatzhoeh,spatial_residual_exceeds_threshold,warning,498.5,517.810365448505,-19.310365448504967,10,301.0,flag_for_review,pending
raw,GRID_D22_GitHub\data\real_munich\data\bohrungen_epsg25832_shp\bohrungen_stammdaten.csv,2141.0,7835BG017626,Ansatzhoeh,spatial_residual_exceeds_threshold,warning,498.5,517.9014376996805,-19.401437699680514,10,313.0,flag_for_review,pending
raw,GRID_D22_GitHub\data\real_munich\data\bohrungen_epsg25832_shp\bohrungen_stammdaten.csv,2143.0,7835BG017623,Ansatzhoeh,spatial_residual_exceeds_threshold,warning,498.5,517.9679439252337,-19.467943925233726,10,321.0,flag_for_review,pending
raw,GRID_D22_GitHub\data\real_munich\data\bohrungen_epsg25832_shp\bohrungen_stammdaten.csv,2144.0,7835BG017622,Ansatzhoeh,spatial_residual_exceeds_threshold,warning,501.5,517.8602777777778,-16.36027777777781,10,288.0,flag_for_review,pending
raw,GRID_D22_GitHub\data\real_munich\data\bohrungen_epsg25832_shp\bohrungen_stammdaten.csv,2145.0,7835BG017620,Ansatzhoeh,spatial_residual_exceeds_threshold,warning,501.5,517.8769503546099,-16.376950354609903,10,282.0,flag_for_review,pending
raw,GRID_D22_GitHub\data\real_munich\data\bohrungen_epsg25832_shp\bohrungen_stammdaten.csv,2146.0,7835BG017619,Ansatzhoeh,spatial_residual_exceeds_threshold,warning,498.5,517.9140282685513,-19.414028268551306,10,283.0,flag_for_review,pending
raw,GRID_D22_GitHub\data\real_munich\data\bohrungen_epsg25832_shp\bohrungen_stammdaten.csv,2147.0,7835BG017618,Ansatzhoeh,spatial_residual_exceeds_threshold,warning,498.5,517.7690202702703,-19.26902027027029,10,296.0,flag_for_review,pending
raw,GRID_D22_GitHub\data\real_munich\data\bohrungen_epsg25832_shp\bohrungen_stammdaten.csv,2148.0,7835BG017616,Ansatzhoeh,spatial_residual_exceeds_threshold,warning,500.5,517.3375744680852,-16.837574468085222,10,235.0,flag_for_review,pending
raw,GRID_D22_GitHub\data\real_munich\data\bohrungen_epsg25832_shp\bohrungen_stammdaten.csv,2149.0,7835BG017617,Ansatzhoeh,spatial_residual_exceeds_threshold,warning,499.65,517.7057954545455,-18.055795454545546,10,264.0,flag_for_review,pending
raw,GRID_D22_GitHub\data\real_munich\data\bohrungen_epsg25832_shp\bohrungen.shp,0.0,7835BG013051,coordinates,outside_model_inside_legacy_buffer,info,,,,,,retain_for_conditioning,pending
raw,GRID_D22_GitHub\data\real_munich\data\bohrungen_epsg25832_shp\bohrungen.shp,2.0,7835BG013003,coordinates,outside_model_inside_legacy_buffer,info,,,,,,retain_for_conditioning,pending
raw,GRID_D22_GitHub\data\real_munich\data\bohrungen_epsg25832_shp\bohrungen.shp,3.0,7835BG013004,coordinates,outside_model_inside_legacy_buffer,info,,,,,,retain_for_conditioning,pending
raw,GRID_D22_GitHub\data\real_munich\data\bohrungen_epsg25832_shp\bohrungen.shp,4.0,7835BG013005,coordinates,outside_model_inside_legacy_buffer,info,,,,,,retain_for_conditioning,pending
raw,GRID_D22_GitHub\data\real_munich\data\bohrungen_epsg25832_shp\bohrungen.shp,7.0,7835BG013006,coordinates,outside_model_inside_legacy_buffer,info,,,,,,retain_for_conditioning,pending
raw,GRID_D22_GitHub\data\real_munich\data\bohrungen_epsg25832_shp\bohrungen.shp,11.0,7835BG013072,coordinates,outside_model_inside_legacy_buffer,info,,,,,,retain_for_conditioning,pending
raw,GRID_D22_GitHub\data\real_munich\data\bohrungen_epsg25832_shp\bohrungen.shp,12.0,7835BG013073,coordinates,outside_model_inside_legacy_buffer,info,,,,,,retain_for_conditioning,pending
raw,GRID_D22_GitHub\data\real_munich\data\bohrungen_epsg25832_shp\bohrungen.shp,13.0,7835BG012875,coordinates,outside_model_inside_legacy_buffer,info,,,,,,retain_for_conditioning,pending
raw,GRID_D22_GitHub\data\real_munich\data\bohrungen_epsg25832_shp\bohrungen.shp,14.0,7835BG012876,coordinates,outside_model_inside_legacy_buffer,info,,,,,,retain_for_conditioning,pending
raw,GRID_D22_GitHub\data\real_munich\data\bohrungen_epsg25832_shp\bohrungen.shp,15.0,7835BG012877,coordinates,outside_model_inside_legacy_buffer,info,,,,,,retain_for_conditioning,pending
raw,GRID_D22_GitHub\data\real_munich\data\bohrungen_epsg25832_shp\bohrungen.shp,16.0,7835BG013066,coordinates,outside_model_inside_legacy_buffer,info,,,,,,retain_for_conditioning,pending
raw,GRID_D22_GitHub\data\real_munich\data\bohrungen_epsg25832_shp\bohrungen.shp,17.0,7835BG013067,coordinates,outside_model_inside_legacy_buffer,info,,,,,,retain_for_conditioning,pending
raw,GRID_D22_GitHub\data\real_munich\data\bohrungen_epsg25832_shp\bohrungen.shp,18.0,7835BG013016,coordinates,outside_model_inside_legacy_buffer,info,,,,,,retain_for_conditioning,pending
raw,GRID_D22_GitHub\data\real_munich\data\bohrungen_epsg25832_shp\bohrungen.shp,19.0,7835BG012958,coordinates,outside_model_inside_legacy_buffer,info,,,,,,retain_for_conditioning,pending
raw,GRID_D22_GitHub\data\real_munich\data\bohrungen_epsg25832_shp\bohrungen.shp,20.0,7835BG012915,coordinates,outside_model_inside_legacy_buffer,info,,,,,,retain_for_conditioning,pending
raw,GRID_D22_GitHub\data\real_munich\data\bohrungen_epsg25832_shp\bohrungen.shp,21.0,7835BG012916,coordinates,outside_model_inside_legacy_buffer,info,,,,,,retain_for_conditioning,pending
raw,GRID_D22_GitHub\data\real_munich\data\bohrungen_epsg25832_shp\bohrungen.shp,22.0,7835BG012917,coordinates,outside_model_inside_legacy_buffer,info,,,,,,retain_for_conditioning,pending
raw,GRID_D22_GitHub\data\real_munich\data\bohrungen_epsg25832_shp\bohrungen.shp,23.0,7835BG012919,coordinates,outside_model_inside_legacy_buffer,info,,,,,,retain_for_conditioning,pending
raw,GRID_D22_GitHub\data\real_munich\data\bohrungen_epsg25832_shp\bohrungen.shp,24.0,7835BG012920,coordinates,outside_model_inside_legacy_buffer,info,,,,,,retain_for_conditioning,pending
raw,GRID_D22_GitHub\data\real_munich\data\bohrungen_epsg25832_shp\bohrungen.shp,25.0,7835BG012921,coordinates,outside_model_inside_legacy_buffer,info,,,,,,retain_for_conditioning,pending
raw,GRID_D22_GitHub\data\real_munich\data\bohrungen_epsg25832_shp\bohrungen.shp,26.0,7835BG012924,coordinates,outside_model_inside_legacy_buffer,info,,,,,,retain_for_conditioning,pending
raw,GRID_D22_GitHub\data\real_munich\data\bohrungen_epsg25832_shp\bohrungen.shp,27.0,7835BG012881,coordinates,outside_model_inside_legacy_buffer,info,,,,,,retain_for_conditioning,pending
raw,GRID_D22_GitHub\data\real_munich\data\bohrungen_epsg25832_shp\bohrungen.shp,28.0,7835BG012882,coordinates,outside_model_inside_legacy_buffer,info,,,,,,retain_for_conditioning,pending
raw,GRID_D22_GitHub\data\real_munich\data\bohrungen_epsg25832_shp\bohrungen.shp,29.0,7835BG012883,coordinates,outside_model_inside_legacy_buffer,info,,,,,,retain_for_conditioning,pending
raw,GRID_D22_GitHub\data\real_munich\data\bohrungen_epsg25832_shp\bohrungen.shp,30.0,7835BG012886,coordinates,outside_model_inside_legacy_buffer,info,,,,,,retain_for_conditioning,pending
raw,GRID_D22_GitHub\data\real_munich\data\bohrungen_epsg25832_shp\bohrungen.shp,31.0,7835BG012925,coordinates,outside_model_inside_legacy_buffer,info,,,,,,retain_for_conditioning,pending
raw,GRID_D22_GitHub\data\real_munich\data\bohrungen_epsg25832_shp\bohrungen.shp,32.0,7835BG012926,coordinates,outside_model_inside_legacy_buffer,info,,,,,,retain_for_conditioning,pending
raw,GRID_D22_GitHub\data\real_munich\data\bohrungen_epsg25832_shp\bohrungen.shp,33.0,7835BG012927,coordinates,outside_model_inside_legacy_buffer,info,,,,,,retain_for_conditioning,pending
raw,GRID_D22_GitHub\data\real_munich\data\bohrungen_epsg25832_shp\bohrungen.shp,34.0,7835BG012928,coordinates,outside_model_inside_legacy_buffer,info,,,,,,retain_for_conditioning,pending
raw,GRID_D22_GitHub\data\real_munich\data\bohrungen_epsg25832_shp\bohrungen.shp,35.0,7835BG012930,coordinates,outside_model_inside_legacy_buffer,info,,,,,,retain_for_conditioning,pending
raw,GRID_D22_GitHub\data\real_munich\data\bohrungen_epsg25832_shp\bohrungen.shp,36.0,7835BG012888,coordinates,outside_model_inside_legacy_buffer,info,,,,,,retain_for_conditioning,pending
raw,GRID_D22_GitHub\data\real_munich\data\bohrungen_epsg25832_shp\bohrungen.shp,37.0,7835BG012889,coordinates,outside_model_inside_legacy_buffer,info,,,,,,retain_for_conditioning,pending
raw,GRID_D22_GitHub\data\real_munich\data\bohrungen_epsg25832_shp\bohrungen.shp,40.0,7835BG012894,coordinates,outside_model_inside_legacy_buffer,info,,,,,,retain_for_conditioning,pending
raw,GRID_D22_GitHub\data\real_munich\data\bohrungen_epsg25832_shp\bohrungen.shp,41.0,7835BG013076,coordinates,outside_model_inside_legacy_buffer,info,,,,,,retain_for_conditioning,pending
raw,GRID_D22_GitHub\data\real_munich\data\bohrungen_epsg25832_shp\bohrungen.shp,44.0,7835BG012934,coordinates,outside_model_inside_legacy_buffer,info,,,,,,retain_for_conditioning,pending
raw,GRID_D22_GitHub\data\real_munich\data\bohrungen_epsg25832_shp\bohrungen.shp,45.0,7835BG012935,coordinates,outside_model_inside_legacy_buffer,info,,,,,,retain_for_conditioning,pending
raw,GRID_D22_GitHub\data\real_munich\data\bohrungen_epsg25832_shp\bohrungen.shp,46.0,7835BG013120,coordinates,outside_model_inside_legacy_buffer,info,,,,,,retain_for_conditioning,pending
raw,GRID_D22_GitHub\data\real_munich\data\bohrungen_epsg25832_shp\bohrungen.shp,49.0,7835BG013084,coordinates,outside_model_inside_legacy_buffer,info,,,,,,retain_for_conditioning,pending
raw,GRID_D22_GitHub\data\real_munich\data\bohrungen_epsg25832_shp\bohrungen.shp,51.0,7835BG012896,coordinates,outside_model_inside_legacy_buffer,info,,,,,,retain_for_conditioning,pending
raw,GRID_D22_GitHub\data\real_munich\data\bohrungen_epsg25832_shp\bohrungen.shp,52.0,7835BG012897,coordinates,outside_model_inside_legacy_buffer,info,,,,,,retain_for_conditioning,pending
raw,GRID_D22_GitHub\data\real_munich\data\bohrungen_epsg25832_shp\bohrungen.shp,53.0,7835BG012898,coordinates,outside_model_inside_legacy_buffer,info,,,,,,retain_for_conditioning,pending
raw,GRID_D22_GitHub\data\real_munich\data\bohrungen_epsg25832_shp\bohrungen.shp,54.0,7835BG012899,coordinates,outside_model_inside_legacy_buffer,info,,,,,,retain_for_conditioning,pending
raw,GRID_D22_GitHub\data\real_munich\data\bohrungen_epsg25832_shp\bohrungen.shp,55.0,7835BG012900,coordinates,outside_model_inside_legacy_buffer,info,,,,,,retain_for_conditioning,pending
raw,GRID_D22_GitHub\data\real_munich\data\bohrungen_epsg25832_shp\bohrungen.shp,57.0,7835BG012903,coordinates,outside_model_inside_legacy_buffer,info,,,,,,retain_for_conditioning,pending
raw,GRID_D22_GitHub\data\real_munich\data\bohrungen_epsg25832_shp\bohrungen.shp,62.0,7835BG013091,coordinates,outside_model_inside_legacy_buffer,info,,,,,,retain_for_conditioning,pending
raw,GRID_D22_GitHub\data\real_munich\data\bohrungen_epsg25832_shp\bohrungen.shp,63.0,7835BG013093,coordinates,outside_model_inside_legacy_buffer,info,,,,,,retain_for_conditioning,pending
raw,GRID_D22_GitHub\data\real_munich\data\bohrungen_epsg25832_shp\bohrungen.shp,64.0,7835BG012951,coordinates,outside_model_inside_legacy_buffer,info,,,,,,retain_for_conditioning,pending
raw,GRID_D22_GitHub\data\real_munich\data\bohrungen_epsg25832_shp\bohrungen.shp,65.0,7835BG012952,coordinates,outside_model_inside_legacy_buffer,info,,,,,,retain_for_conditioning,pending
raw,GRID_D22_GitHub\data\real_munich\data\bohrungen_epsg25832_shp\bohrungen.shp,66.0,7835BG012953,coordinates,outside_model_inside_legacy_buffer,info,,,,,,retain_for_conditioning,pending
raw,GRID_D22_GitHub\data\real_munich\data\bohrungen_epsg25832_shp\bohrungen.shp,67.0,7835BG013353,coordinates,outside_model_inside_legacy_buffer,info,,,,,,retain_for_conditioning,pending
raw,GRID_D22_GitHub\data\real_munich\data\bohrungen_epsg25832_shp\bohrungen.shp,68.0,7835BG013354,coordinates,outside_model_inside_legacy_buffer,info,,,,,,retain_for_conditioning,pending
raw,GRID_D22_GitHub\data\real_munich\data\bohrungen_epsg25832_shp\bohrungen.shp,71.0,7835BG011386,coordinates,outside_model_inside_legacy_buffer,info,,,,,,retain_for_conditioning,pending
raw,GRID_D22_GitHub\data\real_munich\data\bohrungen_epsg25832_shp\bohrungen.shp,72.0,7835BG011393,coordinates,outside_model_inside_legacy_buffer,info,,,,,,retain_for_conditioning,pending
raw,GRID_D22_GitHub\data\real_munich\data\bohrungen_epsg25832_shp\bohrungen.shp,73.0,7835BG011395,coordinates,outside_model_inside_legacy_buffer,info,,,,,,retain_for_conditioning,pending
raw,GRID_D22_GitHub\data\real_munich\data\bohrungen_epsg25832_shp\bohrungen.shp,74.0,7835BG011396,coordinates,outside_model_inside_legacy_buffer,info,,,,,,retain_for_conditioning,pending
raw,GRID_D22_GitHub\data\real_munich\data\bohrungen_epsg25832_shp\bohrungen.shp,75.0,7835BG011955,coordinates,outside_model_inside_legacy_buffer,info,,,,,,retain_for_conditioning,pending
raw,GRID_D22_GitHub\data\real_munich\data\bohrungen_epsg25832_shp\bohrungen.shp,76.0,7835BG011956,coordinates,outside_model_inside_legacy_buffer,info,,,,,,retain_for_conditioning,pending
raw,GRID_D22_GitHub\data\real_munich\data\bohrungen_epsg25832_shp\bohrungen.shp,77.0,7835BG011958,coordinates,outside_model_inside_legacy_buffer,info,,,,,,retain_for_conditioning,pending
raw,GRID_D22_GitHub\data\real_munich\data\bohrungen_epsg25832_shp\bohrungen.shp,78.0,7835BG011959,coordinates,outside_model_inside_legacy_buffer,info,,,,,,retain_for_conditioning,pending
raw,GRID_D22_GitHub\data\real_munich\data\bohrungen_epsg25832_shp\bohrungen.shp,79.0,7835BG011967,coordinates,outside_model_inside_legacy_buffer,info,,,,,,retain_for_conditioning,pending
raw,GRID_D22_GitHub\data\real_munich\data\bohrungen_epsg25832_shp\bohrungen.shp,80.0,7835BG011968,coordinates,outside_model_inside_legacy_buffer,info,,,,,,retain_for_conditioning,pending
raw,GRID_D22_GitHub\data\real_munich\data\bohrungen_epsg25832_shp\bohrungen.shp,81.0,7835BG011969,coordinates,outside_model_inside_legacy_buffer,info,,,,,,retain_for_conditioning,pending
raw,GRID_D22_GitHub\data\real_munich\data\bohrungen_epsg25832_shp\bohrungen.shp,82.0,7835BG011970,coordinates,outside_model_inside_legacy_buffer,info,,,,,,retain_for_conditioning,pending
raw,GRID_D22_GitHub\data\real_munich\data\bohrungen_epsg25832_shp\bohrungen.shp,83.0,7835BG011972,coordinates,outside_model_inside_legacy_buffer,info,,,,,,retain_for_conditioning,pending
raw,GRID_D22_GitHub\data\real_munich\data\bohrungen_epsg25832_shp\bohrungen.shp,84.0,7835BG011974,coordinates,outside_model_inside_legacy_buffer,info,,,,,,retain_for_conditioning,pending
raw,GRID_D22_GitHub\data\real_munich\data\bohrungen_epsg25832_shp\bohrungen.shp,85.0,7835BG011379,coordinates,outside_model_inside_legacy_buffer,info,,,,,,retain_for_conditioning,pending
raw,GRID_D22_GitHub\data\real_munich\data\bohrungen_epsg25832_shp\bohrungen.shp,88.0,7835BG011975,coordinates,outside_model_inside_legacy_buffer,info,,,,,,retain_for_conditioning,pending
raw,GRID_D22_GitHub\data\real_munich\data\bohrungen_epsg25832_shp\bohrungen.shp,89.0,7835BG011976,coordinates,outside_model_inside_legacy_buffer,info,,,,,,retain_for_conditioning,pending
raw,GRID_D22_GitHub\data\real_munich\data\bohrungen_epsg25832_shp\bohrungen.shp,90.0,7835BG011979,coordinates,outside_model_inside_legacy_buffer,info,,,,,,retain_for_conditioning,pending
raw,GRID_D22_GitHub\data\real_munich\data\bohrungen_epsg25832_shp\bohrungen.shp,91.0,7835BG011904,coordinates,outside_model_inside_legacy_buffer,info,,,,,,retain_for_conditioning,pending
raw,GRID_D22_GitHub\data\real_munich\data\bohrungen_epsg25832_shp\bohrungen.shp,92.0,7835BG011905,coordinates,outside_model_inside_legacy_buffer,info,,,,,,retain_for_conditioning,pending
raw,GRID_D22_GitHub\data\real_munich\data\bohrungen_epsg25832_shp\bohrungen.shp,93.0,7835BG012370,coordinates,outside_model_inside_legacy_buffer,info,,,,,,retain_for_conditioning,pending
raw,GRID_D22_GitHub\data\real_munich\data\bohrungen_epsg25832_shp\bohrungen.shp,94.0,7835BG012373,coordinates,outside_model_inside_legacy_buffer,info,,,,,,retain_for_conditioning,pending
raw,GRID_D22_GitHub\data\real_munich\data\bohrungen_epsg25832_shp\bohrungen.shp,95.0,7835BG012003,coordinates,outside_model_inside_legacy_buffer,info,,,,,,retain_for_conditioning,pending
raw,GRID_D22_GitHub\data\real_munich\data\bohrungen_epsg25832_shp\bohrungen.shp,101.0,7835BG012029,coordinates,outside_model_inside_legacy_buffer,info,,,,,,retain_for_conditioning,pending
raw,GRID_D22_GitHub\data\real_munich\data\bohrungen_epsg25832_shp\bohrungen.shp,104.0,7835BG012343,coordinates,outside_model_inside_legacy_buffer,info,,,,,,retain_for_conditioning,pending
raw,GRID_D22_GitHub\data\real_munich\data\bohrungen_epsg25832_shp\bohrungen.shp,105.0,7835BG012345,coordinates,outside_model_inside_legacy_buffer,info,,,,,,retain_for_conditioning,pending
raw,GRID_D22_GitHub\data\real_munich\data\bohrungen_epsg25832_shp\bohrungen.shp,106.0,7835BG012348,coordinates,outside_model_inside_legacy_buffer,info,,,,,,retain_for_conditioning,pending
raw,GRID_D22_GitHub\data\real_munich\data\bohrungen_epsg25832_shp\bohrungen.shp,107.0,7835BG012349,coordinates,outside_model_inside_legacy_buffer,info,,,,,,retain_for_conditioning,pending
raw,GRID_D22_GitHub\data\real_munich\data\bohrungen_epsg25832_shp\bohrungen.shp,108.0,7835BG012007,coordinates,outside_model_inside_legacy_buffer,info,,,,,,retain_for_conditioning,pending
raw,GRID_D22_GitHub\data\real_munich\data\bohrungen_epsg25832_shp\bohrungen.shp,109.0,7835BG012008,coordinates,outside_model_inside_legacy_buffer,info,,,,,,retain_for_conditioning,pending
raw,GRID_D22_GitHub\data\real_munich\data\bohrungen_epsg25832_shp\bohrungen.shp,110.0,7835BG012009,coordinates,outside_model_inside_legacy_buffer,info,,,,,,retain_for_conditioning,pending
raw,GRID_D22_GitHub\data\real_munich\data\bohrungen_epsg25832_shp\bohrungen.shp,111.0,7835BG012030,coordinates,outside_model_inside_legacy_buffer,info,,,,,,retain_for_conditioning,pending
raw,GRID_D22_GitHub\data\real_munich\data\bohrungen_epsg25832_shp\bohrungen.shp,112.0,7835BG012031,coordinates,outside_model_inside_legacy_buffer,info,,,,,,retain_for_conditioning,pending
raw,GRID_D22_GitHub\data\real_munich\data\bohrungen_epsg25832_shp\bohrungen.shp,113.0,7835BG012033,coordinates,outside_model_inside_legacy_buffer,info,,,,,,retain_for_conditioning,pending
raw,GRID_D22_GitHub\data\real_munich\data\bohrungen_epsg25832_shp\bohrungen.shp,114.0,7835BG012034,coordinates,outside_model_inside_legacy_buffer,info,,,,,,retain_for_conditioning,pending
raw,GRID_D22_GitHub\data\real_munich\data\bohrungen_epsg25832_shp\bohrungen.shp,115.0,7835BG012376,coordinates,outside_model_inside_legacy_buffer,info,,,,,,retain_for_conditioning,pending
raw,GRID_D22_GitHub\data\real_munich\data\bohrungen_epsg25832_shp\bohrungen.shp,118.0,7835BG012194,coordinates,outside_model_inside_legacy_buffer,info,,,,,,retain_for_conditioning,pending
raw,GRID_D22_GitHub\data\real_munich\data\bohrungen_epsg25832_shp\bohrungen.shp,119.0,7835BG012197,coordinates,outside_model_inside_legacy_buffer,info,,,,,,retain_for_conditioning,pending
raw,GRID_D22_GitHub\data\real_munich\data\bohrungen_epsg25832_shp\bohrungen.shp,120.0,7835BG012198,coordinates,outside_model_inside_legacy_buffer,info,,,,,,retain_for_conditioning,pending
raw,GRID_D22_GitHub\data\real_munich\data\bohrungen_epsg25832_shp\bohrungen.shp,121.0,7835BG012011,coordinates,outside_model_inside_legacy_buffer,info,,,,,,retain_for_conditioning,pending
raw,GRID_D22_GitHub\data\real_munich\data\bohrungen_epsg25832_shp\bohrungen.shp,125.0,7835BG012035,coordinates,outside_model_inside_legacy_buffer,info,,,,,,retain_for_conditioning,pending
raw,GRID_D22_GitHub\data\real_munich\data\bohrungen_epsg25832_shp\bohrungen.shp,126.0,7835BG012351,coordinates,outside_model_inside_legacy_buffer,info,,,,,,retain_for_conditioning,pending
raw,GRID_D22_GitHub\data\real_munich\data\bohrungen_epsg25832_shp\bohrungen.shp,127.0,7835BG012352,coordinates,outside_model_inside_legacy_buffer,info,,,,,,retain_for_conditioning,pending
raw,GRID_D22_GitHub\data\real_munich\data\bohrungen_epsg25832_shp\bohrungen.shp,128.0,7835BG012353,coordinates,outside_model_inside_legacy_buffer,info,,,,,,retain_for_conditioning,pending
raw,GRID_D22_GitHub\data\real_munich\data\bohrungen_epsg25832_shp\bohrungen.shp,129.0,7835BG012354,coordinates,outside_model_inside_legacy_buffer,info,,,,,,retain_for_conditioning,pending
raw,GRID_D22_GitHub\data\real_munich\data\bohrungen_epsg25832_shp\bohrungen.shp,130.0,7835BG012013,coordinates,outside_model_inside_legacy_buffer,info,,,,,,retain_for_conditioning,pending
raw,GRID_D22_GitHub\data\real_munich\data\bohrungen_epsg25832_shp\bohrungen.shp,132.0,7835BG012036,coordinates,outside_model_inside_legacy_buffer,info,,,,,,retain_for_conditioning,pending
raw,GRID_D22_GitHub\data\real_munich\data\bohrungen_epsg25832_shp\bohrungen.shp,135.0,7835BG012202,coordinates,outside_model_inside_legacy_buffer,info,,,,,,retain_for_conditioning,pending
raw,GRID_D22_GitHub\data\real_munich\data\bohrungen_epsg25832_shp\bohrungen.shp,136.0,7835BG012204,coordinates,outside_model_inside_legacy_buffer,info,,,,,,retain_for_conditioning,pending
raw,GRID_D22_GitHub\data\real_munich\data\bohrungen_epsg25832_shp\bohrungen.shp,137.0,7835BG012207,coordinates,outside_model_inside_legacy_buffer,info,,,,,,retain_for_conditioning,pending
raw,GRID_D22_GitHub\data\real_munich\data\bohrungen_epsg25832_shp\bohrungen.shp,141.0,7835BG011992,coordinates,outside_model_inside_legacy_buffer,info,,,,,,retain_for_conditioning,pending
raw,GRID_D22_GitHub\data\real_munich\data\bohrungen_epsg25832_shp\bohrungen.shp,142.0,7835BG011993,coordinates,outside_model_inside_legacy_buffer,info,,,,,,retain_for_conditioning,pending
raw,GRID_D22_GitHub\data\real_munich\data\bohrungen_epsg25832_shp\bohrungen.shp,146.0,7835BG011945,coordinates,outside_model_inside_legacy_buffer,info,,,,,,retain_for_conditioning,pending
raw,GRID_D22_GitHub\data\real_munich\data\bohrungen_epsg25832_shp\bohrungen.shp,147.0,7835BG011947,coordinates,outside_model_inside_legacy_buffer,info,,,,,,retain_for_conditioning,pending
raw,GRID_D22_GitHub\data\real_munich\data\bohrungen_epsg25832_shp\bohrungen.shp,149.0,7835BG012360,coordinates,outside_model_inside_legacy_buffer,info,,,,,,retain_for_conditioning,pending
raw,GRID_D22_GitHub\data\real_munich\data\bohrungen_epsg25832_shp\bohrungen.shp,150.0,7835BG011996,coordinates,outside_model_inside_legacy_buffer,info,,,,,,retain_for_conditioning,pending
raw,GRID_D22_GitHub\data\real_munich\data\bohrungen_epsg25832_shp\bohrungen.shp,152.0,7835BG012019,coordinates,outside_model_inside_legacy_buffer,info,,,,,,retain_for_conditioning,pending
raw,GRID_D22_GitHub\data\real_munich\data\bohrungen_epsg25832_shp\bohrungen.shp,153.0,7835BG012042,coordinates,outside_model_inside_legacy_buffer,info,,,,,,retain_for_conditioning,pending
raw,GRID_D22_GitHub\data\real_munich\data\bohrungen_epsg25832_shp\bohrungen.shp,154.0,7835BG012044,coordinates,outside_model_inside_legacy_buffer,info,,,,,,retain_for_conditioning,pending
raw,GRID_D22_GitHub\data\real_munich\data\bohrungen_epsg25832_shp\bohrungen.shp,155.0,7835BG012045,coordinates,outside_model_inside_legacy_buffer,info,,,,,,retain_for_conditioning,pending
raw,GRID_D22_GitHub\data\real_munich\data\bohrungen_epsg25832_shp\bohrungen.shp,156.0,7835BG012463,coordinates,outside_model_inside_legacy_buffer,info,,,,,,retain_for_conditioning,pending
raw,GRID_D22_GitHub\data\real_munich\data\bohrungen_epsg25832_shp\bohrungen.shp,159.0,7835BG011898,coordinates,outside_model_inside_legacy_buffer,info,,,,,,retain_for_conditioning,pending
raw,GRID_D22_GitHub\data\real_munich\data\bohrungen_epsg25832_shp\bohrungen.shp,160.0,7835BG012362,coordinates,outside_model_inside_legacy_buffer,info,,,,,,retain_for_conditioning,pending
raw,GRID_D22_GitHub\data\real_munich\data\bohrungen_epsg25832_shp\bohrungen.shp,162.0,7835BG011997,coordinates,outside_model_inside_legacy_buffer,info,,,,,,retain_for_conditioning,pending
raw,GRID_D22_GitHub\data\real_munich\data\bohrungen_epsg25832_shp\bohrungen.shp,163.0,7835BG011998,coordinates,outside_model_inside_legacy_buffer,info,,,,,,retain_for_conditioning,pending
raw,GRID_D22_GitHub\data\real_munich\data\bohrungen_epsg25832_shp\bohrungen.shp,165.0,7835BG011950,coordinates,outside_model_inside_legacy_buffer,info,,,,,,retain_for_conditioning,pending
raw,GRID_D22_GitHub\data\real_munich\data\bohrungen_epsg25832_shp\bohrungen.shp,166.0,7835BG011952,coordinates,outside_model_inside_legacy_buffer,info,,,,,,retain_for_conditioning,pending
raw,GRID_D22_GitHub\data\real_munich\data\bohrungen_epsg25832_shp\bohrungen.shp,167.0,7835BG011953,coordinates,outside_model_inside_legacy_buffer,info,,,,,,retain_for_conditioning,pending
raw,GRID_D22_GitHub\data\real_munich\data\bohrungen_epsg25832_shp\bohrungen.shp,168.0,7835BG011954,coordinates,outside_model_inside_legacy_buffer,info,,,,,,retain_for_conditioning,pending
raw,GRID_D22_GitHub\data\real_munich\data\bohrungen_epsg25832_shp\bohrungen.shp,169.0,7835BG012364,coordinates,outside_model_inside_legacy_buffer,info,,,,,,retain_for_conditioning,pending
raw,GRID_D22_GitHub\data\real_munich\data\bohrungen_epsg25832_shp\bohrungen.shp,170.0,7835BG012365,coordinates,outside_model_inside_legacy_buffer,info,,,,,,retain_for_conditioning,pending
raw,GRID_D22_GitHub\data\real_munich\data\bohrungen_epsg25832_shp\bohrungen.shp,171.0,7835BG012464,coordinates,outside_model_inside_legacy_buffer,info,,,,,,retain_for_conditioning,pending
raw,GRID_D22_GitHub\data\real_munich\data\bohrungen_epsg25832_shp\bohrungen.shp,172.0,7835BG012465,coordinates,outside_model_inside_legacy_buffer,info,,,,,,retain_for_conditioning,pending
raw,GRID_D22_GitHub\data\real_munich\data\bohrungen_epsg25832_shp\bohrungen.shp,173.0,7835BG012000,coordinates,outside_model_inside_legacy_buffer,info,,,,,,retain_for_conditioning,pending
raw,GRID_D22_GitHub\data\real_munich\data\bohrungen_epsg25832_shp\bohrungen.shp,174.0,7835BG012001,coordinates,outside_model_inside_legacy_buffer,info,,,,,,retain_for_conditioning,pending
raw,GRID_D22_GitHub\data\real_munich\data\bohrungen_epsg25832_shp\bohrungen.shp,175.0,7835BG012002,coordinates,outside_model_inside_legacy_buffer,info,,,,,,retain_for_conditioning,pending
raw,GRID_D22_GitHub\data\real_munich\data\bohrungen_epsg25832_shp\bohrungen.shp,176.0,7835BG012025,coordinates,outside_model_inside_legacy_buffer,info,,,,,,retain_for_conditioning,pending
raw,GRID_D22_GitHub\data\real_munich\data\bohrungen_epsg25832_shp\bohrungen.shp,177.0,7835BG012028,coordinates,outside_model_inside_legacy_buffer,info,,,,,,retain_for_conditioning,pending
raw,GRID_D22_GitHub\data\real_munich\data\bohrungen_epsg25832_shp\bohrungen.shp,178.0,7835BG012397,coordinates,outside_model_inside_legacy_buffer,info,,,,,,retain_for_conditioning,pending
raw,GRID_D22_GitHub\data\real_munich\data\bohrungen_epsg25832_shp\bohrungen.shp,179.0,7835BG012398,coordinates,outside_model_inside_legacy_buffer,info,,,,,,retain_for_conditioning,pending
raw,GRID_D22_GitHub\data\real_munich\data\bohrungen_epsg25832_shp\bohrungen.shp,181.0,7835BG010384,coordinates,outside_model_inside_legacy_buffer,info,,,,,,retain_for_conditioning,pending
raw,GRID_D22_GitHub\data\real_munich\data\bohrungen_epsg25832_shp\bohrungen.shp,182.0,7835BG010387,coordinates,outside_model_inside_legacy_buffer,info,,,,,,retain_for_conditioning,pending
raw,GRID_D22_GitHub\data\real_munich\data\bohrungen_epsg25832_shp\bohrungen.shp,183.0,7835BG012301,coordinates,outside_model_inside_legacy_buffer,info,,,,,,retain_for_conditioning,pending
raw,GRID_D22_GitHub\data\real_munich\data\bohrungen_epsg25832_shp\bohrungen.shp,188.0,7835BG012407,coordinates,outside_model_inside_legacy_buffer,info,,,,,,retain_for_conditioning,pending
raw,GRID_D22_GitHub\data\real_munich\data\bohrungen_epsg25832_shp\bohrungen.shp,189.0,7835BG012408,coordinates,outside_model_inside_legacy_buffer,info,,,,,,retain_for_conditioning,pending
raw,GRID_D22_GitHub\data\real_munich\data\bohrungen_epsg25832_shp\bohrungen.shp,190.0,7835BG012409,coordinates,outside_model_inside_legacy_buffer,info,,,,,,retain_for_conditioning,pending
raw,GRID_D22_GitHub\data\real_munich\data\bohrungen_epsg25832_shp\bohrungen.shp,191.0,7835BG012410,coordinates,outside_model_inside_legacy_buffer,info,,,,,,retain_for_conditioning,pending
raw,GRID_D22_GitHub\data\real_munich\data\bohrungen_epsg25832_shp\bohrungen.shp,192.0,7835BG012848,coordinates,outside_model_inside_legacy_buffer,info,,,,,,retain_for_conditioning,pending
raw,GRID_D22_GitHub\data\real_munich\data\bohrungen_epsg25832_shp\bohrungen.shp,193.0,7835BG012849,coordinates,outside_model_inside_legacy_buffer,info,,,,,,retain_for_conditioning,pending
raw,GRID_D22_GitHub\data\real_munich\data\bohrungen_epsg25832_shp\bohrungen.shp,195.0,7835BG012852,coordinates,outside_model_inside_legacy_buffer,info,,,,,,retain_for_conditioning,pending
raw,GRID_D22_GitHub\data\real_munich\data\bohrungen_epsg25832_shp\bohrungen.shp,196.0,7835BG012853,coordinates,outside_model_inside_legacy_buffer,info,,,,,,retain_for_conditioning,pending
raw,GRID_D22_GitHub\data\real_munich\data\bohrungen_epsg25832_shp\bohrungen.shp,197.0,7835BG012854,coordinates,outside_model_inside_legacy_buffer,info,,,,,,retain_for_conditioning,pending
raw,GRID_D22_GitHub\data\real_munich\data\bohrungen_epsg25832_shp\bohrungen.shp,198.0,7835BG012855,coordinates,outside_model_inside_legacy_buffer,info,,,,,,retain_for_conditioning,pending
raw,GRID_D22_GitHub\data\real_munich\data\bohrungen_epsg25832_shp\bohrungen.shp,199.0,7835BG012131,coordinates,outside_model_inside_legacy_buffer,info,,,,,,retain_for_conditioning,pending
raw,GRID_D22_GitHub\data\real_munich\data\bohrungen_epsg25832_shp\bohrungen.shp,200.0,7835BG012132,coordinates,outside_model_inside_legacy_buffer,info,,,,,,retain_for_conditioning,pending
raw,GRID_D22_GitHub\data\real_munich\data\bohrungen_epsg25832_shp\bohrungen.shp,201.0,7835BG012133,coordinates,outside_model_inside_legacy_buffer,info,,,,,,retain_for_conditioning,pending
raw,GRID_D22_GitHub\data\real_munich\data\bohrungen_epsg25832_shp\bohrungen.shp,202.0,7835BG012134,coordinates,outside_model_inside_legacy_buffer,info,,,,,,retain_for_conditioning,pending
raw,GRID_D22_GitHub\data\real_munich\data\bohrungen_epsg25832_shp\bohrungen.shp,203.0,7835BG012136,coordinates,outside_model_inside_legacy_buffer,info,,,,,,retain_for_conditioning,pending
raw,GRID_D22_GitHub\data\real_munich\data\bohrungen_epsg25832_shp\bohrungen.shp,205.0,7835BG012313,coordinates,outside_model_inside_legacy_buffer,info,,,,,,retain_for_conditioning,pending
raw,GRID_D22_GitHub\data\real_munich\data\bohrungen_epsg25832_shp\bohrungen.shp,209.0,7835BG012387,coordinates,outside_model_inside_legacy_buffer,info,,,,,,retain_for_conditioning,pending
raw,GRID_D22_GitHub\data\real_munich\data\bohrungen_epsg25832_shp\bohrungen.shp,211.0,7835BG012411,coordinates,outside_model_inside_legacy_buffer,info,,,,,,retain_for_conditioning,pending
raw,GRID_D22_GitHub\data\real_munich\data\bohrungen_epsg25832_shp\bohrungen.shp,216.0,7835BG012489,coordinates,outside_model_inside_legacy_buffer,info,,,,,,retain_for_conditioning,pending
raw,GRID_D22_GitHub\data\real_munich\data\bohrungen_epsg25832_shp\bohrungen.shp,217.0,7835BG012490,coordinates,outside_model_inside_legacy_buffer,info,,,,,,retain_for_conditioning,pending
raw,GRID_D22_GitHub\data\real_munich\data\bohrungen_epsg25832_shp\bohrungen.shp,218.0,7835BG012491,coordinates,outside_model_inside_legacy_buffer,info,,,,,,retain_for_conditioning,pending
raw,GRID_D22_GitHub\data\real_munich\data\bohrungen_epsg25832_shp\bohrungen.shp,219.0,7835BG012541,coordinates,outside_model_inside_legacy_buffer,info,,,,,,retain_for_conditioning,pending
raw,GRID_D22_GitHub\data\real_munich\data\bohrungen_epsg25832_shp\bohrungen.shp,220.0,7835BG012542,coordinates,outside_model_inside_legacy_buffer,info,,,,,,retain_for_conditioning,pending
raw,GRID_D22_GitHub\data\real_munich\data\bohrungen_epsg25832_shp\bohrungen.shp,221.0,7835BG012543,coordinates,outside_model_inside_legacy_buffer,info,,,,,,retain_for_conditioning,pending
raw,GRID_D22_GitHub\data\real_munich\data\bohrungen_epsg25832_shp\bohrungen.shp,222.0,7835BG012544,coordinates,outside_model_inside_legacy_buffer,info,,,,,,retain_for_conditioning,pending
raw,GRID_D22_GitHub\data\real_munich\data\bohrungen_epsg25832_shp\bohrungen.shp,223.0,7835BG010373,coordinates,outside_model_inside_legacy_buffer,info,,,,,,retain_for_conditioning,pending
raw,GRID_D22_GitHub\data\real_munich\data\bohrungen_epsg25832_shp\bohrungen.shp,224.0,7835BG012147,coordinates,outside_model_inside_legacy_buffer,info,,,,,,retain_for_conditioning,pending
raw,GRID_D22_GitHub\data\real_munich\data\bohrungen_epsg25832_shp\bohrungen.shp,225.0,7835BG012324,coordinates,outside_model_inside_legacy_buffer,info,,,,,,retain_for_conditioning,pending
raw,GRID_D22_GitHub\data\real_munich\data\bohrungen_epsg25832_shp\bohrungen.shp,226.0,7835BG012389,coordinates,outside_model_inside_legacy_buffer,info,,,,,,retain_for_conditioning,pending
raw,GRID_D22_GitHub\data\real_munich\data\bohrungen_epsg25832_shp\bohrungen.shp,227.0,7835BG012329,coordinates,outside_model_inside_legacy_buffer,info,,,,,,retain_for_conditioning,pending
raw,GRID_D22_GitHub\data\real_munich\data\bohrungen_epsg25832_shp\bohrungen.shp,228.0,7835BG012330,coordinates,outside_model_inside_legacy_buffer,info,,,,,,retain_for_conditioning,pending
raw,GRID_D22_GitHub\data\real_munich\data\bohrungen_epsg25832_shp\bohrungen.shp,229.0,7835BG012336,coordinates,outside_model_inside_legacy_buffer,info,,,,,,retain_for_conditioning,pending
raw,GRID_D22_GitHub\data\real_munich\data\bohrungen_epsg25832_shp\bohrungen.shp,235.0,7835BG012394,coordinates,outside_model_inside_legacy_buffer,info,,,,,,retain_for_conditioning,pending
raw,GRID_D22_GitHub\data\real_munich\data\bohrungen_epsg25832_shp\bohrungen.shp,238.0,7835BG010383,coordinates,outside_model_inside_legacy_buffer,info,,,,,,retain_for_conditioning,pending
raw,GRID_D22_GitHub\data\real_munich\data\bohrungen_epsg25832_shp\bohrungen.shp,239.0,7835BG012148,coordinates,outside_model_inside_legacy_buffer,info,,,,,,retain_for_conditioning,pending
raw,GRID_D22_GitHub\data\real_munich\data\bohrungen_epsg25832_shp\bohrungen.shp,241.0,7835BG010601,coordinates,outside_model_inside_legacy_buffer,info,,,,,,retain_for_conditioning,pending
raw,GRID_D22_GitHub\data\real_munich\data\bohrungen_epsg25832_shp\bohrungen.shp,242.0,7835BG010603,coordinates,outside_model_inside_legacy_buffer,info,,,,,,retain_for_conditioning,pending
raw,GRID_D22_GitHub\data\real_munich\data\bohrungen_epsg25832_shp\bohrungen.shp,253.0,7835BG010394,coordinates,outside_model_inside_legacy_buffer,info,,,,,,retain_for_conditioning,pending
raw,GRID_D22_GitHub\data\real_munich\data\bohrungen_epsg25832_shp\bohrungen.shp,254.0,7835BG010395,coordinates,outside_model_inside_legacy_buffer,info,,,,,,retain_for_conditioning,pending
raw,GRID_D22_GitHub\data\real_munich\data\bohrungen_epsg25832_shp\bohrungen.shp,255.0,7835BG010396,coordinates,outside_model_inside_legacy_buffer,info,,,,,,retain_for_conditioning,pending
raw,GRID_D22_GitHub\data\real_munich\data\bohrungen_epsg25832_shp\bohrungen.shp,256.0,7835BG010401,coordinates,outside_model_inside_legacy_buffer,info,,,,,,retain_for_conditioning,pending
raw,GRID_D22_GitHub\data\real_munich\data\bohrungen_epsg25832_shp\bohrungen.shp,261.0,7835BG010643,coordinates,outside_model_inside_legacy_buffer,info,,,,,,retain_for_conditioning,pending
raw,GRID_D22_GitHub\data\real_munich\data\bohrungen_epsg25832_shp\bohrungen.shp,263.0,7835BG011117,coordinates,outside_model_inside_legacy_buffer,info,,,,,,retain_for_conditioning,pending
raw,GRID_D22_GitHub\data\real_munich\data\bohrungen_epsg25832_shp\bohrungen.shp,264.0,7835BG011118,coordinates,outside_model_inside_legacy_buffer,info,,,,,,retain_for_conditioning,pending
raw,GRID_D22_GitHub\data\real_munich\data\bohrungen_epsg25832_shp\bohrungen.shp,266.0,7835BG011121,coordinates,outside_model_inside_legacy_buffer,info,,,,,,retain_for_conditioning,pending
raw,GRID_D22_GitHub\data\real_munich\data\bohrungen_epsg25832_shp\bohrungen.shp,267.0,7835BG010648,coordinates,outside_model_inside_legacy_buffer,info,,,,,,retain_for_conditioning,pending
raw,GRID_D22_GitHub\data\real_munich\data\bohrungen_epsg25832_shp\bohrungen.shp,268.0,7835BG010649,coordinates,outside_model_inside_legacy_buffer,info,,,,,,retain_for_conditioning,pending
raw,GRID_D22_GitHub\data\real_munich\data\bohrungen_epsg25832_shp\bohrungen.shp,269.0,7835BG010650,coordinates,outside_model_inside_legacy_buffer,info,,,,,,retain_for_conditioning,pending
raw,GRID_D22_GitHub\data\real_munich\data\bohrungen_epsg25832_shp\bohrungen.shp,271.0,7835BG011123,coordinates,outside_model_inside_legacy_buffer,info,,,,,,retain_for_conditioning,pending
raw,GRID_D22_GitHub\data\real_munich\data\bohrungen_epsg25832_shp\bohrungen.shp,276.0,7835BG011125,coordinates,outside_model_inside_legacy_buffer,info,,,,,,retain_for_conditioning,pending
raw,GRID_D22_GitHub\data\real_munich\data\bohrungen_epsg25832_shp\bohrungen.shp,277.0,7835BG011127,coordinates,outside_model_inside_legacy_buffer,info,,,,,,retain_for_conditioning,pending
raw,GRID_D22_GitHub\data\real_munich\data\bohrungen_epsg25832_shp\bohrungen.shp,278.0,7835BG011128,coordinates,outside_model_inside_legacy_buffer,info,,,,,,retain_for_conditioning,pending
raw,GRID_D22_GitHub\data\real_munich\data\bohrungen_epsg25832_shp\bohrungen.shp,280.0,7835BG010658,coordinates,outside_model_inside_legacy_buffer,info,,,,,,retain_for_conditioning,pending
raw,GRID_D22_GitHub\data\real_munich\data\bohrungen_epsg25832_shp\bohrungen.shp,282.0,7835BG010660,coordinates,outside_model_inside_legacy_buffer,info,,,,,,retain_for_conditioning,pending
raw,GRID_D22_GitHub\data\real_munich\data\bohrungen_epsg25832_shp\bohrungen.shp,283.0,7835BG010661,coordinates,outside_model_inside_legacy_buffer,info,,,,,,retain_for_conditioning,pending
raw,GRID_D22_GitHub\data\real_munich\data\bohrungen_epsg25832_shp\bohrungen.shp,288.0,7835BG010662,coordinates,outside_model_inside_legacy_buffer,info,,,,,,retain_for_conditioning,pending
raw,GRID_D22_GitHub\data\real_munich\data\bohrungen_epsg25832_shp\bohrungen.shp,289.0,7835BG010664,coordinates,outside_model_inside_legacy_buffer,info,,,,,,retain_for_conditioning,pending
raw,GRID_D22_GitHub\data\real_munich\data\bohrungen_epsg25832_shp\bohrungen.shp,290.0,7835BG010665,coordinates,outside_model_inside_legacy_buffer,info,,,,,,retain_for_conditioning,pending
raw,GRID_D22_GitHub\data\real_munich\data\bohrungen_epsg25832_shp\bohrungen.shp,293.0,7835BG010832,coordinates,outside_model_inside_legacy_buffer,info,,,,,,retain_for_conditioning,pending
raw,GRID_D22_GitHub\data\real_munich\data\bohrungen_epsg25832_shp\bohrungen.shp,296.0,7835BG010669,coordinates,outside_model_inside_legacy_buffer,info,,,,,,retain_for_conditioning,pending
raw,GRID_D22_GitHub\data\real_munich\data\bohrungen_epsg25832_shp\bohrungen.shp,297.0,7835BG010671,coordinates,outside_model_inside_legacy_buffer,info,,,,,,retain_for_conditioning,pending
raw,GRID_D22_GitHub\data\real_munich\data\bohrungen_epsg25832_shp\bohrungen.shp,298.0,7835BG010672,coordinates,outside_model_inside_legacy_buffer,info,,,,,,retain_for_conditioning,pending
raw,GRID_D22_GitHub\data\real_munich\data\bohrungen_epsg25832_shp\bohrungen.shp,305.0,7835BG010675,coordinates,outside_model_inside_legacy_buffer,info,,,,,,retain_for_conditioning,pending
raw,GRID_D22_GitHub\data\real_munich\data\bohrungen_epsg25832_shp\bohrungen.shp,306.0,7835BG010676,coordinates,outside_model_inside_legacy_buffer,info,,,,,,retain_for_conditioning,pending
raw,GRID_D22_GitHub\data\real_munich\data\bohrungen_epsg25832_shp\bohrungen.shp,307.0,7835BG010677,coordinates,outside_model_inside_legacy_buffer,info,,,,,,retain_for_conditioning,pending
raw,GRID_D22_GitHub\data\real_munich\data\bohrungen_epsg25832_shp\bohrungen.shp,309.0,7835BG010682,coordinates,outside_model_inside_legacy_buffer,info,,,,,,retain_for_conditioning,pending
raw,GRID_D22_GitHub\data\real_munich\data\bohrungen_epsg25832_shp\bohrungen.shp,310.0,7835BG010836,coordinates,outside_model_inside_legacy_buffer,info,,,,,,retain_for_conditioning,pending
raw,GRID_D22_GitHub\data\real_munich\data\bohrungen_epsg25832_shp\bohrungen.shp,316.0,7835BG010989,coordinates,outside_model_inside_legacy_buffer,info,,,,,,retain_for_conditioning,pending
raw,GRID_D22_GitHub\data\real_munich\data\bohrungen_epsg25832_shp\bohrungen.shp,317.0,7835BG010990,coordinates,outside_model_inside_legacy_buffer,info,,,,,,retain_for_conditioning,pending
raw,GRID_D22_GitHub\data\real_munich\data\bohrungen_epsg25832_shp\bohrungen.shp,318.0,7835BG010994,coordinates,outside_model_inside_legacy_buffer,info,,,,,,retain_for_conditioning,pending
raw,GRID_D22_GitHub\data\real_munich\data\bohrungen_epsg25832_shp\bohrungen.shp,319.0,7835BG010995,coordinates,outside_model_inside_legacy_buffer,info,,,,,,retain_for_conditioning,pending
raw,GRID_D22_GitHub\data\real_munich\data\bohrungen_epsg25832_shp\bohrungen.shp,321.0,7835BG009076,coordinates,outside_model_inside_legacy_buffer,info,,,,,,retain_for_conditioning,pending
raw,GRID_D22_GitHub\data\real_munich\data\bohrungen_epsg25832_shp\bohrungen.shp,322.0,7835BG009077,coordinates,outside_model_inside_legacy_buffer,info,,,,,,retain_for_conditioning,pending
raw,GRID_D22_GitHub\data\real_munich\data\bohrungen_epsg25832_shp\bohrungen.shp,323.0,7835BG009078,coordinates,outside_model_inside_legacy_buffer,info,,,,,,retain_for_conditioning,pending
raw,GRID_D22_GitHub\data\real_munich\data\bohrungen_epsg25832_shp\bohrungen.shp,324.0,7835BG009080,coordinates,outside_model_inside_legacy_buffer,info,,,,,,retain_for_conditioning,pending
raw,GRID_D22_GitHub\data\real_munich\data\bohrungen_epsg25832_shp\bohrungen.shp,325.0,7835BG009250,coordinates,outside_model_inside_legacy_buffer,info,,,,,,retain_for_conditioning,pending
raw,GRID_D22_GitHub\data\real_munich\data\bohrungen_epsg25832_shp\bohrungen.shp,326.0,7835BG009251,coordinates,outside_model_inside_legacy_buffer,info,,,,,,retain_for_conditioning,pending
raw,GRID_D22_GitHub\data\real_munich\data\bohrungen_epsg25832_shp\bohrungen.shp,327.0,7835BG009253,coordinates,outside_model_inside_legacy_buffer,info,,,,,,retain_for_conditioning,pending
raw,GRID_D22_GitHub\data\real_munich\data\bohrungen_epsg25832_shp\bohrungen.shp,328.0,7835BG009254,coordinates,outside_model_inside_legacy_buffer,info,,,,,,retain_for_conditioning,pending
raw,GRID_D22_GitHub\data\real_munich\data\bohrungen_epsg25832_shp\bohrungen.shp,329.0,7835BG009255,coordinates,outside_model_inside_legacy_buffer,info,,,,,,retain_for_conditioning,pending
raw,GRID_D22_GitHub\data\real_munich\data\bohrungen_epsg25832_shp\bohrungen.shp,330.0,7835BG010957,coordinates,outside_model_inside_legacy_buffer,info,,,,,,retain_for_conditioning,pending
raw,GRID_D22_GitHub\data\real_munich\data\bohrungen_epsg25832_shp\bohrungen.shp,331.0,7835BG010963,coordinates,outside_model_inside_legacy_buffer,info,,,,,,retain_for_conditioning,pending
raw,GRID_D22_GitHub\data\real_munich\data\bohrungen_epsg25832_shp\bohrungen.shp,333.0,7835BG010966,coordinates,outside_model_inside_legacy_buffer,info,,,,,,retain_for_conditioning,pending
raw,GRID_D22_GitHub\data\real_munich\data\bohrungen_epsg25832_shp\bohrungen.shp,334.0,7835BG009257,coordinates,outside_model_inside_legacy_buffer,info,,,,,,retain_for_conditioning,pending
raw,GRID_D22_GitHub\data\real_munich\data\bohrungen_epsg25832_shp\bohrungen.shp,335.0,7835BG009258,coordinates,outside_model_inside_legacy_buffer,info,,,,,,retain_for_conditioning,pending
raw,GRID_D22_GitHub\data\real_munich\data\bohrungen_epsg25832_shp\bohrungen.shp,337.0,7835BG009261,coordinates,outside_model_inside_legacy_buffer,info,,,,,,retain_for_conditioning,pending
raw,GRID_D22_GitHub\data\real_munich\data\bohrungen_epsg25832_shp\bohrungen.shp,338.0,7835BG008556,coordinates,outside_model_inside_legacy_buffer,info,,,,,,retain_for_conditioning,pending
raw,GRID_D22_GitHub\data\real_munich\data\bohrungen_epsg25832_shp\bohrungen.shp,339.0,7835BG011083,coordinates,outside_model_inside_legacy_buffer,info,,,,,,retain_for_conditioning,pending
raw,GRID_D22_GitHub\data\real_munich\data\bohrungen_epsg25832_shp\bohrungen.shp,340.0,7835BG011103,coordinates,outside_model_inside_legacy_buffer,info,,,,,,retain_for_conditioning,pending
raw,GRID_D22_GitHub\data\real_munich\data\bohrungen_epsg25832_shp\bohrungen.shp,341.0,7835BG011105,coordinates,outside_model_inside_legacy_buffer,info,,,,,,retain_for_conditioning,pending
raw,GRID_D22_GitHub\data\real_munich\data\bohrungen_epsg25832_shp\bohrungen.shp,342.0,7835BG008621,coordinates,outside_model_inside_legacy_buffer,info,,,,,,retain_for_conditioning,pending
raw,GRID_D22_GitHub\data\real_munich\data\bohrungen_epsg25832_shp\bohrungen.shp,343.0,7835BG008623,coordinates,outside_model_inside_legacy_buffer,info,,,,,,retain_for_conditioning,pending
raw,GRID_D22_GitHub\data\real_munich\data\bohrungen_epsg25832_shp\bohrungen.shp,344.0,7835BG009091,coordinates,outside_model_inside_legacy_buffer,info,,,,,,retain_for_conditioning,pending
raw,GRID_D22_GitHub\data\real_munich\data\bohrungen_epsg25832_shp\bohrungen.shp,345.0,7835BG009095,coordinates,outside_model_inside_legacy_buffer,info,,,,,,retain_for_conditioning,pending
raw,GRID_D22_GitHub\data\real_munich\data\bohrungen_epsg25832_shp\bohrungen.shp,346.0,7835BG009097,coordinates,outside_model_inside_legacy_buffer,info,,,,,,retain_for_conditioning,pending
raw,GRID_D22_GitHub\data\real_munich\data\bohrungen_epsg25832_shp\bohrungen.shp,347.0,7835BG009098,coordinates,outside_model_inside_legacy_buffer,info,,,,,,retain_for_conditioning,pending
raw,GRID_D22_GitHub\data\real_munich\data\bohrungen_epsg25832_shp\bohrungen.shp,348.0,7835BG009262,coordinates,outside_model_inside_legacy_buffer,info,,,,,,retain_for_conditioning,pending
raw,GRID_D22_GitHub\data\real_munich\data\bohrungen_epsg25832_shp\bohrungen.shp,350.0,7835BG009265,coordinates,outside_model_inside_legacy_buffer,info,,,,,,retain_for_conditioning,pending
raw,GRID_D22_GitHub\data\real_munich\data\bohrungen_epsg25832_shp\bohrungen.shp,355.0,7835BG009274,coordinates,outside_model_inside_legacy_buffer,info,,,,,,retain_for_conditioning,pending
raw,GRID_D22_GitHub\data\real_munich\data\bohrungen_epsg25832_shp\bohrungen.shp,357.0,7835BG011048,coordinates,outside_model_inside_legacy_buffer,info,,,,,,retain_for_conditioning,pending
raw,GRID_D22_GitHub\data\real_munich\data\bohrungen_epsg25832_shp\bohrungen.shp,358.0,7835BG011109,coordinates,outside_model_inside_legacy_buffer,info,,,,,,retain_for_conditioning,pending
raw,GRID_D22_GitHub\data\real_munich\data\bohrungen_epsg25832_shp\bohrungen.shp,360.0,7835BG009280,coordinates,outside_model_inside_legacy_buffer,info,,,,,,retain_for_conditioning,pending
raw,GRID_D22_GitHub\data\real_munich\data\bohrungen_epsg25832_shp\bohrungen.shp,361.0,7835BG009281,coordinates,outside_model_inside_legacy_buffer,info,,,,,,retain_for_conditioning,pending
raw,GRID_D22_GitHub\data\real_munich\data\bohrungen_epsg25832_shp\bohrungen.shp,362.0,7835BG011091,coordinates,outside_model_inside_legacy_buffer,info,,,,,,retain_for_conditioning,pending
raw,GRID_D22_GitHub\data\real_munich\data\bohrungen_epsg25832_shp\bohrungen.shp,364.0,7835BG009285,coordinates,outside_model_inside_legacy_buffer,info,,,,,,retain_for_conditioning,pending
raw,GRID_D22_GitHub\data\real_munich\data\bohrungen_epsg25832_shp\bohrungen.shp,372.0,7835BG011112,coordinates,outside_model_inside_legacy_buffer,info,,,,,,retain_for_conditioning,pending
raw,GRID_D22_GitHub\data\real_munich\data\bohrungen_epsg25832_shp\bohrungen.shp,373.0,7835BG011116,coordinates,outside_model_inside_legacy_buffer,info,,,,,,retain_for_conditioning,pending
raw,GRID_D22_GitHub\data\real_munich\data\bohrungen_epsg25832_shp\bohrungen.shp,374.0,7835BG009245,coordinates,outside_model_inside_legacy_buffer,info,,,,,,retain_for_conditioning,pending
raw,GRID_D22_GitHub\data\real_munich\data\bohrungen_epsg25832_shp\bohrungen.shp,375.0,7835BG009246,coordinates,outside_model_inside_legacy_buffer,info,,,,,,retain_for_conditioning,pending
raw,GRID_D22_GitHub\data\real_munich\data\bohrungen_epsg25832_shp\bohrungen.shp,376.0,7835BG009247,coordinates,outside_model_inside_legacy_buffer,info,,,,,,retain_for_conditioning,pending
raw,GRID_D22_GitHub\data\real_munich\data\bohrungen_epsg25832_shp\bohrungen.shp,377.0,7835BG009249,coordinates,outside_model_inside_legacy_buffer,info,,,,,,retain_for_conditioning,pending
raw,GRID_D22_GitHub\data\real_munich\data\bohrungen_epsg25832_shp\bohrungen.shp,378.0,7835BG008593,coordinates,outside_model_inside_legacy_buffer,info,,,,,,retain_for_conditioning,pending
raw,GRID_D22_GitHub\data\real_munich\data\bohrungen_epsg25832_shp\bohrungen.shp,379.0,7835BG008594,coordinates,outside_model_inside_legacy_buffer,info,,,,,,retain_for_conditioning,pending
raw,GRID_D22_GitHub\data\real_munich\data\bohrungen_epsg25832_shp\bohrungen.shp,380.0,7835BG008596,coordinates,outside_model_inside_legacy_buffer,info,,,,,,retain_for_conditioning,pending
raw,GRID_D22_GitHub\data\real_munich\data\bohrungen_epsg25832_shp\bohrungen.shp,381.0,7835BG008597,coordinates,outside_model_inside_legacy_buffer,info,,,,,,retain_for_conditioning,pending
raw,GRID_D22_GitHub\data\real_munich\data\bohrungen_epsg25832_shp\bohrungen.shp,382.0,7835BG008598,coordinates,outside_model_inside_legacy_buffer,info,,,,,,retain_for_conditioning,pending
raw,GRID_D22_GitHub\data\real_munich\data\bohrungen_epsg25832_shp\bohrungen.shp,383.0,7835BG008600,coordinates,outside_model_inside_legacy_buffer,info,,,,,,retain_for_conditioning,pending
raw,GRID_D22_GitHub\data\real_munich\data\bohrungen_epsg25832_shp\bohrungen.shp,384.0,7835BG008601,coordinates,outside_model_inside_legacy_buffer,info,,,,,,retain_for_conditioning,pending
raw,GRID_D22_GitHub\data\real_munich\data\bohrungen_epsg25832_shp\bohrungen.shp,385.0,7835BG008602,coordinates,outside_model_inside_legacy_buffer,info,,,,,,retain_for_conditioning,pending
raw,GRID_D22_GitHub\data\real_munich\data\bohrungen_epsg25832_shp\bohrungen.shp,386.0,7835BG008607,coordinates,outside_model_inside_legacy_buffer,info,,,,,,retain_for_conditioning,pending
raw,GRID_D22_GitHub\data\real_munich\data\bohrungen_epsg25832_shp\bohrungen.shp,387.0,7835BG011069,coordinates,outside_model_inside_legacy_buffer,info,,,,,,retain_for_conditioning,pending
raw,GRID_D22_GitHub\data\real_munich\data\bohrungen_epsg25832_shp\bohrungen.shp,388.0,7835BG011098,coordinates,outside_model_inside_legacy_buffer,info,,,,,,retain_for_conditioning,pending
raw,GRID_D22_GitHub\data\real_munich\data\bohrungen_epsg25832_shp\bohrungen.shp,389.0,7835BG009614,coordinates,outside_model_inside_legacy_buffer,info,,,,,,retain_for_conditioning,pending
raw,GRID_D22_GitHub\data\real_munich\data\bohrungen_epsg25832_shp\bohrungen.shp,390.0,7835BG009146,coordinates,outside_model_inside_legacy_buffer,info,,,,,,retain_for_conditioning,pending
raw,GRID_D22_GitHub\data\real_munich\data\bohrungen_epsg25832_shp\bohrungen.shp,391.0,7835BG009147,coordinates,outside_model_inside_legacy_buffer,info,,,,,,retain_for_conditioning,pending
raw,GRID_D22_GitHub\data\real_munich\data\bohrungen_epsg25832_shp\bohrungen.shp,392.0,7835BG008734,coordinates,outside_model_inside_legacy_buffer,info,,,,,,retain_for_conditioning,pending
raw,GRID_D22_GitHub\data\real_munich\data\bohrungen_epsg25832_shp\bohrungen.shp,393.0,7835BG008736,coordinates,outside_model_inside_legacy_buffer,info,,,,,,retain_for_conditioning,pending
raw,GRID_D22_GitHub\data\real_munich\data\bohrungen_epsg25832_shp\bohrungen.shp,394.0,7835BG008667,coordinates,outside_model_inside_legacy_buffer,info,,,,,,retain_for_conditioning,pending
raw,GRID_D22_GitHub\data\real_munich\data\bohrungen_epsg25832_shp\bohrungen.shp,395.0,7835BG008668,coordinates,outside_model_inside_legacy_buffer,info,,,,,,retain_for_conditioning,pending
raw,GRID_D22_GitHub\data\real_munich\data\bohrungen_epsg25832_shp\bohrungen.shp,397.0,7835BG008738,coordinates,outside_model_inside_legacy_buffer,info,,,,,,retain_for_conditioning,pending
raw,GRID_D22_GitHub\data\real_munich\data\bohrungen_epsg25832_shp\bohrungen.shp,402.0,7835BG009208,coordinates,outside_model_inside_legacy_buffer,info,,,,,,retain_for_conditioning,pending
raw,GRID_D22_GitHub\data\real_munich\data\bohrungen_epsg25832_shp\bohrungen.shp,403.0,7835BG009209,coordinates,outside_model_inside_legacy_buffer,info,,,,,,retain_for_conditioning,pending
raw,GRID_D22_GitHub\data\real_munich\data\bohrungen_epsg25832_shp\bohrungen.shp,404.0,7835BG009148,coordinates,outside_model_inside_legacy_buffer,info,,,,,,retain_for_conditioning,pending
raw,GRID_D22_GitHub\data\real_munich\data\bohrungen_epsg25832_shp\bohrungen.shp,405.0,7835BG009150,coordinates,outside_model_inside_legacy_buffer,info,,,,,,retain_for_conditioning,pending
raw,GRID_D22_GitHub\data\real_munich\data\bohrungen_epsg25832_shp\bohrungen.shp,406.0,7835BG009151,coordinates,outside_model_inside_legacy_buffer,info,,,,,,retain_for_conditioning,pending
raw,GRID_D22_GitHub\data\real_munich\data\bohrungen_epsg25832_shp\bohrungen.shp,408.0,7835BG008627,coordinates,outside_model_inside_legacy_buffer,info,,,,,,retain_for_conditioning,pending
raw,GRID_D22_GitHub\data\real_munich\data\bohrungen_epsg25832_shp\bohrungen.shp,409.0,7835BG008628,coordinates,outside_model_inside_legacy_buffer,info,,,,,,retain_for_conditioning,pending
raw,GRID_D22_GitHub\data\real_munich\data\bohrungen_epsg25832_shp\bohrungen.shp,410.0,7835BG008630,coordinates,outside_model_inside_legacy_buffer,info,,,,,,retain_for_conditioning,pending
raw,GRID_D22_GitHub\data\real_munich\data\bohrungen_epsg25832_shp\bohrungen.shp,411.0,7835BG008631,coordinates,outside_model_inside_legacy_buffer,info,,,,,,retain_for_conditioning,pending
raw,GRID_D22_GitHub\data\real_munich\data\bohrungen_epsg25832_shp\bohrungen.shp,412.0,7835BG008632,coordinates,outside_model_inside_legacy_buffer,info,,,,,,retain_for_conditioning,pending
raw,GRID_D22_GitHub\data\real_munich\data\bohrungen_epsg25832_shp\bohrungen.shp,413.0,7835BG009161,coordinates,outside_model_inside_legacy_buffer,info,,,,,,retain_for_conditioning,pending
raw,GRID_D22_GitHub\data\real_munich\data\bohrungen_epsg25832_shp\bohrungen.shp,414.0,7835BG009162,coordinates,outside_model_inside_legacy_buffer,info,,,,,,retain_for_conditioning,pending
raw,GRID_D22_GitHub\data\real_munich\data\bohrungen_epsg25832_shp\bohrungen.shp,415.0,7835BG009163,coordinates,outside_model_inside_legacy_buffer,info,,,,,,retain_for_conditioning,pending
raw,GRID_D22_GitHub\data\real_munich\data\bohrungen_epsg25832_shp\bohrungen.shp,416.0,7835BG009222,coordinates,outside_model_inside_legacy_buffer,info,,,,,,retain_for_conditioning,pending
raw,GRID_D22_GitHub\data\real_munich\data\bohrungen_epsg25832_shp\bohrungen.shp,425.0,7835BG009169,coordinates,outside_model_inside_legacy_buffer,info,,,,,,retain_for_conditioning,pending
raw,GRID_D22_GitHub\data\real_munich\data\bohrungen_epsg25832_shp\bohrungen.shp,426.0,7835BG009170,coordinates,outside_model_inside_legacy_buffer,info,,,,,,retain_for_conditioning,pending
raw,GRID_D22_GitHub\data\real_munich\data\bohrungen_epsg25832_shp\bohrungen.shp,429.0,7835BG009108,coordinates,outside_model_inside_legacy_buffer,info,,,,,,retain_for_conditioning,pending
raw,GRID_D22_GitHub\data\real_munich\data\bohrungen_epsg25832_shp\bohrungen.shp,430.0,7835BG009109,coordinates,outside_model_inside_legacy_buffer,info,,,,,,retain_for_conditioning,pending
raw,GRID_D22_GitHub\data\real_munich\data\bohrungen_epsg25832_shp\bohrungen.shp,431.0,7835BG009110,coordinates,outside_model_inside_legacy_buffer,info,,,,,,retain_for_conditioning,pending
raw,GRID_D22_GitHub\data\real_munich\data\bohrungen_epsg25832_shp\bohrungen.shp,435.0,7835BG008502,coordinates,outside_model_inside_legacy_buffer,info,,,,,,retain_for_conditioning,pending
raw,GRID_D22_GitHub\data\real_munich\data\bohrungen_epsg25832_shp\bohrungen.shp,436.0,7835BG008504,coordinates,outside_model_inside_legacy_buffer,info,,,,,,retain_for_conditioning,pending
raw,GRID_D22_GitHub\data\real_munich\data\bohrungen_epsg25832_shp\bohrungen.shp,437.0,7835BG008505,coordinates,outside_model_inside_legacy_buffer,info,,,,,,retain_for_conditioning,pending
raw,GRID_D22_GitHub\data\real_munich\data\bohrungen_epsg25832_shp\bohrungen.shp,438.0,7835BG008634,coordinates,outside_model_inside_legacy_buffer,info,,,,,,retain_for_conditioning,pending
raw,GRID_D22_GitHub\data\real_munich\data\bohrungen_epsg25832_shp\bohrungen.shp,439.0,7835BG008635,coordinates,outside_model_inside_legacy_buffer,info,,,,,,retain_for_conditioning,pending
raw,GRID_D22_GitHub\data\real_munich\data\bohrungen_epsg25832_shp\bohrungen.shp,440.0,7835BG008636,coordinates,outside_model_inside_legacy_buffer,info,,,,,,retain_for_conditioning,pending
raw,GRID_D22_GitHub\data\real_munich\data\bohrungen_epsg25832_shp\bohrungen.shp,441.0,7835BG008638,coordinates,outside_model_inside_legacy_buffer,info,,,,,,retain_for_conditioning,pending
raw,GRID_D22_GitHub\data\real_munich\data\bohrungen_epsg25832_shp\bohrungen.shp,442.0,7835BG008639,coordinates,outside_model_inside_legacy_buffer,info,,,,,,retain_for_conditioning,pending
raw,GRID_D22_GitHub\data\real_munich\data\bohrungen_epsg25832_shp\bohrungen.shp,443.0,7835BG008641,coordinates,outside_model_inside_legacy_buffer,info,,,,,,retain_for_conditioning,pending
raw,GRID_D22_GitHub\data\real_munich\data\bohrungen_epsg25832_shp\bohrungen.shp,444.0,7835BG008642,coordinates,outside_model_inside_legacy_buffer,info,,,,,,retain_for_conditioning,pending
raw,GRID_D22_GitHub\data\real_munich\data\bohrungen_epsg25832_shp\bohrungen.shp,445.0,7835BG009224,coordinates,outside_model_inside_legacy_buffer,info,,,,,,retain_for_conditioning,pending
raw,GRID_D22_GitHub\data\real_munich\data\bohrungen_epsg25832_shp\bohrungen.shp,446.0,7835BG008643,coordinates,outside_model_inside_legacy_buffer,info,,,,,,retain_for_conditioning,pending
raw,GRID_D22_GitHub\data\real_munich\data\bohrungen_epsg25832_shp\bohrungen.shp,447.0,7835BG008645,coordinates,outside_model_inside_legacy_buffer,info,,,,,,retain_for_conditioning,pending
raw,GRID_D22_GitHub\data\real_munich\data\bohrungen_epsg25832_shp\bohrungen.shp,448.0,7835BG008646,coordinates,outside_model_inside_legacy_buffer,info,,,,,,retain_for_conditioning,pending
raw,GRID_D22_GitHub\data\real_munich\data\bohrungen_epsg25832_shp\bohrungen.shp,449.0,7835BG008647,coordinates,outside_model_inside_legacy_buffer,info,,,,,,retain_for_conditioning,pending
raw,GRID_D22_GitHub\data\real_munich\data\bohrungen_epsg25832_shp\bohrungen.shp,450.0,7835BG008893,coordinates,outside_model_inside_legacy_buffer,info,,,,,,retain_for_conditioning,pending
raw,GRID_D22_GitHub\data\real_munich\data\bohrungen_epsg25832_shp\bohrungen.shp,451.0,7835BG008894,coordinates,outside_model_inside_legacy_buffer,info,,,,,,retain_for_conditioning,pending
raw,GRID_D22_GitHub\data\real_munich\data\bohrungen_epsg25832_shp\bohrungen.shp,452.0,7835BG008895,coordinates,outside_model_inside_legacy_buffer,info,,,,,,retain_for_conditioning,pending
raw,GRID_D22_GitHub\data\real_munich\data\bohrungen_epsg25832_shp\bohrungen.shp,453.0,7835BG009176,coordinates,outside_model_inside_legacy_buffer,info,,,,,,retain_for_conditioning,pending
raw,GRID_D22_GitHub\data\real_munich\data\bohrungen_epsg25832_shp\bohrungen.shp,456.0,7835BG009228,coordinates,outside_model_inside_legacy_buffer,info,,,,,,retain_for_conditioning,pending
raw,GRID_D22_GitHub\data\real_munich\data\bohrungen_epsg25832_shp\bohrungen.shp,457.0,7835BG009230,coordinates,outside_model_inside_legacy_buffer,info,,,,,,retain_for_conditioning,pending
raw,GRID_D22_GitHub\data\real_munich\data\bohrungen_epsg25832_shp\bohrungen.shp,458.0,7835BG009121,coordinates,outside_model_inside_legacy_buffer,info,,,,,,retain_for_conditioning,pending
raw,GRID_D22_GitHub\data\real_munich\data\bohrungen_epsg25832_shp\bohrungen.shp,459.0,7835BG008506,coordinates,outside_model_inside_legacy_buffer,info,,,,,,retain_for_conditioning,pending
raw,GRID_D22_GitHub\data\real_munich\data\bohrungen_epsg25832_shp\bohrungen.shp,460.0,7835BG009123,coordinates,outside_model_inside_legacy_buffer,info,,,,,,retain_for_conditioning,pending
raw,GRID_D22_GitHub\data\real_munich\data\bohrungen_epsg25832_shp\bohrungen.shp,461.0,7835BG009124,coordinates,outside_model_inside_legacy_buffer,info,,,,,,retain_for_conditioning,pending
raw,GRID_D22_GitHub\data\real_munich\data\bohrungen_epsg25832_shp\bohrungen.shp,462.0,7835BG009125,coordinates,outside_model_inside_legacy_buffer,info,,,,,,retain_for_conditioning,pending
raw,GRID_D22_GitHub\data\real_munich\data\bohrungen_epsg25832_shp\bohrungen.shp,464.0,7835BG008649,coordinates,outside_model_inside_legacy_buffer,info,,,,,,retain_for_conditioning,pending
raw,GRID_D22_GitHub\data\real_munich\data\bohrungen_epsg25832_shp\bohrungen.shp,466.0,7835BG008653,coordinates,outside_model_inside_legacy_buffer,info,,,,,,retain_for_conditioning,pending
raw,GRID_D22_GitHub\data\real_munich\data\bohrungen_epsg25832_shp\bohrungen.shp,467.0,7835BG008654,coordinates,outside_model_inside_legacy_buffer,info,,,,,,retain_for_conditioning,pending
raw,GRID_D22_GitHub\data\real_munich\data\bohrungen_epsg25832_shp\bohrungen.shp,468.0,7835BG008656,coordinates,outside_model_inside_legacy_buffer,info,,,,,,retain_for_conditioning,pending
raw,GRID_D22_GitHub\data\real_munich\data\bohrungen_epsg25832_shp\bohrungen.shp,469.0,7835BG008657,coordinates,outside_model_inside_legacy_buffer,info,,,,,,retain_for_conditioning,pending
raw,GRID_D22_GitHub\data\real_munich\data\bohrungen_epsg25832_shp\bohrungen.shp,470.0,7835BG008661,coordinates,outside_model_inside_legacy_buffer,info,,,,,,retain_for_conditioning,pending
raw,GRID_D22_GitHub\data\real_munich\data\bohrungen_epsg25832_shp\bohrungen.shp,471.0,7835BG008663,coordinates,outside_model_inside_legacy_buffer,info,,,,,,retain_for_conditioning,pending
raw,GRID_D22_GitHub\data\real_munich\data\bohrungen_epsg25832_shp\bohrungen.shp,472.0,7835BG008664,coordinates,outside_model_inside_legacy_buffer,info,,,,,,retain_for_conditioning,pending
raw,GRID_D22_GitHub\data\real_munich\data\bohrungen_epsg25832_shp\bohrungen.shp,473.0,7835BG009192,coordinates,outside_model_inside_legacy_buffer,info,,,,,,retain_for_conditioning,pending
raw,GRID_D22_GitHub\data\real_munich\data\bohrungen_epsg25832_shp\bohrungen.shp,474.0,7835BG009193,coordinates,outside_model_inside_legacy_buffer,info,,,,,,retain_for_conditioning,pending
raw,GRID_D22_GitHub\data\real_munich\data\bohrungen_epsg25832_shp\bohrungen.shp,475.0,7835BG009195,coordinates,outside_model_inside_legacy_buffer,info,,,,,,retain_for_conditioning,pending
raw,GRID_D22_GitHub\data\real_munich\data\bohrungen_epsg25832_shp\bohrungen.shp,476.0,7835BG009196,coordinates,outside_model_inside_legacy_buffer,info,,,,,,retain_for_conditioning,pending
raw,GRID_D22_GitHub\data\real_munich\data\bohrungen_epsg25832_shp\bohrungen.shp,477.0,7835BG009197,coordinates,outside_model_inside_legacy_buffer,info,,,,,,retain_for_conditioning,pending
raw,GRID_D22_GitHub\data\real_munich\data\bohrungen_epsg25832_shp\bohrungen.shp,482.0,7835BG009136,coordinates,outside_model_inside_legacy_buffer,info,,,,,,retain_for_conditioning,pending
raw,GRID_D22_GitHub\data\real_munich\data\bohrungen_epsg25832_shp\bohrungen.shp,483.0,7835BG009137,coordinates,outside_model_inside_legacy_buffer,info,,,,,,retain_for_conditioning,pending
raw,GRID_D22_GitHub\data\real_munich\data\bohrungen_epsg25832_shp\bohrungen.shp,484.0,7835BG009139,coordinates,outside_model_inside_legacy_buffer,info,,,,,,retain_for_conditioning,pending
raw,GRID_D22_GitHub\data\real_munich\data\bohrungen_epsg25832_shp\bohrungen.shp,485.0,7835BG009140,coordinates,outside_model_inside_legacy_buffer,info,,,,,,retain_for_conditioning,pending
raw,GRID_D22_GitHub\data\real_munich\data\bohrungen_epsg25832_shp\bohrungen.shp,494.0,7835BG009788,coordinates,outside_model_inside_legacy_buffer,info,,,,,,retain_for_conditioning,pending
raw,GRID_D22_GitHub\data\real_munich\data\bohrungen_epsg25832_shp\bohrungen.shp,496.0,7835BG010132,coordinates,outside_model_inside_legacy_buffer,info,,,,,,retain_for_conditioning,pending
raw,GRID_D22_GitHub\data\real_munich\data\bohrungen_epsg25832_shp\bohrungen.shp,497.0,7835BG010133,coordinates,outside_model_inside_legacy_buffer,info,,,,,,retain_for_conditioning,pending
raw,GRID_D22_GitHub\data\real_munich\data\bohrungen_epsg25832_shp\bohrungen.shp,498.0,7835BG010134,coordinates,outside_model_inside_legacy_buffer,info,,,,,,retain_for_conditioning,pending
raw,GRID_D22_GitHub\data\real_munich\data\bohrungen_epsg25832_shp\bohrungen.shp,499.0,7835BG010136,coordinates,outside_model_inside_legacy_buffer,info,,,,,,retain_for_conditioning,pending
raw,GRID_D22_GitHub\data\real_munich\data\bohrungen_epsg25832_shp\bohrungen.shp,500.0,7835BG010137,coordinates,outside_model_inside_legacy_buffer,info,,,,,,retain_for_conditioning,pending
raw,GRID_D22_GitHub\data\real_munich\data\bohrungen_epsg25832_shp\bohrungen.shp,501.0,7835BG010138,coordinates,outside_model_inside_legacy_buffer,info,,,,,,retain_for_conditioning,pending
raw,GRID_D22_GitHub\data\real_munich\data\bohrungen_epsg25832_shp\bohrungen.shp,502.0,7835BG009497,coordinates,outside_model_inside_legacy_buffer,info,,,,,,retain_for_conditioning,pending
raw,GRID_D22_GitHub\data\real_munich\data\bohrungen_epsg25832_shp\bohrungen.shp,512.0,7835BG010141,coordinates,outside_model_inside_legacy_buffer,info,,,,,,retain_for_conditioning,pending
raw,GRID_D22_GitHub\data\real_munich\data\bohrungen_epsg25832_shp\bohrungen.shp,514.0,7835BG009513,coordinates,outside_model_inside_legacy_buffer,info,,,,,,retain_for_conditioning,pending
raw,GRID_D22_GitHub\data\real_munich\data\bohrungen_epsg25832_shp\bohrungen.shp,516.0,7835BG010145,coordinates,outside_model_inside_legacy_buffer,info,,,,,,retain_for_conditioning,pending
raw,GRID_D22_GitHub\data\real_munich\data\bohrungen_epsg25832_shp\bohrungen.shp,517.0,7835BG009520,coordinates,outside_model_inside_legacy_buffer,info,,,,,,retain_for_conditioning,pending
raw,GRID_D22_GitHub\data\real_munich\data\bohrungen_epsg25832_shp\bohrungen.shp,518.0,7835BG010115,coordinates,outside_model_inside_legacy_buffer,info,,,,,,retain_for_conditioning,pending
raw,GRID_D22_GitHub\data\real_munich\data\bohrungen_epsg25832_shp\bohrungen.shp,519.0,7835BG010117,coordinates,outside_model_inside_legacy_buffer,info,,,,,,retain_for_conditioning,pending
raw,GRID_D22_GitHub\data\real_munich\data\bohrungen_epsg25832_shp\bohrungen.shp,521.0,7835BG010118,coordinates,outside_model_inside_legacy_buffer,info,,,,,,retain_for_conditioning,pending
raw,GRID_D22_GitHub\data\real_munich\data\bohrungen_epsg25832_shp\bohrungen.shp,522.0,7835BG010119,coordinates,outside_model_inside_legacy_buffer,info,,,,,,retain_for_conditioning,pending
raw,GRID_D22_GitHub\data\real_munich\data\bohrungen_epsg25832_shp\bohrungen.shp,525.0,7835BG009528,coordinates,outside_model_inside_legacy_buffer,info,,,,,,retain_for_conditioning,pending
raw,GRID_D22_GitHub\data\real_munich\data\bohrungen_epsg25832_shp\bohrungen.shp,526.0,7835BG010121,coordinates,outside_model_inside_legacy_buffer,info,,,,,,retain_for_conditioning,pending
raw,GRID_D22_GitHub\data\real_munich\data\bohrungen_epsg25832_shp\bohrungen.shp,527.0,7835BG010122,coordinates,outside_model_inside_legacy_buffer,info,,,,,,retain_for_conditioning,pending
raw,GRID_D22_GitHub\data\real_munich\data\bohrungen_epsg25832_shp\bohrungen.shp,528.0,7835BG010123,coordinates,outside_model_inside_legacy_buffer,info,,,,,,retain_for_conditioning,pending
raw,GRID_D22_GitHub\data\real_munich\data\bohrungen_epsg25832_shp\bohrungen.shp,529.0,7835BG010125,coordinates,outside_model_inside_legacy_buffer,info,,,,,,retain_for_conditioning,pending
raw,GRID_D22_GitHub\data\real_munich\data\bohrungen_epsg25832_shp\bohrungen.shp,530.0,7835BG010126,coordinates,outside_model_inside_legacy_buffer,info,,,,,,retain_for_conditioning,pending
raw,GRID_D22_GitHub\data\real_munich\data\bohrungen_epsg25832_shp\bohrungen.shp,533.0,7835BG010128,coordinates,outside_model_inside_legacy_buffer,info,,,,,,retain_for_conditioning,pending
raw,GRID_D22_GitHub\data\real_munich\data\bohrungen_epsg25832_shp\bohrungen.shp,534.0,7835BG010129,coordinates,outside_model_inside_legacy_buffer,info,,,,,,retain_for_conditioning,pending
raw,GRID_D22_GitHub\data\real_munich\data\bohrungen_epsg25832_shp\bohrungen.shp,535.0,7835BG010130,coordinates,outside_model_inside_legacy_buffer,info,,,,,,retain_for_conditioning,pending
raw,GRID_D22_GitHub\data\real_munich\data\bohrungen_epsg25832_shp\bohrungen.shp,546.0,7835BG010210,coordinates,outside_model_inside_legacy_buffer,info,,,,,,retain_for_conditioning,pending
raw,GRID_D22_GitHub\data\real_munich\data\bohrungen_epsg25832_shp\bohrungen.shp,547.0,7835BG007750,coordinates,outside_model_inside_legacy_buffer,info,,,,,,retain_for_conditioning,pending
raw,GRID_D22_GitHub\data\real_munich\data\bohrungen_epsg25832_shp\bohrungen.shp,551.0,7835BG010189,coordinates,outside_model_inside_legacy_buffer,info,,,,,,retain_for_conditioning,pending
raw,GRID_D22_GitHub\data\real_munich\data\bohrungen_epsg25832_shp\bohrungen.shp,552.0,7835BG010190,coordinates,outside_model_inside_legacy_buffer,info,,,,,,retain_for_conditioning,pending
raw,GRID_D22_GitHub\data\real_munich\data\bohrungen_epsg25832_shp\bohrungen.shp,553.0,7835BG010192,coordinates,outside_model_inside_legacy_buffer,info,,,,,,retain_for_conditioning,pending
raw,GRID_D22_GitHub\data\real_munich\data\bohrungen_epsg25832_shp\bohrungen.shp,555.0,7835BG010193,coordinates,outside_model_inside_legacy_buffer,info,,,,,,retain_for_conditioning,pending
raw,GRID_D22_GitHub\data\real_munich\data\bohrungen_epsg25832_shp\bohrungen.shp,556.0,7835BG010194,coordinates,outside_model_inside_legacy_buffer,info,,,,,,retain_for_conditioning,pending
raw,GRID_D22_GitHub\data\real_munich\data\bohrungen_epsg25832_shp\bohrungen.shp,557.0,7835BG010196,coordinates,outside_model_inside_legacy_buffer,info,,,,,,retain_for_conditioning,pending
raw,GRID_D22_GitHub\data\real_munich\data\bohrungen_epsg25832_shp\bohrungen.shp,558.0,7835BG010197,coordinates,outside_model_inside_legacy_buffer,info,,,,,,retain_for_conditioning,pending
raw,GRID_D22_GitHub\data\real_munich\data\bohrungen_epsg25832_shp\bohrungen.shp,559.0,7835BG010198,coordinates,outside_model_inside_legacy_buffer,info,,,,,,retain_for_conditioning,pending
raw,GRID_D22_GitHub\data\real_munich\data\bohrungen_epsg25832_shp\bohrungen.shp,560.0,7835BG010200,coordinates,outside_model_inside_legacy_buffer,info,,,,,,retain_for_conditioning,pending
raw,GRID_D22_GitHub\data\real_munich\data\bohrungen_epsg25832_shp\bohrungen.shp,561.0,7835BG010201,coordinates,outside_model_inside_legacy_buffer,info,,,,,,retain_for_conditioning,pending
raw,GRID_D22_GitHub\data\real_munich\data\bohrungen_epsg25832_shp\bohrungen.shp,562.0,7835BG010202,coordinates,outside_model_inside_legacy_buffer,info,,,,,,retain_for_conditioning,pending
raw,GRID_D22_GitHub\data\real_munich\data\bohrungen_epsg25832_shp\bohrungen.shp,563.0,7835BG007791,coordinates,outside_model_inside_legacy_buffer,info,,,,,,retain_for_conditioning,pending
raw,GRID_D22_GitHub\data\real_munich\data\bohrungen_epsg25832_shp\bohrungen.shp,564.0,7835BG007792,coordinates,outside_model_inside_legacy_buffer,info,,,,,,retain_for_conditioning,pending
raw,GRID_D22_GitHub\data\real_munich\data\bohrungen_epsg25832_shp\bohrungen.shp,565.0,7835BG010206,coordinates,outside_model_inside_legacy_buffer,info,,,,,,retain_for_conditioning,pending
raw,GRID_D22_GitHub\data\real_munich\data\bohrungen_epsg25832_shp\bohrungen.shp,566.0,7835BG008067,coordinates,outside_model_inside_legacy_buffer,info,,,,,,retain_for_conditioning,pending
raw,GRID_D22_GitHub\data\real_munich\data\bohrungen_epsg25832_shp\bohrungen.shp,569.0,7835BG008111,coordinates,outside_model_inside_legacy_buffer,info,,,,,,retain_for_conditioning,pending
raw,GRID_D22_GitHub\data\real_munich\data\bohrungen_epsg25832_shp\bohrungen.shp,570.0,7835BG008112,coordinates,outside_model_inside_legacy_buffer,info,,,,,,retain_for_conditioning,pending
raw,GRID_D22_GitHub\data\real_munich\data\bohrungen_epsg25832_shp\bohrungen.shp,571.0,7835BG007738,coordinates,outside_model_inside_legacy_buffer,info,,,,,,retain_for_conditioning,pending
raw,GRID_D22_GitHub\data\real_munich\data\bohrungen_epsg25832_shp\bohrungen.shp,577.0,7835BG007748,coordinates,outside_model_inside_legacy_buffer,info,,,,,,retain_for_conditioning,pending
raw,GRID_D22_GitHub\data\real_munich\data\bohrungen_epsg25832_shp\bohrungen.shp,579.0,7835BG007749,coordinates,outside_model_inside_legacy_buffer,info,,,,,,retain_for_conditioning,pending
raw,GRID_D22_GitHub\data\real_munich\data\bohrungen_epsg25832_shp\bohrungen.shp,580.0,7835BG008102,coordinates,outside_model_inside_legacy_buffer,info,,,,,,retain_for_conditioning,pending
raw,GRID_D22_GitHub\data\real_munich\data\bohrungen_epsg25832_shp\bohrungen.shp,581.0,7835BG008189,coordinates,outside_model_inside_legacy_buffer,info,,,,,,retain_for_conditioning,pending
raw,GRID_D22_GitHub\data\real_munich\data\bohrungen_epsg25832_shp\bohrungen.shp,582.0,7835BG008382,coordinates,outside_model_inside_legacy_buffer,info,,,,,,retain_for_conditioning,pending
raw,GRID_D22_GitHub\data\real_munich\data\bohrungen_epsg25832_shp\bohrungen.shp,583.0,7835BG008108,coordinates,outside_model_inside_legacy_buffer,info,,,,,,retain_for_conditioning,pending
raw,GRID_D22_GitHub\data\real_munich\data\bohrungen_epsg25832_shp\bohrungen.shp,584.0,7835BG017223,coordinates,outside_model_inside_legacy_buffer,info,,,,,,retain_for_conditioning,pending
raw,GRID_D22_GitHub\data\real_munich\data\bohrungen_epsg25832_shp\bohrungen.shp,585.0,7835BG007778,coordinates,outside_model_inside_legacy_buffer,info,,,,,,retain_for_conditioning,pending
raw,GRID_D22_GitHub\data\real_munich\data\bohrungen_epsg25832_shp\bohrungen.shp,589.0,7835BG007848,coordinates,outside_model_inside_legacy_buffer,info,,,,,,retain_for_conditioning,pending
raw,GRID_D22_GitHub\data\real_munich\data\bohrungen_epsg25832_shp\bohrungen.shp,590.0,7835BG008722,coordinates,outside_model_inside_legacy_buffer,info,,,,,,retain_for_conditioning,pending
raw,GRID_D22_GitHub\data\real_munich\data\bohrungen_epsg25832_shp\bohrungen.shp,591.0,7835BG008892,coordinates,outside_model_inside_legacy_buffer,info,,,,,,retain_for_conditioning,pending
raw,GRID_D22_GitHub\data\real_munich\data\bohrungen_epsg25832_shp\bohrungen.shp,592.0,7835BG010424,coordinates,outside_model_inside_legacy_buffer,info,,,,,,retain_for_conditioning,pending
raw,GRID_D22_GitHub\data\real_munich\data\bohrungen_epsg25832_shp\bohrungen.shp,595.0,7835BG007747,coordinates,outside_model_inside_legacy_buffer,info,,,,,,retain_for_conditioning,pending
raw,GRID_D22_GitHub\data\real_munich\data\bohrungen_epsg25832_shp\bohrungen.shp,596.0,7835BG009079,coordinates,outside_model_inside_legacy_buffer,info,,,,,,retain_for_conditioning,pending
raw,GRID_D22_GitHub\data\real_munich\data\bohrungen_epsg25832_shp\bohrungen.shp,597.0,7835BG009092,coordinates,outside_model_inside_legacy_buffer,info,,,,,,retain_for_conditioning,pending
raw,GRID_D22_GitHub\data\real_munich\data\bohrungen_epsg25832_shp\bohrungen.shp,598.0,7835BG009093,coordinates,outside_model_inside_legacy_buffer,info,,,,,,retain_for_conditioning,pending
raw,GRID_D22_GitHub\data\real_munich\data\bohrungen_epsg25832_shp\bohrungen.shp,599.0,7835BG009094,coordinates,outside_model_inside_legacy_buffer,info,,,,,,retain_for_conditioning,pending
raw,GRID_D22_GitHub\data\real_munich\data\bohrungen_epsg25832_shp\bohrungen.shp,600.0,7835BG009096,coordinates,outside_model_inside_legacy_buffer,info,,,,,,retain_for_conditioning,pending
raw,GRID_D22_GitHub\data\real_munich\data\bohrungen_epsg25832_shp\bohrungen.shp,602.0,7835BG009745,coordinates,outside_model_inside_legacy_buffer,info,,,,,,retain_for_conditioning,pending
raw,GRID_D22_GitHub\data\real_munich\data\bohrungen_epsg25832_shp\bohrungen.shp,604.0,7835BG010605,coordinates,outside_model_inside_legacy_buffer,info,,,,,,retain_for_conditioning,pending
raw,GRID_D22_GitHub\data\real_munich\data\bohrungen_epsg25832_shp\bohrungen.shp,605.0,7835BG010609,coordinates,outside_model_inside_legacy_buffer,info,,,,,,retain_for_conditioning,pending
raw,GRID_D22_GitHub\data\real_munich\data\bohrungen_epsg25832_shp\bohrungen.shp,611.0,7835BG009759,coordinates,outside_model_inside_legacy_buffer,info,,,,,,retain_for_conditioning,pending
raw,GRID_D22_GitHub\data\real_munich\data\bohrungen_epsg25832_shp\bohrungen.shp,612.0,7835BG008592,coordinates,outside_model_inside_legacy_buffer,info,,,,,,retain_for_conditioning,pending
raw,GRID_D22_GitHub\data\real_munich\data\bohrungen_epsg25832_shp\bohrungen.shp,613.0,7835BG009229,coordinates,outside_model_inside_legacy_buffer,info,,,,,,retain_for_conditioning,pending
raw,GRID_D22_GitHub\data\real_munich\data\bohrungen_epsg25832_shp\bohrungen.shp,615.0,7835BG009248,coordinates,outside_model_inside_legacy_buffer,info,,,,,,retain_for_conditioning,pending
raw,GRID_D22_GitHub\data\real_munich\data\bohrungen_epsg25832_shp\bohrungen.shp,616.0,7835BG009252,coordinates,outside_model_inside_legacy_buffer,info,,,,,,retain_for_conditioning,pending
raw,GRID_D22_GitHub\data\real_munich\data\bohrungen_epsg25832_shp\bohrungen.shp,617.0,7835BG009256,coordinates,outside_model_inside_legacy_buffer,info,,,,,,retain_for_conditioning,pending
raw,GRID_D22_GitHub\data\real_munich\data\bohrungen_epsg25832_shp\bohrungen.shp,618.0,7835BG009259,coordinates,outside_model_inside_legacy_buffer,info,,,,,,retain_for_conditioning,pending
raw,GRID_D22_GitHub\data\real_munich\data\bohrungen_epsg25832_shp\bohrungen.shp,619.0,7835BG009263,coordinates,outside_model_inside_legacy_buffer,info,,,,,,retain_for_conditioning,pending
raw,GRID_D22_GitHub\data\real_munich\data\bohrungen_epsg25832_shp\bohrungen.shp,620.0,7835BG009266,coordinates,outside_model_inside_legacy_buffer,info,,,,,,retain_for_conditioning,pending
raw,GRID_D22_GitHub\data\real_munich\data\bohrungen_epsg25832_shp\bohrungen.shp,623.0,7835BG010112,coordinates,outside_model_inside_legacy_buffer,info,,,,,,retain_for_conditioning,pending
raw,GRID_D22_GitHub\data\real_munich\data\bohrungen_epsg25832_shp\bohrungen.shp,624.0,7835BG010113,coordinates,outside_model_inside_legacy_buffer,info,,,,,,retain_for_conditioning,pending
raw,GRID_D22_GitHub\data\real_munich\data\bohrungen_epsg25832_shp\bohrungen.shp,625.0,7835BG010114,coordinates,outside_model_inside_legacy_buffer,info,,,,,,retain_for_conditioning,pending
raw,GRID_D22_GitHub\data\real_munich\data\bohrungen_epsg25832_shp\bohrungen.shp,626.0,7835BG010116,coordinates,outside_model_inside_legacy_buffer,info,,,,,,retain_for_conditioning,pending
raw,GRID_D22_GitHub\data\real_munich\data\bohrungen_epsg25832_shp\bohrungen.shp,632.0,7835BG010651,coordinates,outside_model_inside_legacy_buffer,info,,,,,,retain_for_conditioning,pending
raw,GRID_D22_GitHub\data\real_munich\data\bohrungen_epsg25832_shp\bohrungen.shp,635.0,7835BG010666,coordinates,outside_model_inside_legacy_buffer,info,,,,,,retain_for_conditioning,pending
raw,GRID_D22_GitHub\data\real_munich\data\bohrungen_epsg25832_shp\bohrungen.shp,637.0,7835BG010674,coordinates,outside_model_inside_legacy_buffer,info,,,,,,retain_for_conditioning,pending
raw,GRID_D22_GitHub\data\real_munich\data\bohrungen_epsg25832_shp\bohrungen.shp,638.0,7835BG008595,coordinates,outside_model_inside_legacy_buffer,info,,,,,,retain_for_conditioning,pending
raw,GRID_D22_GitHub\data\real_munich\data\bohrungen_epsg25832_shp\bohrungen.shp,639.0,7835BG008599,coordinates,outside_model_inside_legacy_buffer,info,,,,,,retain_for_conditioning,pending
raw,GRID_D22_GitHub\data\real_munich\data\bohrungen_epsg25832_shp\bohrungen.shp,640.0,7835BG008603,coordinates,outside_model_inside_legacy_buffer,info,,,,,,retain_for_conditioning,pending
raw,GRID_D22_GitHub\data\real_munich\data\bohrungen_epsg25832_shp\bohrungen.shp,641.0,7835BG008604,coordinates,outside_model_inside_legacy_buffer,info,,,,,,retain_for_conditioning,pending
raw,GRID_D22_GitHub\data\real_munich\data\bohrungen_epsg25832_shp\bohrungen.shp,642.0,7835BG008605,coordinates,outside_model_inside_legacy_buffer,info,,,,,,retain_for_conditioning,pending
raw,GRID_D22_GitHub\data\real_munich\data\bohrungen_epsg25832_shp\bohrungen.shp,643.0,7835BG008606,coordinates,outside_model_inside_legacy_buffer,info,,,,,,retain_for_conditioning,pending
raw,GRID_D22_GitHub\data\real_munich\data\bohrungen_epsg25832_shp\bohrungen.shp,644.0,7835BG008608,coordinates,outside_model_inside_legacy_buffer,info,,,,,,retain_for_conditioning,pending
raw,GRID_D22_GitHub\data\real_munich\data\bohrungen_epsg25832_shp\bohrungen.shp,645.0,7835BG008622,coordinates,outside_model_inside_legacy_buffer,info,,,,,,retain_for_conditioning,pending
raw,GRID_D22_GitHub\data\real_munich\data\bohrungen_epsg25832_shp\bohrungen.shp,646.0,7835BG008625,coordinates,outside_model_inside_legacy_buffer,info,,,,,,retain_for_conditioning,pending
raw,GRID_D22_GitHub\data\real_munich\data\bohrungen_epsg25832_shp\bohrungen.shp,647.0,7835BG008629,coordinates,outside_model_inside_legacy_buffer,info,,,,,,retain_for_conditioning,pending
raw,GRID_D22_GitHub\data\real_munich\data\bohrungen_epsg25832_shp\bohrungen.shp,649.0,7835BG008637,coordinates,outside_model_inside_legacy_buffer,info,,,,,,retain_for_conditioning,pending
raw,GRID_D22_GitHub\data\real_munich\data\bohrungen_epsg25832_shp\bohrungen.shp,650.0,7835BG008640,coordinates,outside_model_inside_legacy_buffer,info,,,,,,retain_for_conditioning,pending
raw,GRID_D22_GitHub\data\real_munich\data\bohrungen_epsg25832_shp\bohrungen.shp,654.0,7835BG009282,coordinates,outside_model_inside_legacy_buffer,info,,,,,,retain_for_conditioning,pending
raw,GRID_D22_GitHub\data\real_munich\data\bohrungen_epsg25832_shp\bohrungen.shp,656.0,7835BG009475,coordinates,outside_model_inside_legacy_buffer,info,,,,,,retain_for_conditioning,pending
raw,GRID_D22_GitHub\data\real_munich\data\bohrungen_epsg25832_shp\bohrungen.shp,657.0,7835BG009483,coordinates,outside_model_inside_legacy_buffer,info,,,,,,retain_for_conditioning,pending
raw,GRID_D22_GitHub\data\real_munich\data\bohrungen_epsg25832_shp\bohrungen.shp,658.0,7835BG010124,coordinates,outside_model_inside_legacy_buffer,info,,,,,,retain_for_conditioning,pending
raw,GRID_D22_GitHub\data\real_munich\data\bohrungen_epsg25832_shp\bohrungen.shp,659.0,7835BG010127,coordinates,outside_model_inside_legacy_buffer,info,,,,,,retain_for_conditioning,pending
raw,GRID_D22_GitHub\data\real_munich\data\bohrungen_epsg25832_shp\bohrungen.shp,660.0,7835BG010135,coordinates,outside_model_inside_legacy_buffer,info,,,,,,retain_for_conditioning,pending
raw,GRID_D22_GitHub\data\real_munich\data\bohrungen_epsg25832_shp\bohrungen.shp,662.0,7835BG010150,coordinates,outside_model_inside_legacy_buffer,info,,,,,,retain_for_conditioning,pending
raw,GRID_D22_GitHub\data\real_munich\data\bohrungen_epsg25832_shp\bohrungen.shp,669.0,7835BG008644,coordinates,outside_model_inside_legacy_buffer,info,,,,,,retain_for_conditioning,pending
raw,GRID_D22_GitHub\data\real_munich\data\bohrungen_epsg25832_shp\bohrungen.shp,670.0,7835BG008648,coordinates,outside_model_inside_legacy_buffer,info,,,,,,retain_for_conditioning,pending
raw,GRID_D22_GitHub\data\real_munich\data\bohrungen_epsg25832_shp\bohrungen.shp,671.0,7835BG008652,coordinates,outside_model_inside_legacy_buffer,info,,,,,,retain_for_conditioning,pending
raw,GRID_D22_GitHub\data\real_munich\data\bohrungen_epsg25832_shp\bohrungen.shp,672.0,7835BG008655,coordinates,outside_model_inside_legacy_buffer,info,,,,,,retain_for_conditioning,pending
raw,GRID_D22_GitHub\data\real_munich\data\bohrungen_epsg25832_shp\bohrungen.shp,673.0,7835BG008658,coordinates,outside_model_inside_legacy_buffer,info,,,,,,retain_for_conditioning,pending
raw,GRID_D22_GitHub\data\real_munich\data\bohrungen_epsg25832_shp\bohrungen.shp,674.0,7835BG008659,coordinates,outside_model_inside_legacy_buffer,info,,,,,,retain_for_conditioning,pending
raw,GRID_D22_GitHub\data\real_munich\data\bohrungen_epsg25832_shp\bohrungen.shp,675.0,7835BG008660,coordinates,outside_model_inside_legacy_buffer,info,,,,,,retain_for_conditioning,pending
raw,GRID_D22_GitHub\data\real_munich\data\bohrungen_epsg25832_shp\bohrungen.shp,676.0,7835BG008662,coordinates,outside_model_inside_legacy_buffer,info,,,,,,retain_for_conditioning,pending
raw,GRID_D22_GitHub\data\real_munich\data\bohrungen_epsg25832_shp\bohrungen.shp,677.0,7835BG009661,coordinates,outside_model_inside_legacy_buffer,info,,,,,,retain_for_conditioning,pending
raw,GRID_D22_GitHub\data\real_munich\data\bohrungen_epsg25832_shp\bohrungen.shp,678.0,7835BG009681,coordinates,outside_model_inside_legacy_buffer,info,,,,,,retain_for_conditioning,pending
raw,GRID_D22_GitHub\data\real_munich\data\bohrungen_epsg25832_shp\bohrungen.shp,684.0,7835BG010191,coordinates,outside_model_inside_legacy_buffer,info,,,,,,retain_for_conditioning,pending
raw,GRID_D22_GitHub\data\real_munich\data\bohrungen_epsg25832_shp\bohrungen.shp,685.0,7835BG010195,coordinates,outside_model_inside_legacy_buffer,info,,,,,,retain_for_conditioning,pending
raw,GRID_D22_GitHub\data\real_munich\data\bohrungen_epsg25832_shp\bohrungen.shp,686.0,7835BG010199,coordinates,outside_model_inside_legacy_buffer,info,,,,,,retain_for_conditioning,pending
raw,GRID_D22_GitHub\data\real_munich\data\bohrungen_epsg25832_shp\bohrungen.shp,687.0,7835BG010377,coordinates,outside_model_inside_legacy_buffer,info,,,,,,retain_for_conditioning,pending
raw,GRID_D22_GitHub\data\real_munich\data\bohrungen_epsg25832_shp\bohrungen.shp,688.0,7835BG010378,coordinates,outside_model_inside_legacy_buffer,info,,,,,,retain_for_conditioning,pending
raw,GRID_D22_GitHub\data\real_munich\data\bohrungen_epsg25832_shp\bohrungen.shp,690.0,7835BG010382,coordinates,outside_model_inside_legacy_buffer,info,,,,,,retain_for_conditioning,pending
raw,GRID_D22_GitHub\data\real_munich\data\bohrungen_epsg25832_shp\bohrungen.shp,694.0,7835BG010203,coordinates,outside_model_inside_legacy_buffer,info,,,,,,retain_for_conditioning,pending
raw,GRID_D22_GitHub\data\real_munich\data\bohrungen_epsg25832_shp\bohrungen.shp,695.0,7835BG010205,coordinates,outside_model_inside_legacy_buffer,info,,,,,,retain_for_conditioning,pending
raw,GRID_D22_GitHub\data\real_munich\data\bohrungen_epsg25832_shp\bohrungen.shp,696.0,7835BG010207,coordinates,outside_model_inside_legacy_buffer,info,,,,,,retain_for_conditioning,pending
raw,GRID_D22_GitHub\data\real_munich\data\bohrungen_epsg25832_shp\bohrungen.shp,697.0,7835BG008339,coordinates,outside_model_inside_legacy_buffer,info,,,,,,retain_for_conditioning,pending
raw,GRID_D22_GitHub\data\real_munich\data\bohrungen_epsg25832_shp\bohrungen.shp,699.0,7835BG010988,coordinates,outside_model_inside_legacy_buffer,info,,,,,,retain_for_conditioning,pending
raw,GRID_D22_GitHub\data\real_munich\data\bohrungen_epsg25832_shp\bohrungen.shp,700.0,7835BG010991,coordinates,outside_model_inside_legacy_buffer,info,,,,,,retain_for_conditioning,pending
raw,GRID_D22_GitHub\data\real_munich\data\bohrungen_epsg25832_shp\bohrungen.shp,701.0,7835BG010992,coordinates,outside_model_inside_legacy_buffer,info,,,,,,retain_for_conditioning,pending
raw,GRID_D22_GitHub\data\real_munich\data\bohrungen_epsg25832_shp\bohrungen.shp,702.0,7835BG010993,coordinates,outside_model_inside_legacy_buffer,info,,,,,,retain_for_conditioning,pending
raw,GRID_D22_GitHub\data\real_munich\data\bohrungen_epsg25832_shp\bohrungen.shp,705.0,7835BG011003,coordinates,outside_model_inside_legacy_buffer,info,,,,,,retain_for_conditioning,pending
raw,GRID_D22_GitHub\data\real_munich\data\bohrungen_epsg25832_shp\bohrungen.shp,708.0,7835BG012090,coordinates,outside_model_inside_legacy_buffer,info,,,,,,retain_for_conditioning,pending
raw,GRID_D22_GitHub\data\real_munich\data\bohrungen_epsg25832_shp\bohrungen.shp,709.0,7835BG012101,coordinates,outside_model_inside_legacy_buffer,info,,,,,,retain_for_conditioning,pending
raw,GRID_D22_GitHub\data\real_munich\data\bohrungen_epsg25832_shp\bohrungen.shp,711.0,7835BG012851,coordinates,outside_model_inside_legacy_buffer,info,,,,,,retain_for_conditioning,pending
raw,GRID_D22_GitHub\data\real_munich\data\bohrungen_epsg25832_shp\bohrungen.shp,715.0,7835BG009107,coordinates,outside_model_inside_legacy_buffer,info,,,,,,retain_for_conditioning,pending
raw,GRID_D22_GitHub\data\real_munich\data\bohrungen_epsg25832_shp\bohrungen.shp,718.0,7835BG011089,coordinates,outside_model_inside_legacy_buffer,info,,,,,,retain_for_conditioning,pending
raw,GRID_D22_GitHub\data\real_munich\data\bohrungen_epsg25832_shp\bohrungen.shp,720.0,7835BG009122,coordinates,outside_model_inside_legacy_buffer,info,,,,,,retain_for_conditioning,pending
raw,GRID_D22_GitHub\data\real_munich\data\bohrungen_epsg25832_shp\bohrungen.shp,726.0,7835BG009138,coordinates,outside_model_inside_legacy_buffer,info,,,,,,retain_for_conditioning,pending
raw,GRID_D22_GitHub\data\real_munich\data\bohrungen_epsg25832_shp\bohrungen.shp,727.0,7835BG009789,coordinates,outside_model_inside_legacy_buffer,info,,,,,,retain_for_conditioning,pending
raw,GRID_D22_GitHub\data\real_munich\data\bohrungen_epsg25832_shp\bohrungen.shp,730.0,7835BG011946,coordinates,outside_model_inside_legacy_buffer,info,,,,,,retain_for_conditioning,pending
raw,GRID_D22_GitHub\data\real_munich\data\bohrungen_epsg25832_shp\bohrungen.shp,731.0,7835BG011957,coordinates,outside_model_inside_legacy_buffer,info,,,,,,retain_for_conditioning,pending
raw,GRID_D22_GitHub\data\real_munich\data\bohrungen_epsg25832_shp\bohrungen.shp,732.0,7835BG011960,coordinates,outside_model_inside_legacy_buffer,info,,,,,,retain_for_conditioning,pending
raw,GRID_D22_GitHub\data\real_munich\data\bohrungen_epsg25832_shp\bohrungen.shp,733.0,7835BG011961,coordinates,outside_model_inside_legacy_buffer,info,,,,,,retain_for_conditioning,pending
raw,GRID_D22_GitHub\data\real_munich\data\bohrungen_epsg25832_shp\bohrungen.shp,734.0,7835BG012328,coordinates,outside_model_inside_legacy_buffer,info,,,,,,retain_for_conditioning,pending
raw,GRID_D22_GitHub\data\real_munich\data\bohrungen_epsg25832_shp\bohrungen.shp,739.0,7835BG010888,coordinates,outside_model_inside_legacy_buffer,info,,,,,,retain_for_conditioning,pending
raw,GRID_D22_GitHub\data\real_munich\data\bohrungen_epsg25832_shp\bohrungen.shp,741.0,7835BG011101,coordinates,outside_model_inside_legacy_buffer,info,,,,,,retain_for_conditioning,pending
raw,GRID_D22_GitHub\data\real_munich\data\bohrungen_epsg25832_shp\bohrungen.shp,743.0,7835BG009149,coordinates,outside_model_inside_legacy_buffer,info,,,,,,retain_for_conditioning,pending
raw,GRID_D22_GitHub\data\real_munich\data\bohrungen_epsg25832_shp\bohrungen.shp,745.0,7835BG011107,coordinates,outside_model_inside_legacy_buffer,info,,,,,,retain_for_conditioning,pending
raw,GRID_D22_GitHub\data\real_munich\data\bohrungen_epsg25832_shp\bohrungen.shp,746.0,7835BG011115,coordinates,outside_model_inside_legacy_buffer,info,,,,,,retain_for_conditioning,pending
raw,GRID_D22_GitHub\data\real_munich\data\bohrungen_epsg25832_shp\bohrungen.shp,747.0,7835BG011119,coordinates,outside_model_inside_legacy_buffer,info,,,,,,retain_for_conditioning,pending
raw,GRID_D22_GitHub\data\real_munich\data\bohrungen_epsg25832_shp\bohrungen.shp,749.0,7835BG011971,coordinates,outside_model_inside_legacy_buffer,info,,,,,,retain_for_conditioning,pending
raw,GRID_D22_GitHub\data\real_munich\data\bohrungen_epsg25832_shp\bohrungen.shp,753.0,7835BG009175,coordinates,outside_model_inside_legacy_buffer,info,,,,,,retain_for_conditioning,pending
raw,GRID_D22_GitHub\data\real_munich\data\bohrungen_epsg25832_shp\bohrungen.shp,758.0,7835BG012344,coordinates,outside_model_inside_legacy_buffer,info,,,,,,retain_for_conditioning,pending
raw,GRID_D22_GitHub\data\real_munich\data\bohrungen_epsg25832_shp\bohrungen.shp,759.0,7835BG012355,coordinates,outside_model_inside_legacy_buffer,info,,,,,,retain_for_conditioning,pending
raw,GRID_D22_GitHub\data\real_munich\data\bohrungen_epsg25832_shp\bohrungen.shp,760.0,7835BG012366,coordinates,outside_model_inside_legacy_buffer,info,,,,,,retain_for_conditioning,pending
raw,GRID_D22_GitHub\data\real_munich\data\bohrungen_epsg25832_shp\bohrungen.shp,761.0,7835BG011999,coordinates,outside_model_inside_legacy_buffer,info,,,,,,retain_for_conditioning,pending
raw,GRID_D22_GitHub\data\real_munich\data\bohrungen_epsg25832_shp\bohrungen.shp,762.0,7835BG012010,coordinates,outside_model_inside_legacy_buffer,info,,,,,,retain_for_conditioning,pending
raw,GRID_D22_GitHub\data\real_munich\data\bohrungen_epsg25832_shp\bohrungen.shp,767.0,7835BG012545,coordinates,outside_model_inside_legacy_buffer,info,,,,,,retain_for_conditioning,pending
raw,GRID_D22_GitHub\data\real_munich\data\bohrungen_epsg25832_shp\bohrungen.shp,768.0,7835BG013355,coordinates,outside_model_inside_legacy_buffer,info,,,,,,retain_for_conditioning,pending
raw,GRID_D22_GitHub\data\real_munich\data\bohrungen_epsg25832_shp\bohrungen.shp,769.0,7835BG013358,coordinates,outside_model_inside_legacy_buffer,info,,,,,,retain_for_conditioning,pending
raw,GRID_D22_GitHub\data\real_munich\data\bohrungen_epsg25832_shp\bohrungen.shp,770.0,7835BG008500,coordinates,outside_model_inside_legacy_buffer,info,,,,,,retain_for_conditioning,pending
raw,GRID_D22_GitHub\data\real_munich\data\bohrungen_epsg25832_shp\bohrungen.shp,771.0,7835BG008501,coordinates,outside_model_inside_legacy_buffer,info,,,,,,retain_for_conditioning,pending
raw,GRID_D22_GitHub\data\real_munich\data\bohrungen_epsg25832_shp\bohrungen.shp,772.0,7835BG008503,coordinates,outside_model_inside_legacy_buffer,info,,,,,,retain_for_conditioning,pending
raw,GRID_D22_GitHub\data\real_munich\data\bohrungen_epsg25832_shp\bohrungen.shp,773.0,7835BG009194,coordinates,outside_model_inside_legacy_buffer,info,,,,,,retain_for_conditioning,pending
raw,GRID_D22_GitHub\data\real_munich\data\bohrungen_epsg25832_shp\bohrungen.shp,775.0,7835BG010962,coordinates,outside_model_inside_legacy_buffer,info,,,,,,retain_for_conditioning,pending
raw,GRID_D22_GitHub\data\real_munich\data\bohrungen_epsg25832_shp\bohrungen.shp,776.0,7835BG010965,coordinates,outside_model_inside_legacy_buffer,info,,,,,,retain_for_conditioning,pending
raw,GRID_D22_GitHub\data\real_munich\data\bohrungen_epsg25832_shp\bohrungen.shp,777.0,7835BG012026,coordinates,outside_model_inside_legacy_buffer,info,,,,,,retain_for_conditioning,pending
raw,GRID_D22_GitHub\data\real_munich\data\bohrungen_epsg25832_shp\bohrungen.shp,778.0,7835BG012032,coordinates,outside_model_inside_legacy_buffer,info,,,,,,retain_for_conditioning,pending
raw,GRID_D22_GitHub\data\real_munich\data\bohrungen_epsg25832_shp\bohrungen.shp,781.0,7835BG009210,coordinates,outside_model_inside_legacy_buffer,info,,,,,,retain_for_conditioning,pending
raw,GRID_D22_GitHub\data\real_munich\data\bohrungen_epsg25832_shp\bohrungen.shp,782.0,7835BG009221,coordinates,outside_model_inside_legacy_buffer,info,,,,,,retain_for_conditioning,pending
raw,GRID_D22_GitHub\data\real_munich\data\bohrungen_epsg25832_shp\bohrungen.shp,783.0,7835BG009225,coordinates,outside_model_inside_legacy_buffer,info,,,,,,retain_for_conditioning,pending
raw,GRID_D22_GitHub\data\real_munich\data\bohrungen_epsg25832_shp\bohrungen.shp,784.0,7835BG009226,coordinates,outside_model_inside_legacy_buffer,info,,,,,,retain_for_conditioning,pending
raw,GRID_D22_GitHub\data\real_munich\data\bohrungen_epsg25832_shp\bohrungen.shp,785.0,7835BG009227,coordinates,outside_model_inside_legacy_buffer,info,,,,,,retain_for_conditioning,pending
raw,GRID_D22_GitHub\data\real_munich\data\bohrungen_epsg25832_shp\bohrungen.shp,787.0,7835BG012037,coordinates,outside_model_inside_legacy_buffer,info,,,,,,retain_for_conditioning,pending
raw,GRID_D22_GitHub\data\real_munich\data\bohrungen_epsg25832_shp\bohrungen.shp,788.0,7835BG012043,coordinates,outside_model_inside_legacy_buffer,info,,,,,,retain_for_conditioning,pending
raw,GRID_D22_GitHub\data\real_munich\data\bohrungen_epsg25832_shp\bohrungen.shp,789.0,7835BG012135,coordinates,outside_model_inside_legacy_buffer,info,,,,,,retain_for_conditioning,pending
raw,GRID_D22_GitHub\data\real_munich\data\bohrungen_epsg25832_shp\bohrungen.shp,790.0,7835BG012146,coordinates,outside_model_inside_legacy_buffer,info,,,,,,retain_for_conditioning,pending
raw,GRID_D22_GitHub\data\real_munich\data\bohrungen_epsg25832_shp\bohrungen.shp,793.0,7835BG012874,coordinates,outside_model_inside_legacy_buffer,info,,,,,,retain_for_conditioning,pending
raw,GRID_D22_GitHub\data\real_munich\data\bohrungen_epsg25832_shp\bohrungen.shp,794.0,7835BG012884,coordinates,outside_model_inside_legacy_buffer,info,,,,,,retain_for_conditioning,pending
raw,GRID_D22_GitHub\data\real_munich\data\bohrungen_epsg25832_shp\bohrungen.shp,795.0,7835BG012885,coordinates,outside_model_inside_legacy_buffer,info,,,,,,retain_for_conditioning,pending
raw,GRID_D22_GitHub\data\real_munich\data\bohrungen_epsg25832_shp\bohrungen.shp,796.0,7835BG012895,coordinates,outside_model_inside_legacy_buffer,info,,,,,,retain_for_conditioning,pending
raw,GRID_D22_GitHub\data\real_munich\data\bohrungen_epsg25832_shp\bohrungen.shp,797.0,7835BG012195,coordinates,outside_model_inside_legacy_buffer,info,,,,,,retain_for_conditioning,pending
raw,GRID_D22_GitHub\data\real_munich\data\bohrungen_epsg25832_shp\bohrungen.shp,798.0,7835BG012901,coordinates,outside_model_inside_legacy_buffer,info,,,,,,retain_for_conditioning,pending
raw,GRID_D22_GitHub\data\real_munich\data\bohrungen_epsg25832_shp\bohrungen.shp,800.0,7835BG012929,coordinates,outside_model_inside_legacy_buffer,info,,,,,,retain_for_conditioning,pending
raw,GRID_D22_GitHub\data\real_munich\data\bohrungen_epsg25832_shp\bohrungen.shp,801.0,7835BG012931,coordinates,outside_model_inside_legacy_buffer,info,,,,,,retain_for_conditioning,pending
raw,GRID_D22_GitHub\data\real_munich\data\bohrungen_epsg25832_shp\bohrungen.shp,808.0,7835BG011387,coordinates,outside_model_inside_legacy_buffer,info,,,,,,retain_for_conditioning,pending
raw,GRID_D22_GitHub\data\real_munich\data\bohrungen_epsg25832_shp\bohrungen.shp,809.0,7835BG011394,coordinates,outside_model_inside_legacy_buffer,info,,,,,,retain_for_conditioning,pending
raw,GRID_D22_GitHub\data\real_munich\data\bohrungen_epsg25832_shp\bohrungen.shp,810.0,7835BG012206,coordinates,outside_model_inside_legacy_buffer,info,,,,,,retain_for_conditioning,pending
raw,GRID_D22_GitHub\data\real_munich\data\bohrungen_epsg25832_shp\bohrungen.shp,811.0,7835BG012228,coordinates,outside_model_inside_legacy_buffer,info,,,,,,retain_for_conditioning,pending
raw,GRID_D22_GitHub\data\real_munich\data\bohrungen_epsg25832_shp\bohrungen.shp,812.0,7835BG017258,coordinates,outside_model_inside_legacy_buffer,info,,,,,,retain_for_conditioning,pending
raw,GRID_D22_GitHub\data\real_munich\data\bohrungen_epsg25832_shp\bohrungen.shp,814.0,7835BG007561,coordinates,outside_model_inside_legacy_buffer,info,,,,,,retain_for_conditioning,pending
raw,GRID_D22_GitHub\data\real_munich\data\bohrungen_epsg25832_shp\bohrungen.shp,815.0,7835BG001711,coordinates,outside_model_inside_legacy_buffer,info,,,,,,retain_for_conditioning,pending
raw,GRID_D22_GitHub\data\real_munich\data\bohrungen_epsg25832_shp\bohrungen.shp,816.0,7835BG000753,coordinates,outside_model_inside_legacy_buffer,info,,,,,,retain_for_conditioning,pending
raw,GRID_D22_GitHub\data\real_munich\data\bohrungen_epsg25832_shp\bohrungen.shp,817.0,7835BG002083,coordinates,outside_model_inside_legacy_buffer,info,,,,,,retain_for_conditioning,pending
raw,GRID_D22_GitHub\data\real_munich\data\bohrungen_epsg25832_shp\bohrungen.shp,818.0,7835BG002086,coordinates,outside_model_inside_legacy_buffer,info,,,,,,retain_for_conditioning,pending
raw,GRID_D22_GitHub\data\real_munich\data\bohrungen_epsg25832_shp\bohrungen.shp,819.0,7835BG002099,coordinates,outside_model_inside_legacy_buffer,info,,,,,,retain_for_conditioning,pending
raw,GRID_D22_GitHub\data\real_munich\data\bohrungen_epsg25832_shp\bohrungen.shp,820.0,7835BG002934,coordinates,outside_model_inside_legacy_buffer,info,,,,,,retain_for_conditioning,pending
raw,GRID_D22_GitHub\data\real_munich\data\bohrungen_epsg25832_shp\bohrungen.shp,821.0,7835BG002935,coordinates,outside_model_inside_legacy_buffer,info,,,,,,retain_for_conditioning,pending
raw,GRID_D22_GitHub\data\real_munich\data\bohrungen_epsg25832_shp\bohrungen.shp,822.0,7835BG002936,coordinates,outside_model_inside_legacy_buffer,info,,,,,,retain_for_conditioning,pending
raw,GRID_D22_GitHub\data\real_munich\data\bohrungen_epsg25832_shp\bohrungen.shp,823.0,7835BG002939,coordinates,outside_model_inside_legacy_buffer,info,,,,,,retain_for_conditioning,pending
raw,GRID_D22_GitHub\data\real_munich\data\bohrungen_epsg25832_shp\bohrungen.shp,824.0,7835BG002942,coordinates,outside_model_inside_legacy_buffer,info,,,,,,retain_for_conditioning,pending
raw,GRID_D22_GitHub\data\real_munich\data\bohrungen_epsg25832_shp\bohrungen.shp,825.0,7835BG002946,coordinates,outside_model_inside_legacy_buffer,info,,,,,,retain_for_conditioning,pending
raw,GRID_D22_GitHub\data\real_munich\data\bohrungen_epsg25832_shp\bohrungen.shp,826.0,7835BG002970,coordinates,outside_model_inside_legacy_buffer,info,,,,,,retain_for_conditioning,pending
raw,GRID_D22_GitHub\data\real_munich\data\bohrungen_epsg25832_shp\bohrungen.shp,827.0,7835BG002974,coordinates,outside_model_inside_legacy_buffer,info,,,,,,retain_for_conditioning,pending
raw,GRID_D22_GitHub\data\real_munich\data\bohrungen_epsg25832_shp\bohrungen.shp,828.0,7835BG002978,coordinates,outside_model_inside_legacy_buffer,info,,,,,,retain_for_conditioning,pending
raw,GRID_D22_GitHub\data\real_munich\data\bohrungen_epsg25832_shp\bohrungen.shp,829.0,7835BG002981,coordinates,outside_model_inside_legacy_buffer,info,,,,,,retain_for_conditioning,pending
raw,GRID_D22_GitHub\data\real_munich\data\bohrungen_epsg25832_shp\bohrungen.shp,830.0,7835BG002985,coordinates,outside_model_inside_legacy_buffer,info,,,,,,retain_for_conditioning,pending
raw,GRID_D22_GitHub\data\real_munich\data\bohrungen_epsg25832_shp\bohrungen.shp,831.0,7835BG000825,coordinates,outside_model_inside_legacy_buffer,info,,,,,,retain_for_conditioning,pending
raw,GRID_D22_GitHub\data\real_munich\data\bohrungen_epsg25832_shp\bohrungen.shp,832.0,7835BG000859,coordinates,outside_model_inside_legacy_buffer,info,,,,,,retain_for_conditioning,pending
raw,GRID_D22_GitHub\data\real_munich\data\bohrungen_epsg25832_shp\bohrungen.shp,835.0,7835BG002989,coordinates,outside_model_inside_legacy_buffer,info,,,,,,retain_for_conditioning,pending
raw,GRID_D22_GitHub\data\real_munich\data\bohrungen_epsg25832_shp\bohrungen.shp,836.0,7835BG002993,coordinates,outside_model_inside_legacy_buffer,info,,,,,,retain_for_conditioning,pending
raw,GRID_D22_GitHub\data\real_munich\data\bohrungen_epsg25832_shp\bohrungen.shp,837.0,7835BG002996,coordinates,outside_model_inside_legacy_buffer,info,,,,,,retain_for_conditioning,pending
raw,GRID_D22_GitHub\data\real_munich\data\bohrungen_epsg25832_shp\bohrungen.shp,838.0,7835BG003000,coordinates,outside_model_inside_legacy_buffer,info,,,,,,retain_for_conditioning,pending
raw,GRID_D22_GitHub\data\real_munich\data\bohrungen_epsg25832_shp\bohrungen.shp,839.0,7835BG003004,coordinates,outside_model_inside_legacy_buffer,info,,,,,,retain_for_conditioning,pending
raw,GRID_D22_GitHub\data\real_munich\data\bohrungen_epsg25832_shp\bohrungen.shp,840.0,7835BG003005,coordinates,outside_model_inside_legacy_buffer,info,,,,,,retain_for_conditioning,pending
raw,GRID_D22_GitHub\data\real_munich\data\bohrungen_epsg25832_shp\bohrungen.shp,841.0,7835BG003006,coordinates,outside_model_inside_legacy_buffer,info,,,,,,retain_for_conditioning,pending
raw,GRID_D22_GitHub\data\real_munich\data\bohrungen_epsg25832_shp\bohrungen.shp,843.0,7835BG002816,coordinates,outside_model_inside_legacy_buffer,info,,,,,,retain_for_conditioning,pending
raw,GRID_D22_GitHub\data\real_munich\data\bohrungen_epsg25832_shp\bohrungen.shp,844.0,7835BG002820,coordinates,outside_model_inside_legacy_buffer,info,,,,,,retain_for_conditioning,pending
raw,GRID_D22_GitHub\data\real_munich\data\bohrungen_epsg25832_shp\bohrungen.shp,845.0,7835BG002823,coordinates,outside_model_inside_legacy_buffer,info,,,,,,retain_for_conditioning,pending
raw,GRID_D22_GitHub\data\real_munich\data\bohrungen_epsg25832_shp\bohrungen.shp,846.0,7835BG002827,coordinates,outside_model_inside_legacy_buffer,info,,,,,,retain_for_conditioning,pending
raw,GRID_D22_GitHub\data\real_munich\data\bohrungen_epsg25832_shp\bohrungen.shp,847.0,7835BG002831,coordinates,outside_model_inside_legacy_buffer,info,,,,,,retain_for_conditioning,pending
raw,GRID_D22_GitHub\data\real_munich\data\bohrungen_epsg25832_shp\bohrungen.shp,848.0,7835BG002835,coordinates,outside_model_inside_legacy_buffer,info,,,,,,retain_for_conditioning,pending
raw,GRID_D22_GitHub\data\real_munich\data\bohrungen_epsg25832_shp\bohrungen.shp,849.0,7835BG002839,coordinates,outside_model_inside_legacy_buffer,info,,,,,,retain_for_conditioning,pending
raw,GRID_D22_GitHub\data\real_munich\data\bohrungen_epsg25832_shp\bohrungen.shp,850.0,7835BG002842,coordinates,outside_model_inside_legacy_buffer,info,,,,,,retain_for_conditioning,pending
raw,GRID_D22_GitHub\data\real_munich\data\bohrungen_epsg25832_shp\bohrungen.shp,851.0,7835BG000656,coordinates,outside_model_inside_legacy_buffer,info,,,,,,retain_for_conditioning,pending
raw,GRID_D22_GitHub\data\real_munich\data\bohrungen_epsg25832_shp\bohrungen.shp,852.0,7835BG000686,coordinates,outside_model_inside_legacy_buffer,info,,,,,,retain_for_conditioning,pending
raw,GRID_D22_GitHub\data\real_munich\data\bohrungen_epsg25832_shp\bohrungen.shp,853.0,7835BG000693,coordinates,outside_model_inside_legacy_buffer,info,,,,,,retain_for_conditioning,pending
raw,GRID_D22_GitHub\data\real_munich\data\bohrungen_epsg25832_shp\bohrungen.shp,854.0,7835BG000941,coordinates,outside_model_inside_legacy_buffer,info,,,,,,retain_for_conditioning,pending
raw,GRID_D22_GitHub\data\real_munich\data\bohrungen_epsg25832_shp\bohrungen.shp,856.0,7835BG000953,coordinates,outside_model_inside_legacy_buffer,info,,,,,,retain_for_conditioning,pending
raw,GRID_D22_GitHub\data\real_munich\data\bohrungen_epsg25832_shp\bohrungen.shp,857.0,7835BG000994,coordinates,outside_model_inside_legacy_buffer,info,,,,,,retain_for_conditioning,pending
raw,GRID_D22_GitHub\data\real_munich\data\bohrungen_epsg25832_shp\bohrungen.shp,858.0,7835BG004200,coordinates,outside_model_inside_legacy_buffer,info,,,,,,retain_for_conditioning,pending
raw,GRID_D22_GitHub\data\real_munich\data\bohrungen_epsg25832_shp\bohrungen.shp,859.0,7835BG004204,coordinates,outside_model_inside_legacy_buffer,info,,,,,,retain_for_conditioning,pending
raw,GRID_D22_GitHub\data\real_munich\data\bohrungen_epsg25832_shp\bohrungen.shp,860.0,7835BG004207,coordinates,outside_model_inside_legacy_buffer,info,,,,,,retain_for_conditioning,pending
raw,GRID_D22_GitHub\data\real_munich\data\bohrungen_epsg25832_shp\bohrungen.shp,861.0,7835BG004211,coordinates,outside_model_inside_legacy_buffer,info,,,,,,retain_for_conditioning,pending
raw,GRID_D22_GitHub\data\real_munich\data\bohrungen_epsg25832_shp\bohrungen.shp,863.0,7835BG004219,coordinates,outside_model_inside_legacy_buffer,info,,,,,,retain_for_conditioning,pending
raw,GRID_D22_GitHub\data\real_munich\data\bohrungen_epsg25832_shp\bohrungen.shp,866.0,7835BG004230,coordinates,outside_model_inside_legacy_buffer,info,,,,,,retain_for_conditioning,pending
raw,GRID_D22_GitHub\data\real_munich\data\bohrungen_epsg25832_shp\bohrungen.shp,868.0,7835BG004238,coordinates,outside_model_inside_legacy_buffer,info,,,,,,retain_for_conditioning,pending
raw,GRID_D22_GitHub\data\real_munich\data\bohrungen_epsg25832_shp\bohrungen.shp,884.0,7835BG004245,coordinates,outside_model_inside_legacy_buffer,info,,,,,,retain_for_conditioning,pending
raw,GRID_D22_GitHub\data\real_munich\data\bohrungen_epsg25832_shp\bohrungen.shp,885.0,7835BG004249,coordinates,outside_model_inside_legacy_buffer,info,,,,,,retain_for_conditioning,pending
raw,GRID_D22_GitHub\data\real_munich\data\bohrungen_epsg25832_shp\bohrungen.shp,886.0,7835BG005323,coordinates,outside_model_inside_legacy_buffer,info,,,,,,retain_for_conditioning,pending
raw,GRID_D22_GitHub\data\real_munich\data\bohrungen_epsg25832_shp\bohrungen.shp,887.0,7835BG005330,coordinates,outside_model_inside_legacy_buffer,info,,,,,,retain_for_conditioning,pending
raw,GRID_D22_GitHub\data\real_munich\data\bohrungen_epsg25832_shp\bohrungen.shp,888.0,7835BG005357,coordinates,outside_model_inside_legacy_buffer,info,,,,,,retain_for_conditioning,pending
raw,GRID_D22_GitHub\data\real_munich\data\bohrungen_epsg25832_shp\bohrungen.shp,889.0,7835BG000216,coordinates,outside_model_inside_legacy_buffer,info,,,,,,retain_for_conditioning,pending
raw,GRID_D22_GitHub\data\real_munich\data\bohrungen_epsg25832_shp\bohrungen.shp,890.0,7835BG000217,coordinates,outside_model_inside_legacy_buffer,info,,,,,,retain_for_conditioning,pending
raw,GRID_D22_GitHub\data\real_munich\data\bohrungen_epsg25832_shp\bohrungen.shp,891.0,7835BG000218,coordinates,outside_model_inside_legacy_buffer,info,,,,,,retain_for_conditioning,pending
raw,GRID_D22_GitHub\data\real_munich\data\bohrungen_epsg25832_shp\bohrungen.shp,893.0,7835BG003953,coordinates,outside_model_inside_legacy_buffer,info,,,,,,retain_for_conditioning,pending
raw,GRID_D22_GitHub\data\real_munich\data\bohrungen_epsg25832_shp\bohrungen.shp,896.0,7835BG003980,coordinates,outside_model_inside_legacy_buffer,info,,,,,,retain_for_conditioning,pending
raw,GRID_D22_GitHub\data\real_munich\data\bohrungen_epsg25832_shp\bohrungen.shp,897.0,7835BG005359,coordinates,outside_model_inside_legacy_buffer,info,,,,,,retain_for_conditioning,pending
raw,GRID_D22_GitHub\data\real_munich\data\bohrungen_epsg25832_shp\bohrungen.shp,898.0,7835BG005366,coordinates,outside_model_inside_legacy_buffer,info,,,,,,retain_for_conditioning,pending
raw,GRID_D22_GitHub\data\real_munich\data\bohrungen_epsg25832_shp\bohrungen.shp,899.0,7835BG005370,coordinates,outside_model_inside_legacy_buffer,info,,,,,,retain_for_conditioning,pending
raw,GRID_D22_GitHub\data\real_munich\data\bohrungen_epsg25832_shp\bohrungen.shp,900.0,7835BG005374,coordinates,outside_model_inside_legacy_buffer,info,,,,,,retain_for_conditioning,pending
raw,GRID_D22_GitHub\data\real_munich\data\bohrungen_epsg25832_shp\bohrungen.shp,901.0,7835BG005378,coordinates,outside_model_inside_legacy_buffer,info,,,,,,retain_for_conditioning,pending
raw,GRID_D22_GitHub\data\real_munich\data\bohrungen_epsg25832_shp\bohrungen.shp,902.0,7835BG005382,coordinates,outside_model_inside_legacy_buffer,info,,,,,,retain_for_conditioning,pending
raw,GRID_D22_GitHub\data\real_munich\data\bohrungen_epsg25832_shp\bohrungen.shp,903.0,7835BG000219,coordinates,outside_model_inside_legacy_buffer,info,,,,,,retain_for_conditioning,pending
raw,GRID_D22_GitHub\data\real_munich\data\bohrungen_epsg25832_shp\bohrungen.shp,904.0,7835BG000223,coordinates,outside_model_inside_legacy_buffer,info,,,,,,retain_for_conditioning,pending
raw,GRID_D22_GitHub\data\real_munich\data\bohrungen_epsg25832_shp\bohrungen.shp,905.0,7835BG000226,coordinates,outside_model_inside_legacy_buffer,info,,,,,,retain_for_conditioning,pending
raw,GRID_D22_GitHub\data\real_munich\data\bohrungen_epsg25832_shp\bohrungen.shp,906.0,7835BG000230,coordinates,outside_model_inside_legacy_buffer,info,,,,,,retain_for_conditioning,pending
raw,GRID_D22_GitHub\data\real_munich\data\bohrungen_epsg25832_shp\bohrungen.shp,907.0,7835BG000233,coordinates,outside_model_inside_legacy_buffer,info,,,,,,retain_for_conditioning,pending
raw,GRID_D22_GitHub\data\real_munich\data\bohrungen_epsg25832_shp\bohrungen.shp,917.0,7835BG004341,coordinates,outside_model_inside_legacy_buffer,info,,,,,,retain_for_conditioning,pending
raw,GRID_D22_GitHub\data\real_munich\data\bohrungen_epsg25832_shp\bohrungen.shp,918.0,7835BG005385,coordinates,outside_model_inside_legacy_buffer,info,,,,,,retain_for_conditioning,pending
raw,GRID_D22_GitHub\data\real_munich\data\bohrungen_epsg25832_shp\bohrungen.shp,919.0,7835BG005389,coordinates,outside_model_inside_legacy_buffer,info,,,,,,retain_for_conditioning,pending
raw,GRID_D22_GitHub\data\real_munich\data\bohrungen_epsg25832_shp\bohrungen.shp,920.0,7835BG005393,coordinates,outside_model_inside_legacy_buffer,info,,,,,,retain_for_conditioning,pending
raw,GRID_D22_GitHub\data\real_munich\data\bohrungen_epsg25832_shp\bohrungen.shp,921.0,7835BG005397,coordinates,outside_model_inside_legacy_buffer,info,,,,,,retain_for_conditioning,pending
raw,GRID_D22_GitHub\data\real_munich\data\bohrungen_epsg25832_shp\bohrungen.shp,922.0,7835BG005412,coordinates,outside_model_inside_legacy_buffer,info,,,,,,retain_for_conditioning,pending
raw,GRID_D22_GitHub\data\real_munich\data\bohrungen_epsg25832_shp\bohrungen.shp,923.0,7835BG005416,coordinates,outside_model_inside_legacy_buffer,info,,,,,,retain_for_conditioning,pending
raw,GRID_D22_GitHub\data\real_munich\data\bohrungen_epsg25832_shp\bohrungen.shp,933.0,7835BG004007,coordinates,outside_model_inside_legacy_buffer,info,,,,,,retain_for_conditioning,pending
raw,GRID_D22_GitHub\data\real_munich\data\bohrungen_epsg25832_shp\bohrungen.shp,936.0,7835BG004018,coordinates,outside_model_inside_legacy_buffer,info,,,,,,retain_for_conditioning,pending
raw,GRID_D22_GitHub\data\real_munich\data\bohrungen_epsg25832_shp\bohrungen.shp,947.0,7835BG000275,coordinates,outside_model_inside_legacy_buffer,info,,,,,,retain_for_conditioning,pending
raw,GRID_D22_GitHub\data\real_munich\data\bohrungen_epsg25832_shp\bohrungen.shp,948.0,7835BG000278,coordinates,outside_model_inside_legacy_buffer,info,,,,,,retain_for_conditioning,pending
raw,GRID_D22_GitHub\data\real_munich\data\bohrungen_epsg25832_shp\bohrungen.shp,949.0,7835BG000282,coordinates,outside_model_inside_legacy_buffer,info,,,,,,retain_for_conditioning,pending
raw,GRID_D22_GitHub\data\real_munich\data\bohrungen_epsg25832_shp\bohrungen.shp,950.0,7835BG000285,coordinates,outside_model_inside_legacy_buffer,info,,,,,,retain_for_conditioning,pending
raw,GRID_D22_GitHub\data\real_munich\data\bohrungen_epsg25832_shp\bohrungen.shp,951.0,7835BG000287,coordinates,outside_model_inside_legacy_buffer,info,,,,,,retain_for_conditioning,pending
raw,GRID_D22_GitHub\data\real_munich\data\bohrungen_epsg25832_shp\bohrungen.shp,952.0,7835BG000288,coordinates,outside_model_inside_legacy_buffer,info,,,,,,retain_for_conditioning,pending
raw,GRID_D22_GitHub\data\real_munich\data\bohrungen_epsg25832_shp\bohrungen.shp,954.0,7835BG004027,coordinates,outside_model_inside_legacy_buffer,info,,,,,,retain_for_conditioning,pending
raw,GRID_D22_GitHub\data\real_munich\data\bohrungen_epsg25832_shp\bohrungen.shp,956.0,7835BG004034,coordinates,outside_model_inside_legacy_buffer,info,,,,,,retain_for_conditioning,pending
raw,GRID_D22_GitHub\data\real_munich\data\bohrungen_epsg25832_shp\bohrungen.shp,957.0,7835BG004038,coordinates,outside_model_inside_legacy_buffer,info,,,,,,retain_for_conditioning,pending
raw,GRID_D22_GitHub\data\real_munich\data\bohrungen_epsg25832_shp\bohrungen.shp,958.0,7835BG004041,coordinates,outside_model_inside_legacy_buffer,info,,,,,,retain_for_conditioning,pending
raw,GRID_D22_GitHub\data\real_munich\data\bohrungen_epsg25832_shp\bohrungen.shp,959.0,7835BG004044,coordinates,outside_model_inside_legacy_buffer,info,,,,,,retain_for_conditioning,pending
raw,GRID_D22_GitHub\data\real_munich\data\bohrungen_epsg25832_shp\bohrungen.shp,962.0,7835BG004047,coordinates,outside_model_inside_legacy_buffer,info,,,,,,retain_for_conditioning,pending
raw,GRID_D22_GitHub\data\real_munich\data\bohrungen_epsg25832_shp\bohrungen.shp,969.0,7835BG001081,coordinates,outside_model_inside_legacy_buffer,info,,,,,,retain_for_conditioning,pending
raw,GRID_D22_GitHub\data\real_munich\data\bohrungen_epsg25832_shp\bohrungen.shp,970.0,7835BG002420,coordinates,outside_model_inside_legacy_buffer,info,,,,,,retain_for_conditioning,pending
raw,GRID_D22_GitHub\data\real_munich\data\bohrungen_epsg25832_shp\bohrungen.shp,971.0,7835BG002139,coordinates,outside_model_inside_legacy_buffer,info,,,,,,retain_for_conditioning,pending
raw,GRID_D22_GitHub\data\real_munich\data\bohrungen_epsg25832_shp\bohrungen.shp,972.0,7835BG002170,coordinates,outside_model_inside_legacy_buffer,info,,,,,,retain_for_conditioning,pending
raw,GRID_D22_GitHub\data\real_munich\data\bohrungen_epsg25832_shp\bohrungen.shp,973.0,7835BG002171,coordinates,outside_model_inside_legacy_buffer,info,,,,,,retain_for_conditioning,pending
raw,GRID_D22_GitHub\data\real_munich\data\bohrungen_epsg25832_shp\bohrungen.shp,975.0,7835BG004083,coordinates,outside_model_inside_legacy_buffer,info,,,,,,retain_for_conditioning,pending
raw,GRID_D22_GitHub\data\real_munich\data\bohrungen_epsg25832_shp\bohrungen.shp,976.0,7835BG000630,coordinates,outside_model_inside_legacy_buffer,info,,,,,,retain_for_conditioning,pending
raw,GRID_D22_GitHub\data\real_munich\data\bohrungen_epsg25832_shp\bohrungen.shp,977.0,7835BG000633,coordinates,outside_model_inside_legacy_buffer,info,,,,,,retain_for_conditioning,pending
raw,GRID_D22_GitHub\data\real_munich\data\bohrungen_epsg25832_shp\bohrungen.shp,978.0,7835BG000643,coordinates,outside_model_inside_legacy_buffer,info,,,,,,retain_for_conditioning,pending
raw,GRID_D22_GitHub\data\real_munich\data\bohrungen_epsg25832_shp\bohrungen.shp,979.0,7835BG000653,coordinates,outside_model_inside_legacy_buffer,info,,,,,,retain_for_conditioning,pending
raw,GRID_D22_GitHub\data\real_munich\data\bohrungen_epsg25832_shp\bohrungen.shp,982.0,7835BG004102,coordinates,outside_model_inside_legacy_buffer,info,,,,,,retain_for_conditioning,pending
raw,GRID_D22_GitHub\data\real_munich\data\bohrungen_epsg25832_shp\bohrungen.shp,983.0,7835BG004106,coordinates,outside_model_inside_legacy_buffer,info,,,,,,retain_for_conditioning,pending
raw,GRID_D22_GitHub\data\real_munich\data\bohrungen_epsg25832_shp\bohrungen.shp,986.0,7835BG001146,coordinates,outside_model_inside_legacy_buffer,info,,,,,,retain_for_conditioning,pending
raw,GRID_D22_GitHub\data\real_munich\data\bohrungen_epsg25832_shp\bohrungen.shp,988.0,7835BG001414,coordinates,outside_model_inside_legacy_buffer,info,,,,,,retain_for_conditioning,pending
raw,GRID_D22_GitHub\data\real_munich\data\bohrungen_epsg25832_shp\bohrungen.shp,989.0,7835BG001432,coordinates,outside_model_inside_legacy_buffer,info,,,,,,retain_for_conditioning,pending
raw,GRID_D22_GitHub\data\real_munich\data\bohrungen_epsg25832_shp\bohrungen.shp,993.0,7835BG007058,coordinates,outside_model_inside_legacy_buffer,info,,,,,,retain_for_conditioning,pending
raw,GRID_D22_GitHub\data\real_munich\data\bohrungen_epsg25832_shp\bohrungen.shp,994.0,7835BG007062,coordinates,outside_model_inside_legacy_buffer,info,,,,,,retain_for_conditioning,pending
raw,GRID_D22_GitHub\data\real_munich\data\bohrungen_epsg25832_shp\bohrungen.shp,995.0,7835BG002222,coordinates,outside_model_inside_legacy_buffer,info,,,,,,retain_for_conditioning,pending
raw,GRID_D22_GitHub\data\real_munich\data\bohrungen_epsg25832_shp\bohrungen.shp,996.0,7835BG007065,coordinates,outside_model_inside_legacy_buffer,info,,,,,,retain_for_conditioning,pending
raw,GRID_D22_GitHub\data\real_munich\data\bohrungen_epsg25832_shp\bohrungen.shp,997.0,7835BG007069,coordinates,outside_model_inside_legacy_buffer,info,,,,,,retain_for_conditioning,pending
raw,GRID_D22_GitHub\data\real_munich\data\bohrungen_epsg25832_shp\bohrungen.shp,1000.0,7835BG007082,coordinates,outside_model_inside_legacy_buffer,info,,,,,,retain_for_conditioning,pending
raw,GRID_D22_GitHub\data\real_munich\data\bohrungen_epsg25832_shp\bohrungen.shp,1008.0,7835BG003848,coordinates,outside_model_inside_legacy_buffer,info,,,,,,retain_for_conditioning,pending
raw,GRID_D22_GitHub\data\real_munich\data\bohrungen_epsg25832_shp\bohrungen.shp,1009.0,7835BG003854,coordinates,outside_model_inside_legacy_buffer,info,,,,,,retain_for_conditioning,pending
raw,GRID_D22_GitHub\data\real_munich\data\bohrungen_epsg25832_shp\bohrungen.shp,1010.0,7835BG003858,coordinates,outside_model_inside_legacy_buffer,info,,,,,,retain_for_conditioning,pending
raw,GRID_D22_GitHub\data\real_munich\data\bohrungen_epsg25832_shp\bohrungen.shp,1011.0,7835BG004133,coordinates,outside_model_inside_legacy_buffer,info,,,,,,retain_for_conditioning,pending
raw,GRID_D22_GitHub\data\real_munich\data\bohrungen_epsg25832_shp\bohrungen.shp,1013.0,7835BG004141,coordinates,outside_model_inside_legacy_buffer,info,,,,,,retain_for_conditioning,pending
raw,GRID_D22_GitHub\data\real_munich\data\bohrungen_epsg25832_shp\bohrungen.shp,1014.0,7835BG004145,coordinates,outside_model_inside_legacy_buffer,info,,,,,,retain_for_conditioning,pending
raw,GRID_D22_GitHub\data\real_munich\data\bohrungen_epsg25832_shp\bohrungen.shp,1015.0,7835BG004148,coordinates,outside_model_inside_legacy_buffer,info,,,,,,retain_for_conditioning,pending
raw,GRID_D22_GitHub\data\real_munich\data\bohrungen_epsg25832_shp\bohrungen.shp,1021.0,7835BG003878,coordinates,outside_model_inside_legacy_buffer,info,,,,,,retain_for_conditioning,pending
raw,GRID_D22_GitHub\data\real_munich\data\bohrungen_epsg25832_shp\bohrungen.shp,1022.0,7835BG003881,coordinates,outside_model_inside_legacy_buffer,info,,,,,,retain_for_conditioning,pending
raw,GRID_D22_GitHub\data\real_munich\data\bohrungen_epsg25832_shp\bohrungen.shp,1023.0,7835BG003909,coordinates,outside_model_inside_legacy_buffer,info,,,,,,retain_for_conditioning,pending
raw,GRID_D22_GitHub\data\real_munich\data\bohrungen_epsg25832_shp\bohrungen.shp,1024.0,7835BG004182,coordinates,outside_model_inside_legacy_buffer,info,,,,,,retain_for_conditioning,pending
raw,GRID_D22_GitHub\data\real_munich\data\bohrungen_epsg25832_shp\bohrungen.shp,1026.0,7835BG004196,coordinates,outside_model_inside_legacy_buffer,info,,,,,,retain_for_conditioning,pending
raw,GRID_D22_GitHub\data\real_munich\data\bohrungen_epsg25832_shp\bohrungen.shp,1027.0,7835BG004197,coordinates,outside_model_inside_legacy_buffer,info,,,,,,retain_for_conditioning,pending
raw,GRID_D22_GitHub\data\real_munich\data\bohrungen_epsg25832_shp\bohrungen.shp,1028.0,7835BG004198,coordinates,outside_model_inside_legacy_buffer,info,,,,,,retain_for_conditioning,pending
raw,GRID_D22_GitHub\data\real_munich\data\bohrungen_epsg25832_shp\bohrungen.shp,1045.0,7835BG002248,coordinates,outside_model_inside_legacy_buffer,info,,,,,,retain_for_conditioning,pending
raw,GRID_D22_GitHub\data\real_munich\data\bohrungen_epsg25832_shp\bohrungen.shp,1046.0,7835BG002275,coordinates,outside_model_inside_legacy_buffer,info,,,,,,retain_for_conditioning,pending
raw,GRID_D22_GitHub\data\real_munich\data\bohrungen_epsg25832_shp\bohrungen.shp,1047.0,7835BG002282,coordinates,outside_model_inside_legacy_buffer,info,,,,,,retain_for_conditioning,pending
raw,GRID_D22_GitHub\data\real_munich\data\bohrungen_epsg25832_shp\bohrungen.shp,1048.0,7835BG002296,coordinates,outside_model_inside_legacy_buffer,info,,,,,,retain_for_conditioning,pending
raw,GRID_D22_GitHub\data\real_munich\data\bohrungen_epsg25832_shp\bohrungen.shp,1054.0,7835BG006546,coordinates,outside_model_inside_legacy_buffer,info,,,,,,retain_for_conditioning,pending
raw,GRID_D22_GitHub\data\real_munich\data\bohrungen_epsg25832_shp\bohrungen.shp,1055.0,7835BG006550,coordinates,outside_model_inside_legacy_buffer,info,,,,,,retain_for_conditioning,pending
raw,GRID_D22_GitHub\data\real_munich\data\bohrungen_epsg25832_shp\bohrungen.shp,1056.0,7835BG006554,coordinates,outside_model_inside_legacy_buffer,info,,,,,,retain_for_conditioning,pending
raw,GRID_D22_GitHub\data\real_munich\data\bohrungen_epsg25832_shp\bohrungen.shp,1057.0,7835BG006558,coordinates,outside_model_inside_legacy_buffer,info,,,,,,retain_for_conditioning,pending
raw,GRID_D22_GitHub\data\real_munich\data\bohrungen_epsg25832_shp\bohrungen.shp,1058.0,7835BG006559,coordinates,outside_model_inside_legacy_buffer,info,,,,,,retain_for_conditioning,pending
raw,GRID_D22_GitHub\data\real_munich\data\bohrungen_epsg25832_shp\bohrungen.shp,1059.0,7835BG006560,coordinates,outside_model_inside_legacy_buffer,info,,,,,,retain_for_conditioning,pending
raw,GRID_D22_GitHub\data\real_munich\data\bohrungen_epsg25832_shp\bohrungen.shp,1060.0,7835BG006561,coordinates,outside_model_inside_legacy_buffer,info,,,,,,retain_for_conditioning,pending
raw,GRID_D22_GitHub\data\real_munich\data\bohrungen_epsg25832_shp\bohrungen.shp,1061.0,7835BG006564,coordinates,outside_model_inside_legacy_buffer,info,,,,,,retain_for_conditioning,pending
raw,GRID_D22_GitHub\data\real_munich\data\bohrungen_epsg25832_shp\bohrungen.shp,1062.0,7835BG006568,coordinates,outside_model_inside_legacy_buffer,info,,,,,,retain_for_conditioning,pending
raw,GRID_D22_GitHub\data\real_munich\data\bohrungen_epsg25832_shp\bohrungen.shp,1063.0,7835BG006571,coordinates,outside_model_inside_legacy_buffer,info,,,,,,retain_for_conditioning,pending
raw,GRID_D22_GitHub\data\real_munich\data\bohrungen_epsg25832_shp\bohrungen.shp,1064.0,7835BG006575,coordinates,outside_model_inside_legacy_buffer,info,,,,,,retain_for_conditioning,pending
raw,GRID_D22_GitHub\data\real_munich\data\bohrungen_epsg25832_shp\bohrungen.shp,1065.0,7835BG006579,coordinates,outside_model_inside_legacy_buffer,info,,,,,,retain_for_conditioning,pending
raw,GRID_D22_GitHub\data\real_munich\data\bohrungen_epsg25832_shp\bohrungen.shp,1066.0,7835BG006582,coordinates,outside_model_inside_legacy_buffer,info,,,,,,retain_for_conditioning,pending
raw,GRID_D22_GitHub\data\real_munich\data\bohrungen_epsg25832_shp\bohrungen.shp,1067.0,7835BG006586,coordinates,outside_model_inside_legacy_buffer,info,,,,,,retain_for_conditioning,pending
raw,GRID_D22_GitHub\data\real_munich\data\bohrungen_epsg25832_shp\bohrungen.shp,1068.0,7835BG006590,coordinates,outside_model_inside_legacy_buffer,info,,,,,,retain_for_conditioning,pending
raw,GRID_D22_GitHub\data\real_munich\data\bohrungen_epsg25832_shp\bohrungen.shp,1069.0,7835BG006594,coordinates,outside_model_inside_legacy_buffer,info,,,,,,retain_for_conditioning,pending
raw,GRID_D22_GitHub\data\real_munich\data\bohrungen_epsg25832_shp\bohrungen.shp,1070.0,7835BG006597,coordinates,outside_model_inside_legacy_buffer,info,,,,,,retain_for_conditioning,pending
raw,GRID_D22_GitHub\data\real_munich\data\bohrungen_epsg25832_shp\bohrungen.shp,1071.0,7835BG006601,coordinates,outside_model_inside_legacy_buffer,info,,,,,,retain_for_conditioning,pending
raw,GRID_D22_GitHub\data\real_munich\data\bohrungen_epsg25832_shp\bohrungen.shp,1072.0,7835BG006605,coordinates,outside_model_inside_legacy_buffer,info,,,,,,retain_for_conditioning,pending
raw,GRID_D22_GitHub\data\real_munich\data\bohrungen_epsg25832_shp\bohrungen.shp,1073.0,7835BG005433,coordinates,outside_model_inside_legacy_buffer,info,,,,,,retain_for_conditioning,pending
raw,GRID_D22_GitHub\data\real_munich\data\bohrungen_epsg25832_shp\bohrungen.shp,1074.0,7835BG005441,coordinates,outside_model_inside_legacy_buffer,info,,,,,,retain_for_conditioning,pending
raw,GRID_D22_GitHub\data\real_munich\data\bohrungen_epsg25832_shp\bohrungen.shp,1075.0,7835BG005445,coordinates,outside_model_inside_legacy_buffer,info,,,,,,retain_for_conditioning,pending
raw,GRID_D22_GitHub\data\real_munich\data\bohrungen_epsg25832_shp\bohrungen.shp,1076.0,7835BG005449,coordinates,outside_model_inside_legacy_buffer,info,,,,,,retain_for_conditioning,pending
raw,GRID_D22_GitHub\data\real_munich\data\bohrungen_epsg25832_shp\bohrungen.shp,1077.0,7835BG006460,coordinates,outside_model_inside_legacy_buffer,info,,,,,,retain_for_conditioning,pending
raw,GRID_D22_GitHub\data\real_munich\data\bohrungen_epsg25832_shp\bohrungen.shp,1078.0,7835BG006464,coordinates,outside_model_inside_legacy_buffer,info,,,,,,retain_for_conditioning,pending
raw,GRID_D22_GitHub\data\real_munich\data\bohrungen_epsg25832_shp\bohrungen.shp,1079.0,7835BG006468,coordinates,outside_model_inside_legacy_buffer,info,,,,,,retain_for_conditioning,pending
raw,GRID_D22_GitHub\data\real_munich\data\bohrungen_epsg25832_shp\bohrungen.shp,1080.0,7835BG006471,coordinates,outside_model_inside_legacy_buffer,info,,,,,,retain_for_conditioning,pending
raw,GRID_D22_GitHub\data\real_munich\data\bohrungen_epsg25832_shp\bohrungen.shp,1081.0,7835BG003524,coordinates,outside_model_inside_legacy_buffer,info,,,,,,retain_for_conditioning,pending
raw,GRID_D22_GitHub\data\real_munich\data\bohrungen_epsg25832_shp\bohrungen.shp,1082.0,7835BG003527,coordinates,outside_model_inside_legacy_buffer,info,,,,,,retain_for_conditioning,pending
raw,GRID_D22_GitHub\data\real_munich\data\bohrungen_epsg25832_shp\bohrungen.shp,1083.0,7835BG003530,coordinates,outside_model_inside_legacy_buffer,info,,,,,,retain_for_conditioning,pending
raw,GRID_D22_GitHub\data\real_munich\data\bohrungen_epsg25832_shp\bohrungen.shp,1084.0,7835BG003534,coordinates,outside_model_inside_legacy_buffer,info,,,,,,retain_for_conditioning,pending
raw,GRID_D22_GitHub\data\real_munich\data\bohrungen_epsg25832_shp\bohrungen.shp,1085.0,7835BG003537,coordinates,outside_model_inside_legacy_buffer,info,,,,,,retain_for_conditioning,pending
raw,GRID_D22_GitHub\data\real_munich\data\bohrungen_epsg25832_shp\bohrungen.shp,1086.0,7835BG003540,coordinates,outside_model_inside_legacy_buffer,info,,,,,,retain_for_conditioning,pending
raw,GRID_D22_GitHub\data\real_munich\data\bohrungen_epsg25832_shp\bohrungen.shp,1087.0,7835BG003541,coordinates,outside_model_inside_legacy_buffer,info,,,,,,retain_for_conditioning,pending
raw,GRID_D22_GitHub\data\real_munich\data\bohrungen_epsg25832_shp\bohrungen.shp,1088.0,7835BG003542,coordinates,outside_model_inside_legacy_buffer,info,,,,,,retain_for_conditioning,pending
raw,GRID_D22_GitHub\data\real_munich\data\bohrungen_epsg25832_shp\bohrungen.shp,1089.0,7835BG003543,coordinates,outside_model_inside_legacy_buffer,info,,,,,,retain_for_conditioning,pending
raw,GRID_D22_GitHub\data\real_munich\data\bohrungen_epsg25832_shp\bohrungen.shp,1090.0,7835BG003544,coordinates,outside_model_inside_legacy_buffer,info,,,,,,retain_for_conditioning,pending
raw,GRID_D22_GitHub\data\real_munich\data\bohrungen_epsg25832_shp\bohrungen.shp,1091.0,7835BG004342,coordinates,outside_model_inside_legacy_buffer,info,,,,,,retain_for_conditioning,pending
raw,GRID_D22_GitHub\data\real_munich\data\bohrungen_epsg25832_shp\bohrungen.shp,1092.0,7835BG004349,coordinates,outside_model_inside_legacy_buffer,info,,,,,,retain_for_conditioning,pending
raw,GRID_D22_GitHub\data\real_munich\data\bohrungen_epsg25832_shp\bohrungen.shp,1095.0,7835BG004390,coordinates,outside_model_inside_legacy_buffer,info,,,,,,retain_for_conditioning,pending
raw,GRID_D22_GitHub\data\real_munich\data\bohrungen_epsg25832_shp\bohrungen.shp,1097.0,7835BG005721,coordinates,outside_model_inside_legacy_buffer,info,,,,,,retain_for_conditioning,pending
raw,GRID_D22_GitHub\data\real_munich\data\bohrungen_epsg25832_shp\bohrungen.shp,1098.0,7835BG005516,coordinates,outside_model_inside_legacy_buffer,info,,,,,,retain_for_conditioning,pending
raw,GRID_D22_GitHub\data\real_munich\data\bohrungen_epsg25832_shp\bohrungen.shp,1099.0,7835BG006475,coordinates,outside_model_inside_legacy_buffer,info,,,,,,retain_for_conditioning,pending
raw,GRID_D22_GitHub\data\real_munich\data\bohrungen_epsg25832_shp\bohrungen.shp,1100.0,7835BG006479,coordinates,outside_model_inside_legacy_buffer,info,,,,,,retain_for_conditioning,pending
raw,GRID_D22_GitHub\data\real_munich\data\bohrungen_epsg25832_shp\bohrungen.shp,1101.0,7835BG006483,coordinates,outside_model_inside_legacy_buffer,info,,,,,,retain_for_conditioning,pending
raw,GRID_D22_GitHub\data\real_munich\data\bohrungen_epsg25832_shp\bohrungen.shp,1102.0,7835BG006486,coordinates,outside_model_inside_legacy_buffer,info,,,,,,retain_for_conditioning,pending
raw,GRID_D22_GitHub\data\real_munich\data\bohrungen_epsg25832_shp\bohrungen.shp,1103.0,7835BG006490,coordinates,outside_model_inside_legacy_buffer,info,,,,,,retain_for_conditioning,pending
raw,GRID_D22_GitHub\data\real_munich\data\bohrungen_epsg25832_shp\bohrungen.shp,1104.0,7835BG006493,coordinates,outside_model_inside_legacy_buffer,info,,,,,,retain_for_conditioning,pending
raw,GRID_D22_GitHub\data\real_munich\data\bohrungen_epsg25832_shp\bohrungen.shp,1105.0,7835BG006494,coordinates,outside_model_inside_legacy_buffer,info,,,,,,retain_for_conditioning,pending
raw,GRID_D22_GitHub\data\real_munich\data\bohrungen_epsg25832_shp\bohrungen.shp,1106.0,7835BG006495,coordinates,outside_model_inside_legacy_buffer,info,,,,,,retain_for_conditioning,pending
raw,GRID_D22_GitHub\data\real_munich\data\bohrungen_epsg25832_shp\bohrungen.shp,1108.0,7835BG006501,coordinates,outside_model_inside_legacy_buffer,info,,,,,,retain_for_conditioning,pending
raw,GRID_D22_GitHub\data\real_munich\data\bohrungen_epsg25832_shp\bohrungen.shp,1109.0,7835BG006505,coordinates,outside_model_inside_legacy_buffer,info,,,,,,retain_for_conditioning,pending
raw,GRID_D22_GitHub\data\real_munich\data\bohrungen_epsg25832_shp\bohrungen.shp,1110.0,7835BG006509,coordinates,outside_model_inside_legacy_buffer,info,,,,,,retain_for_conditioning,pending
raw,GRID_D22_GitHub\data\real_munich\data\bohrungen_epsg25832_shp\bohrungen.shp,1111.0,7835BG006513,coordinates,outside_model_inside_legacy_buffer,info,,,,,,retain_for_conditioning,pending
raw,GRID_D22_GitHub\data\real_munich\data\bohrungen_epsg25832_shp\bohrungen.shp,1113.0,7835BG007002,coordinates,outside_model_inside_legacy_buffer,info,,,,,,retain_for_conditioning,pending
raw,GRID_D22_GitHub\data\real_munich\data\bohrungen_epsg25832_shp\bohrungen.shp,1114.0,7835BG007005,coordinates,outside_model_inside_legacy_buffer,info,,,,,,retain_for_conditioning,pending
raw,GRID_D22_GitHub\data\real_munich\data\bohrungen_epsg25832_shp\bohrungen.shp,1116.0,7835BG007013,coordinates,outside_model_inside_legacy_buffer,info,,,,,,retain_for_conditioning,pending
raw,GRID_D22_GitHub\data\real_munich\data\bohrungen_epsg25832_shp\bohrungen.shp,1119.0,7835BG007020,coordinates,outside_model_inside_legacy_buffer,info,,,,,,retain_for_conditioning,pending
raw,GRID_D22_GitHub\data\real_munich\data\bohrungen_epsg25832_shp\bohrungen.shp,1121.0,7835BG007024,coordinates,outside_model_inside_legacy_buffer,info,,,,,,retain_for_conditioning,pending
raw,GRID_D22_GitHub\data\real_munich\data\bohrungen_epsg25832_shp\bohrungen.shp,1126.0,7835BG007043,coordinates,outside_model_inside_legacy_buffer,info,,,,,,retain_for_conditioning,pending
raw,GRID_D22_GitHub\data\real_munich\data\bohrungen_epsg25832_shp\bohrungen.shp,1127.0,7835BG006516,coordinates,outside_model_inside_legacy_buffer,info,,,,,,retain_for_conditioning,pending
raw,GRID_D22_GitHub\data\real_munich\data\bohrungen_epsg25832_shp\bohrungen.shp,1128.0,7835BG006520,coordinates,outside_model_inside_legacy_buffer,info,,,,,,retain_for_conditioning,pending
raw,GRID_D22_GitHub\data\real_munich\data\bohrungen_epsg25832_shp\bohrungen.shp,1129.0,7835BG006524,coordinates,outside_model_inside_legacy_buffer,info,,,,,,retain_for_conditioning,pending
raw,GRID_D22_GitHub\data\real_munich\data\bohrungen_epsg25832_shp\bohrungen.shp,1130.0,7835BG006528,coordinates,outside_model_inside_legacy_buffer,info,,,,,,retain_for_conditioning,pending
raw,GRID_D22_GitHub\data\real_munich\data\bohrungen_epsg25832_shp\bohrungen.shp,1131.0,7835BG006531,coordinates,outside_model_inside_legacy_buffer,info,,,,,,retain_for_conditioning,pending
raw,GRID_D22_GitHub\data\real_munich\data\bohrungen_epsg25832_shp\bohrungen.shp,1132.0,7835BG006535,coordinates,outside_model_inside_legacy_buffer,info,,,,,,retain_for_conditioning,pending
raw,GRID_D22_GitHub\data\real_munich\data\bohrungen_epsg25832_shp\bohrungen.shp,1134.0,7835BG003603,coordinates,outside_model_inside_legacy_buffer,info,,,,,,retain_for_conditioning,pending
raw,GRID_D22_GitHub\data\real_munich\data\bohrungen_epsg25832_shp\bohrungen.shp,1135.0,7835BG003604,coordinates,outside_model_inside_legacy_buffer,info,,,,,,retain_for_conditioning,pending
raw,GRID_D22_GitHub\data\real_munich\data\bohrungen_epsg25832_shp\bohrungen.shp,1138.0,7835BG003622,coordinates,outside_model_inside_legacy_buffer,info,,,,,,retain_for_conditioning,pending
raw,GRID_D22_GitHub\data\real_munich\data\bohrungen_epsg25832_shp\bohrungen.shp,1139.0,7835BG003625,coordinates,outside_model_inside_legacy_buffer,info,,,,,,retain_for_conditioning,pending
raw,GRID_D22_GitHub\data\real_munich\data\bohrungen_epsg25832_shp\bohrungen.shp,1140.0,7835BG005519,coordinates,outside_model_inside_legacy_buffer,info,,,,,,retain_for_conditioning,pending
raw,GRID_D22_GitHub\data\real_munich\data\bohrungen_epsg25832_shp\bohrungen.shp,1141.0,7835BG005523,coordinates,outside_model_inside_legacy_buffer,info,,,,,,retain_for_conditioning,pending
raw,GRID_D22_GitHub\data\real_munich\data\bohrungen_epsg25832_shp\bohrungen.shp,1142.0,7835BG005527,coordinates,outside_model_inside_legacy_buffer,info,,,,,,retain_for_conditioning,pending
raw,GRID_D22_GitHub\data\real_munich\data\bohrungen_epsg25832_shp\bohrungen.shp,1143.0,7835BG005531,coordinates,outside_model_inside_legacy_buffer,info,,,,,,retain_for_conditioning,pending
raw,GRID_D22_GitHub\data\real_munich\data\bohrungen_epsg25832_shp\bohrungen.shp,1144.0,7835BG005534,coordinates,outside_model_inside_legacy_buffer,info,,,,,,retain_for_conditioning,pending
raw,GRID_D22_GitHub\data\real_munich\data\bohrungen_epsg25832_shp\bohrungen.shp,1146.0,7835BG005553,coordinates,outside_model_inside_legacy_buffer,info,,,,,,retain_for_conditioning,pending
raw,GRID_D22_GitHub\data\real_munich\data\bohrungen_epsg25832_shp\bohrungen.shp,1147.0,7835BG005557,coordinates,outside_model_inside_legacy_buffer,info,,,,,,retain_for_conditioning,pending
raw,GRID_D22_GitHub\data\real_munich\data\bohrungen_epsg25832_shp\bohrungen.shp,1148.0,7835BG005561,coordinates,outside_model_inside_legacy_buffer,info,,,,,,retain_for_conditioning,pending
raw,GRID_D22_GitHub\data\real_munich\data\bohrungen_epsg25832_shp\bohrungen.shp,1149.0,7835BG005564,coordinates,outside_model_inside_legacy_buffer,info,,,,,,retain_for_conditioning,pending
raw,GRID_D22_GitHub\data\real_munich\data\bohrungen_epsg25832_shp\bohrungen.shp,1150.0,7835BG007515,coordinates,outside_model_inside_legacy_buffer,info,,,,,,retain_for_conditioning,pending
raw,GRID_D22_GitHub\data\real_munich\data\bohrungen_epsg25832_shp\bohrungen.shp,1151.0,7835BG007530,coordinates,outside_model_inside_legacy_buffer,info,,,,,,retain_for_conditioning,pending
raw,GRID_D22_GitHub\data\real_munich\data\bohrungen_epsg25832_shp\bohrungen.shp,1153.0,7835BG000964,coordinates,outside_model_inside_legacy_buffer,info,,,,,,retain_for_conditioning,pending
raw,GRID_D22_GitHub\data\real_munich\data\bohrungen_epsg25832_shp\bohrungen.shp,1154.0,7835BG000645,coordinates,outside_model_inside_legacy_buffer,info,,,,,,retain_for_conditioning,pending
raw,GRID_D22_GitHub\data\real_munich\data\bohrungen_epsg25832_shp\bohrungen.shp,1155.0,7835BG000646,coordinates,outside_model_inside_legacy_buffer,info,,,,,,retain_for_conditioning,pending
raw,GRID_D22_GitHub\data\real_munich\data\bohrungen_epsg25832_shp\bohrungen.shp,1156.0,7835BG000651,coordinates,outside_model_inside_legacy_buffer,info,,,,,,retain_for_conditioning,pending
raw,GRID_D22_GitHub\data\real_munich\data\bohrungen_epsg25832_shp\bohrungen.shp,1157.0,7835BG000652,coordinates,outside_model_inside_legacy_buffer,info,,,,,,retain_for_conditioning,pending
raw,GRID_D22_GitHub\data\real_munich\data\bohrungen_epsg25832_shp\bohrungen.shp,1158.0,7835BG000657,coordinates,outside_model_inside_legacy_buffer,info,,,,,,retain_for_conditioning,pending
raw,GRID_D22_GitHub\data\real_munich\data\bohrungen_epsg25832_shp\bohrungen.shp,1159.0,7835BG000658,coordinates,outside_model_inside_legacy_buffer,info,,,,,,retain_for_conditioning,pending
raw,GRID_D22_GitHub\data\real_munich\data\bohrungen_epsg25832_shp\bohrungen.shp,1160.0,7835BG000665,coordinates,outside_model_inside_legacy_buffer,info,,,,,,retain_for_conditioning,pending
raw,GRID_D22_GitHub\data\real_munich\data\bohrungen_epsg25832_shp\bohrungen.shp,1161.0,7835BG000674,coordinates,outside_model_inside_legacy_buffer,info,,,,,,retain_for_conditioning,pending
raw,GRID_D22_GitHub\data\real_munich\data\bohrungen_epsg25832_shp\bohrungen.shp,1162.0,7835BG000816,coordinates,outside_model_inside_legacy_buffer,info,,,,,,retain_for_conditioning,pending
raw,GRID_D22_GitHub\data\real_munich\data\bohrungen_epsg25832_shp\bohrungen.shp,1164.0,7835BG001429,coordinates,outside_model_inside_legacy_buffer,info,,,,,,retain_for_conditioning,pending
raw,GRID_D22_GitHub\data\real_munich\data\bohrungen_epsg25832_shp\bohrungen.shp,1165.0,7835BG001430,coordinates,outside_model_inside_legacy_buffer,info,,,,,,retain_for_conditioning,pending
raw,GRID_D22_GitHub\data\real_munich\data\bohrungen_epsg25832_shp\bohrungen.shp,1167.0,7835BG001298,coordinates,outside_model_inside_legacy_buffer,info,,,,,,retain_for_conditioning,pending
raw,GRID_D22_GitHub\data\real_munich\data\bohrungen_epsg25832_shp\bohrungen.shp,1168.0,7835BG000220,coordinates,outside_model_inside_legacy_buffer,info,,,,,,retain_for_conditioning,pending
raw,GRID_D22_GitHub\data\real_munich\data\bohrungen_epsg25832_shp\bohrungen.shp,1169.0,7835BG000221,coordinates,outside_model_inside_legacy_buffer,info,,,,,,retain_for_conditioning,pending
raw,GRID_D22_GitHub\data\real_munich\data\bohrungen_epsg25832_shp\bohrungen.shp,1170.0,7835BG000222,coordinates,outside_model_inside_legacy_buffer,info,,,,,,retain_for_conditioning,pending
raw,GRID_D22_GitHub\data\real_munich\data\bohrungen_epsg25832_shp\bohrungen.shp,1171.0,7835BG000224,coordinates,outside_model_inside_legacy_buffer,info,,,,,,retain_for_conditioning,pending
raw,GRID_D22_GitHub\data\real_munich\data\bohrungen_epsg25832_shp\bohrungen.shp,1172.0,7835BG000225,coordinates,outside_model_inside_legacy_buffer,info,,,,,,retain_for_conditioning,pending
raw,GRID_D22_GitHub\data\real_munich\data\bohrungen_epsg25832_shp\bohrungen.shp,1173.0,7835BG000227,coordinates,outside_model_inside_legacy_buffer,info,,,,,,retain_for_conditioning,pending
raw,GRID_D22_GitHub\data\real_munich\data\bohrungen_epsg25832_shp\bohrungen.shp,1174.0,7835BG000228,coordinates,outside_model_inside_legacy_buffer,info,,,,,,retain_for_conditioning,pending
raw,GRID_D22_GitHub\data\real_munich\data\bohrungen_epsg25832_shp\bohrungen.shp,1175.0,7835BG000229,coordinates,outside_model_inside_legacy_buffer,info,,,,,,retain_for_conditioning,pending
raw,GRID_D22_GitHub\data\real_munich\data\bohrungen_epsg25832_shp\bohrungen.shp,1176.0,7835BG000231,coordinates,outside_model_inside_legacy_buffer,info,,,,,,retain_for_conditioning,pending
raw,GRID_D22_GitHub\data\real_munich\data\bohrungen_epsg25832_shp\bohrungen.shp,1177.0,7835BG000232,coordinates,outside_model_inside_legacy_buffer,info,,,,,,retain_for_conditioning,pending
raw,GRID_D22_GitHub\data\real_munich\data\bohrungen_epsg25832_shp\bohrungen.shp,1178.0,7835BG000234,coordinates,outside_model_inside_legacy_buffer,info,,,,,,retain_for_conditioning,pending
raw,GRID_D22_GitHub\data\real_munich\data\bohrungen_epsg25832_shp\bohrungen.shp,1186.0,7835BG000826,coordinates,outside_model_inside_legacy_buffer,info,,,,,,retain_for_conditioning,pending
raw,GRID_D22_GitHub\data\real_munich\data\bohrungen_epsg25832_shp\bohrungen.shp,1187.0,7835BG001438,coordinates,outside_model_inside_legacy_buffer,info,,,,,,retain_for_conditioning,pending
raw,GRID_D22_GitHub\data\real_munich\data\bohrungen_epsg25832_shp\bohrungen.shp,1192.0,7835BG000695,coordinates,outside_model_inside_legacy_buffer,info,,,,,,retain_for_conditioning,pending
raw,GRID_D22_GitHub\data\real_munich\data\bohrungen_epsg25832_shp\bohrungen.shp,1193.0,7835BG000703,coordinates,outside_model_inside_legacy_buffer,info,,,,,,retain_for_conditioning,pending
raw,GRID_D22_GitHub\data\real_munich\data\bohrungen_epsg25832_shp\bohrungen.shp,1194.0,7835BG000708,coordinates,outside_model_inside_legacy_buffer,info,,,,,,retain_for_conditioning,pending
raw,GRID_D22_GitHub\data\real_munich\data\bohrungen_epsg25832_shp\bohrungen.shp,1195.0,7835BG000828,coordinates,outside_model_inside_legacy_buffer,info,,,,,,retain_for_conditioning,pending
raw,GRID_D22_GitHub\data\real_munich\data\bohrungen_epsg25832_shp\bohrungen.shp,1196.0,7835BG000833,coordinates,outside_model_inside_legacy_buffer,info,,,,,,retain_for_conditioning,pending
raw,GRID_D22_GitHub\data\real_munich\data\bohrungen_epsg25832_shp\bohrungen.shp,1197.0,7835BG000834,coordinates,outside_model_inside_legacy_buffer,info,,,,,,retain_for_conditioning,pending
raw,GRID_D22_GitHub\data\real_munich\data\bohrungen_epsg25832_shp\bohrungen.shp,1198.0,7835BG000843,coordinates,outside_model_inside_legacy_buffer,info,,,,,,retain_for_conditioning,pending
raw,GRID_D22_GitHub\data\real_munich\data\bohrungen_epsg25832_shp\bohrungen.shp,1199.0,7835BG000844,coordinates,outside_model_inside_legacy_buffer,info,,,,,,retain_for_conditioning,pending
raw,GRID_D22_GitHub\data\real_munich\data\bohrungen_epsg25832_shp\bohrungen.shp,1200.0,7835BG000845,coordinates,outside_model_inside_legacy_buffer,info,,,,,,retain_for_conditioning,pending
raw,GRID_D22_GitHub\data\real_munich\data\bohrungen_epsg25832_shp\bohrungen.shp,1201.0,7835BG000858,coordinates,outside_model_inside_legacy_buffer,info,,,,,,retain_for_conditioning,pending
raw,GRID_D22_GitHub\data\real_munich\data\bohrungen_epsg25832_shp\bohrungen.shp,1202.0,7835BG000975,coordinates,outside_model_inside_legacy_buffer,info,,,,,,retain_for_conditioning,pending
raw,GRID_D22_GitHub\data\real_munich\data\bohrungen_epsg25832_shp\bohrungen.shp,1203.0,7835BG001431,coordinates,outside_model_inside_legacy_buffer,info,,,,,,retain_for_conditioning,pending
raw,GRID_D22_GitHub\data\real_munich\data\bohrungen_epsg25832_shp\bohrungen.shp,1204.0,7835BG001433,coordinates,outside_model_inside_legacy_buffer,info,,,,,,retain_for_conditioning,pending
raw,GRID_D22_GitHub\data\real_munich\data\bohrungen_epsg25832_shp\bohrungen.shp,1223.0,7835BG000274,coordinates,outside_model_inside_legacy_buffer,info,,,,,,retain_for_conditioning,pending
raw,GRID_D22_GitHub\data\real_munich\data\bohrungen_epsg25832_shp\bohrungen.shp,1224.0,7835BG000276,coordinates,outside_model_inside_legacy_buffer,info,,,,,,retain_for_conditioning,pending
raw,GRID_D22_GitHub\data\real_munich\data\bohrungen_epsg25832_shp\bohrungen.shp,1225.0,7835BG000397,coordinates,outside_model_inside_legacy_buffer,info,,,,,,retain_for_conditioning,pending
raw,GRID_D22_GitHub\data\real_munich\data\bohrungen_epsg25832_shp\bohrungen.shp,1226.0,7835BG000398,coordinates,outside_model_inside_legacy_buffer,info,,,,,,retain_for_conditioning,pending
raw,GRID_D22_GitHub\data\real_munich\data\bohrungen_epsg25832_shp\bohrungen.shp,1230.0,7835BG000418,coordinates,outside_model_inside_legacy_buffer,info,,,,,,retain_for_conditioning,pending
raw,GRID_D22_GitHub\data\real_munich\data\bohrungen_epsg25832_shp\bohrungen.shp,1231.0,7835BG000419,coordinates,outside_model_inside_legacy_buffer,info,,,,,,retain_for_conditioning,pending
raw,GRID_D22_GitHub\data\real_munich\data\bohrungen_epsg25832_shp\bohrungen.shp,1232.0,7835BG000277,coordinates,outside_model_inside_legacy_buffer,info,,,,,,retain_for_conditioning,pending
raw,GRID_D22_GitHub\data\real_munich\data\bohrungen_epsg25832_shp\bohrungen.shp,1233.0,7835BG000279,coordinates,outside_model_inside_legacy_buffer,info,,,,,,retain_for_conditioning,pending
raw,GRID_D22_GitHub\data\real_munich\data\bohrungen_epsg25832_shp\bohrungen.shp,1234.0,7835BG000280,coordinates,outside_model_inside_legacy_buffer,info,,,,,,retain_for_conditioning,pending
raw,GRID_D22_GitHub\data\real_munich\data\bohrungen_epsg25832_shp\bohrungen.shp,1235.0,7835BG000281,coordinates,outside_model_inside_legacy_buffer,info,,,,,,retain_for_conditioning,pending
raw,GRID_D22_GitHub\data\real_munich\data\bohrungen_epsg25832_shp\bohrungen.shp,1236.0,7835BG000283,coordinates,outside_model_inside_legacy_buffer,info,,,,,,retain_for_conditioning,pending
raw,GRID_D22_GitHub\data\real_munich\data\bohrungen_epsg25832_shp\bohrungen.shp,1237.0,7835BG000719,coordinates,outside_model_inside_legacy_buffer,info,,,,,,retain_for_conditioning,pending
raw,GRID_D22_GitHub\data\real_munich\data\bohrungen_epsg25832_shp\bohrungen.shp,1238.0,7835BG000726,coordinates,outside_model_inside_legacy_buffer,info,,,,,,retain_for_conditioning,pending
raw,GRID_D22_GitHub\data\real_munich\data\bohrungen_epsg25832_shp\bohrungen.shp,1239.0,7835BG000742,coordinates,outside_model_inside_legacy_buffer,info,,,,,,retain_for_conditioning,pending
raw,GRID_D22_GitHub\data\real_munich\data\bohrungen_epsg25832_shp\bohrungen.shp,1241.0,7835BG000888,coordinates,outside_model_inside_legacy_buffer,info,,,,,,retain_for_conditioning,pending
raw,GRID_D22_GitHub\data\real_munich\data\bohrungen_epsg25832_shp\bohrungen.shp,1242.0,7835BG001124,coordinates,outside_model_inside_legacy_buffer,info,,,,,,retain_for_conditioning,pending
raw,GRID_D22_GitHub\data\real_munich\data\bohrungen_epsg25832_shp\bohrungen.shp,1244.0,7835BG000284,coordinates,outside_model_inside_legacy_buffer,info,,,,,,retain_for_conditioning,pending
raw,GRID_D22_GitHub\data\real_munich\data\bohrungen_epsg25832_shp\bohrungen.shp,1245.0,7835BG000286,coordinates,outside_model_inside_legacy_buffer,info,,,,,,retain_for_conditioning,pending
raw,GRID_D22_GitHub\data\real_munich\data\bohrungen_epsg25832_shp\bohrungen.shp,1246.0,7835BG000615,coordinates,outside_model_inside_legacy_buffer,info,,,,,,retain_for_conditioning,pending
raw,GRID_D22_GitHub\data\real_munich\data\bohrungen_epsg25832_shp\bohrungen.shp,1247.0,7835BG000631,coordinates,outside_model_inside_legacy_buffer,info,,,,,,retain_for_conditioning,pending
raw,GRID_D22_GitHub\data\real_munich\data\bohrungen_epsg25832_shp\bohrungen.shp,1248.0,7835BG000632,coordinates,outside_model_inside_legacy_buffer,info,,,,,,retain_for_conditioning,pending
raw,GRID_D22_GitHub\data\real_munich\data\bohrungen_epsg25832_shp\bohrungen.shp,1249.0,7835BG000634,coordinates,outside_model_inside_legacy_buffer,info,,,,,,retain_for_conditioning,pending
raw,GRID_D22_GitHub\data\real_munich\data\bohrungen_epsg25832_shp\bohrungen.shp,1250.0,7835BG000773,coordinates,outside_model_inside_legacy_buffer,info,,,,,,retain_for_conditioning,pending
raw,GRID_D22_GitHub\data\real_munich\data\bohrungen_epsg25832_shp\bohrungen.shp,1251.0,7835BG000908,coordinates,outside_model_inside_legacy_buffer,info,,,,,,retain_for_conditioning,pending
raw,GRID_D22_GitHub\data\real_munich\data\bohrungen_epsg25832_shp\bohrungen.shp,1252.0,7835BG000642,coordinates,outside_model_inside_legacy_buffer,info,,,,,,retain_for_conditioning,pending
raw,GRID_D22_GitHub\data\real_munich\data\bohrungen_epsg25832_shp\bohrungen.shp,1253.0,7835BG000644,coordinates,outside_model_inside_legacy_buffer,info,,,,,,retain_for_conditioning,pending
raw,GRID_D22_GitHub\data\real_munich\data\bohrungen_epsg25832_shp\bohrungen.shp,1257.0,7835BG002295,coordinates,outside_model_inside_legacy_buffer,info,,,,,,retain_for_conditioning,pending
raw,GRID_D22_GitHub\data\real_munich\data\bohrungen_epsg25832_shp\bohrungen.shp,1258.0,7835BG002098,coordinates,outside_model_inside_legacy_buffer,info,,,,,,retain_for_conditioning,pending
raw,GRID_D22_GitHub\data\real_munich\data\bohrungen_epsg25832_shp\bohrungen.shp,1259.0,7835BG002814,coordinates,outside_model_inside_legacy_buffer,info,,,,,,retain_for_conditioning,pending
raw,GRID_D22_GitHub\data\real_munich\data\bohrungen_epsg25832_shp\bohrungen.shp,1260.0,7835BG002815,coordinates,outside_model_inside_legacy_buffer,info,,,,,,retain_for_conditioning,pending
raw,GRID_D22_GitHub\data\real_munich\data\bohrungen_epsg25832_shp\bohrungen.shp,1261.0,7835BG002817,coordinates,outside_model_inside_legacy_buffer,info,,,,,,retain_for_conditioning,pending
raw,GRID_D22_GitHub\data\real_munich\data\bohrungen_epsg25832_shp\bohrungen.shp,1262.0,7835BG002818,coordinates,outside_model_inside_legacy_buffer,info,,,,,,retain_for_conditioning,pending
raw,GRID_D22_GitHub\data\real_munich\data\bohrungen_epsg25832_shp\bohrungen.shp,1263.0,7835BG002819,coordinates,outside_model_inside_legacy_buffer,info,,,,,,retain_for_conditioning,pending
raw,GRID_D22_GitHub\data\real_munich\data\bohrungen_epsg25832_shp\bohrungen.shp,1264.0,7835BG002821,coordinates,outside_model_inside_legacy_buffer,info,,,,,,retain_for_conditioning,pending
raw,GRID_D22_GitHub\data\real_munich\data\bohrungen_epsg25832_shp\bohrungen.shp,1265.0,7835BG002824,coordinates,outside_model_inside_legacy_buffer,info,,,,,,retain_for_conditioning,pending
raw,GRID_D22_GitHub\data\real_munich\data\bohrungen_epsg25832_shp\bohrungen.shp,1270.0,7835BG001005,coordinates,outside_model_inside_legacy_buffer,info,,,,,,retain_for_conditioning,pending
raw,GRID_D22_GitHub\data\real_munich\data\bohrungen_epsg25832_shp\bohrungen.shp,1271.0,7835BG002443,coordinates,outside_model_inside_legacy_buffer,info,,,,,,retain_for_conditioning,pending
raw,GRID_D22_GitHub\data\real_munich\data\bohrungen_epsg25832_shp\bohrungen.shp,1272.0,7835BG002825,coordinates,outside_model_inside_legacy_buffer,info,,,,,,retain_for_conditioning,pending
raw,GRID_D22_GitHub\data\real_munich\data\bohrungen_epsg25832_shp\bohrungen.shp,1273.0,7835BG002826,coordinates,outside_model_inside_legacy_buffer,info,,,,,,retain_for_conditioning,pending
raw,GRID_D22_GitHub\data\real_munich\data\bohrungen_epsg25832_shp\bohrungen.shp,1274.0,7835BG002828,coordinates,outside_model_inside_legacy_buffer,info,,,,,,retain_for_conditioning,pending
raw,GRID_D22_GitHub\data\real_munich\data\bohrungen_epsg25832_shp\bohrungen.shp,1275.0,7835BG002829,coordinates,outside_model_inside_legacy_buffer,info,,,,,,retain_for_conditioning,pending
raw,GRID_D22_GitHub\data\real_munich\data\bohrungen_epsg25832_shp\bohrungen.shp,1276.0,7835BG002830,coordinates,outside_model_inside_legacy_buffer,info,,,,,,retain_for_conditioning,pending
raw,GRID_D22_GitHub\data\real_munich\data\bohrungen_epsg25832_shp\bohrungen.shp,1277.0,7835BG002832,coordinates,outside_model_inside_legacy_buffer,info,,,,,,retain_for_conditioning,pending
raw,GRID_D22_GitHub\data\real_munich\data\bohrungen_epsg25832_shp\bohrungen.shp,1278.0,7835BG002833,coordinates,outside_model_inside_legacy_buffer,info,,,,,,retain_for_conditioning,pending
raw,GRID_D22_GitHub\data\real_munich\data\bohrungen_epsg25832_shp\bohrungen.shp,1279.0,7835BG002834,coordinates,outside_model_inside_legacy_buffer,info,,,,,,retain_for_conditioning,pending
raw,GRID_D22_GitHub\data\real_munich\data\bohrungen_epsg25832_shp\bohrungen.shp,1280.0,7835BG002836,coordinates,outside_model_inside_legacy_buffer,info,,,,,,retain_for_conditioning,pending
raw,GRID_D22_GitHub\data\real_munich\data\bohrungen_epsg25832_shp\bohrungen.shp,1281.0,7835BG002837,coordinates,outside_model_inside_legacy_buffer,info,,,,,,retain_for_conditioning,pending
raw,GRID_D22_GitHub\data\real_munich\data\bohrungen_epsg25832_shp\bohrungen.shp,1282.0,7835BG002838,coordinates,outside_model_inside_legacy_buffer,info,,,,,,retain_for_conditioning,pending
raw,GRID_D22_GitHub\data\real_munich\data\bohrungen_epsg25832_shp\bohrungen.shp,1283.0,7835BG002840,coordinates,outside_model_inside_legacy_buffer,info,,,,,,retain_for_conditioning,pending
raw,GRID_D22_GitHub\data\real_munich\data\bohrungen_epsg25832_shp\bohrungen.shp,1284.0,7835BG002841,coordinates,outside_model_inside_legacy_buffer,info,,,,,,retain_for_conditioning,pending
raw,GRID_D22_GitHub\data\real_munich\data\bohrungen_epsg25832_shp\bohrungen.shp,1285.0,7835BG002843,coordinates,outside_model_inside_legacy_buffer,info,,,,,,retain_for_conditioning,pending
raw,GRID_D22_GitHub\data\real_munich\data\bohrungen_epsg25832_shp\bohrungen.shp,1286.0,7835BG002137,coordinates,outside_model_inside_legacy_buffer,info,,,,,,retain_for_conditioning,pending
raw,GRID_D22_GitHub\data\real_munich\data\bohrungen_epsg25832_shp\bohrungen.shp,1287.0,7835BG002138,coordinates,outside_model_inside_legacy_buffer,info,,,,,,retain_for_conditioning,pending
raw,GRID_D22_GitHub\data\real_munich\data\bohrungen_epsg25832_shp\bohrungen.shp,1288.0,7835BG002140,coordinates,outside_model_inside_legacy_buffer,info,,,,,,retain_for_conditioning,pending
raw,GRID_D22_GitHub\data\real_munich\data\bohrungen_epsg25832_shp\bohrungen.shp,1289.0,7835BG001033,coordinates,outside_model_inside_legacy_buffer,info,,,,,,retain_for_conditioning,pending
raw,GRID_D22_GitHub\data\real_munich\data\bohrungen_epsg25832_shp\bohrungen.shp,1290.0,7835BG001043,coordinates,outside_model_inside_legacy_buffer,info,,,,,,retain_for_conditioning,pending
raw,GRID_D22_GitHub\data\real_munich\data\bohrungen_epsg25832_shp\bohrungen.shp,1291.0,7835BG001637,coordinates,outside_model_inside_legacy_buffer,info,,,,,,retain_for_conditioning,pending
raw,GRID_D22_GitHub\data\real_munich\data\bohrungen_epsg25832_shp\bohrungen.shp,1292.0,7835BG001638,coordinates,outside_model_inside_legacy_buffer,info,,,,,,retain_for_conditioning,pending
raw,GRID_D22_GitHub\data\real_munich\data\bohrungen_epsg25832_shp\bohrungen.shp,1293.0,7835BG002084,coordinates,outside_model_inside_legacy_buffer,info,,,,,,retain_for_conditioning,pending
raw,GRID_D22_GitHub\data\real_munich\data\bohrungen_epsg25832_shp\bohrungen.shp,1294.0,7835BG002085,coordinates,outside_model_inside_legacy_buffer,info,,,,,,retain_for_conditioning,pending
raw,GRID_D22_GitHub\data\real_munich\data\bohrungen_epsg25832_shp\bohrungen.shp,1295.0,7835BG002087,coordinates,outside_model_inside_legacy_buffer,info,,,,,,retain_for_conditioning,pending
raw,GRID_D22_GitHub\data\real_munich\data\bohrungen_epsg25832_shp\bohrungen.shp,1296.0,7835BG002274,coordinates,outside_model_inside_legacy_buffer,info,,,,,,retain_for_conditioning,pending
raw,GRID_D22_GitHub\data\real_munich\data\bohrungen_epsg25832_shp\bohrungen.shp,1297.0,7835BG002281,coordinates,outside_model_inside_legacy_buffer,info,,,,,,retain_for_conditioning,pending
raw,GRID_D22_GitHub\data\real_munich\data\bohrungen_epsg25832_shp\bohrungen.shp,1305.0,7835BG003846,coordinates,outside_model_inside_legacy_buffer,info,,,,,,retain_for_conditioning,pending
raw,GRID_D22_GitHub\data\real_munich\data\bohrungen_epsg25832_shp\bohrungen.shp,1306.0,7835BG003847,coordinates,outside_model_inside_legacy_buffer,info,,,,,,retain_for_conditioning,pending
raw,GRID_D22_GitHub\data\real_munich\data\bohrungen_epsg25832_shp\bohrungen.shp,1308.0,7835BG003979,coordinates,outside_model_inside_legacy_buffer,info,,,,,,retain_for_conditioning,pending
raw,GRID_D22_GitHub\data\real_munich\data\bohrungen_epsg25832_shp\bohrungen.shp,1309.0,7835BG003981,coordinates,outside_model_inside_legacy_buffer,info,,,,,,retain_for_conditioning,pending
raw,GRID_D22_GitHub\data\real_munich\data\bohrungen_epsg25832_shp\bohrungen.shp,1313.0,7835BG003995,coordinates,outside_model_inside_legacy_buffer,info,,,,,,retain_for_conditioning,pending
raw,GRID_D22_GitHub\data\real_munich\data\bohrungen_epsg25832_shp\bohrungen.shp,1315.0,7835BG004235,coordinates,outside_model_inside_legacy_buffer,info,,,,,,retain_for_conditioning,pending
raw,GRID_D22_GitHub\data\real_munich\data\bohrungen_epsg25832_shp\bohrungen.shp,1316.0,7835BG004236,coordinates,outside_model_inside_legacy_buffer,info,,,,,,retain_for_conditioning,pending
raw,GRID_D22_GitHub\data\real_munich\data\bohrungen_epsg25832_shp\bohrungen.shp,1317.0,7835BG004237,coordinates,outside_model_inside_legacy_buffer,info,,,,,,retain_for_conditioning,pending
raw,GRID_D22_GitHub\data\real_munich\data\bohrungen_epsg25832_shp\bohrungen.shp,1318.0,7835BG004239,coordinates,outside_model_inside_legacy_buffer,info,,,,,,retain_for_conditioning,pending
raw,GRID_D22_GitHub\data\real_munich\data\bohrungen_epsg25832_shp\bohrungen.shp,1319.0,7835BG004240,coordinates,outside_model_inside_legacy_buffer,info,,,,,,retain_for_conditioning,pending
raw,GRID_D22_GitHub\data\real_munich\data\bohrungen_epsg25832_shp\bohrungen.shp,1322.0,7835BG004244,coordinates,outside_model_inside_legacy_buffer,info,,,,,,retain_for_conditioning,pending
raw,GRID_D22_GitHub\data\real_munich\data\bohrungen_epsg25832_shp\bohrungen.shp,1325.0,7835BG002990,coordinates,outside_model_inside_legacy_buffer,info,,,,,,retain_for_conditioning,pending
raw,GRID_D22_GitHub\data\real_munich\data\bohrungen_epsg25832_shp\bohrungen.shp,1326.0,7835BG002991,coordinates,outside_model_inside_legacy_buffer,info,,,,,,retain_for_conditioning,pending
raw,GRID_D22_GitHub\data\real_munich\data\bohrungen_epsg25832_shp\bohrungen.shp,1327.0,7835BG002992,coordinates,outside_model_inside_legacy_buffer,info,,,,,,retain_for_conditioning,pending
raw,GRID_D22_GitHub\data\real_munich\data\bohrungen_epsg25832_shp\bohrungen.shp,1328.0,7835BG002994,coordinates,outside_model_inside_legacy_buffer,info,,,,,,retain_for_conditioning,pending
raw,GRID_D22_GitHub\data\real_munich\data\bohrungen_epsg25832_shp\bohrungen.shp,1329.0,7835BG002995,coordinates,outside_model_inside_legacy_buffer,info,,,,,,retain_for_conditioning,pending
raw,GRID_D22_GitHub\data\real_munich\data\bohrungen_epsg25832_shp\bohrungen.shp,1330.0,7835BG002997,coordinates,outside_model_inside_legacy_buffer,info,,,,,,retain_for_conditioning,pending
raw,GRID_D22_GitHub\data\real_munich\data\bohrungen_epsg25832_shp\bohrungen.shp,1331.0,7835BG002998,coordinates,outside_model_inside_legacy_buffer,info,,,,,,retain_for_conditioning,pending
raw,GRID_D22_GitHub\data\real_munich\data\bohrungen_epsg25832_shp\bohrungen.shp,1332.0,7835BG002999,coordinates,outside_model_inside_legacy_buffer,info,,,,,,retain_for_conditioning,pending
raw,GRID_D22_GitHub\data\real_munich\data\bohrungen_epsg25832_shp\bohrungen.shp,1334.0,7835BG003002,coordinates,outside_model_inside_legacy_buffer,info,,,,,,retain_for_conditioning,pending
raw,GRID_D22_GitHub\data\real_munich\data\bohrungen_epsg25832_shp\bohrungen.shp,1339.0,7835BG003620,coordinates,outside_model_inside_legacy_buffer,info,,,,,,retain_for_conditioning,pending
raw,GRID_D22_GitHub\data\real_munich\data\bohrungen_epsg25832_shp\bohrungen.shp,1340.0,7835BG003621,coordinates,outside_model_inside_legacy_buffer,info,,,,,,retain_for_conditioning,pending
raw,GRID_D22_GitHub\data\real_munich\data\bohrungen_epsg25832_shp\bohrungen.shp,1341.0,7835BG003623,coordinates,outside_model_inside_legacy_buffer,info,,,,,,retain_for_conditioning,pending
raw,GRID_D22_GitHub\data\real_munich\data\bohrungen_epsg25832_shp\bohrungen.shp,1342.0,7835BG003003,coordinates,outside_model_inside_legacy_buffer,info,,,,,,retain_for_conditioning,pending
raw,GRID_D22_GitHub\data\real_munich\data\bohrungen_epsg25832_shp\bohrungen.shp,1343.0,7835BG003007,coordinates,outside_model_inside_legacy_buffer,info,,,,,,retain_for_conditioning,pending
raw,GRID_D22_GitHub\data\real_munich\data\bohrungen_epsg25832_shp\bohrungen.shp,1344.0,7835BG003008,coordinates,outside_model_inside_legacy_buffer,info,,,,,,retain_for_conditioning,pending
raw,GRID_D22_GitHub\data\real_munich\data\bohrungen_epsg25832_shp\bohrungen.shp,1352.0,7835BG004142,coordinates,outside_model_inside_legacy_buffer,info,,,,,,retain_for_conditioning,pending
raw,GRID_D22_GitHub\data\real_munich\data\bohrungen_epsg25832_shp\bohrungen.shp,1353.0,7835BG004143,coordinates,outside_model_inside_legacy_buffer,info,,,,,,retain_for_conditioning,pending
raw,GRID_D22_GitHub\data\real_munich\data\bohrungen_epsg25832_shp\bohrungen.shp,1354.0,7835BG004144,coordinates,outside_model_inside_legacy_buffer,info,,,,,,retain_for_conditioning,pending
raw,GRID_D22_GitHub\data\real_munich\data\bohrungen_epsg25832_shp\bohrungen.shp,1355.0,7835BG004146,coordinates,outside_model_inside_legacy_buffer,info,,,,,,retain_for_conditioning,pending
raw,GRID_D22_GitHub\data\real_munich\data\bohrungen_epsg25832_shp\bohrungen.shp,1356.0,7835BG004147,coordinates,outside_model_inside_legacy_buffer,info,,,,,,retain_for_conditioning,pending
raw,GRID_D22_GitHub\data\real_munich\data\bohrungen_epsg25832_shp\bohrungen.shp,1357.0,7835BG003853,coordinates,outside_model_inside_legacy_buffer,info,,,,,,retain_for_conditioning,pending
raw,GRID_D22_GitHub\data\real_munich\data\bohrungen_epsg25832_shp\bohrungen.shp,1358.0,7835BG003855,coordinates,outside_model_inside_legacy_buffer,info,,,,,,retain_for_conditioning,pending
raw,GRID_D22_GitHub\data\real_munich\data\bohrungen_epsg25832_shp\bohrungen.shp,1359.0,7835BG003856,coordinates,outside_model_inside_legacy_buffer,info,,,,,,retain_for_conditioning,pending
raw,GRID_D22_GitHub\data\real_munich\data\bohrungen_epsg25832_shp\bohrungen.shp,1360.0,7835BG003857,coordinates,outside_model_inside_legacy_buffer,info,,,,,,retain_for_conditioning,pending
raw,GRID_D22_GitHub\data\real_munich\data\bohrungen_epsg25832_shp\bohrungen.shp,1361.0,7835BG003859,coordinates,outside_model_inside_legacy_buffer,info,,,,,,retain_for_conditioning,pending
raw,GRID_D22_GitHub\data\real_munich\data\bohrungen_epsg25832_shp\bohrungen.shp,1362.0,7835BG003860,coordinates,outside_model_inside_legacy_buffer,info,,,,,,retain_for_conditioning,pending
raw,GRID_D22_GitHub\data\real_munich\data\bohrungen_epsg25832_shp\bohrungen.shp,1365.0,7835BG003996,coordinates,outside_model_inside_legacy_buffer,info,,,,,,retain_for_conditioning,pending
raw,GRID_D22_GitHub\data\real_munich\data\bohrungen_epsg25832_shp\bohrungen.shp,1369.0,7835BG004005,coordinates,outside_model_inside_legacy_buffer,info,,,,,,retain_for_conditioning,pending
raw,GRID_D22_GitHub\data\real_munich\data\bohrungen_epsg25832_shp\bohrungen.shp,1370.0,7835BG004006,coordinates,outside_model_inside_legacy_buffer,info,,,,,,retain_for_conditioning,pending
raw,GRID_D22_GitHub\data\real_munich\data\bohrungen_epsg25832_shp\bohrungen.shp,1380.0,7835BG003877,coordinates,outside_model_inside_legacy_buffer,info,,,,,,retain_for_conditioning,pending
raw,GRID_D22_GitHub\data\real_munich\data\bohrungen_epsg25832_shp\bohrungen.shp,1381.0,7835BG003879,coordinates,outside_model_inside_legacy_buffer,info,,,,,,retain_for_conditioning,pending
raw,GRID_D22_GitHub\data\real_munich\data\bohrungen_epsg25832_shp\bohrungen.shp,1382.0,7835BG003880,coordinates,outside_model_inside_legacy_buffer,info,,,,,,retain_for_conditioning,pending
raw,GRID_D22_GitHub\data\real_munich\data\bohrungen_epsg25832_shp\bohrungen.shp,1385.0,7835BG004016,coordinates,outside_model_inside_legacy_buffer,info,,,,,,retain_for_conditioning,pending
raw,GRID_D22_GitHub\data\real_munich\data\bohrungen_epsg25832_shp\bohrungen.shp,1386.0,7835BG004017,coordinates,outside_model_inside_legacy_buffer,info,,,,,,retain_for_conditioning,pending
raw,GRID_D22_GitHub\data\real_munich\data\bohrungen_epsg25832_shp\bohrungen.shp,1390.0,7835BG004026,coordinates,outside_model_inside_legacy_buffer,info,,,,,,retain_for_conditioning,pending
raw,GRID_D22_GitHub\data\real_munich\data\bohrungen_epsg25832_shp\bohrungen.shp,1391.0,7835BG002937,coordinates,outside_model_inside_legacy_buffer,info,,,,,,retain_for_conditioning,pending
raw,GRID_D22_GitHub\data\real_munich\data\bohrungen_epsg25832_shp\bohrungen.shp,1392.0,7835BG002938,coordinates,outside_model_inside_legacy_buffer,info,,,,,,retain_for_conditioning,pending
raw,GRID_D22_GitHub\data\real_munich\data\bohrungen_epsg25832_shp\bohrungen.shp,1393.0,7835BG002940,coordinates,outside_model_inside_legacy_buffer,info,,,,,,retain_for_conditioning,pending
raw,GRID_D22_GitHub\data\real_munich\data\bohrungen_epsg25832_shp\bohrungen.shp,1394.0,7835BG002941,coordinates,outside_model_inside_legacy_buffer,info,,,,,,retain_for_conditioning,pending
raw,GRID_D22_GitHub\data\real_munich\data\bohrungen_epsg25832_shp\bohrungen.shp,1395.0,7835BG003525,coordinates,outside_model_inside_legacy_buffer,info,,,,,,retain_for_conditioning,pending
raw,GRID_D22_GitHub\data\real_munich\data\bohrungen_epsg25832_shp\bohrungen.shp,1396.0,7835BG003526,coordinates,outside_model_inside_legacy_buffer,info,,,,,,retain_for_conditioning,pending
raw,GRID_D22_GitHub\data\real_munich\data\bohrungen_epsg25832_shp\bohrungen.shp,1397.0,7835BG003528,coordinates,outside_model_inside_legacy_buffer,info,,,,,,retain_for_conditioning,pending
raw,GRID_D22_GitHub\data\real_munich\data\bohrungen_epsg25832_shp\bohrungen.shp,1398.0,7835BG003529,coordinates,outside_model_inside_legacy_buffer,info,,,,,,retain_for_conditioning,pending
raw,GRID_D22_GitHub\data\real_munich\data\bohrungen_epsg25832_shp\bohrungen.shp,1399.0,7835BG003531,coordinates,outside_model_inside_legacy_buffer,info,,,,,,retain_for_conditioning,pending
raw,GRID_D22_GitHub\data\real_munich\data\bohrungen_epsg25832_shp\bohrungen.shp,1400.0,7835BG003532,coordinates,outside_model_inside_legacy_buffer,info,,,,,,retain_for_conditioning,pending
raw,GRID_D22_GitHub\data\real_munich\data\bohrungen_epsg25832_shp\bohrungen.shp,1403.0,7835BG004033,coordinates,outside_model_inside_legacy_buffer,info,,,,,,retain_for_conditioning,pending
raw,GRID_D22_GitHub\data\real_munich\data\bohrungen_epsg25832_shp\bohrungen.shp,1411.0,7835BG004050,coordinates,outside_model_inside_legacy_buffer,info,,,,,,retain_for_conditioning,pending
raw,GRID_D22_GitHub\data\real_munich\data\bohrungen_epsg25832_shp\bohrungen.shp,1417.0,7835BG004320,coordinates,outside_model_inside_legacy_buffer,info,,,,,,retain_for_conditioning,pending
raw,GRID_D22_GitHub\data\real_munich\data\bohrungen_epsg25832_shp\bohrungen.shp,1418.0,7835BG004321,coordinates,outside_model_inside_legacy_buffer,info,,,,,,retain_for_conditioning,pending
raw,GRID_D22_GitHub\data\real_munich\data\bohrungen_epsg25832_shp\bohrungen.shp,1420.0,7835BG004324,coordinates,outside_model_inside_legacy_buffer,info,,,,,,retain_for_conditioning,pending
raw,GRID_D22_GitHub\data\real_munich\data\bohrungen_epsg25832_shp\bohrungen.shp,1421.0,7835BG004325,coordinates,outside_model_inside_legacy_buffer,info,,,,,,retain_for_conditioning,pending
raw,GRID_D22_GitHub\data\real_munich\data\bohrungen_epsg25832_shp\bohrungen.shp,1422.0,7835BG004254,coordinates,outside_model_inside_legacy_buffer,info,,,,,,retain_for_conditioning,pending
raw,GRID_D22_GitHub\data\real_munich\data\bohrungen_epsg25832_shp\bohrungen.shp,1423.0,7835BG002943,coordinates,outside_model_inside_legacy_buffer,info,,,,,,retain_for_conditioning,pending
raw,GRID_D22_GitHub\data\real_munich\data\bohrungen_epsg25832_shp\bohrungen.shp,1424.0,7835BG002944,coordinates,outside_model_inside_legacy_buffer,info,,,,,,retain_for_conditioning,pending
raw,GRID_D22_GitHub\data\real_munich\data\bohrungen_epsg25832_shp\bohrungen.shp,1425.0,7835BG002945,coordinates,outside_model_inside_legacy_buffer,info,,,,,,retain_for_conditioning,pending
raw,GRID_D22_GitHub\data\real_munich\data\bohrungen_epsg25832_shp\bohrungen.shp,1426.0,7835BG002947,coordinates,outside_model_inside_legacy_buffer,info,,,,,,retain_for_conditioning,pending
raw,GRID_D22_GitHub\data\real_munich\data\bohrungen_epsg25832_shp\bohrungen.shp,1427.0,7835BG002948,coordinates,outside_model_inside_legacy_buffer,info,,,,,,retain_for_conditioning,pending
raw,GRID_D22_GitHub\data\real_munich\data\bohrungen_epsg25832_shp\bohrungen.shp,1428.0,7835BG004328,coordinates,outside_model_inside_legacy_buffer,info,,,,,,retain_for_conditioning,pending
raw,GRID_D22_GitHub\data\real_munich\data\bohrungen_epsg25832_shp\bohrungen.shp,1429.0,7835BG004339,coordinates,outside_model_inside_legacy_buffer,info,,,,,,retain_for_conditioning,pending
raw,GRID_D22_GitHub\data\real_munich\data\bohrungen_epsg25832_shp\bohrungen.shp,1430.0,7835BG003533,coordinates,outside_model_inside_legacy_buffer,info,,,,,,retain_for_conditioning,pending
raw,GRID_D22_GitHub\data\real_munich\data\bohrungen_epsg25832_shp\bohrungen.shp,1431.0,7835BG003535,coordinates,outside_model_inside_legacy_buffer,info,,,,,,retain_for_conditioning,pending
raw,GRID_D22_GitHub\data\real_munich\data\bohrungen_epsg25832_shp\bohrungen.shp,1432.0,7835BG003536,coordinates,outside_model_inside_legacy_buffer,info,,,,,,retain_for_conditioning,pending
raw,GRID_D22_GitHub\data\real_munich\data\bohrungen_epsg25832_shp\bohrungen.shp,1433.0,7835BG003538,coordinates,outside_model_inside_legacy_buffer,info,,,,,,retain_for_conditioning,pending
raw,GRID_D22_GitHub\data\real_munich\data\bohrungen_epsg25832_shp\bohrungen.shp,1434.0,7835BG003539,coordinates,outside_model_inside_legacy_buffer,info,,,,,,retain_for_conditioning,pending
raw,GRID_D22_GitHub\data\real_munich\data\bohrungen_epsg25832_shp\bohrungen.shp,1435.0,7835BG004082,coordinates,outside_model_inside_legacy_buffer,info,,,,,,retain_for_conditioning,pending
raw,GRID_D22_GitHub\data\real_munich\data\bohrungen_epsg25832_shp\bohrungen.shp,1436.0,7835BG003941,coordinates,outside_model_inside_legacy_buffer,info,,,,,,retain_for_conditioning,pending
raw,GRID_D22_GitHub\data\real_munich\data\bohrungen_epsg25832_shp\bohrungen.shp,1443.0,7835BG003951,coordinates,outside_model_inside_legacy_buffer,info,,,,,,retain_for_conditioning,pending
raw,GRID_D22_GitHub\data\real_munich\data\bohrungen_epsg25832_shp\bohrungen.shp,1444.0,7835BG003952,coordinates,outside_model_inside_legacy_buffer,info,,,,,,retain_for_conditioning,pending
raw,GRID_D22_GitHub\data\real_munich\data\bohrungen_epsg25832_shp\bohrungen.shp,1445.0,7835BG003954,coordinates,outside_model_inside_legacy_buffer,info,,,,,,retain_for_conditioning,pending
raw,GRID_D22_GitHub\data\real_munich\data\bohrungen_epsg25832_shp\bohrungen.shp,1446.0,7835BG003955,coordinates,outside_model_inside_legacy_buffer,info,,,,,,retain_for_conditioning,pending
raw,GRID_D22_GitHub\data\real_munich\data\bohrungen_epsg25832_shp\bohrungen.shp,1447.0,7835BG003956,coordinates,outside_model_inside_legacy_buffer,info,,,,,,retain_for_conditioning,pending
raw,GRID_D22_GitHub\data\real_munich\data\bohrungen_epsg25832_shp\bohrungen.shp,1448.0,7835BG004096,coordinates,outside_model_inside_legacy_buffer,info,,,,,,retain_for_conditioning,pending
raw,GRID_D22_GitHub\data\real_munich\data\bohrungen_epsg25832_shp\bohrungen.shp,1449.0,7835BG004097,coordinates,outside_model_inside_legacy_buffer,info,,,,,,retain_for_conditioning,pending
raw,GRID_D22_GitHub\data\real_munich\data\bohrungen_epsg25832_shp\bohrungen.shp,1450.0,7835BG004340,coordinates,outside_model_inside_legacy_buffer,info,,,,,,retain_for_conditioning,pending
raw,GRID_D22_GitHub\data\real_munich\data\bohrungen_epsg25832_shp\bohrungen.shp,1451.0,7835BG004344,coordinates,outside_model_inside_legacy_buffer,info,,,,,,retain_for_conditioning,pending
raw,GRID_D22_GitHub\data\real_munich\data\bohrungen_epsg25832_shp\bohrungen.shp,1452.0,7835BG004347,coordinates,outside_model_inside_legacy_buffer,info,,,,,,retain_for_conditioning,pending
raw,GRID_D22_GitHub\data\real_munich\data\bohrungen_epsg25832_shp\bohrungen.shp,1453.0,7835BG002968,coordinates,outside_model_inside_legacy_buffer,info,,,,,,retain_for_conditioning,pending
raw,GRID_D22_GitHub\data\real_munich\data\bohrungen_epsg25832_shp\bohrungen.shp,1454.0,7835BG002969,coordinates,outside_model_inside_legacy_buffer,info,,,,,,retain_for_conditioning,pending
raw,GRID_D22_GitHub\data\real_munich\data\bohrungen_epsg25832_shp\bohrungen.shp,1455.0,7835BG002971,coordinates,outside_model_inside_legacy_buffer,info,,,,,,retain_for_conditioning,pending
raw,GRID_D22_GitHub\data\real_munich\data\bohrungen_epsg25832_shp\bohrungen.shp,1456.0,7835BG002972,coordinates,outside_model_inside_legacy_buffer,info,,,,,,retain_for_conditioning,pending
raw,GRID_D22_GitHub\data\real_munich\data\bohrungen_epsg25832_shp\bohrungen.shp,1457.0,7835BG002973,coordinates,outside_model_inside_legacy_buffer,info,,,,,,retain_for_conditioning,pending
raw,GRID_D22_GitHub\data\real_munich\data\bohrungen_epsg25832_shp\bohrungen.shp,1458.0,7835BG002975,coordinates,outside_model_inside_legacy_buffer,info,,,,,,retain_for_conditioning,pending
raw,GRID_D22_GitHub\data\real_munich\data\bohrungen_epsg25832_shp\bohrungen.shp,1459.0,7835BG002976,coordinates,outside_model_inside_legacy_buffer,info,,,,,,retain_for_conditioning,pending
raw,GRID_D22_GitHub\data\real_munich\data\bohrungen_epsg25832_shp\bohrungen.shp,1460.0,7835BG002977,coordinates,outside_model_inside_legacy_buffer,info,,,,,,retain_for_conditioning,pending
raw,GRID_D22_GitHub\data\real_munich\data\bohrungen_epsg25832_shp\bohrungen.shp,1461.0,7835BG002979,coordinates,outside_model_inside_legacy_buffer,info,,,,,,retain_for_conditioning,pending
raw,GRID_D22_GitHub\data\real_munich\data\bohrungen_epsg25832_shp\bohrungen.shp,1462.0,7835BG002980,coordinates,outside_model_inside_legacy_buffer,info,,,,,,retain_for_conditioning,pending
raw,GRID_D22_GitHub\data\real_munich\data\bohrungen_epsg25832_shp\bohrungen.shp,1463.0,7835BG002982,coordinates,outside_model_inside_legacy_buffer,info,,,,,,retain_for_conditioning,pending
raw,GRID_D22_GitHub\data\real_munich\data\bohrungen_epsg25832_shp\bohrungen.shp,1464.0,7835BG002983,coordinates,outside_model_inside_legacy_buffer,info,,,,,,retain_for_conditioning,pending
raw,GRID_D22_GitHub\data\real_munich\data\bohrungen_epsg25832_shp\bohrungen.shp,1465.0,7835BG002984,coordinates,outside_model_inside_legacy_buffer,info,,,,,,retain_for_conditioning,pending
raw,GRID_D22_GitHub\data\real_munich\data\bohrungen_epsg25832_shp\bohrungen.shp,1466.0,7835BG002986,coordinates,outside_model_inside_legacy_buffer,info,,,,,,retain_for_conditioning,pending
raw,GRID_D22_GitHub\data\real_munich\data\bohrungen_epsg25832_shp\bohrungen.shp,1467.0,7835BG002988,coordinates,outside_model_inside_legacy_buffer,info,,,,,,retain_for_conditioning,pending
raw,GRID_D22_GitHub\data\real_munich\data\bohrungen_epsg25832_shp\bohrungen.shp,1468.0,7835BG003968,coordinates,outside_model_inside_legacy_buffer,info,,,,,,retain_for_conditioning,pending
raw,GRID_D22_GitHub\data\real_munich\data\bohrungen_epsg25832_shp\bohrungen.shp,1471.0,7835BG004099,coordinates,outside_model_inside_legacy_buffer,info,,,,,,retain_for_conditioning,pending
raw,GRID_D22_GitHub\data\real_munich\data\bohrungen_epsg25832_shp\bohrungen.shp,1472.0,7835BG004100,coordinates,outside_model_inside_legacy_buffer,info,,,,,,retain_for_conditioning,pending
raw,GRID_D22_GitHub\data\real_munich\data\bohrungen_epsg25832_shp\bohrungen.shp,1473.0,7835BG004101,coordinates,outside_model_inside_legacy_buffer,info,,,,,,retain_for_conditioning,pending
raw,GRID_D22_GitHub\data\real_munich\data\bohrungen_epsg25832_shp\bohrungen.shp,1474.0,7835BG004103,coordinates,outside_model_inside_legacy_buffer,info,,,,,,retain_for_conditioning,pending
raw,GRID_D22_GitHub\data\real_munich\data\bohrungen_epsg25832_shp\bohrungen.shp,1477.0,7835BG004107,coordinates,outside_model_inside_legacy_buffer,info,,,,,,retain_for_conditioning,pending
raw,GRID_D22_GitHub\data\real_munich\data\bohrungen_epsg25832_shp\bohrungen.shp,1478.0,7835BG004108,coordinates,outside_model_inside_legacy_buffer,info,,,,,,retain_for_conditioning,pending
raw,GRID_D22_GitHub\data\real_munich\data\bohrungen_epsg25832_shp\bohrungen.shp,1488.0,7835BG005361,coordinates,outside_model_inside_legacy_buffer,info,,,,,,retain_for_conditioning,pending
raw,GRID_D22_GitHub\data\real_munich\data\bohrungen_epsg25832_shp\bohrungen.shp,1489.0,7835BG005363,coordinates,outside_model_inside_legacy_buffer,info,,,,,,retain_for_conditioning,pending
raw,GRID_D22_GitHub\data\real_munich\data\bohrungen_epsg25832_shp\bohrungen.shp,1490.0,7835BG005367,coordinates,outside_model_inside_legacy_buffer,info,,,,,,retain_for_conditioning,pending
raw,GRID_D22_GitHub\data\real_munich\data\bohrungen_epsg25832_shp\bohrungen.shp,1491.0,7835BG005368,coordinates,outside_model_inside_legacy_buffer,info,,,,,,retain_for_conditioning,pending
raw,GRID_D22_GitHub\data\real_munich\data\bohrungen_epsg25832_shp\bohrungen.shp,1492.0,7835BG005369,coordinates,outside_model_inside_legacy_buffer,info,,,,,,retain_for_conditioning,pending
raw,GRID_D22_GitHub\data\real_munich\data\bohrungen_epsg25832_shp\bohrungen.shp,1493.0,7835BG005371,coordinates,outside_model_inside_legacy_buffer,info,,,,,,retain_for_conditioning,pending
raw,GRID_D22_GitHub\data\real_munich\data\bohrungen_epsg25832_shp\bohrungen.shp,1494.0,7835BG005372,coordinates,outside_model_inside_legacy_buffer,info,,,,,,retain_for_conditioning,pending
raw,GRID_D22_GitHub\data\real_munich\data\bohrungen_epsg25832_shp\bohrungen.shp,1495.0,7835BG005373,coordinates,outside_model_inside_legacy_buffer,info,,,,,,retain_for_conditioning,pending
raw,GRID_D22_GitHub\data\real_munich\data\bohrungen_epsg25832_shp\bohrungen.shp,1496.0,7835BG005375,coordinates,outside_model_inside_legacy_buffer,info,,,,,,retain_for_conditioning,pending
raw,GRID_D22_GitHub\data\real_munich\data\bohrungen_epsg25832_shp\bohrungen.shp,1501.0,7835BG005376,coordinates,outside_model_inside_legacy_buffer,info,,,,,,retain_for_conditioning,pending
raw,GRID_D22_GitHub\data\real_munich\data\bohrungen_epsg25832_shp\bohrungen.shp,1530.0,7835BG005377,coordinates,outside_model_inside_legacy_buffer,info,,,,,,retain_for_conditioning,pending
raw,GRID_D22_GitHub\data\real_munich\data\bohrungen_epsg25832_shp\bohrungen.shp,1531.0,7835BG005379,coordinates,outside_model_inside_legacy_buffer,info,,,,,,retain_for_conditioning,pending
raw,GRID_D22_GitHub\data\real_munich\data\bohrungen_epsg25832_shp\bohrungen.shp,1532.0,7835BG005380,coordinates,outside_model_inside_legacy_buffer,info,,,,,,retain_for_conditioning,pending
raw,GRID_D22_GitHub\data\real_munich\data\bohrungen_epsg25832_shp\bohrungen.shp,1533.0,7835BG005383,coordinates,outside_model_inside_legacy_buffer,info,,,,,,retain_for_conditioning,pending
raw,GRID_D22_GitHub\data\real_munich\data\bohrungen_epsg25832_shp\bohrungen.shp,1534.0,7835BG005384,coordinates,outside_model_inside_legacy_buffer,info,,,,,,retain_for_conditioning,pending
raw,GRID_D22_GitHub\data\real_munich\data\bohrungen_epsg25832_shp\bohrungen.shp,1535.0,7835BG005386,coordinates,outside_model_inside_legacy_buffer,info,,,,,,retain_for_conditioning,pending
raw,GRID_D22_GitHub\data\real_munich\data\bohrungen_epsg25832_shp\bohrungen.shp,1536.0,7835BG005387,coordinates,outside_model_inside_legacy_buffer,info,,,,,,retain_for_conditioning,pending
raw,GRID_D22_GitHub\data\real_munich\data\bohrungen_epsg25832_shp\bohrungen.shp,1537.0,7835BG005388,coordinates,outside_model_inside_legacy_buffer,info,,,,,,retain_for_conditioning,pending
raw,GRID_D22_GitHub\data\real_munich\data\bohrungen_epsg25832_shp\bohrungen.shp,1538.0,7835BG005390,coordinates,outside_model_inside_legacy_buffer,info,,,,,,retain_for_conditioning,pending
raw,GRID_D22_GitHub\data\real_munich\data\bohrungen_epsg25832_shp\bohrungen.shp,1539.0,7835BG005392,coordinates,outside_model_inside_legacy_buffer,info,,,,,,retain_for_conditioning,pending
raw,GRID_D22_GitHub\data\real_munich\data\bohrungen_epsg25832_shp\bohrungen.shp,1540.0,7835BG005394,coordinates,outside_model_inside_legacy_buffer,info,,,,,,retain_for_conditioning,pending
raw,GRID_D22_GitHub\data\real_munich\data\bohrungen_epsg25832_shp\bohrungen.shp,1541.0,7835BG005395,coordinates,outside_model_inside_legacy_buffer,info,,,,,,retain_for_conditioning,pending
raw,GRID_D22_GitHub\data\real_munich\data\bohrungen_epsg25832_shp\bohrungen.shp,1542.0,7835BG005396,coordinates,outside_model_inside_legacy_buffer,info,,,,,,retain_for_conditioning,pending
raw,GRID_D22_GitHub\data\real_munich\data\bohrungen_epsg25832_shp\bohrungen.shp,1543.0,7835BG005398,coordinates,outside_model_inside_legacy_buffer,info,,,,,,retain_for_conditioning,pending
raw,GRID_D22_GitHub\data\real_munich\data\bohrungen_epsg25832_shp\bohrungen.shp,1544.0,7835BG005399,coordinates,outside_model_inside_legacy_buffer,info,,,,,,retain_for_conditioning,pending
raw,GRID_D22_GitHub\data\real_munich\data\bohrungen_epsg25832_shp\bohrungen.shp,1545.0,7835BG005400,coordinates,outside_model_inside_legacy_buffer,info,,,,,,retain_for_conditioning,pending
raw,GRID_D22_GitHub\data\real_munich\data\bohrungen_epsg25832_shp\bohrungen.shp,1546.0,7835BG005402,coordinates,outside_model_inside_legacy_buffer,info,,,,,,retain_for_conditioning,pending
raw,GRID_D22_GitHub\data\real_munich\data\bohrungen_epsg25832_shp\bohrungen.shp,1547.0,7835BG005403,coordinates,outside_model_inside_legacy_buffer,info,,,,,,retain_for_conditioning,pending
raw,GRID_D22_GitHub\data\real_munich\data\bohrungen_epsg25832_shp\bohrungen.shp,1548.0,7835BG005507,coordinates,outside_model_inside_legacy_buffer,info,,,,,,retain_for_conditioning,pending
raw,GRID_D22_GitHub\data\real_munich\data\bohrungen_epsg25832_shp\bohrungen.shp,1549.0,7835BG005510,coordinates,outside_model_inside_legacy_buffer,info,,,,,,retain_for_conditioning,pending
raw,GRID_D22_GitHub\data\real_munich\data\bohrungen_epsg25832_shp\bohrungen.shp,1550.0,7835BG005511,coordinates,outside_model_inside_legacy_buffer,info,,,,,,retain_for_conditioning,pending
raw,GRID_D22_GitHub\data\real_munich\data\bohrungen_epsg25832_shp\bohrungen.shp,1551.0,7835BG005513,coordinates,outside_model_inside_legacy_buffer,info,,,,,,retain_for_conditioning,pending
raw,GRID_D22_GitHub\data\real_munich\data\bohrungen_epsg25832_shp\bohrungen.shp,1552.0,7835BG005514,coordinates,outside_model_inside_legacy_buffer,info,,,,,,retain_for_conditioning,pending
raw,GRID_D22_GitHub\data\real_munich\data\bohrungen_epsg25832_shp\bohrungen.shp,1553.0,7835BG005515,coordinates,outside_model_inside_legacy_buffer,info,,,,,,retain_for_conditioning,pending
raw,GRID_D22_GitHub\data\real_munich\data\bohrungen_epsg25832_shp\bohrungen.shp,1554.0,7835BG005517,coordinates,outside_model_inside_legacy_buffer,info,,,,,,retain_for_conditioning,pending
raw,GRID_D22_GitHub\data\real_munich\data\bohrungen_epsg25832_shp\bohrungen.shp,1555.0,7835BG005518,coordinates,outside_model_inside_legacy_buffer,info,,,,,,retain_for_conditioning,pending
raw,GRID_D22_GitHub\data\real_munich\data\bohrungen_epsg25832_shp\bohrungen.shp,1558.0,7835BG005522,coordinates,outside_model_inside_legacy_buffer,info,,,,,,retain_for_conditioning,pending
raw,GRID_D22_GitHub\data\real_munich\data\bohrungen_epsg25832_shp\bohrungen.shp,1559.0,7835BG005524,coordinates,outside_model_inside_legacy_buffer,info,,,,,,retain_for_conditioning,pending
raw,GRID_D22_GitHub\data\real_munich\data\bohrungen_epsg25832_shp\bohrungen.shp,1560.0,7835BG005525,coordinates,outside_model_inside_legacy_buffer,info,,,,,,retain_for_conditioning,pending
raw,GRID_D22_GitHub\data\real_munich\data\bohrungen_epsg25832_shp\bohrungen.shp,1561.0,7835BG005526,coordinates,outside_model_inside_legacy_buffer,info,,,,,,retain_for_conditioning,pending
raw,GRID_D22_GitHub\data\real_munich\data\bohrungen_epsg25832_shp\bohrungen.shp,1566.0,7835BG004180,coordinates,outside_model_inside_legacy_buffer,info,,,,,,retain_for_conditioning,pending
raw,GRID_D22_GitHub\data\real_munich\data\bohrungen_epsg25832_shp\bohrungen.shp,1567.0,7835BG004181,coordinates,outside_model_inside_legacy_buffer,info,,,,,,retain_for_conditioning,pending
raw,GRID_D22_GitHub\data\real_munich\data\bohrungen_epsg25832_shp\bohrungen.shp,1568.0,7835BG004183,coordinates,outside_model_inside_legacy_buffer,info,,,,,,retain_for_conditioning,pending
raw,GRID_D22_GitHub\data\real_munich\data\bohrungen_epsg25832_shp\bohrungen.shp,1574.0,7835BG005295,coordinates,outside_model_inside_legacy_buffer,info,,,,,,retain_for_conditioning,pending
raw,GRID_D22_GitHub\data\real_munich\data\bohrungen_epsg25832_shp\bohrungen.shp,1575.0,7835BG005298,coordinates,outside_model_inside_legacy_buffer,info,,,,,,retain_for_conditioning,pending
raw,GRID_D22_GitHub\data\real_munich\data\bohrungen_epsg25832_shp\bohrungen.shp,1576.0,7835BG005304,coordinates,outside_model_inside_legacy_buffer,info,,,,,,retain_for_conditioning,pending
raw,GRID_D22_GitHub\data\real_munich\data\bohrungen_epsg25832_shp\bohrungen.shp,1577.0,7835BG005305,coordinates,outside_model_inside_legacy_buffer,info,,,,,,retain_for_conditioning,pending
raw,GRID_D22_GitHub\data\real_munich\data\bohrungen_epsg25832_shp\bohrungen.shp,1578.0,7835BG005310,coordinates,outside_model_inside_legacy_buffer,info,,,,,,retain_for_conditioning,pending
raw,GRID_D22_GitHub\data\real_munich\data\bohrungen_epsg25832_shp\bohrungen.shp,1579.0,7835BG005413,coordinates,outside_model_inside_legacy_buffer,info,,,,,,retain_for_conditioning,pending
raw,GRID_D22_GitHub\data\real_munich\data\bohrungen_epsg25832_shp\bohrungen.shp,1580.0,7835BG005414,coordinates,outside_model_inside_legacy_buffer,info,,,,,,retain_for_conditioning,pending
raw,GRID_D22_GitHub\data\real_munich\data\bohrungen_epsg25832_shp\bohrungen.shp,1581.0,7835BG005415,coordinates,outside_model_inside_legacy_buffer,info,,,,,,retain_for_conditioning,pending
raw,GRID_D22_GitHub\data\real_munich\data\bohrungen_epsg25832_shp\bohrungen.shp,1582.0,7835BG005417,coordinates,outside_model_inside_legacy_buffer,info,,,,,,retain_for_conditioning,pending
raw,GRID_D22_GitHub\data\real_munich\data\bohrungen_epsg25832_shp\bohrungen.shp,1583.0,7835BG005530,coordinates,outside_model_inside_legacy_buffer,info,,,,,,retain_for_conditioning,pending
raw,GRID_D22_GitHub\data\real_munich\data\bohrungen_epsg25832_shp\bohrungen.shp,1584.0,7835BG005532,coordinates,outside_model_inside_legacy_buffer,info,,,,,,retain_for_conditioning,pending
raw,GRID_D22_GitHub\data\real_munich\data\bohrungen_epsg25832_shp\bohrungen.shp,1585.0,7835BG005533,coordinates,outside_model_inside_legacy_buffer,info,,,,,,retain_for_conditioning,pending
raw,GRID_D22_GitHub\data\real_munich\data\bohrungen_epsg25832_shp\bohrungen.shp,1586.0,7835BG005535,coordinates,outside_model_inside_legacy_buffer,info,,,,,,retain_for_conditioning,pending
raw,GRID_D22_GitHub\data\real_munich\data\bohrungen_epsg25832_shp\bohrungen.shp,1587.0,7835BG005536,coordinates,outside_model_inside_legacy_buffer,info,,,,,,retain_for_conditioning,pending
raw,GRID_D22_GitHub\data\real_munich\data\bohrungen_epsg25832_shp\bohrungen.shp,1588.0,7835BG005537,coordinates,outside_model_inside_legacy_buffer,info,,,,,,retain_for_conditioning,pending
raw,GRID_D22_GitHub\data\real_munich\data\bohrungen_epsg25832_shp\bohrungen.shp,1592.0,7835BG005551,coordinates,outside_model_inside_legacy_buffer,info,,,,,,retain_for_conditioning,pending
raw,GRID_D22_GitHub\data\real_munich\data\bohrungen_epsg25832_shp\bohrungen.shp,1593.0,7835BG005552,coordinates,outside_model_inside_legacy_buffer,info,,,,,,retain_for_conditioning,pending
raw,GRID_D22_GitHub\data\real_munich\data\bohrungen_epsg25832_shp\bohrungen.shp,1594.0,7835BG005554,coordinates,outside_model_inside_legacy_buffer,info,,,,,,retain_for_conditioning,pending
raw,GRID_D22_GitHub\data\real_munich\data\bohrungen_epsg25832_shp\bohrungen.shp,1595.0,7835BG005555,coordinates,outside_model_inside_legacy_buffer,info,,,,,,retain_for_conditioning,pending
raw,GRID_D22_GitHub\data\real_munich\data\bohrungen_epsg25832_shp\bohrungen.shp,1596.0,7835BG005556,coordinates,outside_model_inside_legacy_buffer,info,,,,,,retain_for_conditioning,pending
raw,GRID_D22_GitHub\data\real_munich\data\bohrungen_epsg25832_shp\bohrungen.shp,1597.0,7835BG005313,coordinates,outside_model_inside_legacy_buffer,info,,,,,,retain_for_conditioning,pending
raw,GRID_D22_GitHub\data\real_munich\data\bohrungen_epsg25832_shp\bohrungen.shp,1598.0,7835BG004199,coordinates,outside_model_inside_legacy_buffer,info,,,,,,retain_for_conditioning,pending
raw,GRID_D22_GitHub\data\real_munich\data\bohrungen_epsg25832_shp\bohrungen.shp,1599.0,7835BG004201,coordinates,outside_model_inside_legacy_buffer,info,,,,,,retain_for_conditioning,pending
raw,GRID_D22_GitHub\data\real_munich\data\bohrungen_epsg25832_shp\bohrungen.shp,1600.0,7835BG004202,coordinates,outside_model_inside_legacy_buffer,info,,,,,,retain_for_conditioning,pending
raw,GRID_D22_GitHub\data\real_munich\data\bohrungen_epsg25832_shp\bohrungen.shp,1601.0,7835BG004203,coordinates,outside_model_inside_legacy_buffer,info,,,,,,retain_for_conditioning,pending
raw,GRID_D22_GitHub\data\real_munich\data\bohrungen_epsg25832_shp\bohrungen.shp,1602.0,7835BG004205,coordinates,outside_model_inside_legacy_buffer,info,,,,,,retain_for_conditioning,pending
raw,GRID_D22_GitHub\data\real_munich\data\bohrungen_epsg25832_shp\bohrungen.shp,1603.0,7835BG004206,coordinates,outside_model_inside_legacy_buffer,info,,,,,,retain_for_conditioning,pending
raw,GRID_D22_GitHub\data\real_munich\data\bohrungen_epsg25832_shp\bohrungen.shp,1604.0,7835BG004208,coordinates,outside_model_inside_legacy_buffer,info,,,,,,retain_for_conditioning,pending
raw,GRID_D22_GitHub\data\real_munich\data\bohrungen_epsg25832_shp\bohrungen.shp,1605.0,7835BG004209,coordinates,outside_model_inside_legacy_buffer,info,,,,,,retain_for_conditioning,pending
raw,GRID_D22_GitHub\data\real_munich\data\bohrungen_epsg25832_shp\bohrungen.shp,1606.0,7835BG004210,coordinates,outside_model_inside_legacy_buffer,info,,,,,,retain_for_conditioning,pending
raw,GRID_D22_GitHub\data\real_munich\data\bohrungen_epsg25832_shp\bohrungen.shp,1607.0,7835BG004212,coordinates,outside_model_inside_legacy_buffer,info,,,,,,retain_for_conditioning,pending
raw,GRID_D22_GitHub\data\real_munich\data\bohrungen_epsg25832_shp\bohrungen.shp,1608.0,7835BG004213,coordinates,outside_model_inside_legacy_buffer,info,,,,,,retain_for_conditioning,pending
raw,GRID_D22_GitHub\data\real_munich\data\bohrungen_epsg25832_shp\bohrungen.shp,1609.0,7835BG004214,coordinates,outside_model_inside_legacy_buffer,info,,,,,,retain_for_conditioning,pending
raw,GRID_D22_GitHub\data\real_munich\data\bohrungen_epsg25832_shp\bohrungen.shp,1610.0,7835BG004216,coordinates,outside_model_inside_legacy_buffer,info,,,,,,retain_for_conditioning,pending
raw,GRID_D22_GitHub\data\real_munich\data\bohrungen_epsg25832_shp\bohrungen.shp,1611.0,7835BG004217,coordinates,outside_model_inside_legacy_buffer,info,,,,,,retain_for_conditioning,pending
raw,GRID_D22_GitHub\data\real_munich\data\bohrungen_epsg25832_shp\bohrungen.shp,1612.0,7835BG004218,coordinates,outside_model_inside_legacy_buffer,info,,,,,,retain_for_conditioning,pending
raw,GRID_D22_GitHub\data\real_munich\data\bohrungen_epsg25832_shp\bohrungen.shp,1613.0,7835BG005092,coordinates,outside_model_inside_legacy_buffer,info,,,,,,retain_for_conditioning,pending
raw,GRID_D22_GitHub\data\real_munich\data\bohrungen_epsg25832_shp\bohrungen.shp,1614.0,7835BG005093,coordinates,outside_model_inside_legacy_buffer,info,,,,,,retain_for_conditioning,pending
raw,GRID_D22_GitHub\data\real_munich\data\bohrungen_epsg25832_shp\bohrungen.shp,1615.0,7835BG005094,coordinates,outside_model_inside_legacy_buffer,info,,,,,,retain_for_conditioning,pending
raw,GRID_D22_GitHub\data\real_munich\data\bohrungen_epsg25832_shp\bohrungen.shp,1616.0,7835BG005097,coordinates,outside_model_inside_legacy_buffer,info,,,,,,retain_for_conditioning,pending
raw,GRID_D22_GitHub\data\real_munich\data\bohrungen_epsg25832_shp\bohrungen.shp,1617.0,7835BG005558,coordinates,outside_model_inside_legacy_buffer,info,,,,,,retain_for_conditioning,pending
raw,GRID_D22_GitHub\data\real_munich\data\bohrungen_epsg25832_shp\bohrungen.shp,1618.0,7835BG005559,coordinates,outside_model_inside_legacy_buffer,info,,,,,,retain_for_conditioning,pending
raw,GRID_D22_GitHub\data\real_munich\data\bohrungen_epsg25832_shp\bohrungen.shp,1623.0,7835BG005320,coordinates,outside_model_inside_legacy_buffer,info,,,,,,retain_for_conditioning,pending
raw,GRID_D22_GitHub\data\real_munich\data\bohrungen_epsg25832_shp\bohrungen.shp,1624.0,7835BG005322,coordinates,outside_model_inside_legacy_buffer,info,,,,,,retain_for_conditioning,pending
raw,GRID_D22_GitHub\data\real_munich\data\bohrungen_epsg25832_shp\bohrungen.shp,1625.0,7835BG005442,coordinates,outside_model_inside_legacy_buffer,info,,,,,,retain_for_conditioning,pending
raw,GRID_D22_GitHub\data\real_munich\data\bohrungen_epsg25832_shp\bohrungen.shp,1626.0,7835BG005443,coordinates,outside_model_inside_legacy_buffer,info,,,,,,retain_for_conditioning,pending
raw,GRID_D22_GitHub\data\real_munich\data\bohrungen_epsg25832_shp\bohrungen.shp,1627.0,7835BG005446,coordinates,outside_model_inside_legacy_buffer,info,,,,,,retain_for_conditioning,pending
raw,GRID_D22_GitHub\data\real_munich\data\bohrungen_epsg25832_shp\bohrungen.shp,1628.0,7835BG005448,coordinates,outside_model_inside_legacy_buffer,info,,,,,,retain_for_conditioning,pending
raw,GRID_D22_GitHub\data\real_munich\data\bohrungen_epsg25832_shp\bohrungen.shp,1629.0,7835BG005458,coordinates,outside_model_inside_legacy_buffer,info,,,,,,retain_for_conditioning,pending
raw,GRID_D22_GitHub\data\real_munich\data\bohrungen_epsg25832_shp\bohrungen.shp,1630.0,7835BG005459,coordinates,outside_model_inside_legacy_buffer,info,,,,,,retain_for_conditioning,pending
raw,GRID_D22_GitHub\data\real_munich\data\bohrungen_epsg25832_shp\bohrungen.shp,1631.0,7835BG005560,coordinates,outside_model_inside_legacy_buffer,info,,,,,,retain_for_conditioning,pending
raw,GRID_D22_GitHub\data\real_munich\data\bohrungen_epsg25832_shp\bohrungen.shp,1632.0,7835BG005562,coordinates,outside_model_inside_legacy_buffer,info,,,,,,retain_for_conditioning,pending
raw,GRID_D22_GitHub\data\real_munich\data\bohrungen_epsg25832_shp\bohrungen.shp,1642.0,7835BG004389,coordinates,outside_model_inside_legacy_buffer,info,,,,,,retain_for_conditioning,pending
raw,GRID_D22_GitHub\data\real_munich\data\bohrungen_epsg25832_shp\bohrungen.shp,1643.0,7835BG004391,coordinates,outside_model_inside_legacy_buffer,info,,,,,,retain_for_conditioning,pending
raw,GRID_D22_GitHub\data\real_munich\data\bohrungen_epsg25832_shp\bohrungen.shp,1644.0,7835BG004392,coordinates,outside_model_inside_legacy_buffer,info,,,,,,retain_for_conditioning,pending
raw,GRID_D22_GitHub\data\real_munich\data\bohrungen_epsg25832_shp\bohrungen.shp,1673.0,7835BG006465,coordinates,outside_model_inside_legacy_buffer,info,,,,,,retain_for_conditioning,pending
raw,GRID_D22_GitHub\data\real_munich\data\bohrungen_epsg25832_shp\bohrungen.shp,1674.0,7835BG006466,coordinates,outside_model_inside_legacy_buffer,info,,,,,,retain_for_conditioning,pending
raw,GRID_D22_GitHub\data\real_munich\data\bohrungen_epsg25832_shp\bohrungen.shp,1675.0,7835BG006467,coordinates,outside_model_inside_legacy_buffer,info,,,,,,retain_for_conditioning,pending
raw,GRID_D22_GitHub\data\real_munich\data\bohrungen_epsg25832_shp\bohrungen.shp,1676.0,7835BG006469,coordinates,outside_model_inside_legacy_buffer,info,,,,,,retain_for_conditioning,pending
raw,GRID_D22_GitHub\data\real_munich\data\bohrungen_epsg25832_shp\bohrungen.shp,1677.0,7835BG006470,coordinates,outside_model_inside_legacy_buffer,info,,,,,,retain_for_conditioning,pending
raw,GRID_D22_GitHub\data\real_munich\data\bohrungen_epsg25832_shp\bohrungen.shp,1678.0,7835BG006472,coordinates,outside_model_inside_legacy_buffer,info,,,,,,retain_for_conditioning,pending
raw,GRID_D22_GitHub\data\real_munich\data\bohrungen_epsg25832_shp\bohrungen.shp,1679.0,7835BG006591,coordinates,outside_model_inside_legacy_buffer,info,,,,,,retain_for_conditioning,pending
raw,GRID_D22_GitHub\data\real_munich\data\bohrungen_epsg25832_shp\bohrungen.shp,1680.0,7835BG006592,coordinates,outside_model_inside_legacy_buffer,info,,,,,,retain_for_conditioning,pending
raw,GRID_D22_GitHub\data\real_munich\data\bohrungen_epsg25832_shp\bohrungen.shp,1682.0,7835BG006595,coordinates,outside_model_inside_legacy_buffer,info,,,,,,retain_for_conditioning,pending
raw,GRID_D22_GitHub\data\real_munich\data\bohrungen_epsg25832_shp\bohrungen.shp,1683.0,7835BG006596,coordinates,outside_model_inside_legacy_buffer,info,,,,,,retain_for_conditioning,pending
raw,GRID_D22_GitHub\data\real_munich\data\bohrungen_epsg25832_shp\bohrungen.shp,1684.0,7835BG006598,coordinates,outside_model_inside_legacy_buffer,info,,,,,,retain_for_conditioning,pending
raw,GRID_D22_GitHub\data\real_munich\data\bohrungen_epsg25832_shp\bohrungen.shp,1685.0,7835BG006599,coordinates,outside_model_inside_legacy_buffer,info,,,,,,retain_for_conditioning,pending
raw,GRID_D22_GitHub\data\real_munich\data\bohrungen_epsg25832_shp\bohrungen.shp,1686.0,7835BG006600,coordinates,outside_model_inside_legacy_buffer,info,,,,,,retain_for_conditioning,pending
raw,GRID_D22_GitHub\data\real_munich\data\bohrungen_epsg25832_shp\bohrungen.shp,1687.0,7835BG006602,coordinates,outside_model_inside_legacy_buffer,info,,,,,,retain_for_conditioning,pending
raw,GRID_D22_GitHub\data\real_munich\data\bohrungen_epsg25832_shp\bohrungen.shp,1688.0,7835BG006603,coordinates,outside_model_inside_legacy_buffer,info,,,,,,retain_for_conditioning,pending
raw,GRID_D22_GitHub\data\real_munich\data\bohrungen_epsg25832_shp\bohrungen.shp,1689.0,7835BG006604,coordinates,outside_model_inside_legacy_buffer,info,,,,,,retain_for_conditioning,pending
raw,GRID_D22_GitHub\data\real_munich\data\bohrungen_epsg25832_shp\bohrungen.shp,1695.0,7835BG007044,coordinates,outside_model_inside_legacy_buffer,info,,,,,,retain_for_conditioning,pending
raw,GRID_D22_GitHub\data\real_munich\data\bohrungen_epsg25832_shp\bohrungen.shp,1699.0,7835BG007049,coordinates,outside_model_inside_legacy_buffer,info,,,,,,retain_for_conditioning,pending
raw,GRID_D22_GitHub\data\real_munich\data\bohrungen_epsg25832_shp\bohrungen.shp,1704.0,7835BG007056,coordinates,outside_model_inside_legacy_buffer,info,,,,,,retain_for_conditioning,pending
raw,GRID_D22_GitHub\data\real_munich\data\bohrungen_epsg25832_shp\bohrungen.shp,1706.0,7835BG007059,coordinates,outside_model_inside_legacy_buffer,info,,,,,,retain_for_conditioning,pending
raw,GRID_D22_GitHub\data\real_munich\data\bohrungen_epsg25832_shp\bohrungen.shp,1707.0,7835BG006473,coordinates,outside_model_inside_legacy_buffer,info,,,,,,retain_for_conditioning,pending
raw,GRID_D22_GitHub\data\real_munich\data\bohrungen_epsg25832_shp\bohrungen.shp,1708.0,7835BG006474,coordinates,outside_model_inside_legacy_buffer,info,,,,,,retain_for_conditioning,pending
raw,GRID_D22_GitHub\data\real_munich\data\bohrungen_epsg25832_shp\bohrungen.shp,1709.0,7835BG006476,coordinates,outside_model_inside_legacy_buffer,info,,,,,,retain_for_conditioning,pending
raw,GRID_D22_GitHub\data\real_munich\data\bohrungen_epsg25832_shp\bohrungen.shp,1710.0,7835BG006477,coordinates,outside_model_inside_legacy_buffer,info,,,,,,retain_for_conditioning,pending
raw,GRID_D22_GitHub\data\real_munich\data\bohrungen_epsg25832_shp\bohrungen.shp,1711.0,7835BG006478,coordinates,outside_model_inside_legacy_buffer,info,,,,,,retain_for_conditioning,pending
raw,GRID_D22_GitHub\data\real_munich\data\bohrungen_epsg25832_shp\bohrungen.shp,1712.0,7835BG006480,coordinates,outside_model_inside_legacy_buffer,info,,,,,,retain_for_conditioning,pending
raw,GRID_D22_GitHub\data\real_munich\data\bohrungen_epsg25832_shp\bohrungen.shp,1713.0,7835BG006481,coordinates,outside_model_inside_legacy_buffer,info,,,,,,retain_for_conditioning,pending
raw,GRID_D22_GitHub\data\real_munich\data\bohrungen_epsg25832_shp\bohrungen.shp,1714.0,7835BG006482,coordinates,outside_model_inside_legacy_buffer,info,,,,,,retain_for_conditioning,pending
raw,GRID_D22_GitHub\data\real_munich\data\bohrungen_epsg25832_shp\bohrungen.shp,1715.0,7835BG006484,coordinates,outside_model_inside_legacy_buffer,info,,,,,,retain_for_conditioning,pending
raw,GRID_D22_GitHub\data\real_munich\data\bohrungen_epsg25832_shp\bohrungen.shp,1716.0,7835BG006485,coordinates,outside_model_inside_legacy_buffer,info,,,,,,retain_for_conditioning,pending
raw,GRID_D22_GitHub\data\real_munich\data\bohrungen_epsg25832_shp\bohrungen.shp,1717.0,7835BG006487,coordinates,outside_model_inside_legacy_buffer,info,,,,,,retain_for_conditioning,pending
raw,GRID_D22_GitHub\data\real_munich\data\bohrungen_epsg25832_shp\bohrungen.shp,1718.0,7835BG006488,coordinates,outside_model_inside_legacy_buffer,info,,,,,,retain_for_conditioning,pending
raw,GRID_D22_GitHub\data\real_munich\data\bohrungen_epsg25832_shp\bohrungen.shp,1719.0,7835BG006489,coordinates,outside_model_inside_legacy_buffer,info,,,,,,retain_for_conditioning,pending
raw,GRID_D22_GitHub\data\real_munich\data\bohrungen_epsg25832_shp\bohrungen.shp,1720.0,7835BG006491,coordinates,outside_model_inside_legacy_buffer,info,,,,,,retain_for_conditioning,pending
raw,GRID_D22_GitHub\data\real_munich\data\bohrungen_epsg25832_shp\bohrungen.shp,1721.0,7835BG006492,coordinates,outside_model_inside_legacy_buffer,info,,,,,,retain_for_conditioning,pending
raw,GRID_D22_GitHub\data\real_munich\data\bohrungen_epsg25832_shp\bohrungen.shp,1722.0,7835BG006496,coordinates,outside_model_inside_legacy_buffer,info,,,,,,retain_for_conditioning,pending
raw,GRID_D22_GitHub\data\real_munich\data\bohrungen_epsg25832_shp\bohrungen.shp,1723.0,7835BG006606,coordinates,outside_model_inside_legacy_buffer,info,,,,,,retain_for_conditioning,pending
raw,GRID_D22_GitHub\data\real_munich\data\bohrungen_epsg25832_shp\bohrungen.shp,1732.0,7835BG007063,coordinates,outside_model_inside_legacy_buffer,info,,,,,,retain_for_conditioning,pending
raw,GRID_D22_GitHub\data\real_munich\data\bohrungen_epsg25832_shp\bohrungen.shp,1733.0,7835BG007064,coordinates,outside_model_inside_legacy_buffer,info,,,,,,retain_for_conditioning,pending
raw,GRID_D22_GitHub\data\real_munich\data\bohrungen_epsg25832_shp\bohrungen.shp,1734.0,7835BG007066,coordinates,outside_model_inside_legacy_buffer,info,,,,,,retain_for_conditioning,pending
raw,GRID_D22_GitHub\data\real_munich\data\bohrungen_epsg25832_shp\bohrungen.shp,1746.0,7835BG006499,coordinates,outside_model_inside_legacy_buffer,info,,,,,,retain_for_conditioning,pending
raw,GRID_D22_GitHub\data\real_munich\data\bohrungen_epsg25832_shp\bohrungen.shp,1747.0,7835BG006500,coordinates,outside_model_inside_legacy_buffer,info,,,,,,retain_for_conditioning,pending
raw,GRID_D22_GitHub\data\real_munich\data\bohrungen_epsg25832_shp\bohrungen.shp,1748.0,7835BG006502,coordinates,outside_model_inside_legacy_buffer,info,,,,,,retain_for_conditioning,pending
raw,GRID_D22_GitHub\data\real_munich\data\bohrungen_epsg25832_shp\bohrungen.shp,1749.0,7835BG006503,coordinates,outside_model_inside_legacy_buffer,info,,,,,,retain_for_conditioning,pending
raw,GRID_D22_GitHub\data\real_munich\data\bohrungen_epsg25832_shp\bohrungen.shp,1750.0,7835BG006504,coordinates,outside_model_inside_legacy_buffer,info,,,,,,retain_for_conditioning,pending
raw,GRID_D22_GitHub\data\real_munich\data\bohrungen_epsg25832_shp\bohrungen.shp,1751.0,7835BG006506,coordinates,outside_model_inside_legacy_buffer,info,,,,,,retain_for_conditioning,pending
raw,GRID_D22_GitHub\data\real_munich\data\bohrungen_epsg25832_shp\bohrungen.shp,1752.0,7835BG006507,coordinates,outside_model_inside_legacy_buffer,info,,,,,,retain_for_conditioning,pending
raw,GRID_D22_GitHub\data\real_munich\data\bohrungen_epsg25832_shp\bohrungen.shp,1753.0,7835BG006508,coordinates,outside_model_inside_legacy_buffer,info,,,,,,retain_for_conditioning,pending
raw,GRID_D22_GitHub\data\real_munich\data\bohrungen_epsg25832_shp\bohrungen.shp,1754.0,7835BG006510,coordinates,outside_model_inside_legacy_buffer,info,,,,,,retain_for_conditioning,pending
raw,GRID_D22_GitHub\data\real_munich\data\bohrungen_epsg25832_shp\bohrungen.shp,1755.0,7835BG006511,coordinates,outside_model_inside_legacy_buffer,info,,,,,,retain_for_conditioning,pending
raw,GRID_D22_GitHub\data\real_munich\data\bohrungen_epsg25832_shp\bohrungen.shp,1756.0,7835BG006512,coordinates,outside_model_inside_legacy_buffer,info,,,,,,retain_for_conditioning,pending
raw,GRID_D22_GitHub\data\real_munich\data\bohrungen_epsg25832_shp\bohrungen.shp,1757.0,7835BG006514,coordinates,outside_model_inside_legacy_buffer,info,,,,,,retain_for_conditioning,pending
raw,GRID_D22_GitHub\data\real_munich\data\bohrungen_epsg25832_shp\bohrungen.shp,1758.0,7835BG006515,coordinates,outside_model_inside_legacy_buffer,info,,,,,,retain_for_conditioning,pending
raw,GRID_D22_GitHub\data\real_munich\data\bohrungen_epsg25832_shp\bohrungen.shp,1759.0,7835BG006517,coordinates,outside_model_inside_legacy_buffer,info,,,,,,retain_for_conditioning,pending
raw,GRID_D22_GitHub\data\real_munich\data\bohrungen_epsg25832_shp\bohrungen.shp,1760.0,7835BG006518,coordinates,outside_model_inside_legacy_buffer,info,,,,,,retain_for_conditioning,pending
raw,GRID_D22_GitHub\data\real_munich\data\bohrungen_epsg25832_shp\bohrungen.shp,1761.0,7835BG006519,coordinates,outside_model_inside_legacy_buffer,info,,,,,,retain_for_conditioning,pending
raw,GRID_D22_GitHub\data\real_munich\data\bohrungen_epsg25832_shp\bohrungen.shp,1762.0,7835BG006521,coordinates,outside_model_inside_legacy_buffer,info,,,,,,retain_for_conditioning,pending
raw,GRID_D22_GitHub\data\real_munich\data\bohrungen_epsg25832_shp\bohrungen.shp,1763.0,7835BG006522,coordinates,outside_model_inside_legacy_buffer,info,,,,,,retain_for_conditioning,pending
raw,GRID_D22_GitHub\data\real_munich\data\bohrungen_epsg25832_shp\bohrungen.shp,1764.0,7835BG006523,coordinates,outside_model_inside_legacy_buffer,info,,,,,,retain_for_conditioning,pending
raw,GRID_D22_GitHub\data\real_munich\data\bohrungen_epsg25832_shp\bohrungen.shp,1765.0,7835BG006525,coordinates,outside_model_inside_legacy_buffer,info,,,,,,retain_for_conditioning,pending
raw,GRID_D22_GitHub\data\real_munich\data\bohrungen_epsg25832_shp\bohrungen.shp,1766.0,7835BG006526,coordinates,outside_model_inside_legacy_buffer,info,,,,,,retain_for_conditioning,pending
raw,GRID_D22_GitHub\data\real_munich\data\bohrungen_epsg25832_shp\bohrungen.shp,1767.0,7835BG006527,coordinates,outside_model_inside_legacy_buffer,info,,,,,,retain_for_conditioning,pending
raw,GRID_D22_GitHub\data\real_munich\data\bohrungen_epsg25832_shp\bohrungen.shp,1768.0,7835BG006529,coordinates,outside_model_inside_legacy_buffer,info,,,,,,retain_for_conditioning,pending
raw,GRID_D22_GitHub\data\real_munich\data\bohrungen_epsg25832_shp\bohrungen.shp,1769.0,7835BG006530,coordinates,outside_model_inside_legacy_buffer,info,,,,,,retain_for_conditioning,pending
raw,GRID_D22_GitHub\data\real_munich\data\bohrungen_epsg25832_shp\bohrungen.shp,1770.0,7835BG006532,coordinates,outside_model_inside_legacy_buffer,info,,,,,,retain_for_conditioning,pending
raw,GRID_D22_GitHub\data\real_munich\data\bohrungen_epsg25832_shp\bohrungen.shp,1771.0,7835BG006533,coordinates,outside_model_inside_legacy_buffer,info,,,,,,retain_for_conditioning,pending
raw,GRID_D22_GitHub\data\real_munich\data\bohrungen_epsg25832_shp\bohrungen.shp,1772.0,7835BG006534,coordinates,outside_model_inside_legacy_buffer,info,,,,,,retain_for_conditioning,pending
raw,GRID_D22_GitHub\data\real_munich\data\bohrungen_epsg25832_shp\bohrungen.shp,1773.0,7835BG006536,coordinates,outside_model_inside_legacy_buffer,info,,,,,,retain_for_conditioning,pending
raw,GRID_D22_GitHub\data\real_munich\data\bohrungen_epsg25832_shp\bohrungen.shp,1776.0,7835BG006540,coordinates,outside_model_inside_legacy_buffer,info,,,,,,retain_for_conditioning,pending
raw,GRID_D22_GitHub\data\real_munich\data\bohrungen_epsg25832_shp\bohrungen.shp,1777.0,7835BG006541,coordinates,outside_model_inside_legacy_buffer,info,,,,,,retain_for_conditioning,pending
raw,GRID_D22_GitHub\data\real_munich\data\bohrungen_epsg25832_shp\bohrungen.shp,1778.0,7835BG006542,coordinates,outside_model_inside_legacy_buffer,info,,,,,,retain_for_conditioning,pending
raw,GRID_D22_GitHub\data\real_munich\data\bohrungen_epsg25832_shp\bohrungen.shp,1779.0,7835BG006544,coordinates,outside_model_inside_legacy_buffer,info,,,,,,retain_for_conditioning,pending
raw,GRID_D22_GitHub\data\real_munich\data\bohrungen_epsg25832_shp\bohrungen.shp,1780.0,7835BG006545,coordinates,outside_model_inside_legacy_buffer,info,,,,,,retain_for_conditioning,pending
raw,GRID_D22_GitHub\data\real_munich\data\bohrungen_epsg25832_shp\bohrungen.shp,1781.0,7835BG006547,coordinates,outside_model_inside_legacy_buffer,info,,,,,,retain_for_conditioning,pending
raw,GRID_D22_GitHub\data\real_munich\data\bohrungen_epsg25832_shp\bohrungen.shp,1782.0,7835BG006548,coordinates,outside_model_inside_legacy_buffer,info,,,,,,retain_for_conditioning,pending
raw,GRID_D22_GitHub\data\real_munich\data\bohrungen_epsg25832_shp\bohrungen.shp,1783.0,7835BG006549,coordinates,outside_model_inside_legacy_buffer,info,,,,,,retain_for_conditioning,pending
raw,GRID_D22_GitHub\data\real_munich\data\bohrungen_epsg25832_shp\bohrungen.shp,1784.0,7835BG006551,coordinates,outside_model_inside_legacy_buffer,info,,,,,,retain_for_conditioning,pending
raw,GRID_D22_GitHub\data\real_munich\data\bohrungen_epsg25832_shp\bohrungen.shp,1785.0,7835BG006552,coordinates,outside_model_inside_legacy_buffer,info,,,,,,retain_for_conditioning,pending
raw,GRID_D22_GitHub\data\real_munich\data\bohrungen_epsg25832_shp\bohrungen.shp,1786.0,7835BG006553,coordinates,outside_model_inside_legacy_buffer,info,,,,,,retain_for_conditioning,pending
raw,GRID_D22_GitHub\data\real_munich\data\bohrungen_epsg25832_shp\bohrungen.shp,1787.0,7835BG006555,coordinates,outside_model_inside_legacy_buffer,info,,,,,,retain_for_conditioning,pending
raw,GRID_D22_GitHub\data\real_munich\data\bohrungen_epsg25832_shp\bohrungen.shp,1788.0,7835BG006556,coordinates,outside_model_inside_legacy_buffer,info,,,,,,retain_for_conditioning,pending
raw,GRID_D22_GitHub\data\real_munich\data\bohrungen_epsg25832_shp\bohrungen.shp,1796.0,7835BG007003,coordinates,outside_model_inside_legacy_buffer,info,,,,,,retain_for_conditioning,pending
raw,GRID_D22_GitHub\data\real_munich\data\bohrungen_epsg25832_shp\bohrungen.shp,1814.0,7835BG006557,coordinates,outside_model_inside_legacy_buffer,info,,,,,,retain_for_conditioning,pending
raw,GRID_D22_GitHub\data\real_munich\data\bohrungen_epsg25832_shp\bohrungen.shp,1815.0,7835BG006562,coordinates,outside_model_inside_legacy_buffer,info,,,,,,retain_for_conditioning,pending
raw,GRID_D22_GitHub\data\real_munich\data\bohrungen_epsg25832_shp\bohrungen.shp,1816.0,7835BG006563,coordinates,outside_model_inside_legacy_buffer,info,,,,,,retain_for_conditioning,pending
raw,GRID_D22_GitHub\data\real_munich\data\bohrungen_epsg25832_shp\bohrungen.shp,1817.0,7835BG006565,coordinates,outside_model_inside_legacy_buffer,info,,,,,,retain_for_conditioning,pending
raw,GRID_D22_GitHub\data\real_munich\data\bohrungen_epsg25832_shp\bohrungen.shp,1818.0,7835BG006566,coordinates,outside_model_inside_legacy_buffer,info,,,,,,retain_for_conditioning,pending
raw,GRID_D22_GitHub\data\real_munich\data\bohrungen_epsg25832_shp\bohrungen.shp,1819.0,7835BG006567,coordinates,outside_model_inside_legacy_buffer,info,,,,,,retain_for_conditioning,pending
raw,GRID_D22_GitHub\data\real_munich\data\bohrungen_epsg25832_shp\bohrungen.shp,1820.0,7835BG006569,coordinates,outside_model_inside_legacy_buffer,info,,,,,,retain_for_conditioning,pending
raw,GRID_D22_GitHub\data\real_munich\data\bohrungen_epsg25832_shp\bohrungen.shp,1821.0,7835BG006458,coordinates,outside_model_inside_legacy_buffer,info,,,,,,retain_for_conditioning,pending
raw,GRID_D22_GitHub\data\real_munich\data\bohrungen_epsg25832_shp\bohrungen.shp,1822.0,7835BG006459,coordinates,outside_model_inside_legacy_buffer,info,,,,,,retain_for_conditioning,pending
raw,GRID_D22_GitHub\data\real_munich\data\bohrungen_epsg25832_shp\bohrungen.shp,1823.0,7835BG006461,coordinates,outside_model_inside_legacy_buffer,info,,,,,,retain_for_conditioning,pending
raw,GRID_D22_GitHub\data\real_munich\data\bohrungen_epsg25832_shp\bohrungen.shp,1824.0,7835BG006462,coordinates,outside_model_inside_legacy_buffer,info,,,,,,retain_for_conditioning,pending
raw,GRID_D22_GitHub\data\real_munich\data\bohrungen_epsg25832_shp\bohrungen.shp,1825.0,7835BG006463,coordinates,outside_model_inside_legacy_buffer,info,,,,,,retain_for_conditioning,pending
raw,GRID_D22_GitHub\data\real_munich\data\bohrungen_epsg25832_shp\bohrungen.shp,1826.0,7835BG006570,coordinates,outside_model_inside_legacy_buffer,info,,,,,,retain_for_conditioning,pending
raw,GRID_D22_GitHub\data\real_munich\data\bohrungen_epsg25832_shp\bohrungen.shp,1827.0,7835BG006572,coordinates,outside_model_inside_legacy_buffer,info,,,,,,retain_for_conditioning,pending
raw,GRID_D22_GitHub\data\real_munich\data\bohrungen_epsg25832_shp\bohrungen.shp,1828.0,7835BG006573,coordinates,outside_model_inside_legacy_buffer,info,,,,,,retain_for_conditioning,pending
raw,GRID_D22_GitHub\data\real_munich\data\bohrungen_epsg25832_shp\bohrungen.shp,1829.0,7835BG006574,coordinates,outside_model_inside_legacy_buffer,info,,,,,,retain_for_conditioning,pending
raw,GRID_D22_GitHub\data\real_munich\data\bohrungen_epsg25832_shp\bohrungen.shp,1830.0,7835BG006576,coordinates,outside_model_inside_legacy_buffer,info,,,,,,retain_for_conditioning,pending
raw,GRID_D22_GitHub\data\real_munich\data\bohrungen_epsg25832_shp\bohrungen.shp,1831.0,7835BG006577,coordinates,outside_model_inside_legacy_buffer,info,,,,,,retain_for_conditioning,pending
raw,GRID_D22_GitHub\data\real_munich\data\bohrungen_epsg25832_shp\bohrungen.shp,1832.0,7835BG006578,coordinates,outside_model_inside_legacy_buffer,info,,,,,,retain_for_conditioning,pending
raw,GRID_D22_GitHub\data\real_munich\data\bohrungen_epsg25832_shp\bohrungen.shp,1833.0,7835BG006580,coordinates,outside_model_inside_legacy_buffer,info,,,,,,retain_for_conditioning,pending
raw,GRID_D22_GitHub\data\real_munich\data\bohrungen_epsg25832_shp\bohrungen.shp,1834.0,7835BG006581,coordinates,outside_model_inside_legacy_buffer,info,,,,,,retain_for_conditioning,pending
raw,GRID_D22_GitHub\data\real_munich\data\bohrungen_epsg25832_shp\bohrungen.shp,1835.0,7835BG006583,coordinates,outside_model_inside_legacy_buffer,info,,,,,,retain_for_conditioning,pending
raw,GRID_D22_GitHub\data\real_munich\data\bohrungen_epsg25832_shp\bohrungen.shp,1836.0,7835BG006584,coordinates,outside_model_inside_legacy_buffer,info,,,,,,retain_for_conditioning,pending
raw,GRID_D22_GitHub\data\real_munich\data\bohrungen_epsg25832_shp\bohrungen.shp,1837.0,7835BG006585,coordinates,outside_model_inside_legacy_buffer,info,,,,,,retain_for_conditioning,pending
raw,GRID_D22_GitHub\data\real_munich\data\bohrungen_epsg25832_shp\bohrungen.shp,1838.0,7835BG006587,coordinates,outside_model_inside_legacy_buffer,info,,,,,,retain_for_conditioning,pending
raw,GRID_D22_GitHub\data\real_munich\data\bohrungen_epsg25832_shp\bohrungen.shp,1839.0,7835BG006588,coordinates,outside_model_inside_legacy_buffer,info,,,,,,retain_for_conditioning,pending
raw,GRID_D22_GitHub\data\real_munich\data\bohrungen_epsg25832_shp\bohrungen.shp,1840.0,7835BG006589,coordinates,outside_model_inside_legacy_buffer,info,,,,,,retain_for_conditioning,pending
raw,GRID_D22_GitHub\data\real_munich\data\bohrungen_epsg25832_shp\bohrungen.shp,1841.0,7835BG007004,coordinates,outside_model_inside_legacy_buffer,info,,,,,,retain_for_conditioning,pending
raw,GRID_D22_GitHub\data\real_munich\data\bohrungen_epsg25832_shp\bohrungen.shp,1842.0,7835BG007006,coordinates,outside_model_inside_legacy_buffer,info,,,,,,retain_for_conditioning,pending
raw,GRID_D22_GitHub\data\real_munich\data\bohrungen_epsg25832_shp\bohrungen.shp,1846.0,7835BG007011,coordinates,outside_model_inside_legacy_buffer,info,,,,,,retain_for_conditioning,pending
raw,GRID_D22_GitHub\data\real_munich\data\bohrungen_epsg25832_shp\bohrungen.shp,1847.0,7835BG007012,coordinates,outside_model_inside_legacy_buffer,info,,,,,,retain_for_conditioning,pending
raw,GRID_D22_GitHub\data\real_munich\data\bohrungen_epsg25832_shp\bohrungen.shp,1848.0,7835BG007014,coordinates,outside_model_inside_legacy_buffer,info,,,,,,retain_for_conditioning,pending
raw,GRID_D22_GitHub\data\real_munich\data\bohrungen_epsg25832_shp\bohrungen.shp,1849.0,7835BG007015,coordinates,outside_model_inside_legacy_buffer,info,,,,,,retain_for_conditioning,pending
raw,GRID_D22_GitHub\data\real_munich\data\bohrungen_epsg25832_shp\bohrungen.shp,1854.0,7835BG007025,coordinates,outside_model_inside_legacy_buffer,info,,,,,,retain_for_conditioning,pending
raw,GRID_D22_GitHub\data\real_munich\data\bohrungen_epsg25832_shp\bohrungen.shp,1855.0,7835BG007026,coordinates,outside_model_inside_legacy_buffer,info,,,,,,retain_for_conditioning,pending
raw,GRID_D22_GitHub\data\real_munich\data\bohrungen_epsg25832_shp\bohrungen.shp,1856.0,7835BG007027,coordinates,outside_model_inside_legacy_buffer,info,,,,,,retain_for_conditioning,pending
raw,GRID_D22_GitHub\data\real_munich\data\bohrungen_epsg25832_shp\bohrungen.shp,1858.0,7835BG007532,coordinates,outside_model_inside_legacy_buffer,info,,,,,,retain_for_conditioning,pending
raw,GRID_D22_GitHub\data\real_munich\data\bohrungen_epsg25832_shp\bohrungen.shp,1859.0,7835BG007067,coordinates,outside_model_inside_legacy_buffer,info,,,,,,retain_for_conditioning,pending
raw,GRID_D22_GitHub\data\real_munich\data\bohrungen_epsg25832_shp\bohrungen.shp,1860.0,7835BG007068,coordinates,outside_model_inside_legacy_buffer,info,,,,,,retain_for_conditioning,pending
raw,GRID_D22_GitHub\data\real_munich\data\bohrungen_epsg25832_shp\bohrungen.shp,1861.0,7835BG007070,coordinates,outside_model_inside_legacy_buffer,info,,,,,,retain_for_conditioning,pending
raw,GRID_D22_GitHub\data\real_munich\data\bohrungen_epsg25832_shp\bohrungen.shp,1862.0,7835BG007071,coordinates,outside_model_inside_legacy_buffer,info,,,,,,retain_for_conditioning,pending
raw,GRID_D22_GitHub\data\real_munich\data\bohrungen_epsg25832_shp\bohrungen.shp,1863.0,7835BG007072,coordinates,outside_model_inside_legacy_buffer,info,,,,,,retain_for_conditioning,pending
raw,GRID_D22_GitHub\data\real_munich\data\bohrungen_epsg25832_shp\bohrungen.shp,1868.0,7835BG007083,coordinates,outside_model_inside_legacy_buffer,info,,,,,,retain_for_conditioning,pending
raw,GRID_D22_GitHub\data\real_munich\data\bohrungen_epsg25832_shp\bohrungen.shp,1900.0,7835BG007514,coordinates,outside_model_inside_legacy_buffer,info,,,,,,retain_for_conditioning,pending
raw,GRID_D22_GitHub\data\real_munich\data\bohrungen_epsg25832_shp\bohrungen.shp,1901.0,7835BG007516,coordinates,outside_model_inside_legacy_buffer,info,,,,,,retain_for_conditioning,pending
raw,GRID_D22_GitHub\data\real_munich\data\bohrungen_epsg25832_shp\bohrungen.shp,1902.0,7835BG007517,coordinates,outside_model_inside_legacy_buffer,info,,,,,,retain_for_conditioning,pending
raw,GRID_D22_GitHub\data\real_munich\data\bohrungen_epsg25832_shp\bohrungen.shp,1903.0,7835BG007518,coordinates,outside_model_inside_legacy_buffer,info,,,,,,retain_for_conditioning,pending
raw,GRID_D22_GitHub\data\real_munich\data\bohrungen_epsg25832_shp\bohrungen.shp,1905.0,7835BG007525,coordinates,outside_model_inside_legacy_buffer,info,,,,,,retain_for_conditioning,pending
raw,GRID_D22_GitHub\data\real_munich\data\bohrungen_epsg25832_shp\bohrungen.shp,1906.0,7835BG007531,coordinates,outside_model_inside_legacy_buffer,info,,,,,,retain_for_conditioning,pending
raw,GRID_D22_GitHub\data\real_munich\data\bohrungen_epsg25832_shp\bohrungen.shp,1908.0,7835BG004098,coordinates,outside_model_inside_legacy_buffer,info,,,,,,retain_for_conditioning,pending
raw,GRID_D22_GitHub\data\real_munich\data\bohrungen_epsg25832_shp\bohrungen.shp,1910.0,7835BG006543,coordinates,outside_model_inside_legacy_buffer,info,,,,,,retain_for_conditioning,pending
raw,GRID_D22_GitHub\data\real_munich\data\bohrungen_epsg25832_shp\bohrungen.shp,1911.0,7835BG007526,coordinates,outside_model_inside_legacy_buffer,info,,,,,,retain_for_conditioning,pending
raw,GRID_D22_GitHub\data\real_munich\data\bohrungen_epsg25832_shp\bohrungen.shp,1913.0,7835BG007540,coordinates,outside_model_inside_legacy_buffer,info,,,,,,retain_for_conditioning,pending
raw,GRID_D22_GitHub\data\real_munich\data\bohrungen_epsg25832_shp\bohrungen.shp,1915.0,7835BG015973,coordinates,outside_model_inside_legacy_buffer,info,,,,,,retain_for_conditioning,pending
raw,GRID_D22_GitHub\data\real_munich\data\bohrungen_epsg25832_shp\bohrungen.shp,1916.0,7835BG015109,coordinates,outside_model_inside_legacy_buffer,info,,,,,,retain_for_conditioning,pending
raw,GRID_D22_GitHub\data\real_munich\data\bohrungen_epsg25832_shp\bohrungen.shp,1918.0,7835BG015125,coordinates,outside_model_inside_legacy_buffer,info,,,,,,retain_for_conditioning,pending
raw,GRID_D22_GitHub\data\real_munich\data\bohrungen_epsg25832_shp\bohrungen.shp,1919.0,7835BG015033,coordinates,outside_model_inside_legacy_buffer,info,,,,,,retain_for_conditioning,pending
raw,GRID_D22_GitHub\data\real_munich\data\bohrungen_epsg25832_shp\bohrungen.shp,1920.0,7835BG015164,coordinates,outside_model_inside_legacy_buffer,info,,,,,,retain_for_conditioning,pending
raw,GRID_D22_GitHub\data\real_munich\data\bohrungen_epsg25832_shp\bohrungen.shp,1921.0,7835BG015024,coordinates,outside_model_inside_legacy_buffer,info,,,,,,retain_for_conditioning,pending
raw,GRID_D22_GitHub\data\real_munich\data\bohrungen_epsg25832_shp\bohrungen.shp,1923.0,7835BG015087,coordinates,outside_model_inside_legacy_buffer,info,,,,,,retain_for_conditioning,pending
raw,GRID_D22_GitHub\data\real_munich\data\bohrungen_epsg25832_shp\bohrungen.shp,1924.0,7835BG015393,coordinates,outside_model_inside_legacy_buffer,info,,,,,,retain_for_conditioning,pending
raw,GRID_D22_GitHub\data\real_munich\data\bohrungen_epsg25832_shp\bohrungen.shp,1925.0,7835BG015124,coordinates,outside_model_inside_legacy_buffer,info,,,,,,retain_for_conditioning,pending
raw,GRID_D22_GitHub\data\real_munich\data\bohrungen_epsg25832_shp\bohrungen.shp,1927.0,7835BG015231,coordinates,outside_model_inside_legacy_buffer,info,,,,,,retain_for_conditioning,pending
raw,GRID_D22_GitHub\data\real_munich\data\bohrungen_epsg25832_shp\bohrungen.shp,1928.0,7835BG016889,coordinates,outside_model_inside_legacy_buffer,info,,,,,,retain_for_conditioning,pending
raw,GRID_D22_GitHub\data\real_munich\data\bohrungen_epsg25832_shp\bohrungen.shp,1929.0,7835BG015551,coordinates,outside_model_inside_legacy_buffer,info,,,,,,retain_for_conditioning,pending
raw,GRID_D22_GitHub\data\real_munich\data\bohrungen_epsg25832_shp\bohrungen.shp,1930.0,7835BG015462,coordinates,outside_model_inside_legacy_buffer,info,,,,,,retain_for_conditioning,pending
raw,GRID_D22_GitHub\data\real_munich\data\bohrungen_epsg25832_shp\bohrungen.shp,1931.0,7835BG015574,coordinates,outside_model_inside_legacy_buffer,info,,,,,,retain_for_conditioning,pending
raw,GRID_D22_GitHub\data\real_munich\data\bohrungen_epsg25832_shp\bohrungen.shp,1932.0,7835BG015575,coordinates,outside_model_inside_legacy_buffer,info,,,,,,retain_for_conditioning,pending
raw,GRID_D22_GitHub\data\real_munich\data\bohrungen_epsg25832_shp\bohrungen.shp,1933.0,7835BG015576,coordinates,outside_model_inside_legacy_buffer,info,,,,,,retain_for_conditioning,pending
raw,GRID_D22_GitHub\data\real_munich\data\bohrungen_epsg25832_shp\bohrungen.shp,1934.0,7835BG015573,coordinates,outside_model_inside_legacy_buffer,info,,,,,,retain_for_conditioning,pending
raw,GRID_D22_GitHub\data\real_munich\data\bohrungen_epsg25832_shp\bohrungen.shp,1936.0,7835BG015578,coordinates,outside_model_inside_legacy_buffer,info,,,,,,retain_for_conditioning,pending
raw,GRID_D22_GitHub\data\real_munich\data\bohrungen_epsg25832_shp\bohrungen.shp,1937.0,7835BG015567,coordinates,outside_model_inside_legacy_buffer,info,,,,,,retain_for_conditioning,pending
raw,GRID_D22_GitHub\data\real_munich\data\bohrungen_epsg25832_shp\bohrungen.shp,1939.0,7835BG015569,coordinates,outside_model_inside_legacy_buffer,info,,,,,,retain_for_conditioning,pending
raw,GRID_D22_GitHub\data\real_munich\data\bohrungen_epsg25832_shp\bohrungen.shp,1942.0,7835BG015499,coordinates,outside_model_inside_legacy_buffer,info,,,,,,retain_for_conditioning,pending
raw,GRID_D22_GitHub\data\real_munich\data\bohrungen_epsg25832_shp\bohrungen.shp,1943.0,7835BG015577,coordinates,outside_model_inside_legacy_buffer,info,,,,,,retain_for_conditioning,pending
raw,GRID_D22_GitHub\data\real_munich\data\bohrungen_epsg25832_shp\bohrungen.shp,1944.0,7835BG015568,coordinates,outside_model_inside_legacy_buffer,info,,,,,,retain_for_conditioning,pending
raw,GRID_D22_GitHub\data\real_munich\data\bohrungen_epsg25832_shp\bohrungen.shp,1945.0,7835BG015976,coordinates,outside_model_inside_legacy_buffer,info,,,,,,retain_for_conditioning,pending
raw,GRID_D22_GitHub\data\real_munich\data\bohrungen_epsg25832_shp\bohrungen.shp,1946.0,7835BG008624,coordinates,outside_model_inside_legacy_buffer,info,,,,,,retain_for_conditioning,pending
raw,GRID_D22_GitHub\data\real_munich\data\bohrungen_epsg25832_shp\bohrungen.shp,1947.0,7835BG017003,coordinates,outside_model_inside_legacy_buffer,info,,,,,,retain_for_conditioning,pending
raw,GRID_D22_GitHub\data\real_munich\data\bohrungen_epsg25832_shp\bohrungen.shp,1948.0,7835BG015563,coordinates,outside_model_inside_legacy_buffer,info,,,,,,retain_for_conditioning,pending
raw,GRID_D22_GitHub\data\real_munich\data\bohrungen_epsg25832_shp\bohrungen.shp,1950.0,7835BG015552,coordinates,outside_model_inside_legacy_buffer,info,,,,,,retain_for_conditioning,pending
raw,GRID_D22_GitHub\data\real_munich\data\bohrungen_epsg25832_shp\bohrungen.shp,1951.0,7835BG016940,coordinates,outside_model_inside_legacy_buffer,info,,,,,,retain_for_conditioning,pending
raw,GRID_D22_GitHub\data\real_munich\data\bohrungen_epsg25832_shp\bohrungen.shp,1953.0,7835BG015553,coordinates,outside_model_inside_legacy_buffer,info,,,,,,retain_for_conditioning,pending
raw,GRID_D22_GitHub\data\real_munich\data\bohrungen_epsg25832_shp\bohrungen.shp,1954.0,7835BG015500,coordinates,outside_model_inside_legacy_buffer,info,,,,,,retain_for_conditioning,pending
raw,GRID_D22_GitHub\data\real_munich\data\bohrungen_epsg25832_shp\bohrungen.shp,1956.0,7835BG018091,coordinates,outside_model_inside_legacy_buffer,info,,,,,,retain_for_conditioning,pending
raw,GRID_D22_GitHub\data\real_munich\data\bohrungen_epsg25832_shp\bohrungen.shp,1958.0,7835BG015550,coordinates,outside_model_inside_legacy_buffer,info,,,,,,retain_for_conditioning,pending
raw,GRID_D22_GitHub\data\real_munich\data\bohrungen_epsg25832_shp\bohrungen.shp,1959.0,7835BG015501,coordinates,outside_model_inside_legacy_buffer,info,,,,,,retain_for_conditioning,pending
raw,GRID_D22_GitHub\data\real_munich\data\bohrungen_epsg25832_shp\bohrungen.shp,1960.0,7835BG015549,coordinates,outside_model_inside_legacy_buffer,info,,,,,,retain_for_conditioning,pending
raw,GRID_D22_GitHub\data\real_munich\data\bohrungen_epsg25832_shp\bohrungen.shp,1967.0,7835BG015788,coordinates,outside_model_inside_legacy_buffer,info,,,,,,retain_for_conditioning,pending
raw,GRID_D22_GitHub\data\real_munich\data\bohrungen_epsg25832_shp\bohrungen.shp,1968.0,7835BG016941,coordinates,outside_model_inside_legacy_buffer,info,,,,,,retain_for_conditioning,pending
raw,GRID_D22_GitHub\data\real_munich\data\bohrungen_epsg25832_shp\bohrungen.shp,1969.0,7835BG018090,coordinates,outside_model_inside_legacy_buffer,info,,,,,,retain_for_conditioning,pending
raw,GRID_D22_GitHub\data\real_munich\data\bohrungen_epsg25832_shp\bohrungen.shp,1970.0,7835BG015772,coordinates,outside_model_inside_legacy_buffer,info,,,,,,retain_for_conditioning,pending
raw,GRID_D22_GitHub\data\real_munich\data\bohrungen_epsg25832_shp\bohrungen.shp,1971.0,7835BG017979,coordinates,outside_model_inside_legacy_buffer,info,,,,,,retain_for_conditioning,pending
raw,GRID_D22_GitHub\data\real_munich\data\bohrungen_epsg25832_shp\bohrungen.shp,1973.0,7835BG016165,coordinates,outside_model_inside_legacy_buffer,info,,,,,,retain_for_conditioning,pending
raw,GRID_D22_GitHub\data\real_munich\data\bohrungen_epsg25832_shp\bohrungen.shp,1974.0,7835BG015947,coordinates,outside_model_inside_legacy_buffer,info,,,,,,retain_for_conditioning,pending
raw,GRID_D22_GitHub\data\real_munich\data\bohrungen_epsg25832_shp\bohrungen.shp,1975.0,7835BG015948,coordinates,outside_model_inside_legacy_buffer,info,,,,,,retain_for_conditioning,pending
raw,GRID_D22_GitHub\data\real_munich\data\bohrungen_epsg25832_shp\bohrungen.shp,1976.0,7835BG015962,coordinates,outside_model_inside_legacy_buffer,info,,,,,,retain_for_conditioning,pending
raw,GRID_D22_GitHub\data\real_munich\data\bohrungen_epsg25832_shp\bohrungen.shp,1977.0,7835BG015877,coordinates,outside_model_inside_legacy_buffer,info,,,,,,retain_for_conditioning,pending
raw,GRID_D22_GitHub\data\real_munich\data\bohrungen_epsg25832_shp\bohrungen.shp,1978.0,7835BG016885,coordinates,outside_model_inside_legacy_buffer,info,,,,,,retain_for_conditioning,pending
raw,GRID_D22_GitHub\data\real_munich\data\bohrungen_epsg25832_shp\bohrungen.shp,1979.0,7835BG016886,coordinates,outside_model_inside_legacy_buffer,info,,,,,,retain_for_conditioning,pending
raw,GRID_D22_GitHub\data\real_munich\data\bohrungen_epsg25832_shp\bohrungen.shp,1983.0,7835BG015925,coordinates,outside_model_inside_legacy_buffer,info,,,,,,retain_for_conditioning,pending
raw,GRID_D22_GitHub\data\real_munich\data\bohrungen_epsg25832_shp\bohrungen.shp,1984.0,7835BG015890,coordinates,outside_model_inside_legacy_buffer,info,,,,,,retain_for_conditioning,pending
raw,GRID_D22_GitHub\data\real_munich\data\bohrungen_epsg25832_shp\bohrungen.shp,1985.0,7835BG016891,coordinates,outside_model_inside_legacy_buffer,info,,,,,,retain_for_conditioning,pending
raw,GRID_D22_GitHub\data\real_munich\data\bohrungen_epsg25832_shp\bohrungen.shp,1986.0,7835BG015950,coordinates,outside_model_inside_legacy_buffer,info,,,,,,retain_for_conditioning,pending
raw,GRID_D22_GitHub\data\real_munich\data\bohrungen_epsg25832_shp\bohrungen.shp,1987.0,7835BG016274,coordinates,outside_model_inside_legacy_buffer,info,,,,,,retain_for_conditioning,pending
raw,GRID_D22_GitHub\data\real_munich\data\bohrungen_epsg25832_shp\bohrungen.shp,1988.0,7835BG015891,coordinates,outside_model_inside_legacy_buffer,info,,,,,,retain_for_conditioning,pending
raw,GRID_D22_GitHub\data\real_munich\data\bohrungen_epsg25832_shp\bohrungen.shp,1992.0,7835BG016538,coordinates,outside_model_inside_legacy_buffer,info,,,,,,retain_for_conditioning,pending
raw,GRID_D22_GitHub\data\real_munich\data\bohrungen_epsg25832_shp\bohrungen.shp,1994.0,7835BG016994,coordinates,outside_model_inside_legacy_buffer,info,,,,,,retain_for_conditioning,pending
raw,GRID_D22_GitHub\data\real_munich\data\bohrungen_epsg25832_shp\bohrungen.shp,1996.0,7835BG015739,coordinates,outside_model_inside_legacy_buffer,info,,,,,,retain_for_conditioning,pending
raw,GRID_D22_GitHub\data\real_munich\data\bohrungen_epsg25832_shp\bohrungen.shp,1998.0,7835BG018735,coordinates,outside_model_inside_legacy_buffer,info,,,,,,retain_for_conditioning,pending
raw,GRID_D22_GitHub\data\real_munich\data\bohrungen_epsg25832_shp\bohrungen.shp,2002.0,7835BG015956,coordinates,outside_model_inside_legacy_buffer,info,,,,,,retain_for_conditioning,pending
raw,GRID_D22_GitHub\data\real_munich\data\bohrungen_epsg25832_shp\bohrungen.shp,2003.0,7835BG015955,coordinates,outside_model_inside_legacy_buffer,info,,,,,,retain_for_conditioning,pending
raw,GRID_D22_GitHub\data\real_munich\data\bohrungen_epsg25832_shp\bohrungen.shp,2005.0,7835BG016993,coordinates,outside_model_inside_legacy_buffer,info,,,,,,retain_for_conditioning,pending
raw,GRID_D22_GitHub\data\real_munich\data\bohrungen_epsg25832_shp\bohrungen.shp,2006.0,7835BG017002,coordinates,outside_model_inside_legacy_buffer,info,,,,,,retain_for_conditioning,pending
raw,GRID_D22_GitHub\data\real_munich\data\bohrungen_epsg25832_shp\bohrungen.shp,2007.0,7835BG015958,coordinates,outside_model_inside_legacy_buffer,info,,,,,,retain_for_conditioning,pending
raw,GRID_D22_GitHub\data\real_munich\data\bohrungen_epsg25832_shp\bohrungen.shp,2008.0,7835BG015957,coordinates,outside_model_inside_legacy_buffer,info,,,,,,retain_for_conditioning,pending
raw,GRID_D22_GitHub\data\real_munich\data\bohrungen_epsg25832_shp\bohrungen.shp,2009.0,7835BG016273,coordinates,outside_model_inside_legacy_buffer,info,,,,,,retain_for_conditioning,pending
raw,GRID_D22_GitHub\data\real_munich\data\bohrungen_epsg25832_shp\bohrungen.shp,2010.0,7835BG015952,coordinates,outside_model_inside_legacy_buffer,info,,,,,,retain_for_conditioning,pending
raw,GRID_D22_GitHub\data\real_munich\data\bohrungen_epsg25832_shp\bohrungen.shp,2012.0,7835BG016892,coordinates,outside_model_inside_legacy_buffer,info,,,,,,retain_for_conditioning,pending
raw,GRID_D22_GitHub\data\real_munich\data\bohrungen_epsg25832_shp\bohrungen.shp,2013.0,7835BG015951,coordinates,outside_model_inside_legacy_buffer,info,,,,,,retain_for_conditioning,pending
raw,GRID_D22_GitHub\data\real_munich\data\bohrungen_epsg25832_shp\bohrungen.shp,2014.0,7835BG015946,coordinates,outside_model_inside_legacy_buffer,info,,,,,,retain_for_conditioning,pending
raw,GRID_D22_GitHub\data\real_munich\data\bohrungen_epsg25832_shp\bohrungen.shp,2015.0,7835BG015945,coordinates,outside_model_inside_legacy_buffer,info,,,,,,retain_for_conditioning,pending
raw,GRID_D22_GitHub\data\real_munich\data\bohrungen_epsg25832_shp\bohrungen.shp,2018.0,7835BG016271,coordinates,outside_model_inside_legacy_buffer,info,,,,,,retain_for_conditioning,pending
raw,GRID_D22_GitHub\data\real_munich\data\bohrungen_epsg25832_shp\bohrungen.shp,2019.0,7835BG018731,coordinates,outside_model_inside_legacy_buffer,info,,,,,,retain_for_conditioning,pending
raw,GRID_D22_GitHub\data\real_munich\data\bohrungen_epsg25832_shp\bohrungen.shp,2020.0,7835BG016893,coordinates,outside_model_inside_legacy_buffer,info,,,,,,retain_for_conditioning,pending
raw,GRID_D22_GitHub\data\real_munich\data\bohrungen_epsg25832_shp\bohrungen.shp,2021.0,7835BG016164,coordinates,outside_model_inside_legacy_buffer,info,,,,,,retain_for_conditioning,pending
raw,GRID_D22_GitHub\data\real_munich\data\bohrungen_epsg25832_shp\bohrungen.shp,2022.0,7835BG015949,coordinates,outside_model_inside_legacy_buffer,info,,,,,,retain_for_conditioning,pending
raw,GRID_D22_GitHub\data\real_munich\data\bohrungen_epsg25832_shp\bohrungen.shp,2023.0,7835BG016537,coordinates,outside_model_inside_legacy_buffer,info,,,,,,retain_for_conditioning,pending
raw,GRID_D22_GitHub\data\real_munich\data\bohrungen_epsg25832_shp\bohrungen.shp,2028.0,7835BG015965,coordinates,outside_model_inside_legacy_buffer,info,,,,,,retain_for_conditioning,pending
raw,GRID_D22_GitHub\data\real_munich\data\bohrungen_epsg25832_shp\bohrungen.shp,2029.0,7835BG016023,coordinates,outside_model_inside_legacy_buffer,info,,,,,,retain_for_conditioning,pending
raw,GRID_D22_GitHub\data\real_munich\data\bohrungen_epsg25832_shp\bohrungen.shp,2030.0,7835BG016270,coordinates,outside_model_inside_legacy_buffer,info,,,,,,retain_for_conditioning,pending
raw,GRID_D22_GitHub\data\real_munich\data\bohrungen_epsg25832_shp\bohrungen.shp,2032.0,7835BG016268,coordinates,outside_model_inside_legacy_buffer,info,,,,,,retain_for_conditioning,pending
raw,GRID_D22_GitHub\data\real_munich\data\bohrungen_epsg25832_shp\bohrungen.shp,2034.0,7835BG016272,coordinates,outside_model_inside_legacy_buffer,info,,,,,,retain_for_conditioning,pending
raw,GRID_D22_GitHub\data\real_munich\data\bohrungen_epsg25832_shp\bohrungen.shp,2036.0,7835BG016257,coordinates,outside_model_inside_legacy_buffer,info,,,,,,retain_for_conditioning,pending
raw,GRID_D22_GitHub\data\real_munich\data\bohrungen_epsg25832_shp\bohrungen.shp,2037.0,7835BG016894,coordinates,outside_model_inside_legacy_buffer,info,,,,,,retain_for_conditioning,pending
raw,GRID_D22_GitHub\data\real_munich\data\bohrungen_epsg25832_shp\bohrungen.shp,2038.0,7835BG016539,coordinates,outside_model_inside_legacy_buffer,info,,,,,,retain_for_conditioning,pending
raw,GRID_D22_GitHub\data\real_munich\data\bohrungen_epsg25832_shp\bohrungen.shp,2039.0,7835BG016904,coordinates,outside_model_inside_legacy_buffer,info,,,,,,retain_for_conditioning,pending
raw,GRID_D22_GitHub\data\real_munich\data\bohrungen_epsg25832_shp\bohrungen.shp,2040.0,7835BG016902,coordinates,outside_model_inside_legacy_buffer,info,,,,,,retain_for_conditioning,pending
raw,GRID_D22_GitHub\data\real_munich\data\bohrungen_epsg25832_shp\bohrungen.shp,2041.0,7835BG016753,coordinates,outside_model_inside_legacy_buffer,info,,,,,,retain_for_conditioning,pending
raw,GRID_D22_GitHub\data\real_munich\data\bohrungen_epsg25832_shp\bohrungen.shp,2042.0,7835BG016655,coordinates,outside_model_inside_legacy_buffer,info,,,,,,retain_for_conditioning,pending
raw,GRID_D22_GitHub\data\real_munich\data\bohrungen_epsg25832_shp\bohrungen.shp,2043.0,7835BG017092,coordinates,outside_model_inside_legacy_buffer,info,,,,,,retain_for_conditioning,pending
raw,GRID_D22_GitHub\data\real_munich\data\bohrungen_epsg25832_shp\bohrungen.shp,2044.0,7835BG017004,coordinates,outside_model_inside_legacy_buffer,info,,,,,,retain_for_conditioning,pending
raw,GRID_D22_GitHub\data\real_munich\data\bohrungen_epsg25832_shp\bohrungen.shp,2045.0,7835BG016903,coordinates,outside_model_inside_legacy_buffer,info,,,,,,retain_for_conditioning,pending
raw,GRID_D22_GitHub\data\real_munich\data\bohrungen_epsg25832_shp\bohrungen.shp,2049.0,7835BG017093,coordinates,outside_model_inside_legacy_buffer,info,,,,,,retain_for_conditioning,pending
raw,GRID_D22_GitHub\data\real_munich\data\bohrungen_epsg25832_shp\bohrungen.shp,2050.0,7835BG016844,coordinates,outside_model_inside_legacy_buffer,info,,,,,,retain_for_conditioning,pending
raw,GRID_D22_GitHub\data\real_munich\data\bohrungen_epsg25832_shp\bohrungen.shp,2051.0,7835BG017147,coordinates,outside_model_inside_legacy_buffer,info,,,,,,retain_for_conditioning,pending
raw,GRID_D22_GitHub\data\real_munich\data\bohrungen_epsg25832_shp\bohrungen.shp,2052.0,7835BG017107,coordinates,outside_model_inside_legacy_buffer,info,,,,,,retain_for_conditioning,pending
raw,GRID_D22_GitHub\data\real_munich\data\bohrungen_epsg25832_shp\bohrungen.shp,2053.0,7835BG017105,coordinates,outside_model_inside_legacy_buffer,info,,,,,,retain_for_conditioning,pending
raw,GRID_D22_GitHub\data\real_munich\data\bohrungen_epsg25832_shp\bohrungen.shp,2054.0,7835BG016901,coordinates,outside_model_inside_legacy_buffer,info,,,,,,retain_for_conditioning,pending
raw,GRID_D22_GitHub\data\real_munich\data\bohrungen_epsg25832_shp\bohrungen.shp,2055.0,7835BG017102,coordinates,outside_model_inside_legacy_buffer,info,,,,,,retain_for_conditioning,pending
raw,GRID_D22_GitHub\data\real_munich\data\bohrungen_epsg25832_shp\bohrungen.shp,2056.0,7835BG017114,coordinates,outside_model_inside_legacy_buffer,info,,,,,,retain_for_conditioning,pending
raw,GRID_D22_GitHub\data\real_munich\data\bohrungen_epsg25832_shp\bohrungen.shp,2057.0,7835BG017112,coordinates,outside_model_inside_legacy_buffer,info,,,,,,retain_for_conditioning,pending
raw,GRID_D22_GitHub\data\real_munich\data\bohrungen_epsg25832_shp\bohrungen.shp,2058.0,7835BG017116,coordinates,outside_model_inside_legacy_buffer,info,,,,,,retain_for_conditioning,pending
raw,GRID_D22_GitHub\data\real_munich\data\bohrungen_epsg25832_shp\bohrungen.shp,2060.0,7835BG016992,coordinates,outside_model_inside_legacy_buffer,info,,,,,,retain_for_conditioning,pending
raw,GRID_D22_GitHub\data\real_munich\data\bohrungen_epsg25832_shp\bohrungen.shp,2062.0,7835BG017104,coordinates,outside_model_inside_legacy_buffer,info,,,,,,retain_for_conditioning,pending
raw,GRID_D22_GitHub\data\real_munich\data\bohrungen_epsg25832_shp\bohrungen.shp,2065.0,7835BG017324,coordinates,outside_model_inside_legacy_buffer,info,,,,,,retain_for_conditioning,pending
raw,GRID_D22_GitHub\data\real_munich\data\bohrungen_epsg25832_shp\bohrungen.shp,2066.0,7835BG017095,coordinates,outside_model_inside_legacy_buffer,info,,,,,,retain_for_conditioning,pending
raw,GRID_D22_GitHub\data\real_munich\data\bohrungen_epsg25832_shp\bohrungen.shp,2068.0,7835BG017453,coordinates,outside_model_inside_legacy_buffer,info,,,,,,retain_for_conditioning,pending
raw,GRID_D22_GitHub\data\real_munich\data\bohrungen_epsg25832_shp\bohrungen.shp,2069.0,7835BG017323,coordinates,outside_model_inside_legacy_buffer,info,,,,,,retain_for_conditioning,pending
raw,GRID_D22_GitHub\data\real_munich\data\bohrungen_epsg25832_shp\bohrungen.shp,2070.0,7835BG017094,coordinates,outside_model_inside_legacy_buffer,info,,,,,,retain_for_conditioning,pending
raw,GRID_D22_GitHub\data\real_munich\data\bohrungen_epsg25832_shp\bohrungen.shp,2071.0,7835BG017347,coordinates,outside_model_inside_legacy_buffer,info,,,,,,retain_for_conditioning,pending
raw,GRID_D22_GitHub\data\real_munich\data\bohrungen_epsg25832_shp\bohrungen.shp,2073.0,7835BG017096,coordinates,outside_model_inside_legacy_buffer,info,,,,,,retain_for_conditioning,pending
raw,GRID_D22_GitHub\data\real_munich\data\bohrungen_epsg25832_shp\bohrungen.shp,2075.0,7835BG017106,coordinates,outside_model_inside_legacy_buffer,info,,,,,,retain_for_conditioning,pending
raw,GRID_D22_GitHub\data\real_munich\data\bohrungen_epsg25832_shp\bohrungen.shp,2076.0,7835BG018526,coordinates,outside_model_inside_legacy_buffer,info,,,,,,retain_for_conditioning,pending
raw,GRID_D22_GitHub\data\real_munich\data\bohrungen_epsg25832_shp\bohrungen.shp,2077.0,7835BG017103,coordinates,outside_model_inside_legacy_buffer,info,,,,,,retain_for_conditioning,pending
raw,GRID_D22_GitHub\data\real_munich\data\bohrungen_epsg25832_shp\bohrungen.shp,2078.0,7835BG017146,coordinates,outside_model_inside_legacy_buffer,info,,,,,,retain_for_conditioning,pending
raw,GRID_D22_GitHub\data\real_munich\data\bohrungen_epsg25832_shp\bohrungen.shp,2079.0,7835BG017348,coordinates,outside_model_inside_legacy_buffer,info,,,,,,retain_for_conditioning,pending
raw,GRID_D22_GitHub\data\real_munich\data\bohrungen_epsg25832_shp\bohrungen.shp,2080.0,7835BG017113,coordinates,outside_model_inside_legacy_buffer,info,,,,,,retain_for_conditioning,pending
raw,GRID_D22_GitHub\data\real_munich\data\bohrungen_epsg25832_shp\bohrungen.shp,2081.0,7835BG017377,coordinates,outside_model_inside_legacy_buffer,info,,,,,,retain_for_conditioning,pending
raw,GRID_D22_GitHub\data\real_munich\data\bohrungen_epsg25832_shp\bohrungen.shp,2083.0,7835BG017960,coordinates,outside_model_inside_legacy_buffer,info,,,,,,retain_for_conditioning,pending
raw,GRID_D22_GitHub\data\real_munich\data\bohrungen_epsg25832_shp\bohrungen.shp,2084.0,7835BG009289,coordinates,outside_model_inside_legacy_buffer,info,,,,,,retain_for_conditioning,pending
raw,GRID_D22_GitHub\data\real_munich\data\bohrungen_epsg25832_shp\bohrungen.shp,2086.0,7835BG017464,coordinates,outside_model_inside_legacy_buffer,info,,,,,,retain_for_conditioning,pending
raw,GRID_D22_GitHub\data\real_munich\data\bohrungen_epsg25832_shp\bohrungen.shp,2088.0,7835BG017961,coordinates,outside_model_inside_legacy_buffer,info,,,,,,retain_for_conditioning,pending
raw,GRID_D22_GitHub\data\real_munich\data\bohrungen_epsg25832_shp\bohrungen.shp,2089.0,7835BG017346,coordinates,outside_model_inside_legacy_buffer,info,,,,,,retain_for_conditioning,pending
raw,GRID_D22_GitHub\data\real_munich\data\bohrungen_epsg25832_shp\bohrungen.shp,2090.0,7835BG017115,coordinates,outside_model_inside_legacy_buffer,info,,,,,,retain_for_conditioning,pending
raw,GRID_D22_GitHub\data\real_munich\data\bohrungen_epsg25832_shp\bohrungen.shp,2092.0,7835BG017463,coordinates,outside_model_inside_legacy_buffer,info,,,,,,retain_for_conditioning,pending
raw,GRID_D22_GitHub\data\real_munich\data\bohrungen_epsg25832_shp\bohrungen.shp,2094.0,7835BG017117,coordinates,outside_model_inside_legacy_buffer,info,,,,,,retain_for_conditioning,pending
raw,GRID_D22_GitHub\data\real_munich\data\bohrungen_epsg25832_shp\bohrungen.shp,2098.0,7835BG017325,coordinates,outside_model_inside_legacy_buffer,info,,,,,,retain_for_conditioning,pending
raw,GRID_D22_GitHub\data\real_munich\data\bohrungen_epsg25832_shp\bohrungen.shp,2101.0,7835BG017874,coordinates,outside_model_inside_legacy_buffer,info,,,,,,retain_for_conditioning,pending
raw,GRID_D22_GitHub\data\real_munich\data\bohrungen_epsg25832_shp\bohrungen.shp,2104.0,7835BG017793,coordinates,outside_model_inside_legacy_buffer,info,,,,,,retain_for_conditioning,pending
raw,GRID_D22_GitHub\data\real_munich\data\bohrungen_epsg25832_shp\bohrungen.shp,2105.0,7835BG017794,coordinates,outside_model_inside_legacy_buffer,info,,,,,,retain_for_conditioning,pending
raw,GRID_D22_GitHub\data\real_munich\data\bohrungen_epsg25832_shp\bohrungen.shp,2107.0,7835BG008651,coordinates,outside_model_inside_legacy_buffer,info,,,,,,retain_for_conditioning,pending
raw,GRID_D22_GitHub\data\real_munich\data\bohrungen_epsg25832_shp\bohrungen.shp,2108.0,7835BG017872,coordinates,outside_model_inside_legacy_buffer,info,,,,,,retain_for_conditioning,pending
raw,GRID_D22_GitHub\data\real_munich\data\bohrungen_epsg25832_shp\bohrungen.shp,2109.0,7835BG017978,coordinates,outside_model_inside_legacy_buffer,info,,,,,,retain_for_conditioning,pending
raw,GRID_D22_GitHub\data\real_munich\data\bohrungen_epsg25832_shp\bohrungen.shp,2117.0,7835BG017637,coordinates,outside_model_inside_legacy_buffer,info,,,,,,retain_for_conditioning,pending
raw,GRID_D22_GitHub\data\real_munich\data\bohrungen_epsg25832_shp\bohrungen.shp,2121.0,7835BG017638,coordinates,outside_model_inside_legacy_buffer,info,,,,,,retain_for_conditioning,pending
raw,GRID_D22_GitHub\data\real_munich\data\bohrungen_epsg25832_shp\bohrungen.shp,2122.0,7835BG010147,coordinates,outside_model_inside_legacy_buffer,info,,,,,,retain_for_conditioning,pending
raw,GRID_D22_GitHub\data\real_munich\data\bohrungen_epsg25832_shp\bohrungen.shp,2129.0,7835BG017657,coordinates,outside_model_inside_legacy_buffer,info,,,,,,retain_for_conditioning,pending
raw,GRID_D22_GitHub\data\real_munich\data\bohrungen_epsg25832_shp\bohrungen.shp,2130.0,7835BG017658,coordinates,outside_model_inside_legacy_buffer,info,,,,,,retain_for_conditioning,pending
raw,GRID_D22_GitHub\data\real_munich\data\bohrungen_epsg25832_shp\bohrungen.shp,2131.0,7835BG017585,coordinates,outside_model_inside_legacy_buffer,info,,,,,,retain_for_conditioning,pending
raw,GRID_D22_GitHub\data\real_munich\data\bohrungen_epsg25832_shp\bohrungen.shp,2149.0,7835BG011951,coordinates,outside_model_inside_legacy_buffer,info,,,,,,retain_for_conditioning,pending
raw,GRID_D22_GitHub\data\real_munich\data\bohrungen_epsg25832_shp\bohrungen.shp,2151.0,7835BG015789,coordinates,outside_model_inside_legacy_buffer,info,,,,,,retain_for_conditioning,pending
raw,GRID_D22_GitHub\data\real_munich\data\bohrungen_epsg25832_shp\bohrungen.shp,2152.0,7835BG018130,coordinates,outside_model_inside_legacy_buffer,info,,,,,,retain_for_conditioning,pending
raw,GRID_D22_GitHub\data\real_munich\data\bohrungen_epsg25832_shp\bohrungen.shp,2154.0,7835BG018733,coordinates,outside_model_inside_legacy_buffer,info,,,,,,retain_for_conditioning,pending
raw,GRID_D22_GitHub\data\real_munich\data\bohrungen_epsg25832_shp\bohrungen.shp,2158.0,7835BG018307,coordinates,outside_model_inside_legacy_buffer,info,,,,,,retain_for_conditioning,pending
raw,GRID_D22_GitHub\data\real_munich\data\bohrungen_epsg25832_shp\bohrungen.shp,2159.0,7835BG018128,coordinates,outside_model_inside_legacy_buffer,info,,,,,,retain_for_conditioning,pending
raw,GRID_D22_GitHub\data\real_munich\data\bohrungen_epsg25832_shp\bohrungen.shp,2169.0,7835BG018402,coordinates,outside_model_inside_legacy_buffer,info,,,,,,retain_for_conditioning,pending
raw,GRID_D22_GitHub\data\real_munich\data\bohrungen_epsg25832_shp\bohrungen.shp,2170.0,7835BG018401,coordinates,outside_model_inside_legacy_buffer,info,,,,,,retain_for_conditioning,pending
raw,GRID_D22_GitHub\data\real_munich\data\bohrungen_epsg25832_shp\bohrungen.shp,2177.0,7835BG018209,coordinates,outside_model_inside_legacy_buffer,info,,,,,,retain_for_conditioning,pending
raw,GRID_D22_GitHub\data\real_munich\data\bohrungen_epsg25832_shp\bohrungen.shp,2178.0,7835BG018208,coordinates,outside_model_inside_legacy_buffer,info,,,,,,retain_for_conditioning,pending
raw,GRID_D22_GitHub\data\real_munich\data\bohrungen_epsg25832_shp\bohrungen.shp,2179.0,7835BG018221,coordinates,outside_model_inside_legacy_buffer,info,,,,,,retain_for_conditioning,pending
raw,GRID_D22_GitHub\data\real_munich\data\bohrungen_epsg25832_shp\bohrungen.shp,2181.0,7835BG018220,coordinates,outside_model_inside_legacy_buffer,info,,,,,,retain_for_conditioning,pending
raw,GRID_D22_GitHub\data\real_munich\data\bohrungen_epsg25832_shp\bohrungen.shp,2182.0,7835BG018333,coordinates,outside_model_inside_legacy_buffer,info,,,,,,retain_for_conditioning,pending
raw,GRID_D22_GitHub\data\real_munich\data\bohrungen_epsg25832_shp\bohrungen.shp,2183.0,7835BG015104,coordinates,outside_model_inside_legacy_buffer,info,,,,,,retain_for_conditioning,pending
raw,GRID_D22_GitHub\data\real_munich\data\bohrungen_epsg25832_shp\bohrungen.shp,2184.0,7835BG018085,coordinates,outside_model_inside_legacy_buffer,info,,,,,,retain_for_conditioning,pending
raw,GRID_D22_GitHub\data\real_munich\data\bohrungen_epsg25832_shp\bohrungen.shp,2185.0,7835BG018562,coordinates,outside_model_inside_legacy_buffer,info,,,,,,retain_for_conditioning,pending
raw,GRID_D22_GitHub\data\real_munich\data\bohrungen_epsg25832_shp\bohrungen.shp,2186.0,7835BG018155,coordinates,outside_model_inside_legacy_buffer,info,,,,,,retain_for_conditioning,pending
raw,GRID_D22_GitHub\data\real_munich\data\bohrungen_epsg25832_shp\bohrungen.shp,2187.0,7835BG018204,coordinates,outside_model_inside_legacy_buffer,info,,,,,,retain_for_conditioning,pending
raw,GRID_D22_GitHub\data\real_munich\data\bohrungen_epsg25832_shp\bohrungen.shp,2190.0,7835BG018129,coordinates,outside_model_inside_legacy_buffer,info,,,,,,retain_for_conditioning,pending
raw,GRID_D22_GitHub\data\real_munich\data\bohrungen_epsg25832_shp\bohrungen.shp,2191.0,7835BG018156,coordinates,outside_model_inside_legacy_buffer,info,,,,,,retain_for_conditioning,pending
raw,GRID_D22_GitHub\data\real_munich\data\bohrungen_epsg25832_shp\bohrungen.shp,2192.0,7835BG018154,coordinates,outside_model_inside_legacy_buffer,info,,,,,,retain_for_conditioning,pending
raw,GRID_D22_GitHub\data\real_munich\data\bohrungen_epsg25832_shp\bohrungen.shp,2193.0,7835BG018541,coordinates,outside_model_inside_legacy_buffer,info,,,,,,retain_for_conditioning,pending
raw,GRID_D22_GitHub\data\real_munich\data\bohrungen_epsg25832_shp\bohrungen.shp,2194.0,7835BG018540,coordinates,outside_model_inside_legacy_buffer,info,,,,,,retain_for_conditioning,pending
raw,GRID_D22_GitHub\data\real_munich\data\bohrungen_epsg25832_shp\bohrungen.shp,2195.0,7835BG018539,coordinates,outside_model_inside_legacy_buffer,info,,,,,,retain_for_conditioning,pending
raw,GRID_D22_GitHub\data\real_munich\data\bohrungen_epsg25832_shp\bohrungen.shp,2196.0,7835BG018538,coordinates,outside_model_inside_legacy_buffer,info,,,,,,retain_for_conditioning,pending
raw,GRID_D22_GitHub\data\real_munich\data\bohrungen_epsg25832_shp\bohrungen.shp,2197.0,7835BG018537,coordinates,outside_model_inside_legacy_buffer,info,,,,,,retain_for_conditioning,pending
raw,GRID_D22_GitHub\data\real_munich\data\bohrungen_epsg25832_shp\bohrungen.shp,2198.0,7835BG018536,coordinates,outside_model_inside_legacy_buffer,info,,,,,,retain_for_conditioning,pending
raw,GRID_D22_GitHub\data\real_munich\data\bohrungen_epsg25832_shp\bohrungen.shp,2199.0,7835BG018535,coordinates,outside_model_inside_legacy_buffer,info,,,,,,retain_for_conditioning,pending
raw,GRID_D22_GitHub\data\real_munich\data\bohrungen_epsg25832_shp\bohrungen.shp,2200.0,7835BG018534,coordinates,outside_model_inside_legacy_buffer,info,,,,,,retain_for_conditioning,pending
raw,GRID_D22_GitHub\data\real_munich\data\bohrungen_epsg25832_shp\bohrungen.shp,2201.0,7835BG018068,coordinates,outside_model_inside_legacy_buffer,info,,,,,,retain_for_conditioning,pending
raw,GRID_D22_GitHub\data\real_munich\data\bohrungen_epsg25832_shp\bohrungen.shp,2202.0,7835BG018051,coordinates,outside_model_inside_legacy_buffer,info,,,,,,retain_for_conditioning,pending
raw,GRID_D22_GitHub\data\real_munich\data\bohrungen_epsg25832_shp\bohrungen.shp,2203.0,7835BG018050,coordinates,outside_model_inside_legacy_buffer,info,,,,,,retain_for_conditioning,pending
raw,GRID_D22_GitHub\data\real_munich\data\bohrungen_epsg25832_shp\bohrungen.shp,2205.0,7835BG018604,coordinates,outside_model_inside_legacy_buffer,info,,,,,,retain_for_conditioning,pending
raw,GRID_D22_GitHub\data\real_munich\data\bohrungen_epsg25832_shp\bohrungen.shp,2208.0,7835BG018207,coordinates,outside_model_inside_legacy_buffer,info,,,,,,retain_for_conditioning,pending
raw,GRID_D22_GitHub\data\real_munich\data\bohrungen_epsg25832_shp\bohrungen.shp,2209.0,7835BG018727,coordinates,outside_model_inside_legacy_buffer,info,,,,,,retain_for_conditioning,pending
raw,GRID_D22_GitHub\data\real_munich\data\bohrungen_epsg25832_shp\bohrungen.shp,2210.0,7835BG018527,coordinates,outside_model_inside_legacy_buffer,info,,,,,,retain_for_conditioning,pending
raw,GRID_D22_GitHub\data\real_munich\data\bohrungen_epsg25832_shp\bohrungen.shp,2211.0,7835BG018525,coordinates,outside_model_inside_legacy_buffer,info,,,,,,retain_for_conditioning,pending
raw,GRID_D22_GitHub\data\real_munich\data\bohrungen_epsg25832_shp\bohrungen.shp,2212.0,7835BG018729,coordinates,outside_model_inside_legacy_buffer,info,,,,,,retain_for_conditioning,pending
raw,GRID_D22_GitHub\data\real_munich\data\bohrungen_epsg25832_shp\bohrungen.shp,2213.0,7835BG018405,coordinates,outside_model_inside_legacy_buffer,info,,,,,,retain_for_conditioning,pending
raw,GRID_D22_GitHub\data\real_munich\data\bohrungen_epsg25832_shp\bohrungen.shp,2214.0,7835BG018404,coordinates,outside_model_inside_legacy_buffer,info,,,,,,retain_for_conditioning,pending
raw,GRID_D22_GitHub\data\real_munich\data\bohrungen_epsg25832_shp\bohrungen.shp,2215.0,7835BG018730,coordinates,outside_model_inside_legacy_buffer,info,,,,,,retain_for_conditioning,pending
raw,GRID_D22_GitHub\data\real_munich\data\bohrungen_epsg25832_shp\bohrungen.shp,2216.0,7835BG018573,coordinates,outside_model_inside_legacy_buffer,info,,,,,,retain_for_conditioning,pending
raw,GRID_D22_GitHub\data\real_munich\data\bohrungen_epsg25832_shp\bohrungen.shp,2217.0,7835BG018791,coordinates,outside_model_inside_legacy_buffer,info,,,,,,retain_for_conditioning,pending
raw,GRID_D22_GitHub\data\real_munich\data\bohrungen_epsg25832_shp\bohrungen.shp,2218.0,7835BG018790,coordinates,outside_model_inside_legacy_buffer,info,,,,,,retain_for_conditioning,pending
raw,GRID_D22_GitHub\data\real_munich\data\bohrungen_epsg25832_shp\bohrungen.shp,2219.0,7835BG018914,coordinates,outside_model_inside_legacy_buffer,info,,,,,,retain_for_conditioning,pending
raw,GRID_D22_GitHub\data\real_munich\data\bohrungen_epsg25832_shp\bohrungen.shp,2220.0,7835BG018913,coordinates,outside_model_inside_legacy_buffer,info,,,,,,retain_for_conditioning,pending
raw,GRID_D22_GitHub\data\real_munich\data\bohrungen_epsg25832_shp\bohrungen.shp,2221.0,7835BG018728,coordinates,outside_model_inside_legacy_buffer,info,,,,,,retain_for_conditioning,pending
raw,GRID_D22_GitHub\data\real_munich\data\bohrungen_epsg25832_shp\bohrungen.shp,2223.0,7835BG018734,coordinates,outside_model_inside_legacy_buffer,info,,,,,,retain_for_conditioning,pending
raw,GRID_D22_GitHub\data\real_munich\data\bohrungen_epsg25832_shp\bohrungen.shp,2224.0,7835BG011973,coordinates,outside_model_inside_legacy_buffer,info,,,,,,retain_for_conditioning,pending
raw,GRID_D22_GitHub\data\real_munich\data\bohrungen_epsg25832_shp\bohrungen.shp,2225.0,7835BG007739,coordinates,outside_model_inside_legacy_buffer,info,,,,,,retain_for_conditioning,pending
raw,GRID_D22_GitHub\data\real_munich\data\bohrungen_epsg25832_shp\bohrungen.shp,2226.0,7835BG007877,coordinates,outside_model_inside_legacy_buffer,info,,,,,,retain_for_conditioning,pending
raw,GRID_D22_GitHub\data\real_munich\data\bohrungen_epsg25832_shp\bohrungen.shp,2227.0,7835BG012932,coordinates,outside_model_inside_legacy_buffer,info,,,,,,retain_for_conditioning,pending
raw,GRID_D22_GitHub\data\real_munich\data\bohrungen_epsg25832_shp\bohrungen.shp,2228.0,7835BG018864,coordinates,outside_model_inside_legacy_buffer,info,,,,,,retain_for_conditioning,pending
raw,GRID_D22_GitHub\data\real_munich\data\bohrungen_epsg25832_shp\bohrungen.shp,2229.0,7835BG018943,coordinates,outside_model_inside_legacy_buffer,info,,,,,,retain_for_conditioning,pending
raw,GRID_D22_GitHub\data\real_munich\data\bohrungen_epsg25832_shp\bohrungen.shp,2230.0,7835BG009106,coordinates,outside_model_inside_legacy_buffer,info,,,,,,retain_for_conditioning,pending
raw,GRID_D22_GitHub\data\real_munich\data\bohrungen_epsg25832_shp\bohrungen.shp,2238.0,7835BG018732,coordinates,outside_model_inside_legacy_buffer,info,,,,,,retain_for_conditioning,pending
raw,GRID_D22_GitHub\data\real_munich\data\bohrungen_epsg25832_shp\bohrungen.shp,2239.0,7835BG018944,coordinates,outside_model_inside_legacy_buffer,info,,,,,,retain_for_conditioning,pending
raw,GRID_D22_GitHub\data\real_munich\data\bohrungen_epsg25832_shp\bohrungen.shp,2240.0,7835BG018888,coordinates,outside_model_inside_legacy_buffer,info,,,,,,retain_for_conditioning,pending
raw,GRID_D22_GitHub\data\real_munich\data\bohrungen_epsg25832_shp\bohrungen.shp,2241.0,7835BG018842,coordinates,outside_model_inside_legacy_buffer,info,,,,,,retain_for_conditioning,pending
raw,GRID_D22_GitHub\data\real_munich\data\bohrungen_epsg25832_shp\bohrungen_schichten.csv,65.0,7835BG013059,DIN,unknown_DIN_legacy_default_10,warning,"X,g,s",,,,,flag_for_review,pending
raw,GRID_D22_GitHub\data\real_munich\data\bohrungen_epsg25832_shp\bohrungen_schichten.csv,,7835BG012877,Untergrenz,original_interval_order,warning,,,,,,legacy_sorts_by_lower_depth,pending
raw,GRID_D22_GitHub\data\real_munich\data\bohrungen_epsg25832_shp\bohrungen_schichten.csv,141.0,7835BG012877,DIN,unknown_DIN_legacy_default_10,warning,H,,,,,flag_for_review,pending
raw,GRID_D22_GitHub\data\real_munich\data\bohrungen_epsg25832_shp\bohrungen_schichten.csv,142.0,7835BG013066,DIN,unknown_DIN_legacy_default_10,warning,"X,h",,,,,flag_for_review,pending
raw,GRID_D22_GitHub\data\real_munich\data\bohrungen_epsg25832_shp\bohrungen_schichten.csv,153.0,7835BG013067,DIN,unknown_DIN_legacy_default_10,warning,X,,,,,flag_for_review,pending
raw,GRID_D22_GitHub\data\real_munich\data\bohrungen_epsg25832_shp\bohrungen_schichten.csv,195.0,7835BG012915,DIN,unknown_DIN_legacy_default_10,warning,"X,h",,,,,flag_for_review,pending
raw,GRID_D22_GitHub\data\real_munich\data\bohrungen_epsg25832_shp\bohrungen_schichten.csv,257.0,7835BG012882,DIN,unknown_DIN_legacy_default_10,warning,"H,u,g,x",,,,,flag_for_review,pending
raw,GRID_D22_GitHub\data\real_munich\data\bohrungen_epsg25832_shp\bohrungen_schichten.csv,,7835BG013079,Untergrenz,original_interval_order,warning,,,,,,legacy_sorts_by_lower_depth,pending
raw,GRID_D22_GitHub\data\real_munich\data\bohrungen_epsg25832_shp\bohrungen_schichten.csv,356.0,7835BG013079,DIN,unknown_DIN_legacy_default_10,warning,X,,,,,flag_for_review,pending
raw,GRID_D22_GitHub\data\real_munich\data\bohrungen_epsg25832_shp\bohrungen_schichten.csv,,7835BG012934,Untergrenz,original_interval_order,warning,,,,,,legacy_sorts_by_lower_depth,pending
raw,GRID_D22_GitHub\data\real_munich\data\bohrungen_epsg25832_shp\bohrungen_schichten.csv,,7835BG013087,Untergrenz,original_interval_order,warning,,,,,,legacy_sorts_by_lower_depth,pending
raw,GRID_D22_GitHub\data\real_munich\data\bohrungen_epsg25832_shp\bohrungen_schichten.csv,,7835BG013088,Untergrenz,original_interval_order,warning,,,,,,legacy_sorts_by_lower_depth,pending
raw,GRID_D22_GitHub\data\real_munich\data\bohrungen_epsg25832_shp\bohrungen_schichten.csv,553.0,7835BG013091,DIN,unknown_DIN_legacy_default_10,warning,"H,g",,,,,flag_for_review,pending
raw,GRID_D22_GitHub\data\real_munich\data\bohrungen_epsg25832_shp\bohrungen_schichten.csv,584.0,7835BG012952,DIN,unknown_DIN_legacy_default_10,warning,"X,s",,,,,flag_for_review,pending
raw,GRID_D22_GitHub\data\real_munich\data\bohrungen_epsg25832_shp\bohrungen_schichten.csv,603.0,7835BG013353,DIN,unknown_DIN_legacy_default_10,warning,"X,g',s'",,,,,flag_for_review,pending
raw,GRID_D22_GitHub\data\real_munich\data\bohrungen_epsg25832_shp\bohrungen_schichten.csv,619.0,7835BG013353,DIN,unknown_DIN_legacy_default_10,warning,nb,,,,,flag_for_review,pending
raw,GRID_D22_GitHub\data\real_munich\data\bohrungen_epsg25832_shp\bohrungen_schichten.csv,622.0,7835BG013354,DIN,unknown_DIN_legacy_default_10,warning,"X,s,u,g",,,,,flag_for_review,pending
raw,GRID_D22_GitHub\data\real_munich\data\bohrungen_epsg25832_shp\bohrungen_schichten.csv,636.0,7835BG013354,DIN,unknown_DIN_legacy_default_10,warning,nb,,,,,flag_for_review,pending
raw,GRID_D22_GitHub\data\real_munich\data\bohrungen_epsg25832_shp\bohrungen_schichten.csv,,7835BG013367,Untergrenz,original_interval_order,warning,,,,,,legacy_sorts_by_lower_depth,pending
raw,GRID_D22_GitHub\data\real_munich\data\bohrungen_epsg25832_shp\bohrungen_schichten.csv,643.0,7835BG013367,DIN,unknown_DIN_legacy_default_10,warning,nb,,,,,flag_for_review,pending
raw,GRID_D22_GitHub\data\real_munich\data\bohrungen_epsg25832_shp\bohrungen_schichten.csv,,7835BG013370,Untergrenz,original_interval_order,warning,,,,,,legacy_sorts_by_lower_depth,pending
raw,GRID_D22_GitHub\data\real_munich\data\bohrungen_epsg25832_shp\bohrungen_schichten.csv,,7835BG011956,Untergrenz,original_interval_order,warning,,,,,,legacy_sorts_by_lower_depth,pending
raw,GRID_D22_GitHub\data\real_munich\data\bohrungen_epsg25832_shp\bohrungen_schichten.csv,,7835BG011976,Untergrenz,original_interval_order,warning,,,,,,legacy_sorts_by_lower_depth,pending
raw,GRID_D22_GitHub\data\real_munich\data\bohrungen_epsg25832_shp\bohrungen_schichten.csv,,7835BG011979,Untergrenz,original_interval_order,warning,,,,,,legacy_sorts_by_lower_depth,pending
raw,GRID_D22_GitHub\data\real_munich\data\bohrungen_epsg25832_shp\bohrungen_schichten.csv,,7835BG011934,Untergrenz,original_interval_order,warning,,,,,,legacy_sorts_by_lower_depth,pending
raw,GRID_D22_GitHub\data\real_munich\data\bohrungen_epsg25832_shp\bohrungen_schichten.csv,,7835BG012342,Untergrenz,original_interval_order,warning,,,,,,legacy_sorts_by_lower_depth,pending
raw,GRID_D22_GitHub\data\real_munich\data\bohrungen_epsg25832_shp\bohrungen_schichten.csv,1018.0,7835BG012343,DIN,unknown_DIN_legacy_default_10,warning,H,,,,,flag_for_review,pending
raw,GRID_D22_GitHub\data\real_munich\data\bohrungen_epsg25832_shp\bohrungen_schichten.csv,1022.0,7835BG012345,DIN,unknown_DIN_legacy_default_10,warning,H,,,,,flag_for_review,pending
raw,GRID_D22_GitHub\data\real_munich\data\bohrungen_epsg25832_shp\bohrungen_schichten.csv,,7835BG012007,Untergrenz,original_interval_order,warning,,,,,,legacy_sorts_by_lower_depth,pending
raw,GRID_D22_GitHub\data\real_munich\data\bohrungen_epsg25832_shp\bohrungen_schichten.csv,,7835BG011916,Untergrenz,original_interval_order,warning,,,,,,legacy_sorts_by_lower_depth,pending
raw,GRID_D22_GitHub\data\real_munich\data\bohrungen_epsg25832_shp\bohrungen_schichten.csv,1257.0,7835BG011893,DIN,unknown_DIN_legacy_default_10,warning,H,,,,,flag_for_review,pending
raw,GRID_D22_GitHub\data\real_munich\data\bohrungen_epsg25832_shp\bohrungen_schichten.csv,1269.0,7835BG011992,DIN,unknown_DIN_legacy_default_10,warning,X,,,,,flag_for_review,pending
raw,GRID_D22_GitHub\data\real_munich\data\bohrungen_epsg25832_shp\bohrungen_schichten.csv,1297.0,7835BG011945,DIN,unknown_DIN_legacy_default_10,warning,"H,x",,,,,flag_for_review,pending
raw,GRID_D22_GitHub\data\real_munich\data\bohrungen_epsg25832_shp\bohrungen_schichten.csv,1311.0,7835BG011947,DIN,unknown_DIN_legacy_default_10,warning,X,,,,,flag_for_review,pending
raw,GRID_D22_GitHub\data\real_munich\data\bohrungen_epsg25832_shp\bohrungen_schichten.csv,1339.0,7835BG011996,DIN,unknown_DIN_legacy_default_10,warning,H,,,,,flag_for_review,pending
raw,GRID_D22_GitHub\data\real_munich\data\bohrungen_epsg25832_shp\bohrungen_schichten.csv,1388.0,7835BG012045,DIN,unknown_DIN_legacy_default_10,warning,X,,,,,flag_for_review,pending
raw,GRID_D22_GitHub\data\real_munich\data\bohrungen_epsg25832_shp\bohrungen_schichten.csv,1416.0,7835BG011897,DIN,unknown_DIN_legacy_default_10,warning,X,,,,,flag_for_review,pending
raw,GRID_D22_GitHub\data\real_munich\data\bohrungen_epsg25832_shp\bohrungen_schichten.csv,1493.0,7835BG012365,DIN,unknown_DIN_legacy_default_10,warning,H,,,,,flag_for_review,pending
raw,GRID_D22_GitHub\data\real_munich\data\bohrungen_epsg25832_shp\bohrungen_schichten.csv,1504.0,7835BG012464,DIN,unknown_DIN_legacy_default_10,warning,X,,,,,flag_for_review,pending
raw,GRID_D22_GitHub\data\real_munich\data\bohrungen_epsg25832_shp\bohrungen_schichten.csv,,7835BG012465,Untergrenz,original_interval_order,warning,,,,,,legacy_sorts_by_lower_depth,pending
raw,GRID_D22_GitHub\data\real_munich\data\bohrungen_epsg25832_shp\bohrungen_schichten.csv,1524.0,7835BG012000,DIN,unknown_DIN_legacy_default_10,warning,"H,gs,gg,x",,,,,flag_for_review,pending
raw,GRID_D22_GitHub\data\real_munich\data\bohrungen_epsg25832_shp\bohrungen_schichten.csv,,7835BG012028,Untergrenz,original_interval_order,warning,,,,,,legacy_sorts_by_lower_depth,pending
raw,GRID_D22_GitHub\data\real_munich\data\bohrungen_epsg25832_shp\bohrungen_schichten.csv,1629.0,7835BG012301,DIN,unknown_DIN_legacy_default_10,warning,"H,g,x",,,,,flag_for_review,pending
raw,GRID_D22_GitHub\data\real_munich\data\bohrungen_epsg25832_shp\bohrungen_schichten.csv,1644.0,7835BG012305,DIN,unknown_DIN_legacy_default_10,warning,"X,g,s",,,,,flag_for_review,pending
raw,GRID_D22_GitHub\data\real_munich\data\bohrungen_epsg25832_shp\bohrungen_schichten.csv,1736.0,7835BG012133,DIN,unknown_DIN_legacy_default_10,warning,X,,,,,flag_for_review,pending
raw,GRID_D22_GitHub\data\real_munich\data\bohrungen_epsg25832_shp\bohrungen_schichten.csv,,7835BG012313,Untergrenz,original_interval_order,warning,,,,,,legacy_sorts_by_lower_depth,pending
raw,GRID_D22_GitHub\data\real_munich\data\bohrungen_epsg25832_shp\bohrungen_schichten.csv,,7835BG012491,Untergrenz,original_interval_order,warning,,,,,,legacy_sorts_by_lower_depth,pending
raw,GRID_D22_GitHub\data\real_munich\data\bohrungen_epsg25832_shp\bohrungen_schichten.csv,1875.0,7835BG012491,DIN,unknown_DIN_legacy_default_10,warning,"H,x",,,,,flag_for_review,pending
raw,GRID_D22_GitHub\data\real_munich\data\bohrungen_epsg25832_shp\bohrungen_schichten.csv,1876.0,7835BG012491,DIN,unknown_DIN_legacy_default_10,warning,"H,g,s,x",,,,,flag_for_review,pending
raw,GRID_D22_GitHub\data\real_munich\data\bohrungen_epsg25832_shp\bohrungen_schichten.csv,,7835BG012147,Untergrenz,original_interval_order,warning,,,,,,legacy_sorts_by_lower_depth,pending
raw,GRID_D22_GitHub\data\real_munich\data\bohrungen_epsg25832_shp\bohrungen_schichten.csv,,7835BG012324,Untergrenz,original_interval_order,warning,,,,,,legacy_sorts_by_lower_depth,pending
raw,GRID_D22_GitHub\data\real_munich\data\bohrungen_epsg25832_shp\bohrungen_schichten.csv,1922.0,7835BG012324,DIN,unknown_DIN_legacy_default_10,warning,"X,g",,,,,flag_for_review,pending
raw,GRID_D22_GitHub\data\real_munich\data\bohrungen_epsg25832_shp\bohrungen_schichten.csv,1924.0,7835BG012324,DIN,unknown_DIN_legacy_default_10,warning,"H,u,t",,,,,flag_for_review,pending
raw,GRID_D22_GitHub\data\real_munich\data\bohrungen_epsg25832_shp\bohrungen_schichten.csv,1935.0,7835BG012329,DIN,unknown_DIN_legacy_default_10,warning,"H,g",,,,,flag_for_review,pending
raw,GRID_D22_GitHub\data\real_munich\data\bohrungen_epsg25832_shp\bohrungen_schichten.csv,,7835BG012337,Untergrenz,original_interval_order,warning,,,,,,legacy_sorts_by_lower_depth,pending
raw,GRID_D22_GitHub\data\real_munich\data\bohrungen_epsg25832_shp\bohrungen_schichten.csv,,7835BG012394,Untergrenz,original_interval_order,warning,,,,,,legacy_sorts_by_lower_depth,pending
raw,GRID_D22_GitHub\data\real_munich\data\bohrungen_epsg25832_shp\bohrungen_schichten.csv,,7835BG010380,Untergrenz,original_interval_order,warning,,,,,,legacy_sorts_by_lower_depth,pending
raw,GRID_D22_GitHub\data\real_munich\data\bohrungen_epsg25832_shp\bohrungen_schichten.csv,,7835BG010606,Untergrenz,original_interval_order,warning,,,,,,legacy_sorts_by_lower_depth,pending
raw,GRID_D22_GitHub\data\real_munich\data\bohrungen_epsg25832_shp\bohrungen_schichten.csv,,7835BG010607,Untergrenz,original_interval_order,warning,,,,,,legacy_sorts_by_lower_depth,pending
raw,GRID_D22_GitHub\data\real_munich\data\bohrungen_epsg25832_shp\bohrungen_schichten.csv,2262.0,7835BG010614,DIN,unknown_DIN_legacy_default_10,warning,Mst,,,,,flag_for_review,pending
raw,GRID_D22_GitHub\data\real_munich\data\bohrungen_epsg25832_shp\bohrungen_schichten.csv,2272.0,7835BG010614,DIN,unknown_DIN_legacy_default_10,warning,Mst,,,,,flag_for_review,pending
raw,GRID_D22_GitHub\data\real_munich\data\bohrungen_epsg25832_shp\bohrungen_schichten.csv,2278.0,7835BG010614,DIN,unknown_DIN_legacy_default_10,warning,Mst,,,,,flag_for_review,pending
raw,GRID_D22_GitHub\data\real_munich\data\bohrungen_epsg25832_shp\bohrungen_schichten.csv,2280.0,7835BG010614,DIN,unknown_DIN_legacy_default_10,warning,Mst,,,,,flag_for_review,pending
raw,GRID_D22_GitHub\data\real_munich\data\bohrungen_epsg25832_shp\bohrungen_schichten.csv,,7835BG010615,Untergrenz,original_interval_order,warning,,,,,,legacy_sorts_by_lower_depth,pending
raw,GRID_D22_GitHub\data\real_munich\data\bohrungen_epsg25832_shp\bohrungen_schichten.csv,2352.0,7835BG010619,DIN,unknown_DIN_legacy_default_10,warning,"X,g/,s",,,,,flag_for_review,pending
raw,GRID_D22_GitHub\data\real_munich\data\bohrungen_epsg25832_shp\bohrungen_schichten.csv,2354.0,7835BG010619,DIN,unknown_DIN_legacy_default_10,warning,"X,g/,s'",,,,,flag_for_review,pending
raw,GRID_D22_GitHub\data\real_munich\data\bohrungen_epsg25832_shp\bohrungen_schichten.csv,,7835BG010396,Endteufe,end_depth_mismatch,warning,12.3,12.0,,1e-06,,flag_for_review,pending
raw,GRID_D22_GitHub\data\real_munich\data\bohrungen_epsg25832_shp\bohrungen_schichten.csv,2541.0,7835BG010641,DIN,unknown_DIN_legacy_default_10,warning,"H,g/",,,,,flag_for_review,pending
raw,GRID_D22_GitHub\data\real_munich\data\bohrungen_epsg25832_shp\bohrungen_schichten.csv,2694.0,7835BG011121,DIN,unknown_DIN_legacy_default_10,warning,"H,g",,,,,flag_for_review,pending
raw,GRID_D22_GitHub\data\real_munich\data\bohrungen_epsg25832_shp\bohrungen_schichten.csv,,7835BG011123,Untergrenz,original_interval_order,warning,,,,,,legacy_sorts_by_lower_depth,pending
raw,GRID_D22_GitHub\data\real_munich\data\bohrungen_epsg25832_shp\bohrungen_schichten.csv,,7835BG010654,Untergrenz,original_interval_order,warning,,,,,,legacy_sorts_by_lower_depth,pending
raw,GRID_D22_GitHub\data\real_munich\data\bohrungen_epsg25832_shp\bohrungen_schichten.csv,2911.0,7835BG011128,DIN,unknown_DIN_legacy_default_10,warning,"H,g",,,,,flag_for_review,pending
raw,GRID_D22_GitHub\data\real_munich\data\bohrungen_epsg25832_shp\bohrungen_schichten.csv,,7835BG010620,Untergrenz,original_interval_order,warning,,,,,,legacy_sorts_by_lower_depth,pending
raw,GRID_D22_GitHub\data\real_munich\data\bohrungen_epsg25832_shp\bohrungen_schichten.csv,3036.0,7835BG010661,DIN,unknown_DIN_legacy_default_10,warning,nb,,,,,flag_for_review,pending
raw,GRID_D22_GitHub\data\real_munich\data\bohrungen_epsg25832_shp\bohrungen_schichten.csv,,7835BG010623,Untergrenz,original_interval_order,warning,,,,,,legacy_sorts_by_lower_depth,pending
raw,GRID_D22_GitHub\data\real_munich\data\bohrungen_epsg25832_shp\bohrungen_schichten.csv,3123.0,7835BG010623,DIN,unknown_DIN_legacy_default_10,warning,"X,s",,,,,flag_for_review,pending
raw,GRID_D22_GitHub\data\real_munich\data\bohrungen_epsg25832_shp\bohrungen_schichten.csv,3125.0,7835BG010623,DIN,unknown_DIN_legacy_default_10,warning,"X,s,g",,,,,flag_for_review,pending
raw,GRID_D22_GitHub\data\real_munich\data\bohrungen_epsg25832_shp\bohrungen_schichten.csv,3142.0,7835BG010625,DIN,unknown_DIN_legacy_default_10,warning,"X,g",,,,,flag_for_review,pending
raw,GRID_D22_GitHub\data\real_munich\data\bohrungen_epsg25832_shp\bohrungen_schichten.csv,,7835BG010662,Untergrenz,original_interval_order,warning,,,,,,legacy_sorts_by_lower_depth,pending
raw,GRID_D22_GitHub\data\real_munich\data\bohrungen_epsg25832_shp\bohrungen_schichten.csv,3246.0,7835BG010662,DIN,unknown_DIN_legacy_default_10,warning,"X,g,s'",,,,,flag_for_review,pending
raw,GRID_D22_GitHub\data\real_munich\data\bohrungen_epsg25832_shp\bohrungen_schichten.csv,,7835BG010824,Untergrenz,original_interval_order,warning,,,,,,legacy_sorts_by_lower_depth,pending
raw,GRID_D22_GitHub\data\real_munich\data\bohrungen_epsg25832_shp\bohrungen_schichten.csv,,7835BG010832,Untergrenz,original_interval_order,warning,,,,,,legacy_sorts_by_lower_depth,pending
raw,GRID_D22_GitHub\data\real_munich\data\bohrungen_epsg25832_shp\bohrungen_schichten.csv,,7835BG010630,Untergrenz,original_interval_order,warning,,,,,,legacy_sorts_by_lower_depth,pending
raw,GRID_D22_GitHub\data\real_munich\data\bohrungen_epsg25832_shp\bohrungen_schichten.csv,3440.0,7835BG010671,DIN,unknown_DIN_legacy_default_10,warning,"X,g/,s",,,,,flag_for_review,pending
raw,GRID_D22_GitHub\data\real_munich\data\bohrungen_epsg25832_shp\bohrungen_schichten.csv,,7835BG010672,Untergrenz,original_interval_order,warning,,,,,,legacy_sorts_by_lower_depth,pending
raw,GRID_D22_GitHub\data\real_munich\data\bohrungen_epsg25832_shp\bohrungen_schichten.csv,3513.0,7835BG010634,DIN,unknown_DIN_legacy_default_10,warning,"H,g",,,,,flag_for_review,pending
raw,GRID_D22_GitHub\data\real_munich\data\bohrungen_epsg25832_shp\bohrungen_schichten.csv,,7835BG010635,Untergrenz,original_interval_order,warning,,,,,,legacy_sorts_by_lower_depth,pending
raw,GRID_D22_GitHub\data\real_munich\data\bohrungen_epsg25832_shp\bohrungen_schichten.csv,,7835BG010639,Untergrenz,original_interval_order,warning,,,,,,legacy_sorts_by_lower_depth,pending
raw,GRID_D22_GitHub\data\real_munich\data\bohrungen_epsg25832_shp\bohrungen_schichten.csv,3588.0,7835BG010676,DIN,unknown_DIN_legacy_default_10,warning,"X,g,s'",,,,,flag_for_review,pending
raw,GRID_D22_GitHub\data\real_munich\data\bohrungen_epsg25832_shp\bohrungen_schichten.csv,,7835BG010990,Untergrenz,original_interval_order,warning,,,,,,legacy_sorts_by_lower_depth,pending
raw,GRID_D22_GitHub\data\real_munich\data\bohrungen_epsg25832_shp\bohrungen_schichten.csv,3801.0,7835BG010995,DIN,unknown_DIN_legacy_default_10,warning,Mst,,,,,flag_for_review,pending
raw,GRID_D22_GitHub\data\real_munich\data\bohrungen_epsg25832_shp\bohrungen_schichten.csv,3810.0,7835BG010995,DIN,unknown_DIN_legacy_default_10,warning,Mst,,,,,flag_for_review,pending
raw,GRID_D22_GitHub\data\real_munich\data\bohrungen_epsg25832_shp\bohrungen_schichten.csv,3813.0,7835BG010995,DIN,unknown_DIN_legacy_default_10,warning,Mst,,,,,flag_for_review,pending
raw,GRID_D22_GitHub\data\real_munich\data\bohrungen_epsg25832_shp\bohrungen_schichten.csv,,7835BG011103,Untergrenz,original_interval_order,warning,,,,,,legacy_sorts_by_lower_depth,pending
raw,GRID_D22_GitHub\data\real_munich\data\bohrungen_epsg25832_shp\bohrungen_schichten.csv,3960.0,7835BG011105,DIN,unknown_DIN_legacy_default_10,warning,"H,g",,,,,flag_for_review,pending
raw,GRID_D22_GitHub\data\real_munich\data\bohrungen_epsg25832_shp\bohrungen_schichten.csv,4036.0,7835BG009095,DIN,unknown_DIN_legacy_default_10,warning,X,,,,,flag_for_review,pending
raw,GRID_D22_GitHub\data\real_munich\data\bohrungen_epsg25832_shp\bohrungen_schichten.csv,,7835BG011048,Untergrenz,original_interval_order,warning,,,,,,legacy_sorts_by_lower_depth,pending
raw,GRID_D22_GitHub\data\real_munich\data\bohrungen_epsg25832_shp\bohrungen_schichten.csv,4174.0,7835BG009277,DIN,unknown_DIN_legacy_default_10,warning,X,,,,,flag_for_review,pending
raw,GRID_D22_GitHub\data\real_munich\data\bohrungen_epsg25832_shp\bohrungen_schichten.csv,,7835BG011091,Untergrenz,original_interval_order,warning,,,,,,legacy_sorts_by_lower_depth,pending
raw,GRID_D22_GitHub\data\real_munich\data\bohrungen_epsg25832_shp\bohrungen_schichten.csv,,7835BG009287,Untergrenz,original_interval_order,warning,,,,,,legacy_sorts_by_lower_depth,pending
raw,GRID_D22_GitHub\data\real_munich\data\bohrungen_epsg25832_shp\bohrungen_schichten.csv,,7835BG008597,Untergrenz,original_interval_order,warning,,,,,,legacy_sorts_by_lower_depth,pending
raw,GRID_D22_GitHub\data\real_munich\data\bohrungen_epsg25832_shp\bohrungen_schichten.csv,,7835BG008736,Untergrenz,original_interval_order,warning,,,,,,legacy_sorts_by_lower_depth,pending
raw,GRID_D22_GitHub\data\real_munich\data\bohrungen_epsg25832_shp\bohrungen_schichten.csv,,7835BG008632,Untergrenz,original_interval_order,warning,,,,,,legacy_sorts_by_lower_depth,pending
raw,GRID_D22_GitHub\data\real_munich\data\bohrungen_epsg25832_shp\bohrungen_schichten.csv,4716.0,7835BG009099,DIN,unknown_DIN_legacy_default_10,warning,X,,,,,flag_for_review,pending
raw,GRID_D22_GitHub\data\real_munich\data\bohrungen_epsg25832_shp\bohrungen_schichten.csv,,7835BG008502,Untergrenz,original_interval_order,warning,,,,,,legacy_sorts_by_lower_depth,pending
raw,GRID_D22_GitHub\data\real_munich\data\bohrungen_epsg25832_shp\bohrungen_schichten.csv,,7835BG008639,Untergrenz,original_interval_order,warning,,,,,,legacy_sorts_by_lower_depth,pending
raw,GRID_D22_GitHub\data\real_munich\data\bohrungen_epsg25832_shp\bohrungen_schichten.csv,,7835BG008639,Endteufe,end_depth_mismatch,warning,25.0,23.4,,1e-06,,flag_for_review,pending
raw,GRID_D22_GitHub\data\real_munich\data\bohrungen_epsg25832_shp\bohrungen_schichten.csv,,7835BG008643,Untergrenz,original_interval_order,warning,,,,,,legacy_sorts_by_lower_depth,pending
raw,GRID_D22_GitHub\data\real_munich\data\bohrungen_epsg25832_shp\bohrungen_schichten.csv,4996.0,7835BG008647,DIN,unknown_DIN_legacy_default_10,warning,"H,s,s",,,,,flag_for_review,pending
raw,GRID_D22_GitHub\data\real_munich\data\bohrungen_epsg25832_shp\bohrungen_schichten.csv,,7835BG008893,Endteufe,end_depth_mismatch,warning,9.5,9.1,,1e-06,,flag_for_review,pending
raw,GRID_D22_GitHub\data\real_munich\data\bohrungen_epsg25832_shp\bohrungen_schichten.csv,,7835BG008895,Untergrenz,original_interval_order,warning,,,,,,legacy_sorts_by_lower_depth,pending
raw,GRID_D22_GitHub\data\real_munich\data\bohrungen_epsg25832_shp\bohrungen_schichten.csv,,7835BG008650,Untergrenz,original_interval_order,warning,,,,,,legacy_sorts_by_lower_depth,pending
raw,GRID_D22_GitHub\data\real_munich\data\bohrungen_epsg25832_shp\bohrungen_schichten.csv,5151.0,7835BG008653,DIN,unknown_DIN_legacy_default_10,warning,"H,s,s",,,,,flag_for_review,pending
raw,GRID_D22_GitHub\data\real_munich\data\bohrungen_epsg25832_shp\bohrungen_schichten.csv,5153.0,7835BG008653,DIN,unknown_DIN_legacy_default_10,warning,"H,g,s",,,,,flag_for_review,pending
raw,GRID_D22_GitHub\data\real_munich\data\bohrungen_epsg25832_shp\bohrungen_schichten.csv,,7835BG009192,Untergrenz,original_interval_order,warning,,,,,,legacy_sorts_by_lower_depth,pending
raw,GRID_D22_GitHub\data\real_munich\data\bohrungen_epsg25832_shp\bohrungen_schichten.csv,,7835BG010132,Untergrenz,original_interval_order,warning,,,,,,legacy_sorts_by_lower_depth,pending
raw,GRID_D22_GitHub\data\real_munich\data\bohrungen_epsg25832_shp\bohrungen_schichten.csv,,7835BG010137,Untergrenz,original_interval_order,warning,,,,,,legacy_sorts_by_lower_depth,pending
raw,GRID_D22_GitHub\data\real_munich\data\bohrungen_epsg25832_shp\bohrungen_schichten.csv,,7835BG010140,Untergrenz,original_interval_order,warning,,,,,,legacy_sorts_by_lower_depth,pending
raw,GRID_D22_GitHub\data\real_munich\data\bohrungen_epsg25832_shp\bohrungen_schichten.csv,,7835BG010175,Endteufe,end_depth_mismatch,warning,16.9,16.5,,1e-06,,flag_for_review,pending
raw,GRID_D22_GitHub\data\real_munich\data\bohrungen_epsg25832_shp\bohrungen_schichten.csv,,7835BG010143,Untergrenz,original_interval_order,warning,,,,,,legacy_sorts_by_lower_depth,pending
raw,GRID_D22_GitHub\data\real_munich\data\bohrungen_epsg25832_shp\bohrungen_schichten.csv,,7835BG009513,Untergrenz,original_interval_order,warning,,,,,,legacy_sorts_by_lower_depth,pending
raw,GRID_D22_GitHub\data\real_munich\data\bohrungen_epsg25832_shp\bohrungen_schichten.csv,,7835BG010115,Untergrenz,original_interval_order,warning,,,,,,legacy_sorts_by_lower_depth,pending
raw,GRID_D22_GitHub\data\real_munich\data\bohrungen_epsg25832_shp\bohrungen_schichten.csv,,7835BG010117,Untergrenz,original_interval_order,warning,,,,,,legacy_sorts_by_lower_depth,pending
raw,GRID_D22_GitHub\data\real_munich\data\bohrungen_epsg25832_shp\bohrungen_schichten.csv,,7835BG010149,Untergrenz,original_interval_order,warning,,,,,,legacy_sorts_by_lower_depth,pending
raw,GRID_D22_GitHub\data\real_munich\data\bohrungen_epsg25832_shp\bohrungen_schichten.csv,,7835BG010122,Untergrenz,original_interval_order,warning,,,,,,legacy_sorts_by_lower_depth,pending
raw,GRID_D22_GitHub\data\real_munich\data\bohrungen_epsg25832_shp\bohrungen_schichten.csv,,7835BG010126,Untergrenz,original_interval_order,warning,,,,,,legacy_sorts_by_lower_depth,pending
raw,GRID_D22_GitHub\data\real_munich\data\bohrungen_epsg25832_shp\bohrungen_schichten.csv,,7835BG010130,Untergrenz,original_interval_order,warning,,,,,,legacy_sorts_by_lower_depth,pending
raw,GRID_D22_GitHub\data\real_munich\data\bohrungen_epsg25832_shp\bohrungen_schichten.csv,,7835BG010182,Untergrenz,original_interval_order,warning,,,,,,legacy_sorts_by_lower_depth,pending
raw,GRID_D22_GitHub\data\real_munich\data\bohrungen_epsg25832_shp\bohrungen_schichten.csv,,7835BG010190,Untergrenz,original_interval_order,warning,,,,,,legacy_sorts_by_lower_depth,pending
raw,GRID_D22_GitHub\data\real_munich\data\bohrungen_epsg25832_shp\bohrungen_schichten.csv,6436.0,7835BG010193,DIN,unknown_DIN_legacy_default_10,warning,"X,g",,,,,flag_for_review,pending
raw,GRID_D22_GitHub\data\real_munich\data\bohrungen_epsg25832_shp\bohrungen_schichten.csv,,7835BG010196,Endteufe,end_depth_mismatch,warning,15.25,15.2,,1e-06,,flag_for_review,pending
raw,GRID_D22_GitHub\data\real_munich\data\bohrungen_epsg25832_shp\bohrungen_schichten.csv,,7835BG010200,Untergrenz,original_interval_order,warning,,,,,,legacy_sorts_by_lower_depth,pending
raw,GRID_D22_GitHub\data\real_munich\data\bohrungen_epsg25832_shp\bohrungen_schichten.csv,6561.0,7835BG010202,DIN,unknown_DIN_legacy_default_10,warning,Mst,,,,,flag_for_review,pending
raw,GRID_D22_GitHub\data\real_munich\data\bohrungen_epsg25832_shp\bohrungen_schichten.csv,,7835BG007839,Untergrenz,original_interval_order,warning,,,,,,legacy_sorts_by_lower_depth,pending
raw,GRID_D22_GitHub\data\real_munich\data\bohrungen_epsg25832_shp\bohrungen_schichten.csv,,7835BG008111,Untergrenz,original_interval_order,warning,,,,,,legacy_sorts_by_lower_depth,pending
raw,GRID_D22_GitHub\data\real_munich\data\bohrungen_epsg25832_shp\bohrungen_schichten.csv,,7835BG007837,Endteufe,end_depth_mismatch,warning,34.5,34.1,,1e-06,,flag_for_review,pending
raw,GRID_D22_GitHub\data\real_munich\data\bohrungen_epsg25832_shp\bohrungen_schichten.csv,,7835BG007749,Untergrenz,original_interval_order,warning,,,,,,legacy_sorts_by_lower_depth,pending
raw,GRID_D22_GitHub\data\real_munich\data\bohrungen_epsg25832_shp\bohrungen_schichten.csv,6815.0,7835BG008382,DIN,unknown_DIN_legacy_default_10,warning,"H,s,u,g'",,,,,flag_for_review,pending
raw,GRID_D22_GitHub\data\real_munich\data\bohrungen_epsg25832_shp\bohrungen_schichten.csv,6823.0,7835BG008108,DIN,unknown_DIN_legacy_default_10,warning,"X,h",,,,,flag_for_review,pending
raw,GRID_D22_GitHub\data\real_munich\data\bohrungen_epsg25832_shp\bohrungen_schichten.csv,6832.0,7835BG017223,DIN,missing_DIN,warning,,,,,,flag_for_review,pending
raw,GRID_D22_GitHub\data\real_munich\data\bohrungen_epsg25832_shp\bohrungen_schichten.csv,,7835BG007744,Untergrenz,original_interval_order,warning,,,,,,legacy_sorts_by_lower_depth,pending
raw,GRID_D22_GitHub\data\real_munich\data\bohrungen_epsg25832_shp\bohrungen_schichten.csv,6997.0,7835BG009094,DIN,unknown_DIN_legacy_default_10,warning,X,,,,,flag_for_review,pending
raw,GRID_D22_GitHub\data\real_munich\data\bohrungen_epsg25832_shp\bohrungen_schichten.csv,,7835BG010602,Untergrenz,original_interval_order,warning,,,,,,legacy_sorts_by_lower_depth,pending
raw,GRID_D22_GitHub\data\real_munich\data\bohrungen_epsg25832_shp\bohrungen_schichten.csv,7061.0,7835BG010605,DIN,unknown_DIN_legacy_default_10,warning,Mst,,,,,flag_for_review,pending
raw,GRID_D22_GitHub\data\real_munich\data\bohrungen_epsg25832_shp\bohrungen_schichten.csv,7066.0,7835BG010605,DIN,unknown_DIN_legacy_default_10,warning,Mst,,,,,flag_for_review,pending
raw,GRID_D22_GitHub\data\real_munich\data\bohrungen_epsg25832_shp\bohrungen_schichten.csv,7079.0,7835BG010605,DIN,unknown_DIN_legacy_default_10,warning,Mst,,,,,flag_for_review,pending
raw,GRID_D22_GitHub\data\real_munich\data\bohrungen_epsg25832_shp\bohrungen_schichten.csv,7081.0,7835BG010605,DIN,unknown_DIN_legacy_default_10,warning,Mst,,,,,flag_for_review,pending
raw,GRID_D22_GitHub\data\real_munich\data\bohrungen_epsg25832_shp\bohrungen_schichten.csv,7194.0,7835BG010628,DIN,unknown_DIN_legacy_default_10,warning,"H,g/,s",,,,,flag_for_review,pending
raw,GRID_D22_GitHub\data\real_munich\data\bohrungen_epsg25832_shp\bohrungen_schichten.csv,,7835BG009229,Untergrenz,original_interval_order,warning,,,,,,legacy_sorts_by_lower_depth,pending
raw,GRID_D22_GitHub\data\real_munich\data\bohrungen_epsg25832_shp\bohrungen_schichten.csv,,7835BG009244,Untergrenz,original_interval_order,warning,,,,,,legacy_sorts_by_lower_depth,pending
raw,GRID_D22_GitHub\data\real_munich\data\bohrungen_epsg25832_shp\bohrungen_schichten.csv,,7835BG010112,Untergrenz,original_interval_order,warning,,,,,,legacy_sorts_by_lower_depth,pending
raw,GRID_D22_GitHub\data\real_munich\data\bohrungen_epsg25832_shp\bohrungen_schichten.csv,,7835BG010114,Untergrenz,original_interval_order,warning,,,,,,legacy_sorts_by_lower_depth,pending
raw,GRID_D22_GitHub\data\real_munich\data\bohrungen_epsg25832_shp\bohrungen_schichten.csv,7439.0,7835BG010636,DIN,unknown_DIN_legacy_default_10,warning,"H,g",,,,,flag_for_review,pending
raw,GRID_D22_GitHub\data\real_munich\data\bohrungen_epsg25832_shp\bohrungen_schichten.csv,7455.0,7835BG010638,DIN,unknown_DIN_legacy_default_10,warning,"H,g",,,,,flag_for_review,pending
raw,GRID_D22_GitHub\data\real_munich\data\bohrungen_epsg25832_shp\bohrungen_schichten.csv,,7835BG010651,Untergrenz,original_interval_order,warning,,,,,,legacy_sorts_by_lower_depth,pending
raw,GRID_D22_GitHub\data\real_munich\data\bohrungen_epsg25832_shp\bohrungen_schichten.csv,7529.0,7835BG010651,DIN,unknown_DIN_legacy_default_10,warning,"H,g",,,,,flag_for_review,pending
raw,GRID_D22_GitHub\data\real_munich\data\bohrungen_epsg25832_shp\bohrungen_schichten.csv,,7835BG010674,Untergrenz,original_interval_order,warning,,,,,,legacy_sorts_by_lower_depth,pending
raw,GRID_D22_GitHub\data\real_munich\data\bohrungen_epsg25832_shp\bohrungen_schichten.csv,,7835BG008622,Untergrenz,original_interval_order,warning,,,,,,legacy_sorts_by_lower_depth,pending
raw,GRID_D22_GitHub\data\real_munich\data\bohrungen_epsg25832_shp\bohrungen_schichten.csv,7736.0,7835BG009275,DIN,unknown_DIN_legacy_default_10,warning,"X,s",,,,,flag_for_review,pending
raw,GRID_D22_GitHub\data\real_munich\data\bohrungen_epsg25832_shp\bohrungen_schichten.csv,,7835BG010156,Untergrenz,original_interval_order,warning,,,,,,legacy_sorts_by_lower_depth,pending
raw,GRID_D22_GitHub\data\real_munich\data\bohrungen_epsg25832_shp\bohrungen_schichten.csv,,7835BG008658,Endteufe,end_depth_mismatch,warning,13.5,13.3,,1e-06,,flag_for_review,pending
raw,GRID_D22_GitHub\data\real_munich\data\bohrungen_epsg25832_shp\bohrungen_schichten.csv,,7835BG010180,Endteufe,end_depth_mismatch,warning,16.87,16.6,,1e-06,,flag_for_review,pending
raw,GRID_D22_GitHub\data\real_munich\data\bohrungen_epsg25832_shp\bohrungen_schichten.csv,,7835BG010191,Untergrenz,original_interval_order,warning,,,,,,legacy_sorts_by_lower_depth,pending
raw,GRID_D22_GitHub\data\real_munich\data\bohrungen_epsg25832_shp\bohrungen_schichten.csv,,7835BG007666,Untergrenz,original_interval_order,warning,,,,,,legacy_sorts_by_lower_depth,pending
raw,GRID_D22_GitHub\data\real_munich\data\bohrungen_epsg25832_shp\bohrungen_schichten.csv,8435.0,7835BG011414,DIN,unknown_DIN_legacy_default_10,warning,"H,s,u",,,,,flag_for_review,pending
raw,GRID_D22_GitHub\data\real_munich\data\bohrungen_epsg25832_shp\bohrungen_schichten.csv,8464.0,7835BG011895,DIN,unknown_DIN_legacy_default_10,warning,X,,,,,flag_for_review,pending
raw,GRID_D22_GitHub\data\real_munich\data\bohrungen_epsg25832_shp\bohrungen_schichten.csv,8492.0,7835BG011042,DIN,unknown_DIN_legacy_default_10,warning,Mb,,,,,flag_for_review,pending
raw,GRID_D22_GitHub\data\real_munich\data\bohrungen_epsg25832_shp\bohrungen_schichten.csv,,7835BG011089,Untergrenz,original_interval_order,warning,,,,,,legacy_sorts_by_lower_depth,pending
raw,GRID_D22_GitHub\data\real_munich\data\bohrungen_epsg25832_shp\bohrungen_schichten.csv,8567.0,7835BG011089,DIN,unknown_DIN_legacy_default_10,warning,Mst,,,,,flag_for_review,pending
raw,GRID_D22_GitHub\data\real_munich\data\bohrungen_epsg25832_shp\bohrungen_schichten.csv,8580.0,7835BG011089,DIN,unknown_DIN_legacy_default_10,warning,Mst,,,,,flag_for_review,pending
raw,GRID_D22_GitHub\data\real_munich\data\bohrungen_epsg25832_shp\bohrungen_schichten.csv,,7835BG009789,Untergrenz,original_interval_order,warning,,,,,,legacy_sorts_by_lower_depth,pending
raw,GRID_D22_GitHub\data\real_munich\data\bohrungen_epsg25832_shp\bohrungen_schichten.csv,8644.0,7835BG012304,DIN,unknown_DIN_legacy_default_10,warning,"X,g,s",,,,,flag_for_review,pending
raw,GRID_D22_GitHub\data\real_munich\data\bohrungen_epsg25832_shp\bohrungen_schichten.csv,8645.0,7835BG012304,DIN,unknown_DIN_legacy_default_10,warning,"X,g",,,,,flag_for_review,pending
raw,GRID_D22_GitHub\data\real_munich\data\bohrungen_epsg25832_shp\bohrungen_schichten.csv,,7835BG010888,Untergrenz,original_interval_order,warning,,,,,,legacy_sorts_by_lower_depth,pending
raw,GRID_D22_GitHub\data\real_munich\data\bohrungen_epsg25832_shp\bohrungen_schichten.csv,,7835BG009145,Untergrenz,original_interval_order,warning,,,,,,legacy_sorts_by_lower_depth,pending
raw,GRID_D22_GitHub\data\real_munich\data\bohrungen_epsg25832_shp\bohrungen_schichten.csv,,7835BG011107,Untergrenz,original_interval_order,warning,,,,,,legacy_sorts_by_lower_depth,pending
raw,GRID_D22_GitHub\data\real_munich\data\bohrungen_epsg25832_shp\bohrungen_schichten.csv,,7835BG011115,Untergrenz,original_interval_order,warning,,,,,,legacy_sorts_by_lower_depth,pending
raw,GRID_D22_GitHub\data\real_munich\data\bohrungen_epsg25832_shp\bohrungen_schichten.csv,,7835BG011119,Untergrenz,original_interval_order,warning,,,,,,legacy_sorts_by_lower_depth,pending
raw,GRID_D22_GitHub\data\real_munich\data\bohrungen_epsg25832_shp\bohrungen_schichten.csv,,7835BG011126,Untergrenz,original_interval_order,warning,,,,,,legacy_sorts_by_lower_depth,pending
raw,GRID_D22_GitHub\data\real_munich\data\bohrungen_epsg25832_shp\bohrungen_schichten.csv,8990.0,7835BG012344,DIN,unknown_DIN_legacy_default_10,warning,H,,,,,flag_for_review,pending
raw,GRID_D22_GitHub\data\real_munich\data\bohrungen_epsg25832_shp\bohrungen_schichten.csv,8999.0,7835BG012366,DIN,unknown_DIN_legacy_default_10,warning,H,,,,,flag_for_review,pending
raw,GRID_D22_GitHub\data\real_munich\data\bohrungen_epsg25832_shp\bohrungen_schichten.csv,,7835BG010522,Untergrenz,original_interval_order,warning,,,,,,legacy_sorts_by_lower_depth,pending
raw,GRID_D22_GitHub\data\real_munich\data\bohrungen_epsg25832_shp\bohrungen_schichten.csv,9050.0,7835BG012384,DIN,unknown_DIN_legacy_default_10,warning,"H,s,g",,,,,flag_for_review,pending
raw,GRID_D22_GitHub\data\real_munich\data\bohrungen_epsg25832_shp\bohrungen_schichten.csv,9071.0,7835BG013355,DIN,unknown_DIN_legacy_default_10,warning,nb,,,,,flag_for_review,pending
raw,GRID_D22_GitHub\data\real_munich\data\bohrungen_epsg25832_shp\bohrungen_schichten.csv,,7835BG013358,Endteufe,end_depth_mismatch,warning,19.8,18.83,,1e-06,,flag_for_review,pending
raw,GRID_D22_GitHub\data\real_munich\data\bohrungen_epsg25832_shp\bohrungen_schichten.csv,9127.0,7835BG013358,DIN,unknown_DIN_legacy_default_10,warning,nb,,,,,flag_for_review,pending
raw,GRID_D22_GitHub\data\real_munich\data\bohrungen_epsg25832_shp\bohrungen_schichten.csv,,7835BG010962,Untergrenz,original_interval_order,warning,,,,,,legacy_sorts_by_lower_depth,pending
raw,GRID_D22_GitHub\data\real_munich\data\bohrungen_epsg25832_shp\bohrungen_schichten.csv,,7835BG010965,Untergrenz,original_interval_order,warning,,,,,,legacy_sorts_by_lower_depth,pending
raw,GRID_D22_GitHub\data\real_munich\data\bohrungen_epsg25832_shp\bohrungen_schichten.csv,9314.0,7835BG012146,DIN,unknown_DIN_legacy_default_10,warning,X,,,,,flag_for_review,pending
raw,GRID_D22_GitHub\data\real_munich\data\bohrungen_epsg25832_shp\bohrungen_schichten.csv,,7835BG012874,Untergrenz,original_interval_order,warning,,,,,,legacy_sorts_by_lower_depth,pending
raw,GRID_D22_GitHub\data\real_munich\data\bohrungen_epsg25832_shp\bohrungen_schichten.csv,9355.0,7835BG012874,DIN,unknown_DIN_legacy_default_10,warning,"H,x",,,,,flag_for_review,pending
raw,GRID_D22_GitHub\data\real_munich\data\bohrungen_epsg25832_shp\bohrungen_schichten.csv,,7835BG011387,Untergrenz,original_interval_order,warning,,,,,,legacy_sorts_by_lower_depth,pending
raw,GRID_D22_GitHub\data\real_munich\data\bohrungen_epsg25832_shp\bohrungen_schichten.csv,9543.0,7835BG017258,DIN,missing_DIN,warning,,,,,,flag_for_review,pending
raw,GRID_D22_GitHub\data\real_munich\data\bohrungen_epsg25832_shp\bohrungen_schichten.csv,9544.0,7835BG007557,DIN,unknown_DIN_legacy_default_10,warning,X,,,,,flag_for_review,pending
raw,GRID_D22_GitHub\data\real_munich\data\bohrungen_epsg25832_shp\bohrungen_schichten.csv,,7835BG007561,Untergrenz,original_interval_order,warning,,,,,,legacy_sorts_by_lower_depth,pending
raw,GRID_D22_GitHub\data\real_munich\data\bohrungen_epsg25832_shp\bohrungen_schichten.csv,,7835BG001711,Untergrenz,original_interval_order,warning,,,,,,legacy_sorts_by_lower_depth,pending
raw,GRID_D22_GitHub\data\real_munich\data\bohrungen_epsg25832_shp\bohrungen_schichten.csv,9739.0,7835BG000825,DIN,unknown_DIN_legacy_default_10,warning,H,,,,,flag_for_review,pending
raw,GRID_D22_GitHub\data\real_munich\data\bohrungen_epsg25832_shp\bohrungen_schichten.csv,,7835BG000930,Untergrenz,original_interval_order,warning,,,,,,legacy_sorts_by_lower_depth,pending
raw,GRID_D22_GitHub\data\real_munich\data\bohrungen_epsg25832_shp\bohrungen_schichten.csv,9945.0,7835BG000686,DIN,unknown_DIN_legacy_default_10,warning,"H,g",,,,,flag_for_review,pending
raw,GRID_D22_GitHub\data\real_munich\data\bohrungen_epsg25832_shp\bohrungen_schichten.csv,9951.0,7835BG000693,DIN,unknown_DIN_legacy_default_10,warning,H,,,,,flag_for_review,pending
raw,GRID_D22_GitHub\data\real_munich\data\bohrungen_epsg25832_shp\bohrungen_schichten.csv,9964.0,7835BG000942,DIN,unknown_DIN_legacy_default_10,warning,X,,,,,flag_for_review,pending
raw,GRID_D22_GitHub\data\real_munich\data\bohrungen_epsg25832_shp\bohrungen_schichten.csv,,7835BG000994,Untergrenz,original_interval_order,warning,,,,,,legacy_sorts_by_lower_depth,pending
raw,GRID_D22_GitHub\data\real_munich\data\bohrungen_epsg25832_shp\bohrungen_schichten.csv,9991.0,7835BG000994,DIN,unknown_DIN_legacy_default_10,warning,"H,g",,,,,flag_for_review,pending
raw,GRID_D22_GitHub\data\real_munich\data\bohrungen_epsg25832_shp\bohrungen_schichten.csv,,7835BG007143,Untergrenz,original_interval_order,warning,,,,,,legacy_sorts_by_lower_depth,pending
raw,GRID_D22_GitHub\data\real_munich\data\bohrungen_epsg25832_shp\bohrungen_schichten.csv,,7835BG000218,Untergrenz,original_interval_order,warning,,,,,,legacy_sorts_by_lower_depth,pending
raw,GRID_D22_GitHub\data\real_munich\data\bohrungen_epsg25832_shp\bohrungen_schichten.csv,10354.0,7835BG005374,DIN,unknown_DIN_legacy_default_10,warning,H,,,,,flag_for_review,pending
raw,GRID_D22_GitHub\data\real_munich\data\bohrungen_epsg25832_shp\bohrungen_schichten.csv,,7835BG000237,Untergrenz,original_interval_order,warning,,,,,,legacy_sorts_by_lower_depth,pending
raw,GRID_D22_GitHub\data\real_munich\data\bohrungen_epsg25832_shp\bohrungen_schichten.csv,,7835BG007185,Untergrenz,original_interval_order,warning,,,,,,legacy_sorts_by_lower_depth,pending
raw,GRID_D22_GitHub\data\real_munich\data\bohrungen_epsg25832_shp\bohrungen_schichten.csv,,7835BG004001,Untergrenz,original_interval_order,warning,,,,,,legacy_sorts_by_lower_depth,pending
raw,GRID_D22_GitHub\data\real_munich\data\bohrungen_epsg25832_shp\bohrungen_schichten.csv,,7835BG000254,Untergrenz,original_interval_order,warning,,,,,,legacy_sorts_by_lower_depth,pending
raw,GRID_D22_GitHub\data\real_munich\data\bohrungen_epsg25832_shp\bohrungen_schichten.csv,,7835BG000261,Untergrenz,original_interval_order,warning,,,,,,legacy_sorts_by_lower_depth,pending
raw,GRID_D22_GitHub\data\real_munich\data\bohrungen_epsg25832_shp\bohrungen_schichten.csv,,7835BG000287,Untergrenz,original_interval_order,warning,,,,,,legacy_sorts_by_lower_depth,pending
raw,GRID_D22_GitHub\data\real_munich\data\bohrungen_epsg25832_shp\bohrungen_schichten.csv,,7835BG000288,Untergrenz,original_interval_order,warning,,,,,,legacy_sorts_by_lower_depth,pending
raw,GRID_D22_GitHub\data\real_munich\data\bohrungen_epsg25832_shp\bohrungen_schichten.csv,11126.0,7835BG004027,DIN,unknown_DIN_legacy_default_10,warning,H,,,,,flag_for_review,pending
raw,GRID_D22_GitHub\data\real_munich\data\bohrungen_epsg25832_shp\bohrungen_schichten.csv,11152.0,7835BG004038,DIN,unknown_DIN_legacy_default_10,warning,"H,x",,,,,flag_for_review,pending
raw,GRID_D22_GitHub\data\real_munich\data\bohrungen_epsg25832_shp\bohrungen_schichten.csv,,7835BG000630,Untergrenz,original_interval_order,warning,,,,,,legacy_sorts_by_lower_depth,pending
raw,GRID_D22_GitHub\data\real_munich\data\bohrungen_epsg25832_shp\bohrungen_schichten.csv,11312.0,7835BG000653,DIN,unknown_DIN_legacy_default_10,warning,"H,g",,,,,flag_for_review,pending
raw,GRID_D22_GitHub\data\real_munich\data\bohrungen_epsg25832_shp\bohrungen_schichten.csv,,7835BG007065,Untergrenz,original_interval_order,warning,,,,,,legacy_sorts_by_lower_depth,pending
raw,GRID_D22_GitHub\data\real_munich\data\bohrungen_epsg25832_shp\bohrungen_schichten.csv,11510.0,7835BG007081,DIN,unknown_DIN_legacy_default_10,warning,Mb,,,,,flag_for_review,pending
raw,GRID_D22_GitHub\data\real_munich\data\bohrungen_epsg25832_shp\bohrungen_schichten.csv,11624.0,7835BG003854,DIN,unknown_DIN_legacy_default_10,warning,"H,g",,,,,flag_for_review,pending
raw,GRID_D22_GitHub\data\real_munich\data\bohrungen_epsg25832_shp\bohrungen_schichten.csv,11724.0,7835BG003909,DIN,unknown_DIN_legacy_default_10,warning,"X,g",,,,,flag_for_review,pending
raw,GRID_D22_GitHub\data\real_munich\data\bohrungen_epsg25832_shp\bohrungen_schichten.csv,,7835BG005286,Untergrenz,original_interval_order,warning,,,,,,legacy_sorts_by_lower_depth,pending
raw,GRID_D22_GitHub\data\real_munich\data\bohrungen_epsg25832_shp\bohrungen_schichten.csv,11919.0,7835BG002282,DIN,unknown_DIN_legacy_default_10,warning,H,,,,,flag_for_review,pending
raw,GRID_D22_GitHub\data\real_munich\data\bohrungen_epsg25832_shp\bohrungen_schichten.csv,11969.0,7835BG006546,DIN,unknown_DIN_legacy_default_10,warning,"X,s,g",,,,,flag_for_review,pending
raw,GRID_D22_GitHub\data\real_munich\data\bohrungen_epsg25832_shp\bohrungen_schichten.csv,11980.0,7835BG006550,DIN,unknown_DIN_legacy_default_10,warning,"X,s,u",,,,,flag_for_review,pending
raw,GRID_D22_GitHub\data\real_munich\data\bohrungen_epsg25832_shp\bohrungen_schichten.csv,11999.0,7835BG006559,DIN,unknown_DIN_legacy_default_10,warning,X,,,,,flag_for_review,pending
raw,GRID_D22_GitHub\data\real_munich\data\bohrungen_epsg25832_shp\bohrungen_schichten.csv,,7835BG006579,Untergrenz,original_interval_order,warning,,,,,,legacy_sorts_by_lower_depth,pending
raw,GRID_D22_GitHub\data\real_munich\data\bohrungen_epsg25832_shp\bohrungen_schichten.csv,12104.0,7835BG005433,DIN,unknown_DIN_legacy_default_10,warning,"H,g",,,,,flag_for_review,pending
raw,GRID_D22_GitHub\data\real_munich\data\bohrungen_epsg25832_shp\bohrungen_schichten.csv,12160.0,7835BG006460,DIN,unknown_DIN_legacy_default_10,warning,X,,,,,flag_for_review,pending
raw,GRID_D22_GitHub\data\real_munich\data\bohrungen_epsg25832_shp\bohrungen_schichten.csv,,7835BG006471,Untergrenz,original_interval_order,warning,,,,,,legacy_sorts_by_lower_depth,pending
raw,GRID_D22_GitHub\data\real_munich\data\bohrungen_epsg25832_shp\bohrungen_schichten.csv,12188.0,7835BG003524,DIN,unknown_DIN_legacy_default_10,warning,X,,,,,flag_for_review,pending
raw,GRID_D22_GitHub\data\real_munich\data\bohrungen_epsg25832_shp\bohrungen_schichten.csv,12211.0,7835BG003530,DIN,unknown_DIN_legacy_default_10,warning,X,,,,,flag_for_review,pending
raw,GRID_D22_GitHub\data\real_munich\data\bohrungen_epsg25832_shp\bohrungen_schichten.csv,12474.0,7835BG006998,DIN,unknown_DIN_legacy_default_10,warning,"X,g'",,,,,flag_for_review,pending
raw,GRID_D22_GitHub\data\real_munich\data\bohrungen_epsg25832_shp\bohrungen_schichten.csv,12550.0,7835BG007035,DIN,unknown_DIN_legacy_default_10,warning,Mb,,,,,flag_for_review,pending
raw,GRID_D22_GitHub\data\real_munich\data\bohrungen_epsg25832_shp\bohrungen_schichten.csv,,7835BG006524,Untergrenz,original_interval_order,warning,,,,,,legacy_sorts_by_lower_depth,pending
raw,GRID_D22_GitHub\data\real_munich\data\bohrungen_epsg25832_shp\bohrungen_schichten.csv,,7835BG003603,Untergrenz,original_interval_order,warning,,,,,,legacy_sorts_by_lower_depth,pending
raw,GRID_D22_GitHub\data\real_munich\data\bohrungen_epsg25832_shp\bohrungen_schichten.csv,12741.0,7835BG003625,DIN,unknown_DIN_legacy_default_10,warning,"X,g",,,,,flag_for_review,pending
raw,GRID_D22_GitHub\data\real_munich\data\bohrungen_epsg25832_shp\bohrungen_schichten.csv,12838.0,7835BG005549,DIN,unknown_DIN_legacy_default_10,warning,H,,,,,flag_for_review,pending
raw,GRID_D22_GitHub\data\real_munich\data\bohrungen_epsg25832_shp\bohrungen_schichten.csv,12956.0,7835BG007515,DIN,unknown_DIN_legacy_default_10,warning,nb,,,,,flag_for_review,pending
raw,GRID_D22_GitHub\data\real_munich\data\bohrungen_epsg25832_shp\bohrungen_schichten.csv,12969.0,7835BG007530,DIN,unknown_DIN_legacy_default_10,warning,nb,,,,,flag_for_review,pending
raw,GRID_D22_GitHub\data\real_munich\data\bohrungen_epsg25832_shp\bohrungen_schichten.csv,,7835BG017470,Untergrenz,original_interval_order,warning,,,,,,legacy_sorts_by_lower_depth,pending
raw,GRID_D22_GitHub\data\real_munich\data\bohrungen_epsg25832_shp\bohrungen_schichten.csv,13053.0,7835BG000964,DIN,unknown_DIN_legacy_default_10,warning,X,,,,,flag_for_review,pending
raw,GRID_D22_GitHub\data\real_munich\data\bohrungen_epsg25832_shp\bohrungen_schichten.csv,13054.0,7835BG000964,DIN,unknown_DIN_legacy_default_10,warning,"H,g,u,s",,,,,flag_for_review,pending
raw,GRID_D22_GitHub\data\real_munich\data\bohrungen_epsg25832_shp\bohrungen_schichten.csv,,7835BG000652,Untergrenz,original_interval_order,warning,,,,,,legacy_sorts_by_lower_depth,pending
raw,GRID_D22_GitHub\data\real_munich\data\bohrungen_epsg25832_shp\bohrungen_schichten.csv,13103.0,7835BG000816,DIN,unknown_DIN_legacy_default_10,warning,"X,g",,,,,flag_for_review,pending
raw,GRID_D22_GitHub\data\real_munich\data\bohrungen_epsg25832_shp\bohrungen_schichten.csv,,7835BG001430,Untergrenz,original_interval_order,warning,,,,,,legacy_sorts_by_lower_depth,pending
raw,GRID_D22_GitHub\data\real_munich\data\bohrungen_epsg25832_shp\bohrungen_schichten.csv,13132.0,7835BG001296,DIN,unknown_DIN_legacy_default_10,warning,nb,,,,,flag_for_review,pending
raw,GRID_D22_GitHub\data\real_munich\data\bohrungen_epsg25832_shp\bohrungen_schichten.csv,,7835BG000241,Untergrenz,original_interval_order,warning,,,,,,legacy_sorts_by_lower_depth,pending
raw,GRID_D22_GitHub\data\real_munich\data\bohrungen_epsg25832_shp\bohrungen_schichten.csv,13484.0,7835BG000826,DIN,unknown_DIN_legacy_default_10,warning,H,,,,,flag_for_review,pending
raw,GRID_D22_GitHub\data\real_munich\data\bohrungen_epsg25832_shp\bohrungen_schichten.csv,13489.0,7835BG001438,DIN,unknown_DIN_legacy_default_10,warning,"H,g",,,,,flag_for_review,pending
raw,GRID_D22_GitHub\data\real_munich\data\bohrungen_epsg25832_shp\bohrungen_schichten.csv,13550.0,7835BG000695,DIN,unknown_DIN_legacy_default_10,warning,"H,x",,,,,flag_for_review,pending
raw,GRID_D22_GitHub\data\real_munich\data\bohrungen_epsg25832_shp\bohrungen_schichten.csv,13557.0,7835BG000703,DIN,unknown_DIN_legacy_default_10,warning,"H,g",,,,,flag_for_review,pending
raw,GRID_D22_GitHub\data\real_munich\data\bohrungen_epsg25832_shp\bohrungen_schichten.csv,13579.0,7835BG000833,DIN,unknown_DIN_legacy_default_10,warning,"H,s",,,,,flag_for_review,pending
raw,GRID_D22_GitHub\data\real_munich\data\bohrungen_epsg25832_shp\bohrungen_schichten.csv,13597.0,7835BG000843,DIN,unknown_DIN_legacy_default_10,warning,"H,g",,,,,flag_for_review,pending
raw,GRID_D22_GitHub\data\real_munich\data\bohrungen_epsg25832_shp\bohrungen_schichten.csv,13617.0,7835BG000845,DIN,unknown_DIN_legacy_default_10,warning,"H,g",,,,,flag_for_review,pending
raw,GRID_D22_GitHub\data\real_munich\data\bohrungen_epsg25832_shp\bohrungen_schichten.csv,13629.0,7835BG000975,DIN,unknown_DIN_legacy_default_10,warning,"H,u,s,g",,,,,flag_for_review,pending
raw,GRID_D22_GitHub\data\real_munich\data\bohrungen_epsg25832_shp\bohrungen_schichten.csv,13630.0,7835BG000975,DIN,unknown_DIN_legacy_default_10,warning,"H,u,s,g",,,,,flag_for_review,pending
raw,GRID_D22_GitHub\data\real_munich\data\bohrungen_epsg25832_shp\bohrungen_schichten.csv,13647.0,7835BG001332,DIN,unknown_DIN_legacy_default_10,warning,H,,,,,flag_for_review,pending
raw,GRID_D22_GitHub\data\real_munich\data\bohrungen_epsg25832_shp\bohrungen_schichten.csv,,7835BG000270,Untergrenz,original_interval_order,warning,,,,,,legacy_sorts_by_lower_depth,pending
raw,GRID_D22_GitHub\data\real_munich\data\bohrungen_epsg25832_shp\bohrungen_schichten.csv,,7835BG000280,Untergrenz,original_interval_order,warning,,,,,,legacy_sorts_by_lower_depth,pending
raw,GRID_D22_GitHub\data\real_munich\data\bohrungen_epsg25832_shp\bohrungen_schichten.csv,14151.0,7835BG000742,DIN,unknown_DIN_legacy_default_10,warning,"H,g",,,,,flag_for_review,pending
raw,GRID_D22_GitHub\data\real_munich\data\bohrungen_epsg25832_shp\bohrungen_schichten.csv,14152.0,7835BG000742,DIN,unknown_DIN_legacy_default_10,warning,"H,u,s",,,,,flag_for_review,pending
raw,GRID_D22_GitHub\data\real_munich\data\bohrungen_epsg25832_shp\bohrungen_schichten.csv,14158.0,7835BG000877,DIN,unknown_DIN_legacy_default_10,warning,X,,,,,flag_for_review,pending
raw,GRID_D22_GitHub\data\real_munich\data\bohrungen_epsg25832_shp\bohrungen_schichten.csv,14159.0,7835BG000877,DIN,unknown_DIN_legacy_default_10,warning,"H,g,s,u",,,,,flag_for_review,pending
raw,GRID_D22_GitHub\data\real_munich\data\bohrungen_epsg25832_shp\bohrungen_schichten.csv,14166.0,7835BG000888,DIN,unknown_DIN_legacy_default_10,warning,L,,,,,flag_for_review,pending
raw,GRID_D22_GitHub\data\real_munich\data\bohrungen_epsg25832_shp\bohrungen_schichten.csv,,7835BG000615,Untergrenz,original_interval_order,warning,,,,,,legacy_sorts_by_lower_depth,pending
raw,GRID_D22_GitHub\data\real_munich\data\bohrungen_epsg25832_shp\bohrungen_schichten.csv,,7835BG000632,Untergrenz,original_interval_order,warning,,,,,,legacy_sorts_by_lower_depth,pending
raw,GRID_D22_GitHub\data\real_munich\data\bohrungen_epsg25832_shp\bohrungen_schichten.csv,,7835BG000908,Untergrenz,original_interval_order,warning,,,,,,legacy_sorts_by_lower_depth,pending
raw,GRID_D22_GitHub\data\real_munich\data\bohrungen_epsg25832_shp\bohrungen_schichten.csv,14278.0,7835BG000908,DIN,unknown_DIN_legacy_default_10,warning,H,,,,,flag_for_review,pending
raw,GRID_D22_GitHub\data\real_munich\data\bohrungen_epsg25832_shp\bohrungen_schichten.csv,14283.0,7835BG000642,DIN,unknown_DIN_legacy_default_10,warning,"H,g",,,,,flag_for_review,pending
raw,GRID_D22_GitHub\data\real_munich\data\bohrungen_epsg25832_shp\bohrungen_schichten.csv,14435.0,7835BG001005,DIN,unknown_DIN_legacy_default_10,warning,H,,,,,flag_for_review,pending
raw,GRID_D22_GitHub\data\real_munich\data\bohrungen_epsg25832_shp\bohrungen_schichten.csv,,7835BG002834,Untergrenz,original_interval_order,warning,,,,,,legacy_sorts_by_lower_depth,pending
raw,GRID_D22_GitHub\data\real_munich\data\bohrungen_epsg25832_shp\bohrungen_schichten.csv,,7835BG002838,Untergrenz,original_interval_order,warning,,,,,,legacy_sorts_by_lower_depth,pending
raw,GRID_D22_GitHub\data\real_munich\data\bohrungen_epsg25832_shp\bohrungen_schichten.csv,,7835BG002840,Untergrenz,original_interval_order,warning,,,,,,legacy_sorts_by_lower_depth,pending
raw,GRID_D22_GitHub\data\real_munich\data\bohrungen_epsg25832_shp\bohrungen_schichten.csv,14603.0,7835BG001033,DIN,unknown_DIN_legacy_default_10,warning,H,,,,,flag_for_review,pending
raw,GRID_D22_GitHub\data\real_munich\data\bohrungen_epsg25832_shp\bohrungen_schichten.csv,14736.0,7835BG003979,DIN,unknown_DIN_legacy_default_10,warning,H,,,,,flag_for_review,pending
raw,GRID_D22_GitHub\data\real_munich\data\bohrungen_epsg25832_shp\bohrungen_schichten.csv,,7835BG003992,Untergrenz,original_interval_order,warning,,,,,,legacy_sorts_by_lower_depth,pending
raw,GRID_D22_GitHub\data\real_munich\data\bohrungen_epsg25832_shp\bohrungen_schichten.csv,,7835BG004246,Untergrenz,original_interval_order,warning,,,,,,legacy_sorts_by_lower_depth,pending
raw,GRID_D22_GitHub\data\real_munich\data\bohrungen_epsg25832_shp\bohrungen_schichten.csv,,7835BG002999,Untergrenz,original_interval_order,warning,,,,,,legacy_sorts_by_lower_depth,pending
raw,GRID_D22_GitHub\data\real_munich\data\bohrungen_epsg25832_shp\bohrungen_schichten.csv,15049.0,7835BG003617,DIN,unknown_DIN_legacy_default_10,warning,"H,g",,,,,flag_for_review,pending
raw,GRID_D22_GitHub\data\real_munich\data\bohrungen_epsg25832_shp\bohrungen_schichten.csv,15064.0,7835BG003620,DIN,unknown_DIN_legacy_default_10,warning,X,,,,,flag_for_review,pending
raw,GRID_D22_GitHub\data\real_munich\data\bohrungen_epsg25832_shp\bohrungen_schichten.csv,15074.0,7835BG003621,DIN,unknown_DIN_legacy_default_10,warning,X,,,,,flag_for_review,pending
raw,GRID_D22_GitHub\data\real_munich\data\bohrungen_epsg25832_shp\bohrungen_schichten.csv,15120.0,7835BG003008,DIN,unknown_DIN_legacy_default_10,warning,"H,g",,,,,flag_for_review,pending
raw,GRID_D22_GitHub\data\real_munich\data\bohrungen_epsg25832_shp\bohrungen_schichten.csv,,7835BG004132,Untergrenz,original_interval_order,warning,,,,,,legacy_sorts_by_lower_depth,pending
raw,GRID_D22_GitHub\data\real_munich\data\bohrungen_epsg25832_shp\bohrungen_schichten.csv,15200.0,7835BG003855,DIN,unknown_DIN_legacy_default_10,warning,"H,g",,,,,flag_for_review,pending
raw,GRID_D22_GitHub\data\real_munich\data\bohrungen_epsg25832_shp\bohrungen_schichten.csv,15220.0,7835BG003857,DIN,unknown_DIN_legacy_default_10,warning,"H,g,x",,,,,flag_for_review,pending
raw,GRID_D22_GitHub\data\real_munich\data\bohrungen_epsg25832_shp\bohrungen_schichten.csv,15225.0,7835BG003859,DIN,unknown_DIN_legacy_default_10,warning,"H,g",,,,,flag_for_review,pending
raw,GRID_D22_GitHub\data\real_munich\data\bohrungen_epsg25832_shp\bohrungen_schichten.csv,,7835BG003860,Untergrenz,original_interval_order,warning,,,,,,legacy_sorts_by_lower_depth,pending
raw,GRID_D22_GitHub\data\real_munich\data\bohrungen_epsg25832_shp\bohrungen_schichten.csv,,7835BG003863,Untergrenz,original_interval_order,warning,,,,,,legacy_sorts_by_lower_depth,pending
raw,GRID_D22_GitHub\data\real_munich\data\bohrungen_epsg25832_shp\bohrungen_schichten.csv,15297.0,7835BG004005,DIN,unknown_DIN_legacy_default_10,warning,H,,,,,flag_for_review,pending
raw,GRID_D22_GitHub\data\real_munich\data\bohrungen_epsg25832_shp\bohrungen_schichten.csv,,7835BG003880,Untergrenz,original_interval_order,warning,,,,,,legacy_sorts_by_lower_depth,pending
raw,GRID_D22_GitHub\data\real_munich\data\bohrungen_epsg25832_shp\bohrungen_schichten.csv,15428.0,7835BG004016,DIN,unknown_DIN_legacy_default_10,warning,H,,,,,flag_for_review,pending
raw,GRID_D22_GitHub\data\real_munich\data\bohrungen_epsg25832_shp\bohrungen_schichten.csv,15436.0,7835BG004017,DIN,unknown_DIN_legacy_default_10,warning,H,,,,,flag_for_review,pending
raw,GRID_D22_GitHub\data\real_munich\data\bohrungen_epsg25832_shp\bohrungen_schichten.csv,15485.0,7835BG004026,DIN,unknown_DIN_legacy_default_10,warning,"H,g,u",,,,,flag_for_review,pending
raw,GRID_D22_GitHub\data\real_munich\data\bohrungen_epsg25832_shp\bohrungen_schichten.csv,15570.0,7835BG003529,DIN,unknown_DIN_legacy_default_10,warning,"X,g,s",,,,,flag_for_review,pending
raw,GRID_D22_GitHub\data\real_munich\data\bohrungen_epsg25832_shp\bohrungen_schichten.csv,,7835BG004030,Untergrenz,original_interval_order,warning,,,,,,legacy_sorts_by_lower_depth,pending
raw,GRID_D22_GitHub\data\real_munich\data\bohrungen_epsg25832_shp\bohrungen_schichten.csv,,7835BG002945,Untergrenz,original_interval_order,warning,,,,,,legacy_sorts_by_lower_depth,pending
raw,GRID_D22_GitHub\data\real_munich\data\bohrungen_epsg25832_shp\bohrungen_schichten.csv,,7835BG003536,Untergrenz,original_interval_order,warning,,,,,,legacy_sorts_by_lower_depth,pending
raw,GRID_D22_GitHub\data\real_munich\data\bohrungen_epsg25832_shp\bohrungen_schichten.csv,,7835BG003948,Untergrenz,original_interval_order,warning,,,,,,legacy_sorts_by_lower_depth,pending
raw,GRID_D22_GitHub\data\real_munich\data\bohrungen_epsg25832_shp\bohrungen_schichten.csv,16036.0,7835BG003954,DIN,unknown_DIN_legacy_default_10,warning,"H,x",,,,,flag_for_review,pending
raw,GRID_D22_GitHub\data\real_munich\data\bohrungen_epsg25832_shp\bohrungen_schichten.csv,,7835BG004344,Untergrenz,original_interval_order,warning,,,,,,legacy_sorts_by_lower_depth,pending
raw,GRID_D22_GitHub\data\real_munich\data\bohrungen_epsg25832_shp\bohrungen_schichten.csv,,7835BG002969,Untergrenz,original_interval_order,warning,,,,,,legacy_sorts_by_lower_depth,pending
raw,GRID_D22_GitHub\data\real_munich\data\bohrungen_epsg25832_shp\bohrungen_schichten.csv,,7835BG002976,Untergrenz,original_interval_order,warning,,,,,,legacy_sorts_by_lower_depth,pending
raw,GRID_D22_GitHub\data\real_munich\data\bohrungen_epsg25832_shp\bohrungen_schichten.csv,,7835BG002980,Untergrenz,original_interval_order,warning,,,,,,legacy_sorts_by_lower_depth,pending
raw,GRID_D22_GitHub\data\real_munich\data\bohrungen_epsg25832_shp\bohrungen_schichten.csv,,7835BG004099,Untergrenz,original_interval_order,warning,,,,,,legacy_sorts_by_lower_depth,pending
raw,GRID_D22_GitHub\data\real_munich\data\bohrungen_epsg25832_shp\bohrungen_schichten.csv,,7835BG005241,Untergrenz,original_interval_order,warning,,,,,,legacy_sorts_by_lower_depth,pending
raw,GRID_D22_GitHub\data\real_munich\data\bohrungen_epsg25832_shp\bohrungen_schichten.csv,16478.0,7835BG005242,DIN,unknown_DIN_legacy_default_10,warning,"H,g",,,,,flag_for_review,pending
raw,GRID_D22_GitHub\data\real_munich\data\bohrungen_epsg25832_shp\bohrungen_schichten.csv,,7835BG005369,Untergrenz,original_interval_order,warning,,,,,,legacy_sorts_by_lower_depth,pending
raw,GRID_D22_GitHub\data\real_munich\data\bohrungen_epsg25832_shp\bohrungen_schichten.csv,16600.0,7835BG005376,DIN,unknown_DIN_legacy_default_10,warning,H,,,,,flag_for_review,pending
raw,GRID_D22_GitHub\data\real_munich\data\bohrungen_epsg25832_shp\bohrungen_schichten.csv,16853.0,7835BG005379,DIN,unknown_DIN_legacy_default_10,warning,H,,,,,flag_for_review,pending
raw,GRID_D22_GitHub\data\real_munich\data\bohrungen_epsg25832_shp\bohrungen_schichten.csv,16894.0,7835BG005396,DIN,unknown_DIN_legacy_default_10,warning,H,,,,,flag_for_review,pending
raw,GRID_D22_GitHub\data\real_munich\data\bohrungen_epsg25832_shp\bohrungen_schichten.csv,,7835BG005520,Untergrenz,original_interval_order,warning,,,,,,legacy_sorts_by_lower_depth,pending
raw,GRID_D22_GitHub\data\real_munich\data\bohrungen_epsg25832_shp\bohrungen_schichten.csv,,7835BG005530,Untergrenz,original_interval_order,warning,,,,,,legacy_sorts_by_lower_depth,pending
raw,GRID_D22_GitHub\data\real_munich\data\bohrungen_epsg25832_shp\bohrungen_schichten.csv,,7835BG005552,Untergrenz,original_interval_order,warning,,,,,,legacy_sorts_by_lower_depth,pending
raw,GRID_D22_GitHub\data\real_munich\data\bohrungen_epsg25832_shp\bohrungen_schichten.csv,17668.0,7835BG004208,DIN,unknown_DIN_legacy_default_10,warning,H,,,,,flag_for_review,pending
raw,GRID_D22_GitHub\data\real_munich\data\bohrungen_epsg25832_shp\bohrungen_schichten.csv,17676.0,7835BG004209,DIN,unknown_DIN_legacy_default_10,warning,L,,,,,flag_for_review,pending
raw,GRID_D22_GitHub\data\real_munich\data\bohrungen_epsg25832_shp\bohrungen_schichten.csv,17694.0,7835BG004213,DIN,unknown_DIN_legacy_default_10,warning,L,,,,,flag_for_review,pending
raw,GRID_D22_GitHub\data\real_munich\data\bohrungen_epsg25832_shp\bohrungen_schichten.csv,17699.0,7835BG004214,DIN,unknown_DIN_legacy_default_10,warning,"H,x",,,,,flag_for_review,pending
raw,GRID_D22_GitHub\data\real_munich\data\bohrungen_epsg25832_shp\bohrungen_schichten.csv,17721.0,7835BG004218,DIN,unknown_DIN_legacy_default_10,warning,X,,,,,flag_for_review,pending
raw,GRID_D22_GitHub\data\real_munich\data\bohrungen_epsg25832_shp\bohrungen_schichten.csv,,7835BG004220,Untergrenz,original_interval_order,warning,,,,,,legacy_sorts_by_lower_depth,pending
raw,GRID_D22_GitHub\data\real_munich\data\bohrungen_epsg25832_shp\bohrungen_schichten.csv,,7835BG005446,Untergrenz,original_interval_order,warning,,,,,,legacy_sorts_by_lower_depth,pending
raw,GRID_D22_GitHub\data\real_munich\data\bohrungen_epsg25832_shp\bohrungen_schichten.csv,,7835BG005562,Untergrenz,original_interval_order,warning,,,,,,legacy_sorts_by_lower_depth,pending
raw,GRID_D22_GitHub\data\real_munich\data\bohrungen_epsg25832_shp\bohrungen_schichten.csv,,7835BG004367,Untergrenz,original_interval_order,warning,,,,,,legacy_sorts_by_lower_depth,pending
raw,GRID_D22_GitHub\data\real_munich\data\bohrungen_epsg25832_shp\bohrungen_schichten.csv,18078.0,7835BG004373,DIN,unknown_DIN_legacy_default_10,warning,"H,g/",,,,,flag_for_review,pending
raw,GRID_D22_GitHub\data\real_munich\data\bohrungen_epsg25832_shp\bohrungen_schichten.csv,,7835BG007159,Untergrenz,original_interval_order,warning,,,,,,legacy_sorts_by_lower_depth,pending
raw,GRID_D22_GitHub\data\real_munich\data\bohrungen_epsg25832_shp\bohrungen_schichten.csv,,7835BG007174,Untergrenz,original_interval_order,warning,,,,,,legacy_sorts_by_lower_depth,pending
raw,GRID_D22_GitHub\data\real_munich\data\bohrungen_epsg25832_shp\bohrungen_schichten.csv,,7835BG006602,Untergrenz,original_interval_order,warning,,,,,,legacy_sorts_by_lower_depth,pending
raw,GRID_D22_GitHub\data\real_munich\data\bohrungen_epsg25832_shp\bohrungen_schichten.csv,,7835BG007047,Untergrenz,original_interval_order,warning,,,,,,legacy_sorts_by_lower_depth,pending
raw,GRID_D22_GitHub\data\real_munich\data\bohrungen_epsg25832_shp\bohrungen_schichten.csv,,7835BG007049,Untergrenz,original_interval_order,warning,,,,,,legacy_sorts_by_lower_depth,pending
raw,GRID_D22_GitHub\data\real_munich\data\bohrungen_epsg25832_shp\bohrungen_schichten.csv,,7835BG007056,Untergrenz,original_interval_order,warning,,,,,,legacy_sorts_by_lower_depth,pending
raw,GRID_D22_GitHub\data\real_munich\data\bohrungen_epsg25832_shp\bohrungen_schichten.csv,18901.0,7835BG006474,DIN,unknown_DIN_legacy_default_10,warning,X,,,,,flag_for_review,pending
raw,GRID_D22_GitHub\data\real_munich\data\bohrungen_epsg25832_shp\bohrungen_schichten.csv,18907.0,7835BG006476,DIN,unknown_DIN_legacy_default_10,warning,X,,,,,flag_for_review,pending
raw,GRID_D22_GitHub\data\real_munich\data\bohrungen_epsg25832_shp\bohrungen_schichten.csv,19023.0,7835BG007187,DIN,unknown_DIN_legacy_default_10,warning,"H,g",,,,,flag_for_review,pending
raw,GRID_D22_GitHub\data\real_munich\data\bohrungen_epsg25832_shp\bohrungen_schichten.csv,,7835BG007195,Untergrenz,original_interval_order,warning,,,,,,legacy_sorts_by_lower_depth,pending
raw,GRID_D22_GitHub\data\real_munich\data\bohrungen_epsg25832_shp\bohrungen_schichten.csv,,7835BG007206,Untergrenz,original_interval_order,warning,,,,,,legacy_sorts_by_lower_depth,pending
raw,GRID_D22_GitHub\data\real_munich\data\bohrungen_epsg25832_shp\bohrungen_schichten.csv,,7835BG006506,Untergrenz,original_interval_order,warning,,,,,,legacy_sorts_by_lower_depth,pending
raw,GRID_D22_GitHub\data\real_munich\data\bohrungen_epsg25832_shp\bohrungen_schichten.csv,,7835BG006507,Untergrenz,original_interval_order,warning,,,,,,legacy_sorts_by_lower_depth,pending
raw,GRID_D22_GitHub\data\real_munich\data\bohrungen_epsg25832_shp\bohrungen_schichten.csv,19667.0,7835BG006553,DIN,unknown_DIN_legacy_default_10,warning,X,,,,,flag_for_review,pending
raw,GRID_D22_GitHub\data\real_munich\data\bohrungen_epsg25832_shp\bohrungen_schichten.csv,,7835BG007131,Untergrenz,original_interval_order,warning,,,,,,legacy_sorts_by_lower_depth,pending
raw,GRID_D22_GitHub\data\real_munich\data\bohrungen_epsg25832_shp\bohrungen_schichten.csv,20039.0,7835BG006462,DIN,unknown_DIN_legacy_default_10,warning,X,,,,,flag_for_review,pending
raw,GRID_D22_GitHub\data\real_munich\data\bohrungen_epsg25832_shp\bohrungen_schichten.csv,,7835BG007027,Untergrenz,original_interval_order,warning,,,,,,legacy_sorts_by_lower_depth,pending
raw,GRID_D22_GitHub\data\real_munich\data\bohrungen_epsg25832_shp\bohrungen_schichten.csv,20258.0,7835BG007532,DIN,unknown_DIN_legacy_default_10,warning,nb,,,,,flag_for_review,pending
raw,GRID_D22_GitHub\data\real_munich\data\bohrungen_epsg25832_shp\bohrungen_schichten.csv,,7835BG007070,Untergrenz,original_interval_order,warning,,,,,,legacy_sorts_by_lower_depth,pending
raw,GRID_D22_GitHub\data\real_munich\data\bohrungen_epsg25832_shp\bohrungen_schichten.csv,,7835BG007090,Untergrenz,original_interval_order,warning,,,,,,legacy_sorts_by_lower_depth,pending
raw,GRID_D22_GitHub\data\real_munich\data\bohrungen_epsg25832_shp\bohrungen_schichten.csv,,7835BG007100,Untergrenz,original_interval_order,warning,,,,,,legacy_sorts_by_lower_depth,pending
raw,GRID_D22_GitHub\data\real_munich\data\bohrungen_epsg25832_shp\bohrungen_schichten.csv,,7835BG007110,Untergrenz,original_interval_order,warning,,,,,,legacy_sorts_by_lower_depth,pending
raw,GRID_D22_GitHub\data\real_munich\data\bohrungen_epsg25832_shp\bohrungen_schichten.csv,20755.0,7835BG007514,DIN,unknown_DIN_legacy_default_10,warning,nb,,,,,flag_for_review,pending
raw,GRID_D22_GitHub\data\real_munich\data\bohrungen_epsg25832_shp\bohrungen_schichten.csv,20766.0,7835BG007516,DIN,unknown_DIN_legacy_default_10,warning,nb,,,,,flag_for_review,pending
raw,GRID_D22_GitHub\data\real_munich\data\bohrungen_epsg25832_shp\bohrungen_schichten.csv,,7835BG007517,Untergrenz,original_interval_order,warning,,,,,,legacy_sorts_by_lower_depth,pending
raw,GRID_D22_GitHub\data\real_munich\data\bohrungen_epsg25832_shp\bohrungen_schichten.csv,20787.0,7835BG007517,DIN,unknown_DIN_legacy_default_10,warning,nb,,,,,flag_for_review,pending
raw,GRID_D22_GitHub\data\real_munich\data\bohrungen_epsg25832_shp\bohrungen_schichten.csv,20790.0,7835BG007518,DIN,unknown_DIN_legacy_default_10,warning,nb,,,,,flag_for_review,pending
raw,GRID_D22_GitHub\data\real_munich\data\bohrungen_epsg25832_shp\bohrungen_schichten.csv,20804.0,7835BG007524,DIN,unknown_DIN_legacy_default_10,warning,nb,,,,,flag_for_review,pending
raw,GRID_D22_GitHub\data\real_munich\data\bohrungen_epsg25832_shp\bohrungen_schichten.csv,20818.0,7835BG007525,DIN,unknown_DIN_legacy_default_10,warning,nb,,,,,flag_for_review,pending
raw,GRID_D22_GitHub\data\real_munich\data\bohrungen_epsg25832_shp\bohrungen_schichten.csv,20823.0,7835BG007531,DIN,unknown_DIN_legacy_default_10,warning,nb,,,,,flag_for_review,pending
raw,GRID_D22_GitHub\data\real_munich\data\bohrungen_epsg25832_shp\bohrungen_schichten.csv,20824.0,7835BG007531,DIN,unknown_DIN_legacy_default_10,warning,X,,,,,flag_for_review,pending
raw,GRID_D22_GitHub\data\real_munich\data\bohrungen_epsg25832_shp\bohrungen_schichten.csv,,7835BG006543,Untergrenz,original_interval_order,warning,,,,,,legacy_sorts_by_lower_depth,pending
raw,GRID_D22_GitHub\data\real_munich\data\bohrungen_epsg25832_shp\bohrungen_schichten.csv,20870.0,7835BG007526,DIN,unknown_DIN_legacy_default_10,warning,nb,,,,,flag_for_review,pending
raw,GRID_D22_GitHub\data\real_munich\data\bohrungen_epsg25832_shp\bohrungen_schichten.csv,20871.0,7835BG007526,DIN,unknown_DIN_legacy_default_10,warning,nb,,,,,flag_for_review,pending
raw,GRID_D22_GitHub\data\real_munich\data\bohrungen_epsg25832_shp\bohrungen_schichten.csv,,7835BG007550,Untergrenz,original_interval_order,warning,,,,,,legacy_sorts_by_lower_depth,pending
raw,GRID_D22_GitHub\data\real_munich\data\bohrungen_epsg25832_shp\bohrungen_schichten.csv,,7835BG007540,Untergrenz,original_interval_order,warning,,,,,,legacy_sorts_by_lower_depth,pending
raw,GRID_D22_GitHub\data\real_munich\data\bohrungen_epsg25832_shp\bohrungen_schichten.csv,20973.0,7835BG015971,DIN,missing_DIN,warning,,,,,,flag_for_review,pending
raw,GRID_D22_GitHub\data\real_munich\data\bohrungen_epsg25832_shp\bohrungen_schichten.csv,20974.0,7835BG015973,DIN,missing_DIN,warning,,,,,,flag_for_review,pending
raw,GRID_D22_GitHub\data\real_munich\data\bohrungen_epsg25832_shp\bohrungen_schichten.csv,,7835BG015109,Untergrenz,original_interval_order,warning,,,,,,legacy_sorts_by_lower_depth,pending
raw,GRID_D22_GitHub\data\real_munich\data\bohrungen_epsg25832_shp\bohrungen_schichten.csv,,7835BG015109,Endteufe,end_depth_mismatch,warning,15.3,10.2,,1e-06,,flag_for_review,pending
raw,GRID_D22_GitHub\data\real_munich\data\bohrungen_epsg25832_shp\bohrungen_schichten.csv,,7835BG015125,Untergrenz,original_interval_order,warning,,,,,,legacy_sorts_by_lower_depth,pending
raw,GRID_D22_GitHub\data\real_munich\data\bohrungen_epsg25832_shp\bohrungen_schichten.csv,,7835BG015124,Untergrenz,original_interval_order,warning,,,,,,legacy_sorts_by_lower_depth,pending
raw,GRID_D22_GitHub\data\real_munich\data\bohrungen_epsg25832_shp\bohrungen_schichten.csv,21041.0,7835BG015124,DIN,unknown_DIN_legacy_default_10,warning,"M,X",,,,,flag_for_review,pending
raw,GRID_D22_GitHub\data\real_munich\data\bohrungen_epsg25832_shp\bohrungen_schichten.csv,21048.0,7835BG015124,DIN,unknown_DIN_legacy_default_10,warning,X,,,,,flag_for_review,pending
raw,GRID_D22_GitHub\data\real_munich\data\bohrungen_epsg25832_shp\bohrungen_schichten.csv,21056.0,7835BG015124,DIN,unknown_DIN_legacy_default_10,warning,M,,,,,flag_for_review,pending
raw,GRID_D22_GitHub\data\real_munich\data\bohrungen_epsg25832_shp\bohrungen_schichten.csv,,7835BG016889,Untergrenz,original_interval_order,warning,,,,,,legacy_sorts_by_lower_depth,pending
raw,GRID_D22_GitHub\data\real_munich\data\bohrungen_epsg25832_shp\bohrungen_schichten.csv,,7835BG015551,Untergrenz,original_interval_order,warning,,,,,,legacy_sorts_by_lower_depth,pending
raw,GRID_D22_GitHub\data\real_munich\data\bohrungen_epsg25832_shp\bohrungen_schichten.csv,21094.0,7835BG015551,DIN,missing_DIN,warning,,,,,,flag_for_review,pending
raw,GRID_D22_GitHub\data\real_munich\data\bohrungen_epsg25832_shp\bohrungen_schichten.csv,,7835BG015574,Untergrenz,original_interval_order,warning,,,,,,legacy_sorts_by_lower_depth,pending
raw,GRID_D22_GitHub\data\real_munich\data\bohrungen_epsg25832_shp\bohrungen_schichten.csv,21098.0,7835BG015574,DIN,missing_DIN,warning,,,,,,flag_for_review,pending
raw,GRID_D22_GitHub\data\real_munich\data\bohrungen_epsg25832_shp\bohrungen_schichten.csv,,7835BG015575,Untergrenz,original_interval_order,warning,,,,,,legacy_sorts_by_lower_depth,pending
raw,GRID_D22_GitHub\data\real_munich\data\bohrungen_epsg25832_shp\bohrungen_schichten.csv,21100.0,7835BG015575,DIN,missing_DIN,warning,,,,,,flag_for_review,pending
raw,GRID_D22_GitHub\data\real_munich\data\bohrungen_epsg25832_shp\bohrungen_schichten.csv,,7835BG015576,Untergrenz,original_interval_order,warning,,,,,,legacy_sorts_by_lower_depth,pending
raw,GRID_D22_GitHub\data\real_munich\data\bohrungen_epsg25832_shp\bohrungen_schichten.csv,21102.0,7835BG015576,DIN,missing_DIN,warning,,,,,,flag_for_review,pending
raw,GRID_D22_GitHub\data\real_munich\data\bohrungen_epsg25832_shp\bohrungen_schichten.csv,,7835BG015573,Untergrenz,original_interval_order,warning,,,,,,legacy_sorts_by_lower_depth,pending
raw,GRID_D22_GitHub\data\real_munich\data\bohrungen_epsg25832_shp\bohrungen_schichten.csv,21106.0,7835BG015573,DIN,missing_DIN,warning,,,,,,flag_for_review,pending
raw,GRID_D22_GitHub\data\real_munich\data\bohrungen_epsg25832_shp\bohrungen_schichten.csv,21108.0,7835BG015972,DIN,missing_DIN,warning,,,,,,flag_for_review,pending
raw,GRID_D22_GitHub\data\real_munich\data\bohrungen_epsg25832_shp\bohrungen_schichten.csv,,7835BG015578,Untergrenz,original_interval_order,warning,,,,,,legacy_sorts_by_lower_depth,pending
raw,GRID_D22_GitHub\data\real_munich\data\bohrungen_epsg25832_shp\bohrungen_schichten.csv,21109.0,7835BG015578,DIN,missing_DIN,warning,,,,,,flag_for_review,pending
raw,GRID_D22_GitHub\data\real_munich\data\bohrungen_epsg25832_shp\bohrungen_schichten.csv,,7835BG015567,Untergrenz,original_interval_order,warning,,,,,,legacy_sorts_by_lower_depth,pending
raw,GRID_D22_GitHub\data\real_munich\data\bohrungen_epsg25832_shp\bohrungen_schichten.csv,21115.0,7835BG015567,DIN,missing_DIN,warning,,,,,,flag_for_review,pending
raw,GRID_D22_GitHub\data\real_munich\data\bohrungen_epsg25832_shp\bohrungen_schichten.csv,21117.0,7835BG015567,DIN,missing_DIN,warning,,,,,,flag_for_review,pending
raw,GRID_D22_GitHub\data\real_munich\data\bohrungen_epsg25832_shp\bohrungen_schichten.csv,,7835BG015566,Untergrenz,original_interval_order,warning,,,,,,legacy_sorts_by_lower_depth,pending
raw,GRID_D22_GitHub\data\real_munich\data\bohrungen_epsg25832_shp\bohrungen_schichten.csv,21120.0,7835BG015566,DIN,missing_DIN,warning,,,,,,flag_for_review,pending
raw,GRID_D22_GitHub\data\real_munich\data\bohrungen_epsg25832_shp\bohrungen_schichten.csv,,7835BG015569,Untergrenz,original_interval_order,warning,,,,,,legacy_sorts_by_lower_depth,pending
raw,GRID_D22_GitHub\data\real_munich\data\bohrungen_epsg25832_shp\bohrungen_schichten.csv,21124.0,7835BG015569,DIN,missing_DIN,warning,,,,,,flag_for_review,pending
raw,GRID_D22_GitHub\data\real_munich\data\bohrungen_epsg25832_shp\bohrungen_schichten.csv,21127.0,7835BG015569,DIN,missing_DIN,warning,,,,,,flag_for_review,pending
raw,GRID_D22_GitHub\data\real_munich\data\bohrungen_epsg25832_shp\bohrungen_schichten.csv,,7835BG015508,Untergrenz,original_interval_order,warning,,,,,,legacy_sorts_by_lower_depth,pending
raw,GRID_D22_GitHub\data\real_munich\data\bohrungen_epsg25832_shp\bohrungen_schichten.csv,21132.0,7835BG015508,DIN,missing_DIN,warning,,,,,,flag_for_review,pending
raw,GRID_D22_GitHub\data\real_munich\data\bohrungen_epsg25832_shp\bohrungen_schichten.csv,,7835BG015565,Untergrenz,original_interval_order,warning,,,,,,legacy_sorts_by_lower_depth,pending
raw,GRID_D22_GitHub\data\real_munich\data\bohrungen_epsg25832_shp\bohrungen_schichten.csv,21135.0,7835BG015565,DIN,missing_DIN,warning,,,,,,flag_for_review,pending
raw,GRID_D22_GitHub\data\real_munich\data\bohrungen_epsg25832_shp\bohrungen_schichten.csv,,7835BG015499,Untergrenz,original_interval_order,warning,,,,,,legacy_sorts_by_lower_depth,pending
raw,GRID_D22_GitHub\data\real_munich\data\bohrungen_epsg25832_shp\bohrungen_schichten.csv,21136.0,7835BG015499,DIN,missing_DIN,warning,,,,,,flag_for_review,pending
raw,GRID_D22_GitHub\data\real_munich\data\bohrungen_epsg25832_shp\bohrungen_schichten.csv,,7835BG015577,Untergrenz,original_interval_order,warning,,,,,,legacy_sorts_by_lower_depth,pending
raw,GRID_D22_GitHub\data\real_munich\data\bohrungen_epsg25832_shp\bohrungen_schichten.csv,21141.0,7835BG015577,DIN,missing_DIN,warning,,,,,,flag_for_review,pending
raw,GRID_D22_GitHub\data\real_munich\data\bohrungen_epsg25832_shp\bohrungen_schichten.csv,,7835BG015568,Untergrenz,original_interval_order,warning,,,,,,legacy_sorts_by_lower_depth,pending
raw,GRID_D22_GitHub\data\real_munich\data\bohrungen_epsg25832_shp\bohrungen_schichten.csv,21148.0,7835BG015568,DIN,missing_DIN,warning,,,,,,flag_for_review,pending
raw,GRID_D22_GitHub\data\real_munich\data\bohrungen_epsg25832_shp\bohrungen_schichten.csv,21150.0,7835BG015568,DIN,missing_DIN,warning,,,,,,flag_for_review,pending
raw,GRID_D22_GitHub\data\real_munich\data\bohrungen_epsg25832_shp\bohrungen_schichten.csv,,7835BG015976,Endteufe,end_depth_mismatch,warning,16.89,16.8,,1e-06,,flag_for_review,pending
raw,GRID_D22_GitHub\data\real_munich\data\bohrungen_epsg25832_shp\bohrungen_schichten.csv,21152.0,7835BG015976,DIN,missing_DIN,warning,,,,,,flag_for_review,pending
raw,GRID_D22_GitHub\data\real_munich\data\bohrungen_epsg25832_shp\bohrungen_schichten.csv,21169.0,7835BG017003,DIN,missing_DIN,warning,,,,,,flag_for_review,pending
raw,GRID_D22_GitHub\data\real_munich\data\bohrungen_epsg25832_shp\bohrungen_schichten.csv,,7835BG015563,Untergrenz,original_interval_order,warning,,,,,,legacy_sorts_by_lower_depth,pending
raw,GRID_D22_GitHub\data\real_munich\data\bohrungen_epsg25832_shp\bohrungen_schichten.csv,21171.0,7835BG015563,DIN,missing_DIN,warning,,,,,,flag_for_review,pending
raw,GRID_D22_GitHub\data\real_munich\data\bohrungen_epsg25832_shp\bohrungen_schichten.csv,,7835BG015564,Untergrenz,original_interval_order,warning,,,,,,legacy_sorts_by_lower_depth,pending
raw,GRID_D22_GitHub\data\real_munich\data\bohrungen_epsg25832_shp\bohrungen_schichten.csv,21175.0,7835BG015564,DIN,missing_DIN,warning,,,,,,flag_for_review,pending
raw,GRID_D22_GitHub\data\real_munich\data\bohrungen_epsg25832_shp\bohrungen_schichten.csv,21176.0,7835BG015552,DIN,missing_DIN,warning,,,,,,flag_for_review,pending
raw,GRID_D22_GitHub\data\real_munich\data\bohrungen_epsg25832_shp\bohrungen_schichten.csv,21179.0,7835BG016940,DIN,missing_DIN,warning,,,,,,flag_for_review,pending
raw,GRID_D22_GitHub\data\real_munich\data\bohrungen_epsg25832_shp\bohrungen_schichten.csv,,7835BG016942,Untergrenz,original_interval_order,warning,,,,,,legacy_sorts_by_lower_depth,pending
raw,GRID_D22_GitHub\data\real_munich\data\bohrungen_epsg25832_shp\bohrungen_schichten.csv,21223.0,7835BG016942,DIN,unknown_DIN_legacy_default_10,warning,"Mst,Tst",,,,,flag_for_review,pending
raw,GRID_D22_GitHub\data\real_munich\data\bohrungen_epsg25832_shp\bohrungen_schichten.csv,,7835BG015553,Untergrenz,original_interval_order,warning,,,,,,legacy_sorts_by_lower_depth,pending
raw,GRID_D22_GitHub\data\real_munich\data\bohrungen_epsg25832_shp\bohrungen_schichten.csv,21255.0,7835BG015553,DIN,missing_DIN,warning,,,,,,flag_for_review,pending
raw,GRID_D22_GitHub\data\real_munich\data\bohrungen_epsg25832_shp\bohrungen_schichten.csv,21256.0,7835BG015500,DIN,missing_DIN,warning,,,,,,flag_for_review,pending
raw,GRID_D22_GitHub\data\real_munich\data\bohrungen_epsg25832_shp\bohrungen_schichten.csv,,7835BG015507,Untergrenz,original_interval_order,warning,,,,,,legacy_sorts_by_lower_depth,pending
raw,GRID_D22_GitHub\data\real_munich\data\bohrungen_epsg25832_shp\bohrungen_schichten.csv,21260.0,7835BG015507,DIN,missing_DIN,warning,,,,,,flag_for_review,pending
raw,GRID_D22_GitHub\data\real_munich\data\bohrungen_epsg25832_shp\bohrungen_schichten.csv,,7835BG015550,Untergrenz,original_interval_order,warning,,,,,,legacy_sorts_by_lower_depth,pending
raw,GRID_D22_GitHub\data\real_munich\data\bohrungen_epsg25832_shp\bohrungen_schichten.csv,21265.0,7835BG015550,DIN,missing_DIN,warning,,,,,,flag_for_review,pending
raw,GRID_D22_GitHub\data\real_munich\data\bohrungen_epsg25832_shp\bohrungen_schichten.csv,,7835BG015501,Untergrenz,original_interval_order,warning,,,,,,legacy_sorts_by_lower_depth,pending
raw,GRID_D22_GitHub\data\real_munich\data\bohrungen_epsg25832_shp\bohrungen_schichten.csv,21267.0,7835BG015501,DIN,missing_DIN,warning,,,,,,flag_for_review,pending
raw,GRID_D22_GitHub\data\real_munich\data\bohrungen_epsg25832_shp\bohrungen_schichten.csv,,7835BG015549,Untergrenz,original_interval_order,warning,,,,,,legacy_sorts_by_lower_depth,pending
raw,GRID_D22_GitHub\data\real_munich\data\bohrungen_epsg25832_shp\bohrungen_schichten.csv,21272.0,7835BG015549,DIN,missing_DIN,warning,,,,,,flag_for_review,pending
raw,GRID_D22_GitHub\data\real_munich\data\bohrungen_epsg25832_shp\bohrungen_schichten.csv,,7835BG016965,Untergrenz,original_interval_order,warning,,,,,,legacy_sorts_by_lower_depth,pending
raw,GRID_D22_GitHub\data\real_munich\data\bohrungen_epsg25832_shp\bohrungen_schichten.csv,21343.0,7835BG016964,DIN,missing_DIN,warning,,,,,,flag_for_review,pending
raw,GRID_D22_GitHub\data\real_munich\data\bohrungen_epsg25832_shp\bohrungen_schichten.csv,,7835BG015788,Untergrenz,original_interval_order,warning,,,,,,legacy_sorts_by_lower_depth,pending
raw,GRID_D22_GitHub\data\real_munich\data\bohrungen_epsg25832_shp\bohrungen_schichten.csv,21369.0,7835BG016941,DIN,missing_DIN,warning,,,,,,flag_for_review,pending
raw,GRID_D22_GitHub\data\real_munich\data\bohrungen_epsg25832_shp\bohrungen_schichten.csv,,7835BG015772,Untergrenz,original_interval_order,warning,,,,,,legacy_sorts_by_lower_depth,pending
raw,GRID_D22_GitHub\data\real_munich\data\bohrungen_epsg25832_shp\bohrungen_schichten.csv,21394.0,7835BG015772,DIN,unknown_DIN_legacy_default_10,warning,"Kst,t",,,,,flag_for_review,pending
raw,GRID_D22_GitHub\data\real_munich\data\bohrungen_epsg25832_shp\bohrungen_schichten.csv,21407.0,7835BG015772,DIN,unknown_DIN_legacy_default_10,warning,"KO,fs,ms",,,,,flag_for_review,pending
raw,GRID_D22_GitHub\data\real_munich\data\bohrungen_epsg25832_shp\bohrungen_schichten.csv,21414.0,7835BG015772,DIN,unknown_DIN_legacy_default_10,warning,X,,,,,flag_for_review,pending
raw,GRID_D22_GitHub\data\real_munich\data\bohrungen_epsg25832_shp\bohrungen_schichten.csv,21418.0,7835BG015772,DIN,unknown_DIN_legacy_default_10,warning,Kst,,,,,flag_for_review,pending
raw,GRID_D22_GitHub\data\real_munich\data\bohrungen_epsg25832_shp\bohrungen_schichten.csv,21429.0,7835BG015772,DIN,unknown_DIN_legacy_default_10,warning,"Kst,t",,,,,flag_for_review,pending
raw,GRID_D22_GitHub\data\real_munich\data\bohrungen_epsg25832_shp\bohrungen_schichten.csv,21435.0,7835BG015772,DIN,unknown_DIN_legacy_default_10,warning,"X,t",,,,,flag_for_review,pending
raw,GRID_D22_GitHub\data\real_munich\data\bohrungen_epsg25832_shp\bohrungen_schichten.csv,21453.0,7835BG015947,DIN,missing_DIN,warning,,,,,,flag_for_review,pending
raw,GRID_D22_GitHub\data\real_munich\data\bohrungen_epsg25832_shp\bohrungen_schichten.csv,21454.0,7835BG015948,DIN,missing_DIN,warning,,,,,,flag_for_review,pending
raw,GRID_D22_GitHub\data\real_munich\data\bohrungen_epsg25832_shp\bohrungen_schichten.csv,,7835BG015962,Untergrenz,original_interval_order,warning,,,,,,legacy_sorts_by_lower_depth,pending
raw,GRID_D22_GitHub\data\real_munich\data\bohrungen_epsg25832_shp\bohrungen_schichten.csv,,7835BG016885,Untergrenz,original_interval_order,warning,,,,,,legacy_sorts_by_lower_depth,pending
raw,GRID_D22_GitHub\data\real_munich\data\bohrungen_epsg25832_shp\bohrungen_schichten.csv,21514.0,7835BG016886,DIN,missing_DIN,warning,,,,,,flag_for_review,pending
raw,GRID_D22_GitHub\data\real_munich\data\bohrungen_epsg25832_shp\bohrungen_schichten.csv,21515.0,7835BG015902,DIN,missing_DIN,warning,,,,,,flag_for_review,pending
raw,GRID_D22_GitHub\data\real_munich\data\bohrungen_epsg25832_shp\bohrungen_schichten.csv,21516.0,7835BG015903,DIN,missing_DIN,warning,,,,,,flag_for_review,pending
raw,GRID_D22_GitHub\data\real_munich\data\bohrungen_epsg25832_shp\bohrungen_schichten.csv,21517.0,7835BG015954,DIN,missing_DIN,warning,,,,,,flag_for_review,pending
raw,GRID_D22_GitHub\data\real_munich\data\bohrungen_epsg25832_shp\bohrungen_schichten.csv,,7835BG015925,Untergrenz,original_interval_order,warning,,,,,,legacy_sorts_by_lower_depth,pending
raw,GRID_D22_GitHub\data\real_munich\data\bohrungen_epsg25832_shp\bohrungen_schichten.csv,21528.0,7835BG015890,DIN,missing_DIN,warning,,,,,,flag_for_review,pending
raw,GRID_D22_GitHub\data\real_munich\data\bohrungen_epsg25832_shp\bohrungen_schichten.csv,21529.0,7835BG016891,DIN,missing_DIN,warning,,,,,,flag_for_review,pending
raw,GRID_D22_GitHub\data\real_munich\data\bohrungen_epsg25832_shp\bohrungen_schichten.csv,21530.0,7835BG015950,DIN,missing_DIN,warning,,,,,,flag_for_review,pending
raw,GRID_D22_GitHub\data\real_munich\data\bohrungen_epsg25832_shp\bohrungen_schichten.csv,21531.0,7835BG016274,DIN,missing_DIN,warning,,,,,,flag_for_review,pending
raw,GRID_D22_GitHub\data\real_munich\data\bohrungen_epsg25832_shp\bohrungen_schichten.csv,21532.0,7835BG015891,DIN,missing_DIN,warning,,,,,,flag_for_review,pending
raw,GRID_D22_GitHub\data\real_munich\data\bohrungen_epsg25832_shp\bohrungen_schichten.csv,,7835BG016170,Untergrenz,original_interval_order,warning,,,,,,legacy_sorts_by_lower_depth,pending
raw,GRID_D22_GitHub\data\real_munich\data\bohrungen_epsg25832_shp\bohrungen_schichten.csv,,7835BG016170,Endteufe,end_depth_mismatch,warning,13.0,12.3,,1e-06,,flag_for_review,pending
raw,GRID_D22_GitHub\data\real_munich\data\bohrungen_epsg25832_shp\bohrungen_schichten.csv,21541.0,7835BG015885,DIN,missing_DIN,warning,,,,,,flag_for_review,pending
raw,GRID_D22_GitHub\data\real_munich\data\bohrungen_epsg25832_shp\bohrungen_schichten.csv,21542.0,7835BG016256,DIN,missing_DIN,warning,,,,,,flag_for_review,pending
raw,GRID_D22_GitHub\data\real_munich\data\bohrungen_epsg25832_shp\bohrungen_schichten.csv,21543.0,7835BG016538,DIN,unknown_DIN_legacy_default_10,warning,nb,,,,,flag_for_review,pending
raw,GRID_D22_GitHub\data\real_munich\data\bohrungen_epsg25832_shp\bohrungen_schichten.csv,21544.0,7835BG016252,DIN,missing_DIN,warning,,,,,,flag_for_review,pending
raw,GRID_D22_GitHub\data\real_munich\data\bohrungen_epsg25832_shp\bohrungen_schichten.csv,21545.0,7835BG016994,DIN,missing_DIN,warning,,,,,,flag_for_review,pending
raw,GRID_D22_GitHub\data\real_munich\data\bohrungen_epsg25832_shp\bohrungen_schichten.csv,21546.0,7835BG016991,DIN,missing_DIN,warning,,,,,,flag_for_review,pending
raw,GRID_D22_GitHub\data\real_munich\data\bohrungen_epsg25832_shp\bohrungen_schichten.csv,,7835BG015739,Untergrenz,original_interval_order,warning,,,,,,legacy_sorts_by_lower_depth,pending
raw,GRID_D22_GitHub\data\real_munich\data\bohrungen_epsg25832_shp\bohrungen_schichten.csv,21565.0,7835BG015904,DIN,missing_DIN,warning,,,,,,flag_for_review,pending
raw,GRID_D22_GitHub\data\real_munich\data\bohrungen_epsg25832_shp\bohrungen_schichten.csv,21566.0,7835BG015905,DIN,missing_DIN,warning,,,,,,flag_for_review,pending
raw,GRID_D22_GitHub\data\real_munich\data\bohrungen_epsg25832_shp\bohrungen_schichten.csv,21567.0,7835BG015956,DIN,missing_DIN,warning,,,,,,flag_for_review,pending
raw,GRID_D22_GitHub\data\real_munich\data\bohrungen_epsg25832_shp\bohrungen_schichten.csv,21568.0,7835BG015955,DIN,missing_DIN,warning,,,,,,flag_for_review,pending
raw,GRID_D22_GitHub\data\real_munich\data\bohrungen_epsg25832_shp\bohrungen_schichten.csv,21569.0,7835BG016253,DIN,missing_DIN,warning,,,,,,flag_for_review,pending
raw,GRID_D22_GitHub\data\real_munich\data\bohrungen_epsg25832_shp\bohrungen_schichten.csv,21570.0,7835BG016993,DIN,missing_DIN,warning,,,,,,flag_for_review,pending
raw,GRID_D22_GitHub\data\real_munich\data\bohrungen_epsg25832_shp\bohrungen_schichten.csv,,7835BG017002,Untergrenz,original_interval_order,warning,,,,,,legacy_sorts_by_lower_depth,pending
raw,GRID_D22_GitHub\data\real_munich\data\bohrungen_epsg25832_shp\bohrungen_schichten.csv,21631.0,7835BG017002,DIN,unknown_DIN_legacy_default_10,warning,KV,,,,,flag_for_review,pending
raw,GRID_D22_GitHub\data\real_munich\data\bohrungen_epsg25832_shp\bohrungen_schichten.csv,21653.0,7835BG015958,DIN,missing_DIN,warning,,,,,,flag_for_review,pending
raw,GRID_D22_GitHub\data\real_munich\data\bohrungen_epsg25832_shp\bohrungen_schichten.csv,21654.0,7835BG015957,DIN,missing_DIN,warning,,,,,,flag_for_review,pending
raw,GRID_D22_GitHub\data\real_munich\data\bohrungen_epsg25832_shp\bohrungen_schichten.csv,21655.0,7835BG016273,DIN,missing_DIN,warning,,,,,,flag_for_review,pending
raw,GRID_D22_GitHub\data\real_munich\data\bohrungen_epsg25832_shp\bohrungen_schichten.csv,21656.0,7835BG015952,DIN,missing_DIN,warning,,,,,,flag_for_review,pending
raw,GRID_D22_GitHub\data\real_munich\data\bohrungen_epsg25832_shp\bohrungen_schichten.csv,21657.0,7835BG016251,DIN,missing_DIN,warning,,,,,,flag_for_review,pending
raw,GRID_D22_GitHub\data\real_munich\data\bohrungen_epsg25832_shp\bohrungen_schichten.csv,,7835BG016892,Untergrenz,original_interval_order,warning,,,,,,legacy_sorts_by_lower_depth,pending
raw,GRID_D22_GitHub\data\real_munich\data\bohrungen_epsg25832_shp\bohrungen_schichten.csv,21689.0,7835BG015951,DIN,missing_DIN,warning,,,,,,flag_for_review,pending
raw,GRID_D22_GitHub\data\real_munich\data\bohrungen_epsg25832_shp\bohrungen_schichten.csv,21690.0,7835BG015946,DIN,missing_DIN,warning,,,,,,flag_for_review,pending
raw,GRID_D22_GitHub\data\real_munich\data\bohrungen_epsg25832_shp\bohrungen_schichten.csv,21691.0,7835BG015945,DIN,missing_DIN,warning,,,,,,flag_for_review,pending
raw,GRID_D22_GitHub\data\real_munich\data\bohrungen_epsg25832_shp\bohrungen_schichten.csv,21692.0,7835BG015953,DIN,missing_DIN,warning,,,,,,flag_for_review,pending
raw,GRID_D22_GitHub\data\real_munich\data\bohrungen_epsg25832_shp\bohrungen_schichten.csv,21693.0,7835BG016294,DIN,missing_DIN,warning,,,,,,flag_for_review,pending
raw,GRID_D22_GitHub\data\real_munich\data\bohrungen_epsg25832_shp\bohrungen_schichten.csv,21694.0,7835BG016271,DIN,missing_DIN,warning,,,,,,flag_for_review,pending
raw,GRID_D22_GitHub\data\real_munich\data\bohrungen_epsg25832_shp\bohrungen_schichten.csv,21695.0,7835BG016893,DIN,missing_DIN,warning,,,,,,flag_for_review,pending
raw,GRID_D22_GitHub\data\real_munich\data\bohrungen_epsg25832_shp\bohrungen_schichten.csv,,7835BG016164,Untergrenz,original_interval_order,warning,,,,,,legacy_sorts_by_lower_depth,pending
raw,GRID_D22_GitHub\data\real_munich\data\bohrungen_epsg25832_shp\bohrungen_schichten.csv,21699.0,7835BG015949,DIN,missing_DIN,warning,,,,,,flag_for_review,pending
raw,GRID_D22_GitHub\data\real_munich\data\bohrungen_epsg25832_shp\bohrungen_schichten.csv,21700.0,7835BG016537,DIN,unknown_DIN_legacy_default_10,warning,nb,,,,,flag_for_review,pending
raw,GRID_D22_GitHub\data\real_munich\data\bohrungen_epsg25832_shp\bohrungen_schichten.csv,21701.0,7835BG016254,DIN,missing_DIN,warning,,,,,,flag_for_review,pending
raw,GRID_D22_GitHub\data\real_munich\data\bohrungen_epsg25832_shp\bohrungen_schichten.csv,21702.0,7835BG015901,DIN,missing_DIN,warning,,,,,,flag_for_review,pending
raw,GRID_D22_GitHub\data\real_munich\data\bohrungen_epsg25832_shp\bohrungen_schichten.csv,21703.0,7835BG016258,DIN,missing_DIN,warning,,,,,,flag_for_review,pending
raw,GRID_D22_GitHub\data\real_munich\data\bohrungen_epsg25832_shp\bohrungen_schichten.csv,21704.0,7835BG016888,DIN,missing_DIN,warning,,,,,,flag_for_review,pending
raw,GRID_D22_GitHub\data\real_munich\data\bohrungen_epsg25832_shp\bohrungen_schichten.csv,21705.0,7835BG015965,DIN,missing_DIN,warning,,,,,,flag_for_review,pending
raw,GRID_D22_GitHub\data\real_munich\data\bohrungen_epsg25832_shp\bohrungen_schichten.csv,,7835BG016023,Untergrenz,original_interval_order,warning,,,,,,legacy_sorts_by_lower_depth,pending
raw,GRID_D22_GitHub\data\real_munich\data\bohrungen_epsg25832_shp\bohrungen_schichten.csv,21731.0,7835BG016270,DIN,missing_DIN,warning,,,,,,flag_for_review,pending
raw,GRID_D22_GitHub\data\real_munich\data\bohrungen_epsg25832_shp\bohrungen_schichten.csv,21732.0,7835BG016260,DIN,missing_DIN,warning,,,,,,flag_for_review,pending
raw,GRID_D22_GitHub\data\real_munich\data\bohrungen_epsg25832_shp\bohrungen_schichten.csv,21733.0,7835BG016268,DIN,missing_DIN,warning,,,,,,flag_for_review,pending
raw,GRID_D22_GitHub\data\real_munich\data\bohrungen_epsg25832_shp\bohrungen_schichten.csv,,7835BG016887,Untergrenz,original_interval_order,warning,,,,,,legacy_sorts_by_lower_depth,pending
raw,GRID_D22_GitHub\data\real_munich\data\bohrungen_epsg25832_shp\bohrungen_schichten.csv,21735.0,7835BG016887,DIN,unknown_DIN_legacy_default_10,warning,O,,,,,flag_for_review,pending
raw,GRID_D22_GitHub\data\real_munich\data\bohrungen_epsg25832_shp\bohrungen_schichten.csv,21739.0,7835BG016887,DIN,unknown_DIN_legacy_default_10,warning,O,,,,,flag_for_review,pending
raw,GRID_D22_GitHub\data\real_munich\data\bohrungen_epsg25832_shp\bohrungen_schichten.csv,21763.0,7835BG016272,DIN,missing_DIN,warning,,,,,,flag_for_review,pending
raw,GRID_D22_GitHub\data\real_munich\data\bohrungen_epsg25832_shp\bohrungen_schichten.csv,21764.0,7835BG016255,DIN,missing_DIN,warning,,,,,,flag_for_review,pending
raw,GRID_D22_GitHub\data\real_munich\data\bohrungen_epsg25832_shp\bohrungen_schichten.csv,21765.0,7835BG016257,DIN,missing_DIN,warning,,,,,,flag_for_review,pending
raw,GRID_D22_GitHub\data\real_munich\data\bohrungen_epsg25832_shp\bohrungen_schichten.csv,,7835BG016894,Untergrenz,original_interval_order,warning,,,,,,legacy_sorts_by_lower_depth,pending
raw,GRID_D22_GitHub\data\real_munich\data\bohrungen_epsg25832_shp\bohrungen_schichten.csv,21772.0,7835BG016539,DIN,unknown_DIN_legacy_default_10,warning,nb,,,,,flag_for_review,pending
raw,GRID_D22_GitHub\data\real_munich\data\bohrungen_epsg25832_shp\bohrungen_schichten.csv,,7835BG016904,Untergrenz,original_interval_order,warning,,,,,,legacy_sorts_by_lower_depth,pending
raw,GRID_D22_GitHub\data\real_munich\data\bohrungen_epsg25832_shp\bohrungen_schichten.csv,21776.0,7835BG016904,DIN,unknown_DIN_legacy_default_10,warning,"Mst,Tst",,,,,flag_for_review,pending
raw,GRID_D22_GitHub\data\real_munich\data\bohrungen_epsg25832_shp\bohrungen_schichten.csv,21814.0,7835BG016904,DIN,unknown_DIN_legacy_default_10,warning,KV,,,,,flag_for_review,pending
raw,GRID_D22_GitHub\data\real_munich\data\bohrungen_epsg25832_shp\bohrungen_schichten.csv,21816.0,7835BG016904,DIN,unknown_DIN_legacy_default_10,warning,KV,,,,,flag_for_review,pending
raw,GRID_D22_GitHub\data\real_munich\data\bohrungen_epsg25832_shp\bohrungen_schichten.csv,21851.0,7835BG016904,DIN,unknown_DIN_legacy_default_10,warning,"Kst,Mst",,,,,flag_for_review,pending
raw,GRID_D22_GitHub\data\real_munich\data\bohrungen_epsg25832_shp\bohrungen_schichten.csv,21871.0,7835BG016902,DIN,missing_DIN,warning,,,,,,flag_for_review,pending
raw,GRID_D22_GitHub\data\real_munich\data\bohrungen_epsg25832_shp\bohrungen_schichten.csv,,7835BG016753,Untergrenz,original_interval_order,warning,,,,,,legacy_sorts_by_lower_depth,pending
raw,GRID_D22_GitHub\data\real_munich\data\bohrungen_epsg25832_shp\bohrungen_schichten.csv,21900.0,7835BG016655,DIN,missing_DIN,warning,,,,,,flag_for_review,pending
raw,GRID_D22_GitHub\data\real_munich\data\bohrungen_epsg25832_shp\bohrungen_schichten.csv,21901.0,7835BG017092,DIN,missing_DIN,warning,,,,,,flag_for_review,pending
raw,GRID_D22_GitHub\data\real_munich\data\bohrungen_epsg25832_shp\bohrungen_schichten.csv,21902.0,7835BG017004,DIN,missing_DIN,warning,,,,,,flag_for_review,pending
raw,GRID_D22_GitHub\data\real_munich\data\bohrungen_epsg25832_shp\bohrungen_schichten.csv,21903.0,7835BG016903,DIN,missing_DIN,warning,,,,,,flag_for_review,pending
raw,GRID_D22_GitHub\data\real_munich\data\bohrungen_epsg25832_shp\bohrungen_schichten.csv,21904.0,7835BG017099,DIN,missing_DIN,warning,,,,,,flag_for_review,pending
raw,GRID_D22_GitHub\data\real_munich\data\bohrungen_epsg25832_shp\bohrungen_schichten.csv,21905.0,7835BG016800,DIN,missing_DIN,warning,,,,,,flag_for_review,pending
raw,GRID_D22_GitHub\data\real_munich\data\bohrungen_epsg25832_shp\bohrungen_schichten.csv,,7835BG017180,Untergrenz,original_interval_order,warning,,,,,,legacy_sorts_by_lower_depth,pending
raw,GRID_D22_GitHub\data\real_munich\data\bohrungen_epsg25832_shp\bohrungen_schichten.csv,21913.0,7835BG017180,DIN,unknown_DIN_legacy_default_10,warning,Mst,,,,,flag_for_review,pending
raw,GRID_D22_GitHub\data\real_munich\data\bohrungen_epsg25832_shp\bohrungen_schichten.csv,21943.0,7835BG017180,DIN,unknown_DIN_legacy_default_10,warning,Mst,,,,,flag_for_review,pending
raw,GRID_D22_GitHub\data\real_munich\data\bohrungen_epsg25832_shp\bohrungen_schichten.csv,21948.0,7835BG017180,DIN,unknown_DIN_legacy_default_10,warning,Mst,,,,,flag_for_review,pending
raw,GRID_D22_GitHub\data\real_munich\data\bohrungen_epsg25832_shp\bohrungen_schichten.csv,21950.0,7835BG017180,DIN,unknown_DIN_legacy_default_10,warning,Mst,,,,,flag_for_review,pending
raw,GRID_D22_GitHub\data\real_munich\data\bohrungen_epsg25832_shp\bohrungen_schichten.csv,21957.0,7835BG017180,DIN,unknown_DIN_legacy_default_10,warning,Mst,,,,,flag_for_review,pending
raw,GRID_D22_GitHub\data\real_munich\data\bohrungen_epsg25832_shp\bohrungen_schichten.csv,21968.0,7835BG017180,DIN,unknown_DIN_legacy_default_10,warning,Mst,,,,,flag_for_review,pending
raw,GRID_D22_GitHub\data\real_munich\data\bohrungen_epsg25832_shp\bohrungen_schichten.csv,21973.0,7835BG017093,DIN,missing_DIN,warning,,,,,,flag_for_review,pending
raw,GRID_D22_GitHub\data\real_munich\data\bohrungen_epsg25832_shp\bohrungen_schichten.csv,21974.0,7835BG016844,DIN,missing_DIN,warning,,,,,,flag_for_review,pending
raw,GRID_D22_GitHub\data\real_munich\data\bohrungen_epsg25832_shp\bohrungen_schichten.csv,,7835BG017147,Untergrenz,original_interval_order,warning,,,,,,legacy_sorts_by_lower_depth,pending
raw,GRID_D22_GitHub\data\real_munich\data\bohrungen_epsg25832_shp\bohrungen_schichten.csv,21994.0,7835BG017147,DIN,unknown_DIN_legacy_default_10,warning,Mst,,,,,flag_for_review,pending
raw,GRID_D22_GitHub\data\real_munich\data\bohrungen_epsg25832_shp\bohrungen_schichten.csv,22013.0,7835BG017147,DIN,unknown_DIN_legacy_default_10,warning,Mst,,,,,flag_for_review,pending
raw,GRID_D22_GitHub\data\real_munich\data\bohrungen_epsg25832_shp\bohrungen_schichten.csv,22019.0,7835BG017147,DIN,unknown_DIN_legacy_default_10,warning,KV,,,,,flag_for_review,pending
raw,GRID_D22_GitHub\data\real_munich\data\bohrungen_epsg25832_shp\bohrungen_schichten.csv,22051.0,7835BG017107,DIN,missing_DIN,warning,,,,,,flag_for_review,pending
raw,GRID_D22_GitHub\data\real_munich\data\bohrungen_epsg25832_shp\bohrungen_schichten.csv,,7835BG017105,Untergrenz,original_interval_order,warning,,,,,,legacy_sorts_by_lower_depth,pending
raw,GRID_D22_GitHub\data\real_munich\data\bohrungen_epsg25832_shp\bohrungen_schichten.csv,22058.0,7835BG017105,DIN,unknown_DIN_legacy_default_10,warning,Mst,,,,,flag_for_review,pending
raw,GRID_D22_GitHub\data\real_munich\data\bohrungen_epsg25832_shp\bohrungen_schichten.csv,22078.0,7835BG017105,DIN,unknown_DIN_legacy_default_10,warning,Mst,,,,,flag_for_review,pending
raw,GRID_D22_GitHub\data\real_munich\data\bohrungen_epsg25832_shp\bohrungen_schichten.csv,22109.0,7835BG017105,DIN,unknown_DIN_legacy_default_10,warning,Mst,,,,,flag_for_review,pending
raw,GRID_D22_GitHub\data\real_munich\data\bohrungen_epsg25832_shp\bohrungen_schichten.csv,,7835BG016901,Untergrenz,original_interval_order,warning,,,,,,legacy_sorts_by_lower_depth,pending
raw,GRID_D22_GitHub\data\real_munich\data\bohrungen_epsg25832_shp\bohrungen_schichten.csv,22162.0,7835BG016901,DIN,unknown_DIN_legacy_default_10,warning,"Mst,Tst",,,,,flag_for_review,pending
raw,GRID_D22_GitHub\data\real_munich\data\bohrungen_epsg25832_shp\bohrungen_schichten.csv,22186.0,7835BG016901,DIN,unknown_DIN_legacy_default_10,warning,"Mst,Tst",,,,,flag_for_review,pending
raw,GRID_D22_GitHub\data\real_munich\data\bohrungen_epsg25832_shp\bohrungen_schichten.csv,,7835BG017102,Untergrenz,original_interval_order,warning,,,,,,legacy_sorts_by_lower_depth,pending
raw,GRID_D22_GitHub\data\real_munich\data\bohrungen_epsg25832_shp\bohrungen_schichten.csv,22279.0,7835BG017102,DIN,unknown_DIN_legacy_default_10,warning,Mst,,,,,flag_for_review,pending
raw,GRID_D22_GitHub\data\real_munich\data\bohrungen_epsg25832_shp\bohrungen_schichten.csv,22295.0,7835BG017114,DIN,missing_DIN,warning,,,,,,flag_for_review,pending
raw,GRID_D22_GitHub\data\real_munich\data\bohrungen_epsg25832_shp\bohrungen_schichten.csv,,7835BG017112,Untergrenz,original_interval_order,warning,,,,,,legacy_sorts_by_lower_depth,pending
raw,GRID_D22_GitHub\data\real_munich\data\bohrungen_epsg25832_shp\bohrungen_schichten.csv,22313.0,7835BG017112,DIN,unknown_DIN_legacy_default_10,warning,Mst,,,,,flag_for_review,pending
raw,GRID_D22_GitHub\data\real_munich\data\bohrungen_epsg25832_shp\bohrungen_schichten.csv,22315.0,7835BG017112,DIN,unknown_DIN_legacy_default_10,warning,Mst,,,,,flag_for_review,pending
raw,GRID_D22_GitHub\data\real_munich\data\bohrungen_epsg25832_shp\bohrungen_schichten.csv,22323.0,7835BG017112,DIN,unknown_DIN_legacy_default_10,warning,Mst,,,,,flag_for_review,pending
raw,GRID_D22_GitHub\data\real_munich\data\bohrungen_epsg25832_shp\bohrungen_schichten.csv,22336.0,7835BG017112,DIN,unknown_DIN_legacy_default_10,warning,Mst,,,,,flag_for_review,pending
raw,GRID_D22_GitHub\data\real_munich\data\bohrungen_epsg25832_shp\bohrungen_schichten.csv,22363.0,7835BG017116,DIN,missing_DIN,warning,,,,,,flag_for_review,pending
raw,GRID_D22_GitHub\data\real_munich\data\bohrungen_epsg25832_shp\bohrungen_schichten.csv,22364.0,7835BG016966,DIN,missing_DIN,warning,,,,,,flag_for_review,pending
raw,GRID_D22_GitHub\data\real_munich\data\bohrungen_epsg25832_shp\bohrungen_schichten.csv,,7835BG016992,Untergrenz,original_interval_order,warning,,,,,,legacy_sorts_by_lower_depth,pending
raw,GRID_D22_GitHub\data\real_munich\data\bohrungen_epsg25832_shp\bohrungen_schichten.csv,,7835BG017148,Untergrenz,original_interval_order,warning,,,,,,legacy_sorts_by_lower_depth,pending
raw,GRID_D22_GitHub\data\real_munich\data\bohrungen_epsg25832_shp\bohrungen_schichten.csv,22446.0,7835BG017148,DIN,unknown_DIN_legacy_default_10,warning,Mst,,,,,flag_for_review,pending
raw,GRID_D22_GitHub\data\real_munich\data\bohrungen_epsg25832_shp\bohrungen_schichten.csv,22466.0,7835BG017148,DIN,unknown_DIN_legacy_default_10,warning,Mst,,,,,flag_for_review,pending
raw,GRID_D22_GitHub\data\real_munich\data\bohrungen_epsg25832_shp\bohrungen_schichten.csv,22469.0,7835BG017148,DIN,unknown_DIN_legacy_default_10,warning,Mst,,,,,flag_for_review,pending
raw,GRID_D22_GitHub\data\real_munich\data\bohrungen_epsg25832_shp\bohrungen_schichten.csv,22471.0,7835BG017148,DIN,unknown_DIN_legacy_default_10,warning,Mst,,,,,flag_for_review,pending
raw,GRID_D22_GitHub\data\real_munich\data\bohrungen_epsg25832_shp\bohrungen_schichten.csv,22474.0,7835BG017148,DIN,unknown_DIN_legacy_default_10,warning,Mst,,,,,flag_for_review,pending
raw,GRID_D22_GitHub\data\real_munich\data\bohrungen_epsg25832_shp\bohrungen_schichten.csv,22480.0,7835BG017148,DIN,unknown_DIN_legacy_default_10,warning,"Mst,Kst",,,,,flag_for_review,pending
raw,GRID_D22_GitHub\data\real_munich\data\bohrungen_epsg25832_shp\bohrungen_schichten.csv,22513.0,7835BG017104,DIN,missing_DIN,warning,,,,,,flag_for_review,pending
raw,GRID_D22_GitHub\data\real_munich\data\bohrungen_epsg25832_shp\bohrungen_schichten.csv,,7835BG017457,Untergrenz,original_interval_order,warning,,,,,,legacy_sorts_by_lower_depth,pending
raw,GRID_D22_GitHub\data\real_munich\data\bohrungen_epsg25832_shp\bohrungen_schichten.csv,22524.0,7835BG017457,DIN,missing_DIN,warning,,,,,,flag_for_review,pending
raw,GRID_D22_GitHub\data\real_munich\data\bohrungen_epsg25832_shp\bohrungen_schichten.csv,22534.0,7835BG017457,DIN,missing_DIN,warning,,,,,,flag_for_review,pending
raw,GRID_D22_GitHub\data\real_munich\data\bohrungen_epsg25832_shp\bohrungen_schichten.csv,22558.0,7835BG017457,DIN,missing_DIN,warning,,,,,,flag_for_review,pending
raw,GRID_D22_GitHub\data\real_munich\data\bohrungen_epsg25832_shp\bohrungen_schichten.csv,22571.0,7835BG017101,DIN,missing_DIN,warning,,,,,,flag_for_review,pending
raw,GRID_D22_GitHub\data\real_munich\data\bohrungen_epsg25832_shp\bohrungen_schichten.csv,22574.0,7835BG017095,DIN,missing_DIN,warning,,,,,,flag_for_review,pending
raw,GRID_D22_GitHub\data\real_munich\data\bohrungen_epsg25832_shp\bohrungen_schichten.csv,22575.0,7835BG017466,DIN,missing_DIN,warning,,,,,,flag_for_review,pending
raw,GRID_D22_GitHub\data\real_munich\data\bohrungen_epsg25832_shp\bohrungen_schichten.csv,,7835BG017323,Untergrenz,original_interval_order,warning,,,,,,legacy_sorts_by_lower_depth,pending
raw,GRID_D22_GitHub\data\real_munich\data\bohrungen_epsg25832_shp\bohrungen_schichten.csv,22580.0,7835BG017094,DIN,missing_DIN,warning,,,,,,flag_for_review,pending
raw,GRID_D22_GitHub\data\real_munich\data\bohrungen_epsg25832_shp\bohrungen_schichten.csv,,7835BG017347,Untergrenz,original_interval_order,warning,,,,,,legacy_sorts_by_lower_depth,pending
raw,GRID_D22_GitHub\data\real_munich\data\bohrungen_epsg25832_shp\bohrungen_schichten.csv,,7835BG017097,Untergrenz,original_interval_order,warning,,,,,,legacy_sorts_by_lower_depth,pending
raw,GRID_D22_GitHub\data\real_munich\data\bohrungen_epsg25832_shp\bohrungen_schichten.csv,22611.0,7835BG017097,DIN,unknown_DIN_legacy_default_10,warning,"Mst,Tst",,,,,flag_for_review,pending
raw,GRID_D22_GitHub\data\real_munich\data\bohrungen_epsg25832_shp\bohrungen_schichten.csv,22619.0,7835BG017097,DIN,unknown_DIN_legacy_default_10,warning,"Mst,Tst",,,,,flag_for_review,pending
raw,GRID_D22_GitHub\data\real_munich\data\bohrungen_epsg25832_shp\bohrungen_schichten.csv,22631.0,7835BG017097,DIN,unknown_DIN_legacy_default_10,warning,"Mst,Tst",,,,,flag_for_review,pending
raw,GRID_D22_GitHub\data\real_munich\data\bohrungen_epsg25832_shp\bohrungen_schichten.csv,,7835BG017096,Untergrenz,original_interval_order,warning,,,,,,legacy_sorts_by_lower_depth,pending
raw,GRID_D22_GitHub\data\real_munich\data\bohrungen_epsg25832_shp\bohrungen_schichten.csv,22714.0,7835BG017098,DIN,missing_DIN,warning,,,,,,flag_for_review,pending
raw,GRID_D22_GitHub\data\real_munich\data\bohrungen_epsg25832_shp\bohrungen_schichten.csv,22715.0,7835BG017106,DIN,missing_DIN,warning,,,,,,flag_for_review,pending
raw,GRID_D22_GitHub\data\real_munich\data\bohrungen_epsg25832_shp\bohrungen_schichten.csv,22716.0,7835BG017103,DIN,missing_DIN,warning,,,,,,flag_for_review,pending
raw,GRID_D22_GitHub\data\real_munich\data\bohrungen_epsg25832_shp\bohrungen_schichten.csv,,7835BG017146,Untergrenz,original_interval_order,warning,,,,,,legacy_sorts_by_lower_depth,pending
raw,GRID_D22_GitHub\data\real_munich\data\bohrungen_epsg25832_shp\bohrungen_schichten.csv,22783.0,7835BG017146,DIN,unknown_DIN_legacy_default_10,warning,"Mst,Tst",,,,,flag_for_review,pending
raw,GRID_D22_GitHub\data\real_munich\data\bohrungen_epsg25832_shp\bohrungen_schichten.csv,22798.0,7835BG017146,DIN,unknown_DIN_legacy_default_10,warning,"Mst,Tst",,,,,flag_for_review,pending
raw,GRID_D22_GitHub\data\real_munich\data\bohrungen_epsg25832_shp\bohrungen_schichten.csv,,7835BG017348,Untergrenz,original_interval_order,warning,,,,,,legacy_sorts_by_lower_depth,pending
raw,GRID_D22_GitHub\data\real_munich\data\bohrungen_epsg25832_shp\bohrungen_schichten.csv,22813.0,7835BG017113,DIN,missing_DIN,warning,,,,,,flag_for_review,pending
raw,GRID_D22_GitHub\data\real_munich\data\bohrungen_epsg25832_shp\bohrungen_schichten.csv,,7835BG017377,Untergrenz,original_interval_order,warning,,,,,,legacy_sorts_by_lower_depth,pending
raw,GRID_D22_GitHub\data\real_munich\data\bohrungen_epsg25832_shp\bohrungen_schichten.csv,22817.0,7835BG017100,DIN,missing_DIN,warning,,,,,,flag_for_review,pending
raw,GRID_D22_GitHub\data\real_munich\data\bohrungen_epsg25832_shp\bohrungen_schichten.csv,,7835BG017960,Untergrenz,original_interval_order,warning,,,,,,legacy_sorts_by_lower_depth,pending
raw,GRID_D22_GitHub\data\real_munich\data\bohrungen_epsg25832_shp\bohrungen_schichten.csv,22854.0,7835BG017464,DIN,missing_DIN,warning,,,,,,flag_for_review,pending
raw,GRID_D22_GitHub\data\real_munich\data\bohrungen_epsg25832_shp\bohrungen_schichten.csv,,7835BG017471,Untergrenz,original_interval_order,warning,,,,,,legacy_sorts_by_lower_depth,pending
raw,GRID_D22_GitHub\data\real_munich\data\bohrungen_epsg25832_shp\bohrungen_schichten.csv,22868.0,7835BG017471,DIN,missing_DIN,warning,,,,,,flag_for_review,pending
raw,GRID_D22_GitHub\data\real_munich\data\bohrungen_epsg25832_shp\bohrungen_schichten.csv,22877.0,7835BG017471,DIN,unknown_DIN_legacy_default_10,warning,Mst,,,,,flag_for_review,pending
raw,GRID_D22_GitHub\data\real_munich\data\bohrungen_epsg25832_shp\bohrungen_schichten.csv,22897.0,7835BG017471,DIN,unknown_DIN_legacy_default_10,warning,Mst,,,,,flag_for_review,pending
raw,GRID_D22_GitHub\data\real_munich\data\bohrungen_epsg25832_shp\bohrungen_schichten.csv,,7835BG017961,Untergrenz,original_interval_order,warning,,,,,,legacy_sorts_by_lower_depth,pending
raw,GRID_D22_GitHub\data\real_munich\data\bohrungen_epsg25832_shp\bohrungen_schichten.csv,,7835BG017346,Untergrenz,original_interval_order,warning,,,,,,legacy_sorts_by_lower_depth,pending
raw,GRID_D22_GitHub\data\real_munich\data\bohrungen_epsg25832_shp\bohrungen_schichten.csv,,7835BG017115,Untergrenz,original_interval_order,warning,,,,,,legacy_sorts_by_lower_depth,pending
raw,GRID_D22_GitHub\data\real_munich\data\bohrungen_epsg25832_shp\bohrungen_schichten.csv,22964.0,7835BG017115,DIN,unknown_DIN_legacy_default_10,warning,Mst,,,,,flag_for_review,pending
raw,GRID_D22_GitHub\data\real_munich\data\bohrungen_epsg25832_shp\bohrungen_schichten.csv,,7835BG017468,Untergrenz,original_interval_order,warning,,,,,,legacy_sorts_by_lower_depth,pending
raw,GRID_D22_GitHub\data\real_munich\data\bohrungen_epsg25832_shp\bohrungen_schichten.csv,23018.0,7835BG017468,DIN,unknown_DIN_legacy_default_10,warning,Mst,,,,,flag_for_review,pending
raw,GRID_D22_GitHub\data\real_munich\data\bohrungen_epsg25832_shp\bohrungen_schichten.csv,,7835BG017463,Untergrenz,original_interval_order,warning,,,,,,legacy_sorts_by_lower_depth,pending
raw,GRID_D22_GitHub\data\real_munich\data\bohrungen_epsg25832_shp\bohrungen_schichten.csv,,7835BG017463,Endteufe,end_depth_mismatch,warning,45.7,45.4,,1e-06,,flag_for_review,pending
raw,GRID_D22_GitHub\data\real_munich\data\bohrungen_epsg25832_shp\bohrungen_schichten.csv,23047.0,7835BG017463,DIN,unknown_DIN_legacy_default_10,warning,"Mst,s",,,,,flag_for_review,pending
raw,GRID_D22_GitHub\data\real_munich\data\bohrungen_epsg25832_shp\bohrungen_schichten.csv,23062.0,7835BG017463,DIN,unknown_DIN_legacy_default_10,warning,"Mst,Tst",,,,,flag_for_review,pending
raw,GRID_D22_GitHub\data\real_munich\data\bohrungen_epsg25832_shp\bohrungen_schichten.csv,,7835BG017652,Untergrenz,original_interval_order,warning,,,,,,legacy_sorts_by_lower_depth,pending
raw,GRID_D22_GitHub\data\real_munich\data\bohrungen_epsg25832_shp\bohrungen_schichten.csv,23122.0,7835BG017117,DIN,missing_DIN,warning,,,,,,flag_for_review,pending
raw,GRID_D22_GitHub\data\real_munich\data\bohrungen_epsg25832_shp\bohrungen_schichten.csv,,7835BG017325,Untergrenz,original_interval_order,warning,,,,,,legacy_sorts_by_lower_depth,pending
raw,GRID_D22_GitHub\data\real_munich\data\bohrungen_epsg25832_shp\bohrungen_schichten.csv,23127.0,7835BG017458,DIN,unknown_DIN_legacy_default_10,warning,nb,,,,,flag_for_review,pending
raw,GRID_D22_GitHub\data\real_munich\data\bohrungen_epsg25832_shp\bohrungen_schichten.csv,23128.0,7835BG017459,DIN,missing_DIN,warning,,,,,,flag_for_review,pending
raw,GRID_D22_GitHub\data\real_munich\data\bohrungen_epsg25832_shp\bohrungen_schichten.csv,,7835BG017651,Untergrenz,original_interval_order,warning,,,,,,legacy_sorts_by_lower_depth,pending
raw,GRID_D22_GitHub\data\real_munich\data\bohrungen_epsg25832_shp\bohrungen_schichten.csv,,7835BG017793,Untergrenz,original_interval_order,warning,,,,,,legacy_sorts_by_lower_depth,pending
raw,GRID_D22_GitHub\data\real_munich\data\bohrungen_epsg25832_shp\bohrungen_schichten.csv,,7835BG017794,Untergrenz,original_interval_order,warning,,,,,,legacy_sorts_by_lower_depth,pending
raw,GRID_D22_GitHub\data\real_munich\data\bohrungen_epsg25832_shp\bohrungen_schichten.csv,23181.0,7835BG017469,DIN,missing_DIN,warning,,,,,,flag_for_review,pending
raw,GRID_D22_GitHub\data\real_munich\data\bohrungen_epsg25832_shp\bohrungen_schichten.csv,,7835BG017465,Untergrenz,original_interval_order,warning,,,,,,legacy_sorts_by_lower_depth,pending
raw,GRID_D22_GitHub\data\real_munich\data\bohrungen_epsg25832_shp\bohrungen_schichten.csv,23207.0,7835BG017465,DIN,missing_DIN,warning,,,,,,flag_for_review,pending
raw,GRID_D22_GitHub\data\real_munich\data\bohrungen_epsg25832_shp\bohrungen_schichten.csv,23251.0,7835BG017467,DIN,missing_DIN,warning,,,,,,flag_for_review,pending
raw,GRID_D22_GitHub\data\real_munich\data\bohrungen_epsg25832_shp\bohrungen_schichten.csv,,7835BG017653,Untergrenz,original_interval_order,warning,,,,,,legacy_sorts_by_lower_depth,pending
raw,GRID_D22_GitHub\data\real_munich\data\bohrungen_epsg25832_shp\bohrungen_schichten.csv,23267.0,7835BG017637,DIN,missing_DIN,warning,,,,,,flag_for_review,pending
raw,GRID_D22_GitHub\data\real_munich\data\bohrungen_epsg25832_shp\bohrungen_schichten.csv,23302.0,7835BG017638,DIN,missing_DIN,warning,,,,,,flag_for_review,pending
raw,GRID_D22_GitHub\data\real_munich\data\bohrungen_epsg25832_shp\bohrungen_schichten.csv,,7835BG017991,Untergrenz,original_interval_order,warning,,,,,,legacy_sorts_by_lower_depth,pending
raw,GRID_D22_GitHub\data\real_munich\data\bohrungen_epsg25832_shp\bohrungen_schichten.csv,23332.0,7835BG017991,DIN,missing_DIN,warning,,,,,,flag_for_review,pending
raw,GRID_D22_GitHub\data\real_munich\data\bohrungen_epsg25832_shp\bohrungen_schichten.csv,,7835BG017990,Untergrenz,original_interval_order,warning,,,,,,legacy_sorts_by_lower_depth,pending
raw,GRID_D22_GitHub\data\real_munich\data\bohrungen_epsg25832_shp\bohrungen_schichten.csv,,7835BG017657,Untergrenz,original_interval_order,warning,,,,,,legacy_sorts_by_lower_depth,pending
raw,GRID_D22_GitHub\data\real_munich\data\bohrungen_epsg25832_shp\bohrungen_schichten.csv,,7835BG017658,Untergrenz,original_interval_order,warning,,,,,,legacy_sorts_by_lower_depth,pending
raw,GRID_D22_GitHub\data\real_munich\data\bohrungen_epsg25832_shp\bohrungen_schichten.csv,,7835BG017585,Untergrenz,original_interval_order,warning,,,,,,legacy_sorts_by_lower_depth,pending
raw,GRID_D22_GitHub\data\real_munich\data\bohrungen_epsg25832_shp\bohrungen_schichten.csv,,7835BG017631,Untergrenz,original_interval_order,warning,,,,,,legacy_sorts_by_lower_depth,pending
raw,GRID_D22_GitHub\data\real_munich\data\bohrungen_epsg25832_shp\bohrungen_schichten.csv,,7835BG017630,Untergrenz,original_interval_order,warning,,,,,,legacy_sorts_by_lower_depth,pending
raw,GRID_D22_GitHub\data\real_munich\data\bohrungen_epsg25832_shp\bohrungen_schichten.csv,,7835BG017624,Untergrenz,original_interval_order,warning,,,,,,legacy_sorts_by_lower_depth,pending
raw,GRID_D22_GitHub\data\real_munich\data\bohrungen_epsg25832_shp\bohrungen_schichten.csv,,7835BG010663,Untergrenz,original_interval_order,warning,,,,,,legacy_sorts_by_lower_depth,pending
raw,GRID_D22_GitHub\data\real_munich\data\bohrungen_epsg25832_shp\bohrungen_schichten.csv,23506.0,7835BG011951,DIN,unknown_DIN_legacy_default_10,warning,"H,s,u",,,,,flag_for_review,pending
raw,GRID_D22_GitHub\data\real_munich\data\bohrungen_epsg25832_shp\bohrungen_schichten.csv,,7835BG015789,Untergrenz,original_interval_order,warning,,,,,,legacy_sorts_by_lower_depth,pending
raw,GRID_D22_GitHub\data\real_munich\data\bohrungen_epsg25832_shp\bohrungen_schichten.csv,,7835BG018209,Untergrenz,original_interval_order,warning,,,,,,legacy_sorts_by_lower_depth,pending
raw,GRID_D22_GitHub\data\real_munich\data\bohrungen_epsg25832_shp\bohrungen_schichten.csv,23597.0,7835BG018209,DIN,unknown_DIN_legacy_default_10,warning,"M,t",,,,,flag_for_review,pending
raw,GRID_D22_GitHub\data\real_munich\data\bohrungen_epsg25832_shp\bohrungen_schichten.csv,23603.0,7835BG018209,DIN,unknown_DIN_legacy_default_10,warning,"M,t",,,,,flag_for_review,pending
raw,GRID_D22_GitHub\data\real_munich\data\bohrungen_epsg25832_shp\bohrungen_schichten.csv,23605.0,7835BG018209,DIN,unknown_DIN_legacy_default_10,warning,"M,t",,,,,flag_for_review,pending
raw,GRID_D22_GitHub\data\real_munich\data\bohrungen_epsg25832_shp\bohrungen_schichten.csv,23611.0,7835BG018209,DIN,unknown_DIN_legacy_default_10,warning,"M,t",,,,,flag_for_review,pending
raw,GRID_D22_GitHub\data\real_munich\data\bohrungen_epsg25832_shp\bohrungen_schichten.csv,23616.0,7835BG018209,DIN,unknown_DIN_legacy_default_10,warning,"M,t",,,,,flag_for_review,pending
raw,GRID_D22_GitHub\data\real_munich\data\bohrungen_epsg25832_shp\bohrungen_schichten.csv,23622.0,7835BG018209,DIN,unknown_DIN_legacy_default_10,warning,"M,t",,,,,flag_for_review,pending
raw,GRID_D22_GitHub\data\real_munich\data\bohrungen_epsg25832_shp\bohrungen_schichten.csv,23623.0,7835BG018209,DIN,unknown_DIN_legacy_default_10,warning,"M,t",,,,,flag_for_review,pending
raw,GRID_D22_GitHub\data\real_munich\data\bohrungen_epsg25832_shp\bohrungen_schichten.csv,23625.0,7835BG018209,DIN,unknown_DIN_legacy_default_10,warning,"M,t",,,,,flag_for_review,pending
raw,GRID_D22_GitHub\data\real_munich\data\bohrungen_epsg25832_shp\bohrungen_schichten.csv,,7835BG018208,Untergrenz,original_interval_order,warning,,,,,,legacy_sorts_by_lower_depth,pending
raw,GRID_D22_GitHub\data\real_munich\data\bohrungen_epsg25832_shp\bohrungen_schichten.csv,23630.0,7835BG018208,DIN,unknown_DIN_legacy_default_10,warning,"M,U,t,fs",,,,,flag_for_review,pending
raw,GRID_D22_GitHub\data\real_munich\data\bohrungen_epsg25832_shp\bohrungen_schichten.csv,23632.0,7835BG018208,DIN,unknown_DIN_legacy_default_10,warning,"M,U,t",,,,,flag_for_review,pending
raw,GRID_D22_GitHub\data\real_munich\data\bohrungen_epsg25832_shp\bohrungen_schichten.csv,23641.0,7835BG018208,DIN,unknown_DIN_legacy_default_10,warning,"M,t",,,,,flag_for_review,pending
raw,GRID_D22_GitHub\data\real_munich\data\bohrungen_epsg25832_shp\bohrungen_schichten.csv,23649.0,7835BG018208,DIN,unknown_DIN_legacy_default_10,warning,"M,U,t",,,,,flag_for_review,pending
raw,GRID_D22_GitHub\data\real_munich\data\bohrungen_epsg25832_shp\bohrungen_schichten.csv,,7835BG018051,Untergrenz,original_interval_order,warning,,,,,,legacy_sorts_by_lower_depth,pending
raw,GRID_D22_GitHub\data\real_munich\data\bohrungen_epsg25832_shp\bohrungen_schichten.csv,,7835BG018604,Untergrenz,original_interval_order,warning,,,,,,legacy_sorts_by_lower_depth,pending
raw,GRID_D22_GitHub\data\real_munich\data\bohrungen_epsg25832_shp\bohrungen_schichten.csv,,7835BG018207,Untergrenz,original_interval_order,warning,,,,,,legacy_sorts_by_lower_depth,pending
raw,GRID_D22_GitHub\data\real_munich\data\bohrungen_epsg25832_shp\bohrungen_schichten.csv,,7835BG018886,Untergrenz,original_interval_order,warning,,,,,,legacy_sorts_by_lower_depth,pending
raw,GRID_D22_GitHub\data\real_munich\data\bohrungen_epsg25832_shp\bohrungen_schichten.csv,,7835BG018886,Endteufe,end_depth_mismatch,warning,45.6,30.35,,1e-06,,flag_for_review,pending
raw,GRID_D22_GitHub\data\real_munich\data\bohrungen_epsg25832_shp\bohrungen_schichten.csv,23696.0,7835BG018886,DIN,unknown_DIN_legacy_default_10,warning,"M,S",,,,,flag_for_review,pending
raw,GRID_D22_GitHub\data\real_munich\data\bohrungen_epsg25832_shp\bohrungen_schichten.csv,23698.0,7835BG018886,DIN,unknown_DIN_legacy_default_10,warning,M,,,,,flag_for_review,pending
raw,GRID_D22_GitHub\data\real_munich\data\bohrungen_epsg25832_shp\bohrungen_schichten.csv,23699.0,7835BG018886,DIN,unknown_DIN_legacy_default_10,warning,"M,U",,,,,flag_for_review,pending
raw,GRID_D22_GitHub\data\real_munich\data\bohrungen_epsg25832_shp\bohrungen_schichten.csv,23700.0,7835BG018886,DIN,unknown_DIN_legacy_default_10,warning,M,,,,,flag_for_review,pending
raw,GRID_D22_GitHub\data\real_munich\data\bohrungen_epsg25832_shp\bohrungen_schichten.csv,23703.0,7835BG018886,DIN,unknown_DIN_legacy_default_10,warning,"M,U",,,,,flag_for_review,pending
raw,GRID_D22_GitHub\data\real_munich\data\bohrungen_epsg25832_shp\bohrungen_schichten.csv,23706.0,7835BG018886,DIN,unknown_DIN_legacy_default_10,warning,M,,,,,flag_for_review,pending
raw,GRID_D22_GitHub\data\real_munich\data\bohrungen_epsg25832_shp\bohrungen_schichten.csv,,7835BG007739,Untergrenz,original_interval_order,warning,,,,,,legacy_sorts_by_lower_depth,pending
raw,GRID_D22_GitHub\data\real_munich\data\bohrungen_epsg25832_shp\bohrungen_schichten.csv,,7835BG018864,Untergrenz,original_interval_order,warning,,,,,,legacy_sorts_by_lower_depth,pending
raw,GRID_D22_GitHub\data\real_munich\data\bohrungen_epsg25832_shp\bohrungen_schichten.csv,23740.0,7835BG018864,DIN,unknown_DIN_legacy_default_10,warning,Mb,,,,,flag_for_review,pending
raw,GRID_D22_GitHub\data\real_munich\data\bohrungen_epsg25832_shp\bohrungen_schichten.csv,,7835BG018943,Untergrenz,original_interval_order,warning,,,,,,legacy_sorts_by_lower_depth,pending
raw,GRID_D22_GitHub\data\real_munich\data\bohrungen_epsg25832_shp\bohrungen_schichten.csv,,7835BG018944,Untergrenz,original_interval_order,warning,,,,,,legacy_sorts_by_lower_depth,pending
raw,GRID_D22_GitHub\data\real_munich\data\bohrungen_epsg25832_shp\bohrungen_schichten.csv,,7835BG018888,Untergrenz,original_interval_order,warning,,,,,,legacy_sorts_by_lower_depth,pending
geological,qnd_compositing,,7835BG009095,compositing,legacy_compositing_exception,warning,,,,,,legacy_compositing_skipped,pending
geological,qnd_compositing,,7835BG017223,compositing,legacy_compositing_exception,warning,,,,,,legacy_compositing_skipped,pending
geological,qnd_compositing,,7835BG017258,compositing,legacy_compositing_exception,warning,,,,,,legacy_compositing_skipped,pending
geological,qnd_compositing,,7835BG015971,compositing,legacy_compositing_exception,warning,,,,,,legacy_compositing_skipped,pending
geological,qnd_compositing,,7835BG015973,compositing,legacy_compositing_exception,warning,,,,,,legacy_compositing_skipped,pending
geological,qnd_compositing,,7835BG015103,compositing,legacy_compositing_exception,warning,,,,,,legacy_compositing_skipped,pending
geological,qnd_compositing,,7835BG015033,compositing,legacy_compositing_exception,warning,,,,,,legacy_compositing_skipped,pending
geological,qnd_compositing,,7835BG015164,compositing,legacy_compositing_exception,warning,,,,,,legacy_compositing_skipped,pending
geological,qnd_compositing,,7835BG015024,compositing,legacy_compositing_exception,warning,,,,,,legacy_compositing_skipped,pending
geological,qnd_compositing,,7835BG015240,compositing,legacy_compositing_exception,warning,,,,,,legacy_compositing_skipped,pending
geological,qnd_compositing,,7835BG015087,compositing,legacy_compositing_exception,warning,,,,,,legacy_compositing_skipped,pending
geological,qnd_compositing,,7835BG015393,compositing,legacy_compositing_exception,warning,,,,,,legacy_compositing_skipped,pending
geological,qnd_compositing,,7835BG015081,compositing,legacy_compositing_exception,warning,,,,,,legacy_compositing_skipped,pending
geological,qnd_compositing,,7835BG015231,compositing,legacy_compositing_exception,warning,,,,,,legacy_compositing_skipped,pending
geological,qnd_compositing,,7835BG015462,compositing,legacy_compositing_exception,warning,,,,,,legacy_compositing_skipped,pending
geological,qnd_compositing,,7835BG015972,compositing,legacy_compositing_exception,warning,,,,,,legacy_compositing_skipped,pending
geological,qnd_compositing,,7835BG015976,compositing,legacy_compositing_exception,warning,,,,,,legacy_compositing_skipped,pending
geological,qnd_compositing,,7835BG017003,compositing,legacy_compositing_exception,warning,,,,,,legacy_compositing_skipped,pending
geological,qnd_compositing,,7835BG016940,compositing,legacy_compositing_exception,warning,,,,,,legacy_compositing_skipped,pending
geological,qnd_compositing,,7835BG016964,compositing,legacy_compositing_exception,warning,,,,,,legacy_compositing_skipped,pending
geological,qnd_compositing,,7835BG016941,compositing,legacy_compositing_exception,warning,,,,,,legacy_compositing_skipped,pending
geological,qnd_compositing,,7835BG015889,compositing,legacy_compositing_exception,warning,,,,,,legacy_compositing_skipped,pending
geological,qnd_compositing,,7835BG016165,compositing,legacy_compositing_exception,warning,,,,,,legacy_compositing_skipped,pending
geological,qnd_compositing,,7835BG015947,compositing,legacy_compositing_exception,warning,,,,,,legacy_compositing_skipped,pending
geological,qnd_compositing,,7835BG015948,compositing,legacy_compositing_exception,warning,,,,,,legacy_compositing_skipped,pending
geological,qnd_compositing,,7835BG015877,compositing,legacy_compositing_exception,warning,,,,,,legacy_compositing_skipped,pending
geological,qnd_compositing,,7835BG016886,compositing,legacy_compositing_exception,warning,,,,,,legacy_compositing_skipped,pending
geological,qnd_compositing,,7835BG015902,compositing,legacy_compositing_exception,warning,,,,,,legacy_compositing_skipped,pending
geological,qnd_compositing,,7835BG015903,compositing,legacy_compositing_exception,warning,,,,,,legacy_compositing_skipped,pending
geological,qnd_compositing,,7835BG015954,compositing,legacy_compositing_exception,warning,,,,,,legacy_compositing_skipped,pending
geological,qnd_compositing,,7835BG015890,compositing,legacy_compositing_exception,warning,,,,,,legacy_compositing_skipped,pending
geological,qnd_compositing,,7835BG016891,compositing,legacy_compositing_exception,warning,,,,,,legacy_compositing_skipped,pending
geological,qnd_compositing,,7835BG015950,compositing,legacy_compositing_exception,warning,,,,,,legacy_compositing_skipped,pending
geological,qnd_compositing,,7835BG016274,compositing,legacy_compositing_exception,warning,,,,,,legacy_compositing_skipped,pending
geological,qnd_compositing,,7835BG015891,compositing,legacy_compositing_exception,warning,,,,,,legacy_compositing_skipped,pending
geological,qnd_compositing,,7835BG015885,compositing,legacy_compositing_exception,warning,,,,,,legacy_compositing_skipped,pending
geological,qnd_compositing,,7835BG016256,compositing,legacy_compositing_exception,warning,,,,,,legacy_compositing_skipped,pending
geological,qnd_compositing,,7835BG016538,compositing,legacy_compositing_exception,warning,,,,,,legacy_compositing_skipped,pending
geological,qnd_compositing,,7835BG016252,compositing,legacy_compositing_exception,warning,,,,,,legacy_compositing_skipped,pending
geological,qnd_compositing,,7835BG016994,compositing,legacy_compositing_exception,warning,,,,,,legacy_compositing_skipped,pending
geological,qnd_compositing,,7835BG016991,compositing,legacy_compositing_exception,warning,,,,,,legacy_compositing_skipped,pending
geological,qnd_compositing,,7835BG015886,compositing,legacy_compositing_exception,warning,,,,,,legacy_compositing_skipped,pending
geological,qnd_compositing,,7835BG015888,compositing,legacy_compositing_exception,warning,,,,,,legacy_compositing_skipped,pending
geological,qnd_compositing,,7835BG015904,compositing,legacy_compositing_exception,warning,,,,,,legacy_compositing_skipped,pending
geological,qnd_compositing,,7835BG015905,compositing,legacy_compositing_exception,warning,,,,,,legacy_compositing_skipped,pending
geological,qnd_compositing,,7835BG015956,compositing,legacy_compositing_exception,warning,,,,,,legacy_compositing_skipped,pending
geological,qnd_compositing,,7835BG015955,compositing,legacy_compositing_exception,warning,,,,,,legacy_compositing_skipped,pending
geological,qnd_compositing,,7835BG016253,compositing,legacy_compositing_exception,warning,,,,,,legacy_compositing_skipped,pending
geological,qnd_compositing,,7835BG016993,compositing,legacy_compositing_exception,warning,,,,,,legacy_compositing_skipped,pending
geological,qnd_compositing,,7835BG015958,compositing,legacy_compositing_exception,warning,,,,,,legacy_compositing_skipped,pending
geological,qnd_compositing,,7835BG015957,compositing,legacy_compositing_exception,warning,,,,,,legacy_compositing_skipped,pending
geological,qnd_compositing,,7835BG016273,compositing,legacy_compositing_exception,warning,,,,,,legacy_compositing_skipped,pending
geological,qnd_compositing,,7835BG015952,compositing,legacy_compositing_exception,warning,,,,,,legacy_compositing_skipped,pending
geological,qnd_compositing,,7835BG016251,compositing,legacy_compositing_exception,warning,,,,,,legacy_compositing_skipped,pending
geological,qnd_compositing,,7835BG015951,compositing,legacy_compositing_exception,warning,,,,,,legacy_compositing_skipped,pending
geological,qnd_compositing,,7835BG015946,compositing,legacy_compositing_exception,warning,,,,,,legacy_compositing_skipped,pending
geological,qnd_compositing,,7835BG015945,compositing,legacy_compositing_exception,warning,,,,,,legacy_compositing_skipped,pending
geological,qnd_compositing,,7835BG015953,compositing,legacy_compositing_exception,warning,,,,,,legacy_compositing_skipped,pending
geological,qnd_compositing,,7835BG016294,compositing,legacy_compositing_exception,warning,,,,,,legacy_compositing_skipped,pending
geological,qnd_compositing,,7835BG016271,compositing,legacy_compositing_exception,warning,,,,,,legacy_compositing_skipped,pending
geological,qnd_compositing,,7835BG016893,compositing,legacy_compositing_exception,warning,,,,,,legacy_compositing_skipped,pending
geological,qnd_compositing,,7835BG015949,compositing,legacy_compositing_exception,warning,,,,,,legacy_compositing_skipped,pending
geological,qnd_compositing,,7835BG016537,compositing,legacy_compositing_exception,warning,,,,,,legacy_compositing_skipped,pending
geological,qnd_compositing,,7835BG016254,compositing,legacy_compositing_exception,warning,,,,,,legacy_compositing_skipped,pending
geological,qnd_compositing,,7835BG015901,compositing,legacy_compositing_exception,warning,,,,,,legacy_compositing_skipped,pending
geological,qnd_compositing,,7835BG016258,compositing,legacy_compositing_exception,warning,,,,,,legacy_compositing_skipped,pending
geological,qnd_compositing,,7835BG016888,compositing,legacy_compositing_exception,warning,,,,,,legacy_compositing_skipped,pending
geological,qnd_compositing,,7835BG015965,compositing,legacy_compositing_exception,warning,,,,,,legacy_compositing_skipped,pending
geological,qnd_compositing,,7835BG016270,compositing,legacy_compositing_exception,warning,,,,,,legacy_compositing_skipped,pending
geological,qnd_compositing,,7835BG016260,compositing,legacy_compositing_exception,warning,,,,,,legacy_compositing_skipped,pending
geological,qnd_compositing,,7835BG016268,compositing,legacy_compositing_exception,warning,,,,,,legacy_compositing_skipped,pending
geological,qnd_compositing,,7835BG016272,compositing,legacy_compositing_exception,warning,,,,,,legacy_compositing_skipped,pending
geological,qnd_compositing,,7835BG016255,compositing,legacy_compositing_exception,warning,,,,,,legacy_compositing_skipped,pending
geological,qnd_compositing,,7835BG016257,compositing,legacy_compositing_exception,warning,,,,,,legacy_compositing_skipped,pending
geological,qnd_compositing,,7835BG016539,compositing,legacy_compositing_exception,warning,,,,,,legacy_compositing_skipped,pending
geological,qnd_compositing,,7835BG016902,compositing,legacy_compositing_exception,warning,,,,,,legacy_compositing_skipped,pending
geological,qnd_compositing,,7835BG016655,compositing,legacy_compositing_exception,warning,,,,,,legacy_compositing_skipped,pending
geological,qnd_compositing,,7835BG017092,compositing,legacy_compositing_exception,warning,,,,,,legacy_compositing_skipped,pending
geological,qnd_compositing,,7835BG017004,compositing,legacy_compositing_exception,warning,,,,,,legacy_compositing_skipped,pending
geological,qnd_compositing,,7835BG016903,compositing,legacy_compositing_exception,warning,,,,,,legacy_compositing_skipped,pending
geological,qnd_compositing,,7835BG017099,compositing,legacy_compositing_exception,warning,,,,,,legacy_compositing_skipped,pending
geological,qnd_compositing,,7835BG016800,compositing,legacy_compositing_exception,warning,,,,,,legacy_compositing_skipped,pending
geological,qnd_compositing,,7835BG017093,compositing,legacy_compositing_exception,warning,,,,,,legacy_compositing_skipped,pending
geological,qnd_compositing,,7835BG016844,compositing,legacy_compositing_exception,warning,,,,,,legacy_compositing_skipped,pending
geological,qnd_compositing,,7835BG017107,compositing,legacy_compositing_exception,warning,,,,,,legacy_compositing_skipped,pending
geological,qnd_compositing,,7835BG017114,compositing,legacy_compositing_exception,warning,,,,,,legacy_compositing_skipped,pending
geological,qnd_compositing,,7835BG017116,compositing,legacy_compositing_exception,warning,,,,,,legacy_compositing_skipped,pending
geological,qnd_compositing,,7835BG016966,compositing,legacy_compositing_exception,warning,,,,,,legacy_compositing_skipped,pending
geological,qnd_compositing,,7835BG017104,compositing,legacy_compositing_exception,warning,,,,,,legacy_compositing_skipped,pending
geological,qnd_compositing,,7835BG017101,compositing,legacy_compositing_exception,warning,,,,,,legacy_compositing_skipped,pending
geological,qnd_compositing,,7835BG017095,compositing,legacy_compositing_exception,warning,,,,,,legacy_compositing_skipped,pending
geological,qnd_compositing,,7835BG017466,compositing,legacy_compositing_exception,warning,,,,,,legacy_compositing_skipped,pending
geological,qnd_compositing,,7835BG017453,compositing,legacy_compositing_exception,warning,,,,,,legacy_compositing_skipped,pending
geological,qnd_compositing,,7835BG017094,compositing,legacy_compositing_exception,warning,,,,,,legacy_compositing_skipped,pending
geological,qnd_compositing,,7835BG017098,compositing,legacy_compositing_exception,warning,,,,,,legacy_compositing_skipped,pending
geological,qnd_compositing,,7835BG017106,compositing,legacy_compositing_exception,warning,,,,,,legacy_compositing_skipped,pending
geological,qnd_compositing,,7835BG017103,compositing,legacy_compositing_exception,warning,,,,,,legacy_compositing_skipped,pending
geological,qnd_compositing,,7835BG017113,compositing,legacy_compositing_exception,warning,,,,,,legacy_compositing_skipped,pending
geological,qnd_compositing,,7835BG017100,compositing,legacy_compositing_exception,warning,,,,,,legacy_compositing_skipped,pending
geological,qnd_compositing,,7835BG017464,compositing,legacy_compositing_exception,warning,,,,,,legacy_compositing_skipped,pending
geological,qnd_compositing,,7835BG017117,compositing,legacy_compositing_exception,warning,,,,,,legacy_compositing_skipped,pending
geological,qnd_compositing,,7835BG017614,compositing,legacy_compositing_exception,warning,,,,,,legacy_compositing_skipped,pending
geological,qnd_compositing,,7835BG017613,compositing,legacy_compositing_exception,warning,,,,,,legacy_compositing_skipped,pending
geological,qnd_compositing,,7835BG017612,compositing,legacy_compositing_exception,warning,,,,,,legacy_compositing_skipped,pending
geological,qnd_compositing,,7835BG017458,compositing,legacy_compositing_exception,warning,,,,,,legacy_compositing_skipped,pending
geological,qnd_compositing,,7835BG017459,compositing,legacy_compositing_exception,warning,,,,,,legacy_compositing_skipped,pending
geological,qnd_compositing,,7835BG017469,compositing,legacy_compositing_exception,warning,,,,,,legacy_compositing_skipped,pending
geological,qnd_compositing,,7835BG017467,compositing,legacy_compositing_exception,warning,,,,,,legacy_compositing_skipped,pending
geological,qnd_compositing,,7835BG017637,compositing,legacy_compositing_exception,warning,,,,,,legacy_compositing_skipped,pending
geological,qnd_compositing,,7835BG017638,compositing,legacy_compositing_exception,warning,,,,,,legacy_compositing_skipped,pending
geological,qnd_compositing,,7835BG017629,compositing,legacy_compositing_exception,warning,,,,,,legacy_compositing_skipped,pending
geological,qnd_compositing,,7835BG017628,compositing,legacy_compositing_exception,warning,,,,,,legacy_compositing_skipped,pending
geological,qnd_compositing,,7835BG017627,compositing,legacy_compositing_exception,warning,,,,,,legacy_compositing_skipped,pending
geological,qnd_compositing,,7835BG017625,compositing,legacy_compositing_exception,warning,,,,,,legacy_compositing_skipped,pending
geological,qnd_compositing,,7835BG017626,compositing,legacy_compositing_exception,warning,,,,,,legacy_compositing_skipped,pending
geological,qnd_compositing,,7835BG017623,compositing,legacy_compositing_exception,warning,,,,,,legacy_compositing_skipped,pending
geological,qnd_compositing,,7835BG017622,compositing,legacy_compositing_exception,warning,,,,,,legacy_compositing_skipped,pending
geological,qnd_compositing,,7835BG017620,compositing,legacy_compositing_exception,warning,,,,,,legacy_compositing_skipped,pending
geological,qnd_compositing,,7835BG017619,compositing,legacy_compositing_exception,warning,,,,,,legacy_compositing_skipped,pending
geological,qnd_compositing,,7835BG017618,compositing,legacy_compositing_exception,warning,,,,,,legacy_compositing_skipped,pending
geological,qnd_compositing,,7835BG017616,compositing,legacy_compositing_exception,warning,,,,,,legacy_compositing_skipped,pending
geological,qnd_compositing,,7835BG017617,compositing,legacy_compositing_exception,warning,,,,,,legacy_compositing_skipped,pending
geological,qnd_compositing,,7835BG015104,compositing,legacy_compositing_exception,warning,,,,,,legacy_compositing_skipped,pending
geological,qnd_compositing,138.0,7835BG011892,coordinates,base_collar_coordinate_mismatch,warning,"[689542.7571961926, 5336701.641052492]","[689230.1516055153, 5336257.71673311]",,,,flag_for_review,pending
geological,qnd_compositing,345.0,7835BG009095,coordinates,base_collar_coordinate_mismatch,warning,"[690103.5284399576, 5336595.759943945]","[689692.5158007727, 5336476.546639505]",,,,flag_for_review,pending
geological,qnd_compositing,349.0,7835BG009264,coordinates,base_collar_coordinate_mismatch,warning,"[689833.70591895, 5335756.931201389]","[689604.8032811927, 5335712.659014029]",,,,flag_for_review,pending
geological,qnd_compositing,382.0,7835BG008598,coordinates,base_collar_coordinate_mismatch,warning,"[689910.9386537899, 5336758.564693289]","[689848.4530066575, 5336714.157938584]",,,,flag_for_review,pending
geological,qnd_compositing,428.0,7835BG009105,coordinates,base_collar_coordinate_mismatch,warning,"[689504.6855899538, 5336014.963571834]","[688751.3808649182, 5336281.413103775]",,,,flag_for_review,pending
geological,qnd_compositing,429.0,7835BG009108,coordinates,base_collar_coordinate_mismatch,warning,"[689504.6855899538, 5336014.963571834]","[688483.3274649729, 5336266.197029783]",,,,flag_for_review,pending
geological,qnd_compositing,457.0,7835BG009230,coordinates,base_collar_coordinate_mismatch,warning,"[689902.4842004138, 5336603.583280586]","[689864.6589450359, 5336824.58484196]",,,,flag_for_review,pending
geological,qnd_compositing,462.0,7835BG009125,coordinates,base_collar_coordinate_mismatch,warning,"[689898.161761445, 5336252.759985719]","[689776.612152454, 5336247.23383948]",,,,flag_for_review,pending
geological,qnd_compositing,554.0,7835BG007780,coordinates,base_collar_coordinate_mismatch,warning,"[688674.7193390306, 5335293.667757227]","[689533.7576286634, 5335938.69921789]",,,,flag_for_review,pending
geological,qnd_compositing,584.0,7835BG017223,coordinates,base_collar_coordinate_mismatch,warning,"[689959.5043962379, 5335465.963094789]","[689973.9338027495, 5335467.199785823]",,,,flag_for_review,pending
geological,qnd_compositing,599.0,7835BG009094,coordinates,base_collar_coordinate_mismatch,warning,"[689892.7201860049, 5336523.727150599]","[689783.806573227, 5336494.338635142]",,,,flag_for_review,pending
geological,qnd_compositing,668.0,7835BG007662,coordinates,base_collar_coordinate_mismatch,warning,"[689150.2969277464, 5335846.5257897405]","[689237.6375951958, 5335861.093418082]",,,,flag_for_review,pending
geological,qnd_compositing,812.0,7835BG017258,coordinates,base_collar_coordinate_mismatch,warning,"[689778.3346138182, 5336192.697463446]","[690075.9959948454, 5336075.486291958]",,,,flag_for_review,pending
geological,qnd_compositing,851.0,7835BG000656,coordinates,base_collar_coordinate_mismatch,warning,"[689968.1479055323, 5336186.846709843]","[689782.8853056515, 5336782.411172096]",,,,flag_for_review,pending
geological,qnd_compositing,944.0,7835BG000265,coordinates,base_collar_coordinate_mismatch,warning,"[689335.1065494821, 5335939.869623038]","[689429.5189231443, 5335938.945666043]",,,,flag_for_review,pending
geological,qnd_compositing,966.0,7835BG005148,coordinates,base_collar_coordinate_mismatch,warning,"[688925.9805197401, 5335720.943293061]","[688889.6444648495, 5335686.989914392]",,,,flag_for_review,pending
geological,qnd_compositing,980.0,7835BG000654,coordinates,base_collar_coordinate_mismatch,warning,"[689926.2066925315, 5335665.598143537]","[689382.1801391353, 5336165.091841396]",,,,flag_for_review,pending
geological,qnd_compositing,981.0,7835BG000655,coordinates,base_collar_coordinate_mismatch,warning,"[689926.2066925315, 5335665.598143537]","[689435.5421210418, 5335585.681016875]",,,,flag_for_review,pending
geological,qnd_compositing,1002.0,7835BG007088,coordinates,base_collar_coordinate_mismatch,warning,"[688831.7553644585, 5336287.766350238]","[688949.6751022879, 5335817.229556229]",,,,flag_for_review,pending
geological,qnd_compositing,1004.0,7835BG007096,coordinates,base_collar_coordinate_mismatch,warning,"[688981.8610310587, 5335779.958592864]","[688939.0602820858, 5335888.557097537]",,,,flag_for_review,pending
geological,qnd_compositing,1005.0,7835BG007099,coordinates,base_collar_coordinate_mismatch,warning,"[688981.8610310587, 5335779.958592864]","[688938.6942419787, 5335904.206020332]",,,,flag_for_review,pending
geological,qnd_compositing,1006.0,7835BG007103,coordinates,base_collar_coordinate_mismatch,warning,"[688981.8610310587, 5335779.958592864]","[688948.5246805444, 5335866.411246215]",,,,flag_for_review,pending
geological,qnd_compositing,1023.0,7835BG003909,coordinates,base_collar_coordinate_mismatch,warning,"[689446.9532933938, 5334963.68682834]","[690113.1615742594, 5336069.005297599]",,,,flag_for_review,pending
geological,qnd_compositing,1045.0,7835BG002248,coordinates,base_collar_coordinate_mismatch,warning,"[689134.3378707075, 5335840.336690579]","[689885.2352777175, 5335695.953836843]",,,,flag_for_review,pending
geological,qnd_compositing,1050.0,7835BG007115,coordinates,base_collar_coordinate_mismatch,warning,"[688991.5827600686, 5335785.105944907]","[688968.6993524032, 5335845.409907319]",,,,flag_for_review,pending
geological,qnd_compositing,1093.0,7835BG004368,coordinates,base_collar_coordinate_mismatch,warning,"[690118.0637989254, 5336356.766799006]","[688948.2232278334, 5335783.644955732]",,,,flag_for_review,pending
geological,qnd_compositing,1139.0,7835BG003625,coordinates,base_collar_coordinate_mismatch,warning,"[689944.1495653954, 5336027.028512528]","[690152.8829724938, 5336053.829287708]",,,,flag_for_review,pending
geological,qnd_compositing,1142.0,7835BG005527,coordinates,base_collar_coordinate_mismatch,warning,"[689936.4280311749, 5336644.192259732]","[689724.6939834668, 5336496.982783552]",,,,flag_for_review,pending
geological,qnd_compositing,1157.0,7835BG000652,coordinates,base_collar_coordinate_mismatch,warning,"[689898.627780928, 5336672.832336448]","[689658.3450720755, 5336579.53262531]",,,,flag_for_review,pending
geological,qnd_compositing,1159.0,7835BG000658,coordinates,base_collar_coordinate_mismatch,warning,"[689631.9221897891, 5336676.437719241]","[689988.6274846778, 5334966.507561904]",,,,flag_for_review,pending
geological,qnd_compositing,1160.0,7835BG000665,coordinates,base_collar_coordinate_mismatch,warning,"[689631.9221897891, 5336676.437719241]","[690109.3431486718, 5334988.566139295]",,,,flag_for_review,pending
geological,qnd_compositing,1161.0,7835BG000674,coordinates,base_collar_coordinate_mismatch,warning,"[689631.9221897891, 5336676.437719241]","[688642.9838685086, 5335885.659607555]",,,,flag_for_review,pending
geological,qnd_compositing,1165.0,7835BG001430,coordinates,base_collar_coordinate_mismatch,warning,"[688352.1974205854, 5336765.948678193]","[688232.7285669893, 5336747.944340538]",,,,flag_for_review,pending
geological,qnd_compositing,1187.0,7835BG001438,coordinates,base_collar_coordinate_mismatch,warning,"[688462.428892165, 5336260.788205552]","[689583.775436301, 5336707.520952866]",,,,flag_for_review,pending
geological,qnd_compositing,1195.0,7835BG000828,coordinates,base_collar_coordinate_mismatch,warning,"[689906.3893306004, 5336149.613959322]","[688497.1866845186, 5336037.03198438]",,,,flag_for_review,pending
geological,qnd_compositing,1198.0,7835BG000843,coordinates,base_collar_coordinate_mismatch,warning,"[689208.2194162072, 5336602.557396446]","[690175.0305640628, 5336866.737124848]",,,,flag_for_review,pending
geological,qnd_compositing,1200.0,7835BG000845,coordinates,base_collar_coordinate_mismatch,warning,"[689436.4195050616, 5336849.015164527]","[690200.0574777573, 5336714.775448571]",,,,flag_for_review,pending
geological,qnd_compositing,1215.0,7835BG000263,coordinates,base_collar_coordinate_mismatch,warning,"[689376.4412663383, 5335913.100264576]","[689302.7806121674, 5335849.196346856]",,,,flag_for_review,pending
geological,qnd_compositing,1248.0,7835BG000632,coordinates,base_collar_coordinate_mismatch,warning,"[689988.5732636955, 5335408.934899792]","[689939.3629778561, 5335217.660618903]",,,,flag_for_review,pending
geological,qnd_compositing,1253.0,7835BG000644,coordinates,base_collar_coordinate_mismatch,warning,"[690135.9140531705, 5335803.810727112]","[688283.7275217348, 5335581.1150024105]",,,,flag_for_review,pending
geological,qnd_compositing,1357.0,7835BG003853,coordinates,base_collar_coordinate_mismatch,warning,"[689947.4184880368, 5336078.550593337]","[689846.8396880361, 5336725.751287152]",,,,flag_for_review,pending
geological,qnd_compositing,1480.0,7835BG005241,coordinates,base_collar_coordinate_mismatch,warning,"[688809.0743663616, 5335995.11799859]","[689188.5577699929, 5335874.708410778]",,,,flag_for_review,pending
geological,qnd_compositing,1508.0,7835BG005149,coordinates,base_collar_coordinate_mismatch,warning,"[688908.9829217643, 5335701.75759878]","[688860.2709734291, 5335680.487977852]",,,,flag_for_review,pending
geological,qnd_compositing,1509.0,7835BG005150,coordinates,base_collar_coordinate_mismatch,warning,"[688908.9829217643, 5335701.75759878]","[688936.7922247355, 5335736.8541212315]",,,,flag_for_review,pending
geological,qnd_compositing,1559.0,7835BG005524,coordinates,base_collar_coordinate_mismatch,warning,"[689928.8347841578, 5336662.8027431425]","[689927.0700373938, 5336642.630341232]",,,,flag_for_review,pending
geological,qnd_compositing,1561.0,7835BG005526,coordinates,base_collar_coordinate_mismatch,warning,"[689916.829003375, 5336640.601852331]","[689744.1397463637, 5336488.043131302]",,,,flag_for_review,pending
geological,qnd_compositing,1591.0,7835BG005550,coordinates,base_collar_coordinate_mismatch,warning,"[689478.4372555343, 5336372.22879067]","[689527.0983060189, 5336376.498543674]",,,,flag_for_review,pending
geological,qnd_compositing,1707.0,7835BG006473,coordinates,base_collar_coordinate_mismatch,warning,"[688626.1716863057, 5336432.372147081]","[690167.377532433, 5335299.935849842]",,,,flag_for_review,pending
geological,qnd_compositing,1869.0,7835BG007085,coordinates,base_collar_coordinate_mismatch,warning,"[688810.6198427598, 5336502.893954706]","[688994.0814238058, 5335754.7448104]",,,,flag_for_review,pending
geological,qnd_compositing,1870.0,7835BG007086,coordinates,base_collar_coordinate_mismatch,warning,"[688810.6198427598, 5336502.893954706]","[688967.7212921542, 5335772.470381881]",,,,flag_for_review,pending
geological,qnd_compositing,1872.0,7835BG007089,coordinates,base_collar_coordinate_mismatch,warning,"[688959.1918021708, 5335792.848783305]","[688938.9102575169, 5335837.556557533]",,,,flag_for_review,pending
geological,qnd_compositing,1873.0,7835BG007090,coordinates,base_collar_coordinate_mismatch,warning,"[688959.1918021708, 5335792.848783305]","[688932.0972854286, 5335861.106556714]",,,,flag_for_review,pending
geological,qnd_compositing,1874.0,7835BG007091,coordinates,base_collar_coordinate_mismatch,warning,"[688959.1918021708, 5335792.848783305]","[688909.9436880292, 5335909.349265667]",,,,flag_for_review,pending
geological,qnd_compositing,1875.0,7835BG007093,coordinates,base_collar_coordinate_mismatch,warning,"[688959.1918021708, 5335792.848783305]","[688975.567797167, 5335800.388827595]",,,,flag_for_review,pending
geological,qnd_compositing,1877.0,7835BG007095,coordinates,base_collar_coordinate_mismatch,warning,"[688965.6350606314, 5335823.419088577]","[688957.5220754179, 5335845.149336433]",,,,flag_for_review,pending
geological,qnd_compositing,1878.0,7835BG007097,coordinates,base_collar_coordinate_mismatch,warning,"[688965.6350606314, 5335823.419088577]","[688929.5431490159, 5335912.938771765]",,,,flag_for_review,pending
geological,qnd_compositing,1881.0,7835BG007101,coordinates,base_collar_coordinate_mismatch,warning,"[688969.4387455061, 5335756.405855619]","[688917.9525385124, 5335892.090195502]",,,,flag_for_review,pending
geological,qnd_compositing,1882.0,7835BG007102,coordinates,base_collar_coordinate_mismatch,warning,"[688969.4387455061, 5335756.405855619]","[688940.6781755323, 5335838.492800499]",,,,flag_for_review,pending
geological,qnd_compositing,1884.0,7835BG007105,coordinates,base_collar_coordinate_mismatch,warning,"[688984.5642907359, 5335779.126484627]","[688967.7631094372, 5335847.177825334]",,,,flag_for_review,pending
geological,qnd_compositing,1891.0,7835BG007114,coordinates,base_collar_coordinate_mismatch,warning,"[688970.6764411833, 5335837.404228088]","[688974.5742447646, 5335842.863516983]",,,,flag_for_review,pending
geological,qnd_compositing,1892.0,7835BG007116,coordinates,base_collar_coordinate_mismatch,warning,"[688970.6764411833, 5335837.404228088]","[688969.3741581102, 5335854.821068898]",,,,flag_for_review,pending
geological,qnd_compositing,1893.0,7835BG007117,coordinates,base_collar_coordinate_mismatch,warning,"[688970.6764411833, 5335837.404228088]","[688963.6034004798, 5335852.896281541]",,,,flag_for_review,pending
geological,qnd_compositing,1914.0,7835BG015971,coordinates,base_collar_coordinate_mismatch,warning,"[688211.6122254576, 5336426.702737471]","[689219.8497062668, 5335913.911907577]",,,,flag_for_review,pending
geological,qnd_compositing,1915.0,7835BG015973,coordinates,base_collar_coordinate_mismatch,warning,"[688211.6122254576, 5336426.702737471]","[689923.6915388224, 5336634.052189193]",,,,flag_for_review,pending
geological,qnd_compositing,1917.0,7835BG015103,coordinates,base_collar_coordinate_mismatch,warning,"[688261.5633566189, 5336108.01800888]","[688898.2657200166, 5336160.0385594135]",,,,flag_for_review,pending
geological,qnd_compositing,1919.0,7835BG015033,coordinates,base_collar_coordinate_mismatch,warning,"[688268.4517498557, 5336310.827462528]","[689544.06949529, 5336607.280512137]",,,,flag_for_review,pending
geological,qnd_compositing,1920.0,7835BG015164,coordinates,base_collar_coordinate_mismatch,warning,"[688268.4517498557, 5336310.827462528]","[688555.5053610988, 5336032.669311352]",,,,flag_for_review,pending
geological,qnd_compositing,1921.0,7835BG015024,coordinates,base_collar_coordinate_mismatch,warning,"[688268.4517498557, 5336310.827462528]","[689053.0715513267, 5336694.661648662]",,,,flag_for_review,pending
geological,qnd_compositing,1922.0,7835BG015240,coordinates,base_collar_coordinate_mismatch,warning,"[688268.4517498557, 5336310.827462528]","[689003.7727551307, 5335589.00622992]",,,,flag_for_review,pending
geological,qnd_compositing,1923.0,7835BG015087,coordinates,base_collar_coordinate_mismatch,warning,"[688268.4517498557, 5336310.827462528]","[690204.2994875654, 5336877.711140385]",,,,flag_for_review,pending
geological,qnd_compositing,1924.0,7835BG015393,coordinates,base_collar_coordinate_mismatch,warning,"[688268.4517498557, 5336310.827462528]","[688476.108555831, 5335809.7348850155]",,,,flag_for_review,pending
geological,qnd_compositing,1926.0,7835BG015081,coordinates,base_collar_coordinate_mismatch,warning,"[688337.7999324356, 5336348.6845540935]","[689496.0538506459, 5335618.857291867]",,,,flag_for_review,pending
geological,qnd_compositing,1927.0,7835BG015231,coordinates,base_collar_coordinate_mismatch,warning,"[688337.7999324356, 5336348.6845540935]","[690163.1203192759, 5336496.051562315]",,,,flag_for_review,pending
geological,qnd_compositing,1930.0,7835BG015462,coordinates,base_collar_coordinate_mismatch,warning,"[689793.5924077998, 5336802.791843468]","[689386.4397270288, 5334949.746244177]",,,,flag_for_review,pending
geological,qnd_compositing,1935.0,7835BG015972,coordinates,base_collar_coordinate_mismatch,warning,"[689324.5528786103, 5335109.344353396]","[689219.8497062668, 5335913.911907577]",,,,flag_for_review,pending
geological,qnd_compositing,1937.0,7835BG015567,coordinates,base_collar_coordinate_mismatch,warning,"[689285.0456591528, 5335077.10659132]","[689885.4303257503, 5335802.42789715]",,,,flag_for_review,pending
geological,qnd_compositing,1945.0,7835BG015976,coordinates,base_collar_coordinate_mismatch,warning,"[689912.4652631087, 5335794.113487248]","[689811.4721941333, 5336439.962299701]",,,,flag_for_review,pending
geological,qnd_compositing,1947.0,7835BG017003,coordinates,base_collar_coordinate_mismatch,warning,"[690097.6972502852, 5336252.05791865]","[690104.1923420529, 5336280.391967829]",,,,flag_for_review,pending
geological,qnd_compositing,1951.0,7835BG016940,coordinates,base_collar_coordinate_mismatch,warning,"[689813.1400354798, 5336808.617605657]","[688514.1770881098, 5335712.208188105]",,,,flag_for_review,pending
geological,qnd_compositing,1953.0,7835BG015553,coordinates,base_collar_coordinate_mismatch,warning,"[688797.6266201944, 5335662.023914573]","[689836.5381733293, 5336783.66572857]",,,,flag_for_review,pending
geological,qnd_compositing,1954.0,7835BG015500,coordinates,base_collar_coordinate_mismatch,warning,"[688797.6266201944, 5335662.023914573]","[689590.2267386559, 5335035.03259909]",,,,flag_for_review,pending
geological,qnd_compositing,1956.0,7835BG015550,coordinates,base_collar_coordinate_mismatch,warning,"[688708.3437187471, 5336208.831439178]","[689807.3247225019, 5336751.220632488]",,,,flag_for_review,pending
geological,qnd_compositing,1957.0,7835BG015501,coordinates,base_collar_coordinate_mismatch,warning,"[688708.3437187471, 5336208.831439178]","[689598.5407153708, 5335062.068437751]",,,,flag_for_review,pending
geological,qnd_compositing,1960.0,7835BG016964,coordinates,base_collar_coordinate_mismatch,warning,"[689264.3887583688, 5336037.0798432]","[688797.6266201944, 5335662.023914573]",,,,flag_for_review,pending
geological,qnd_compositing,1962.0,7835BG016941,coordinates,base_collar_coordinate_mismatch,warning,"[689192.0819886937, 5335130.851307755]","[688514.1770881098, 5335712.208188105]",,,,flag_for_review,pending
geological,qnd_compositing,1964.0,7835BG015889,coordinates,base_collar_coordinate_mismatch,warning,"[688379.0418333379, 5336336.157664175]","[689683.373437989, 5336006.6159912525]",,,,flag_for_review,pending
geological,qnd_compositing,1965.0,7835BG016165,coordinates,base_collar_coordinate_mismatch,warning,"[688379.0418333379, 5336336.157664175]","[689518.8414547243, 5335065.125451564]",,,,flag_for_review,pending
geological,qnd_compositing,1966.0,7835BG015947,coordinates,base_collar_coordinate_mismatch,warning,"[688379.0418333379, 5336336.157664175]","[690149.3188772826, 5336684.511170835]",,,,flag_for_review,pending
geological,qnd_compositing,1967.0,7835BG015948,coordinates,base_collar_coordinate_mismatch,warning,"[688379.0418333379, 5336336.157664175]","[690060.7786579174, 5336702.123995134]",,,,flag_for_review,pending
geological,qnd_compositing,1969.0,7835BG015877,coordinates,base_collar_coordinate_mismatch,warning,"[689118.2149018226, 5335056.654054591]","[690018.6947120237, 5335670.444042869]",,,,flag_for_review,pending
geological,qnd_compositing,1972.0,7835BG015902,coordinates,base_collar_coordinate_mismatch,warning,"[689620.2312981652, 5335397.191877043]","[689205.9937415477, 5335722.1228615735]",,,,flag_for_review,pending
geological,qnd_compositing,1973.0,7835BG015903,coordinates,base_collar_coordinate_mismatch,warning,"[689620.2312981652, 5335397.191877043]","[689205.9937415477, 5335722.1228615735]",,,,flag_for_review,pending
geological,qnd_compositing,1974.0,7835BG015954,coordinates,base_collar_coordinate_mismatch,warning,"[689620.2312981652, 5335397.191877043]","[688900.9213366704, 5335721.252491849]",,,,flag_for_review,pending
geological,qnd_compositing,1976.0,7835BG015890,coordinates,base_collar_coordinate_mismatch,warning,"[688345.3054374026, 5336199.892673739]","[689790.2135384027, 5335990.772020425]",,,,flag_for_review,pending
geological,qnd_compositing,1977.0,7835BG016891,coordinates,base_collar_coordinate_mismatch,warning,"[688345.3054374026, 5336199.892673739]","[689746.6777043384, 5335327.229871714]",,,,flag_for_review,pending
geological,qnd_compositing,1978.0,7835BG015950,coordinates,base_collar_coordinate_mismatch,warning,"[688345.3054374026, 5336199.892673739]","[689968.1878723381, 5336682.512248175]",,,,flag_for_review,pending
geological,qnd_compositing,1979.0,7835BG016274,coordinates,base_collar_coordinate_mismatch,warning,"[688345.3054374026, 5336199.892673739]","[688347.6394021469, 5336635.663579704]",,,,flag_for_review,pending
geological,qnd_compositing,1980.0,7835BG015891,coordinates,base_collar_coordinate_mismatch,warning,"[688345.3054374026, 5336199.892673739]","[689825.7679497206, 5336039.022908644]",,,,flag_for_review,pending
geological,qnd_compositing,1982.0,7835BG015885,coordinates,base_collar_coordinate_mismatch,warning,"[689328.4526680375, 5336339.196197744]","[689342.1937129186, 5335808.961587079]",,,,flag_for_review,pending
geological,qnd_compositing,1983.0,7835BG016256,coordinates,base_collar_coordinate_mismatch,warning,"[689328.4526680375, 5336339.196197744]","[689666.0776413525, 5335464.471122085]",,,,flag_for_review,pending
geological,qnd_compositing,1984.0,7835BG016538,coordinates,base_collar_coordinate_mismatch,warning,"[689328.4526680375, 5336339.196197744]","[690048.9939144012, 5336173.079387701]",,,,flag_for_review,pending
geological,qnd_compositing,1985.0,7835BG016252,coordinates,base_collar_coordinate_mismatch,warning,"[689328.4526680375, 5336339.196197744]","[688992.0424856939, 5335841.930445269]",,,,flag_for_review,pending
geological,qnd_compositing,1986.0,7835BG016994,coordinates,base_collar_coordinate_mismatch,warning,"[689328.4526680375, 5336339.196197744]","[689919.8547319144, 5336147.692343216]",,,,flag_for_review,pending
geological,qnd_compositing,1987.0,7835BG016991,coordinates,base_collar_coordinate_mismatch,warning,"[689328.4526680375, 5336339.196197744]","[689264.3887583688, 5336037.0798432]",,,,flag_for_review,pending
geological,qnd_compositing,1989.0,7835BG015886,coordinates,base_collar_coordinate_mismatch,warning,"[688215.660391483, 5336671.477667243]","[689404.7357681831, 5335812.661137224]",,,,flag_for_review,pending
geological,qnd_compositing,1990.0,7835BG015888,coordinates,base_collar_coordinate_mismatch,warning,"[688215.660391483, 5336671.477667243]","[689612.8302783181, 5335962.468403859]",,,,flag_for_review,pending
geological,qnd_compositing,1991.0,7835BG015904,coordinates,base_collar_coordinate_mismatch,warning,"[688215.660391483, 5336671.477667243]","[689345.6482184839, 5335622.946036771]",,,,flag_for_review,pending
geological,qnd_compositing,1992.0,7835BG015905,coordinates,base_collar_coordinate_mismatch,warning,"[688215.660391483, 5336671.477667243]","[689366.4167987718, 5335423.466921911]",,,,flag_for_review,pending
geological,qnd_compositing,1993.0,7835BG015956,coordinates,base_collar_coordinate_mismatch,warning,"[688215.660391483, 5336671.477667243]","[688638.374602607, 5335336.657609987]",,,,flag_for_review,pending
geological,qnd_compositing,1994.0,7835BG015955,coordinates,base_collar_coordinate_mismatch,warning,"[688215.660391483, 5336671.477667243]","[688638.374602607, 5335336.657609987]",,,,flag_for_review,pending
geological,qnd_compositing,1995.0,7835BG016253,coordinates,base_collar_coordinate_mismatch,warning,"[688215.660391483, 5336671.477667243]","[689023.4398911898, 5335876.662296258]",,,,flag_for_review,pending
geological,qnd_compositing,1996.0,7835BG016993,coordinates,base_collar_coordinate_mismatch,warning,"[688215.660391483, 5336671.477667243]","[689919.8547319144, 5336147.692343216]",,,,flag_for_review,pending
geological,qnd_compositing,1998.0,7835BG015958,coordinates,base_collar_coordinate_mismatch,warning,"[690104.1923420529, 5336280.391967829]","[688581.9448908633, 5335090.640018094]",,,,flag_for_review,pending
geological,qnd_compositing,1999.0,7835BG015957,coordinates,base_collar_coordinate_mismatch,warning,"[690104.1923420529, 5336280.391967829]","[688626.8054277254, 5335142.686845111]",,,,flag_for_review,pending
geological,qnd_compositing,2000.0,7835BG016273,coordinates,base_collar_coordinate_mismatch,warning,"[690104.1923420529, 5336280.391967829]","[688753.3515276196, 5336713.597674894]",,,,flag_for_review,pending
geological,qnd_compositing,2001.0,7835BG015952,coordinates,base_collar_coordinate_mismatch,warning,"[690104.1923420529, 5336280.391967829]","[689799.8515355559, 5336649.944822075]",,,,flag_for_review,pending
geological,qnd_compositing,2002.0,7835BG016251,coordinates,base_collar_coordinate_mismatch,warning,"[690104.1923420529, 5336280.391967829]","[688891.8556808811, 5335879.400996562]",,,,flag_for_review,pending
geological,qnd_compositing,2004.0,7835BG015951,coordinates,base_collar_coordinate_mismatch,warning,"[689752.545751927, 5335382.391021977]","[689893.5318290044, 5336680.31871067]",,,,flag_for_review,pending
geological,qnd_compositing,2005.0,7835BG015946,coordinates,base_collar_coordinate_mismatch,warning,"[689752.545751927, 5335382.391021977]","[690149.3188772826, 5336684.511170835]",,,,flag_for_review,pending
geological,qnd_compositing,2006.0,7835BG015945,coordinates,base_collar_coordinate_mismatch,warning,"[689752.545751927, 5335382.391021977]","[690149.3188772826, 5336684.511170835]",,,,flag_for_review,pending
geological,qnd_compositing,2007.0,7835BG015953,coordinates,base_collar_coordinate_mismatch,warning,"[689752.545751927, 5335382.391021977]","[689325.9354244703, 5336102.489773561]",,,,flag_for_review,pending
geological,qnd_compositing,2008.0,7835BG016294,coordinates,base_collar_coordinate_mismatch,warning,"[689752.545751927, 5335382.391021977]","[689438.298583447, 5335582.614420226]",,,,flag_for_review,pending
geological,qnd_compositing,2009.0,7835BG016271,coordinates,base_collar_coordinate_mismatch,warning,"[689752.545751927, 5335382.391021977]","[688753.3515276196, 5336713.597674894]",,,,flag_for_review,pending
geological,qnd_compositing,2012.0,7835BG015949,coordinates,base_collar_coordinate_mismatch,warning,"[688360.1055932448, 5335528.773065187]","[690060.7786579174, 5336702.123995134]",,,,flag_for_review,pending
geological,qnd_compositing,2013.0,7835BG016537,coordinates,base_collar_coordinate_mismatch,warning,"[688360.1055932448, 5335528.773065187]","[690048.9939144012, 5336173.079387701]",,,,flag_for_review,pending
geological,qnd_compositing,2014.0,7835BG016254,coordinates,base_collar_coordinate_mismatch,warning,"[688360.1055932448, 5335528.773065187]","[689409.4975648336, 5335570.756896334]",,,,flag_for_review,pending
geological,qnd_compositing,2015.0,7835BG015901,coordinates,base_collar_coordinate_mismatch,warning,"[688360.1055932448, 5335528.773065187]","[689541.638288457, 5335697.31428201]",,,,flag_for_review,pending
geological,qnd_compositing,2016.0,7835BG016258,coordinates,base_collar_coordinate_mismatch,warning,"[688360.1055932448, 5335528.773065187]","[689209.1417863895, 5335491.812870556]",,,,flag_for_review,pending
geological,qnd_compositing,2017.0,7835BG016888,coordinates,base_collar_coordinate_mismatch,warning,"[688360.1055932448, 5335528.773065187]","[689655.3746459121, 5335405.618167753]",,,,flag_for_review,pending
geological,qnd_compositing,2018.0,7835BG015965,coordinates,base_collar_coordinate_mismatch,warning,"[688360.1055932448, 5335528.773065187]","[688516.8778808843, 5334907.943386976]",,,,flag_for_review,pending
geological,qnd_compositing,2020.0,7835BG016270,coordinates,base_collar_coordinate_mismatch,warning,"[689179.9967797175, 5336546.872868618]","[688599.4959297881, 5336865.228785843]",,,,flag_for_review,pending
geological,qnd_compositing,2021.0,7835BG016260,coordinates,base_collar_coordinate_mismatch,warning,"[689179.9967797175, 5336546.872868618]","[689302.0499841729, 5335459.539234665]",,,,flag_for_review,pending
geological,qnd_compositing,2022.0,7835BG016268,coordinates,base_collar_coordinate_mismatch,warning,"[689179.9967797175, 5336546.872868618]","[688820.9627415622, 5336519.687858045]",,,,flag_for_review,pending
geological,qnd_compositing,2024.0,7835BG016272,coordinates,base_collar_coordinate_mismatch,warning,"[689655.3746459121, 5335405.618167753]","[688753.3515276196, 5336713.597674894]",,,,flag_for_review,pending
geological,qnd_compositing,2025.0,7835BG016255,coordinates,base_collar_coordinate_mismatch,warning,"[689655.3746459121, 5335405.618167753]","[689468.0945231058, 5335532.760229411]",,,,flag_for_review,pending
geological,qnd_compositing,2026.0,7835BG016257,coordinates,base_collar_coordinate_mismatch,warning,"[689655.3746459121, 5335405.618167753]","[689707.9802911202, 5335470.819360536]",,,,flag_for_review,pending
geological,qnd_compositing,2028.0,7835BG016539,coordinates,base_collar_coordinate_mismatch,warning,"[689654.9185938074, 5335310.322285736]","[690097.6972502852, 5336252.05791865]",,,,flag_for_review,pending
geological,qnd_compositing,2030.0,7835BG016902,coordinates,base_collar_coordinate_mismatch,warning,"[688514.1770881098, 5335712.208188105]","[688346.3509416163, 5335753.466031593]",,,,flag_for_review,pending
geological,qnd_compositing,2032.0,7835BG016655,coordinates,base_collar_coordinate_mismatch,warning,"[688627.1276117086, 5335874.9997988185]","[689997.9488532031, 5336098.5206692545]",,,,flag_for_review,pending
geological,qnd_compositing,2033.0,7835BG017092,coordinates,base_collar_coordinate_mismatch,warning,"[688627.1276117086, 5335874.9997988185]","[688346.5972205959, 5335753.856227268]",,,,flag_for_review,pending
geological,qnd_compositing,2034.0,7835BG017004,coordinates,base_collar_coordinate_mismatch,warning,"[688627.1276117086, 5335874.9997988185]","[690104.1923420529, 5336280.391967829]",,,,flag_for_review,pending
geological,qnd_compositing,2035.0,7835BG016903,coordinates,base_collar_coordinate_mismatch,warning,"[688627.1276117086, 5335874.9997988185]","[688346.3509416163, 5335753.466031593]",,,,flag_for_review,pending
geological,qnd_compositing,2036.0,7835BG017099,coordinates,base_collar_coordinate_mismatch,warning,"[688627.1276117086, 5335874.9997988185]","[688896.8176403418, 5335769.921235221]",,,,flag_for_review,pending
geological,qnd_compositing,2037.0,7835BG016800,coordinates,base_collar_coordinate_mismatch,warning,"[688627.1276117086, 5335874.9997988185]","[689639.500159672, 5335548.846624481]",,,,flag_for_review,pending
geological,qnd_compositing,2039.0,7835BG017093,coordinates,base_collar_coordinate_mismatch,warning,"[688817.7086739854, 5335775.090419871]","[688346.5972205959, 5335753.856227268]",,,,flag_for_review,pending
geological,qnd_compositing,2040.0,7835BG016844,coordinates,base_collar_coordinate_mismatch,warning,"[688817.7086739854, 5335775.090419871]","[689797.3042925622, 5336242.349328269]",,,,flag_for_review,pending
geological,qnd_compositing,2042.0,7835BG017107,coordinates,base_collar_coordinate_mismatch,warning,"[688384.2625963127, 5335705.703947477]","[689982.7390061559, 5336192.650166363]",,,,flag_for_review,pending
geological,qnd_compositing,2046.0,7835BG017114,coordinates,base_collar_coordinate_mismatch,warning,"[689804.170168658, 5336140.621393904]","[689991.5868524644, 5336253.9155955035]",,,,flag_for_review,pending
geological,qnd_compositing,2048.0,7835BG017116,coordinates,base_collar_coordinate_mismatch,warning,"[689991.5868524644, 5336253.9155955035]","[690079.9817868085, 5336233.158509404]",,,,flag_for_review,pending
geological,qnd_compositing,2049.0,7835BG016966,coordinates,base_collar_coordinate_mismatch,warning,"[689991.5868524644, 5336253.9155955035]","[689264.3887583688, 5336037.0798432]",,,,flag_for_review,pending
geological,qnd_compositing,2052.0,7835BG017104,coordinates,base_collar_coordinate_mismatch,warning,"[689357.5406967434, 5336065.011851185]","[689804.170168658, 5336140.621393904]",,,,flag_for_review,pending
geological,qnd_compositing,2054.0,7835BG017101,coordinates,base_collar_coordinate_mismatch,warning,"[689651.0263136085, 5336119.857076876]","[689357.5406967434, 5336065.011851185]",,,,flag_for_review,pending
geological,qnd_compositing,2056.0,7835BG017095,coordinates,base_collar_coordinate_mismatch,warning,"[688964.5760381436, 5335305.468679917]","[688384.2625963127, 5335705.703947477]",,,,flag_for_review,pending
geological,qnd_compositing,2057.0,7835BG017466,coordinates,base_collar_coordinate_mismatch,warning,"[688964.5760381436, 5335305.468679917]","[688896.8176403418, 5335769.921235221]",,,,flag_for_review,pending
geological,qnd_compositing,2058.0,7835BG017453,coordinates,base_collar_coordinate_mismatch,warning,"[688964.5760381436, 5335305.468679917]","[688301.1487570601, 5335164.341794208]",,,,flag_for_review,pending
geological,qnd_compositing,2060.0,7835BG017094,coordinates,base_collar_coordinate_mismatch,warning,"[688968.4185258846, 5335285.199731598]","[688384.2625963127, 5335705.703947477]",,,,flag_for_review,pending
geological,qnd_compositing,2064.0,7835BG017098,coordinates,base_collar_coordinate_mismatch,warning,"[688385.0631876355, 5335786.43676245]","[688896.8176403418, 5335769.921235221]",,,,flag_for_review,pending
geological,qnd_compositing,2065.0,7835BG017106,coordinates,base_collar_coordinate_mismatch,warning,"[688385.0631876355, 5335786.43676245]","[689982.7390061559, 5336192.650166363]",,,,flag_for_review,pending
geological,qnd_compositing,2066.0,7835BG017103,coordinates,base_collar_coordinate_mismatch,warning,"[688385.0631876355, 5335786.43676245]","[689804.170168658, 5336140.621393904]",,,,flag_for_review,pending
geological,qnd_compositing,2068.0,7835BG017348,coordinates,base_collar_coordinate_mismatch,warning,"[688346.5972205959, 5335753.856227268]","[688282.0767989445, 5336162.809913975]",,,,flag_for_review,pending
geological,qnd_compositing,2069.0,7835BG017113,coordinates,base_collar_coordinate_mismatch,warning,"[688346.5972205959, 5335753.856227268]","[689991.5868524644, 5336253.9155955035]",,,,flag_for_review,pending
geological,qnd_compositing,2071.0,7835BG017100,coordinates,base_collar_coordinate_mismatch,warning,"[688494.353082709, 5335431.259122365]","[689357.5406967434, 5336065.011851185]",,,,flag_for_review,pending
geological,qnd_compositing,2075.0,7835BG017464,coordinates,base_collar_coordinate_mismatch,warning,"[688713.6872214298, 5335482.911781539]","[688434.4408915543, 5335671.1025199825]",,,,flag_for_review,pending
geological,qnd_compositing,2083.0,7835BG017117,coordinates,base_collar_coordinate_mismatch,warning,"[689554.139002969, 5336321.314812389]","[690079.9817868085, 5336233.158509404]",,,,flag_for_review,pending
geological,qnd_compositing,2084.0,7835BG017614,coordinates,base_collar_coordinate_mismatch,warning,"[689554.139002969, 5336321.314812389]","[689388.9858819095, 5335797.530115865]",,,,flag_for_review,pending
geological,qnd_compositing,2085.0,7835BG017613,coordinates,base_collar_coordinate_mismatch,warning,"[689554.139002969, 5336321.314812389]","[689390.4941644962, 5335790.407511801]",,,,flag_for_review,pending
geological,qnd_compositing,2086.0,7835BG017612,coordinates,base_collar_coordinate_mismatch,warning,"[689554.139002969, 5336321.314812389]","[689422.8815179551, 5335801.901733652]",,,,flag_for_review,pending
geological,qnd_compositing,2088.0,7835BG017458,coordinates,base_collar_coordinate_mismatch,warning,"[688985.378935863, 5335296.422397117]","[689651.0263136085, 5336119.857076876]",,,,flag_for_review,pending
geological,qnd_compositing,2089.0,7835BG017459,coordinates,base_collar_coordinate_mismatch,warning,"[688985.378935863, 5335296.422397117]","[689651.0263136085, 5336119.857076876]",,,,flag_for_review,pending
geological,qnd_compositing,2092.0,7835BG017794,coordinates,base_collar_coordinate_mismatch,warning,"[688844.0553223388, 5335041.261437548]","[688865.7082097814, 5335076.401363179]",,,,flag_for_review,pending
geological,qnd_compositing,2095.0,7835BG017469,coordinates,base_collar_coordinate_mismatch,warning,"[689945.5213952307, 5336274.444776925]","[688777.4589179805, 5335759.681988752]",,,,flag_for_review,pending
geological,qnd_compositing,2099.0,7835BG017637,coordinates,base_collar_coordinate_mismatch,warning,"[689563.116190522, 5336307.205036324]","[689991.49874997, 5336125.657904584]",,,,flag_for_review,pending
geological,qnd_compositing,2102.0,7835BG017638,coordinates,base_collar_coordinate_mismatch,warning,"[689514.9429338551, 5336303.2962115565]","[689991.49874997, 5336125.657904584]",,,,flag_for_review,pending
geological,qnd_compositing,2107.0,7835BG017657,coordinates,base_collar_coordinate_mismatch,warning,"[688776.481356363, 5335685.543329564]","[689632.6603605351, 5336753.890797384]",,,,flag_for_review,pending
geological,qnd_compositing,2108.0,7835BG017658,coordinates,base_collar_coordinate_mismatch,warning,"[688776.481356363, 5335685.543329564]","[689703.8107892517, 5336769.029371241]",,,,flag_for_review,pending
geological,qnd_compositing,2112.0,7835BG017629,coordinates,base_collar_coordinate_mismatch,warning,"[689292.7309868126, 5335972.876742716]","[689189.4958497197, 5335853.704801935]",,,,flag_for_review,pending
geological,qnd_compositing,2113.0,7835BG017628,coordinates,base_collar_coordinate_mismatch,warning,"[689292.7309868126, 5335972.876742716]","[689326.0318966995, 5335754.00777082]",,,,flag_for_review,pending
geological,qnd_compositing,2114.0,7835BG017627,coordinates,base_collar_coordinate_mismatch,warning,"[689292.7309868126, 5335972.876742716]","[689361.9527813115, 5335786.608834939]",,,,flag_for_review,pending
geological,qnd_compositing,2116.0,7835BG017625,coordinates,base_collar_coordinate_mismatch,warning,"[689416.4909941053, 5335769.095605476]","[689338.3027541102, 5335745.794757584]",,,,flag_for_review,pending
geological,qnd_compositing,2117.0,7835BG017626,coordinates,base_collar_coordinate_mismatch,warning,"[689416.4909941053, 5335769.095605476]","[689323.5373396706, 5335745.896622367]",,,,flag_for_review,pending
geological,qnd_compositing,2119.0,7835BG017623,coordinates,base_collar_coordinate_mismatch,warning,"[688955.9060187319, 5335875.977942643]","[689325.827733947, 5335724.4778432455]",,,,flag_for_review,pending
geological,qnd_compositing,2120.0,7835BG017622,coordinates,base_collar_coordinate_mismatch,warning,"[688955.9060187319, 5335875.977942643]","[689310.4234225438, 5335847.586199486]",,,,flag_for_review,pending
geological,qnd_compositing,2121.0,7835BG017620,coordinates,base_collar_coordinate_mismatch,warning,"[688955.9060187319, 5335875.977942643]","[689322.8015859365, 5335815.665849612]",,,,flag_for_review,pending
geological,qnd_compositing,2122.0,7835BG017619,coordinates,base_collar_coordinate_mismatch,warning,"[688955.9060187319, 5335875.977942643]","[689339.6523305948, 5335764.614844946]",,,,flag_for_review,pending
geological,qnd_compositing,2123.0,7835BG017618,coordinates,base_collar_coordinate_mismatch,warning,"[688955.9060187319, 5335875.977942643]","[689350.8846470686, 5335743.40523659]",,,,flag_for_review,pending
geological,qnd_compositing,2124.0,7835BG017616,coordinates,base_collar_coordinate_mismatch,warning,"[688955.9060187319, 5335875.977942643]","[689430.6811976728, 5335793.584585685]",,,,flag_for_review,pending
geological,qnd_compositing,2125.0,7835BG017617,coordinates,base_collar_coordinate_mismatch,warning,"[688955.9060187319, 5335875.977942643]","[689375.4181826254, 5335784.687218835]",,,,flag_for_review,pending
geological,qnd_compositing,2135.0,7835BG015104,coordinates,base_collar_coordinate_mismatch,warning,"[688988.8385587728, 5335246.235847951]","[688782.227149653, 5336550.0962859625]",,,,flag_for_review,pending
geological,qnd_compositing,2144.0,7835BG018864,coordinates,base_collar_coordinate_mismatch,warning,"[688297.3739660762, 5335380.1289394535]","[690099.62212044, 5335825.33043556]",,,,flag_for_review,pending
post_compositing_QC,qnd_compositing,13.0,7835BG012875,qbasis,spatial_residual_exceeds_threshold,warning,510.1,504.78964705882356,5.310352941176461,5,85.0,flag_for_review,pending
post_compositing_QC,qnd_compositing,14.0,7835BG012876,qbasis,spatial_residual_exceeds_threshold,warning,510.6,504.75139534883726,5.848604651162759,5,86.0,flag_for_review,pending
post_compositing_QC,qnd_compositing,15.0,7835BG012877,qbasis,spatial_residual_exceeds_threshold,warning,510.49999999999994,504.42449999999997,6.075499999999977,5,80.0,flag_for_review,pending
post_compositing_QC,qnd_compositing,20.0,7835BG012915,qbasis,spatial_residual_exceeds_threshold,warning,511.75,506.74260162601627,5.007398373983733,5,123.0,flag_for_review,pending
post_compositing_QC,qnd_compositing,46.0,7835BG013120,qbasis,spatial_residual_exceeds_threshold,warning,505.4,510.49059829059837,-5.090598290598393,5,117.0,flag_for_review,pending
post_compositing_QC,qnd_compositing,85.0,7835BG011379,qbasis,spatial_residual_exceeds_threshold,warning,511.15999999999997,505.90336448598134,5.256635514018626,5,107.0,flag_for_review,pending
post_compositing_QC,qnd_compositing,108.0,7835BG012007,qbasis,spatial_residual_exceeds_threshold,warning,510.5,501.5505063291139,8.949493670886113,5,79.0,flag_for_review,pending
post_compositing_QC,qnd_compositing,109.0,7835BG012008,qbasis,spatial_residual_exceeds_threshold,warning,511.5,501.1150666666666,10.384933333333379,5,75.0,flag_for_review,pending
post_compositing_QC,qnd_compositing,110.0,7835BG012009,qbasis,spatial_residual_exceeds_threshold,warning,511.5,500.7420833333333,10.757916666666688,5,72.0,flag_for_review,pending
post_compositing_QC,qnd_compositing,118.0,7835BG012194,qbasis,spatial_residual_exceeds_threshold,warning,497.09999999999997,509.9355681818181,-12.835568181818132,5,88.0,flag_for_review,pending
post_compositing_QC,qnd_compositing,119.0,7835BG012197,qbasis,spatial_residual_exceeds_threshold,warning,495.09999999999997,510.3828181818182,-15.282818181818243,5,110.0,flag_for_review,pending
post_compositing_QC,qnd_compositing,120.0,7835BG012198,qbasis,spatial_residual_exceeds_threshold,warning,494.90000000000003,510.56964285714287,-15.669642857142833,5,112.0,flag_for_review,pending
post_compositing_QC,qnd_compositing,121.0,7835BG012011,qbasis,spatial_residual_exceeds_threshold,warning,510.5,504.6985294117647,5.801470588235304,5,34.0,flag_for_review,pending
post_compositing_QC,qnd_compositing,135.0,7835BG012202,qbasis,spatial_residual_exceeds_threshold,warning,498.3,510.1331132075471,-11.833113207547115,5,106.0,flag_for_review,pending
post_compositing_QC,qnd_compositing,136.0,7835BG012204,qbasis,spatial_residual_exceeds_threshold,warning,497.40000000000003,510.339,-12.938999999999965,5,120.0,flag_for_review,pending
post_compositing_QC,qnd_compositing,141.0,7835BG011992,qbasis,spatial_residual_exceeds_threshold,warning,512.2,506.5755737704918,5.624426229508231,5,122.0,flag_for_review,pending
post_compositing_QC,qnd_compositing,142.0,7835BG011993,qbasis,spatial_residual_exceeds_threshold,warning,511.1,505.896261682243,5.203738317757029,5,107.0,flag_for_review,pending
post_compositing_QC,qnd_compositing,146.0,7835BG011945,qbasis,spatial_residual_exceeds_threshold,warning,510.5,504.55891891891895,5.941081081081052,5,74.0,flag_for_review,pending
post_compositing_QC,qnd_compositing,168.0,7835BG011954,qbasis,spatial_residual_exceeds_threshold,warning,510.0,504.6393965517242,5.3606034482758105,5,116.0,flag_for_review,pending
post_compositing_QC,qnd_compositing,186.0,7835BG012305,qbasis,spatial_residual_exceeds_threshold,warning,518.0,511.0879906542056,6.912009345794388,5,214.0,flag_for_review,pending
post_compositing_QC,qnd_compositing,205.0,7835BG012313,qbasis,spatial_residual_exceeds_threshold,warning,514.9,508.2206666666667,6.679333333333261,5,15.0,flag_for_review,pending
post_compositing_QC,qnd_compositing,266.0,7835BG011121,qbasis,spatial_residual_exceeds_threshold,warning,509.47,502.29327868852465,7.176721311475376,5,61.0,flag_for_review,pending
post_compositing_QC,qnd_compositing,358.0,7835BG011109,qbasis,spatial_residual_exceeds_threshold,warning,508.71,502.811978021978,5.898021978021973,5,91.0,flag_for_review,pending
post_compositing_QC,qnd_compositing,361.0,7835BG009281,qbasis,spatial_residual_exceeds_threshold,warning,503.15,508.9494074074074,-5.799407407407443,5,135.0,flag_for_review,pending
post_compositing_QC,qnd_compositing,380.0,7835BG008596,qbasis,spatial_residual_exceeds_threshold,warning,503.03,508.54190476190473,-5.511904761904759,5,84.0,flag_for_review,pending
post_compositing_QC,qnd_compositing,381.0,7835BG008597,qbasis,spatial_residual_exceeds_threshold,warning,501.18,509.25766666666664,-8.07766666666663,5,120.0,flag_for_review,pending
post_compositing_QC,qnd_compositing,389.0,7835BG009614,qbasis,spatial_residual_exceeds_threshold,warning,510.97,501.7955,9.174500000000023,5,80.0,flag_for_review,pending
post_compositing_QC,qnd_compositing,394.0,7835BG008667,qbasis,spatial_residual_exceeds_threshold,warning,514.91,508.51875,6.391249999999957,5,16.0,flag_for_review,pending
post_compositing_QC,qnd_compositing,397.0,7835BG008738,qbasis,spatial_residual_exceeds_threshold,warning,503.70000000000005,510.3924590163935,-6.692459016393457,5,122.0,flag_for_review,pending
post_compositing_QC,qnd_compositing,404.0,7835BG009148,qbasis,spatial_residual_exceeds_threshold,warning,509.22,503.54170000000005,5.678299999999979,5,100.0,flag_for_review,pending
post_compositing_QC,qnd_compositing,405.0,7835BG009150,qbasis,spatial_residual_exceeds_threshold,warning,510.29,502.3624418604652,7.927558139534824,5,86.0,flag_for_review,pending
post_compositing_QC,qnd_compositing,430.0,7835BG009109,qbasis,spatial_residual_exceeds_threshold,warning,508.78000000000003,503.6597087378641,5.120291262135936,5,103.0,flag_for_review,pending
post_compositing_QC,qnd_compositing,431.0,7835BG009110,qbasis,spatial_residual_exceeds_threshold,warning,509.93,501.0821917808219,8.847808219178091,5,73.0,flag_for_review,pending
post_compositing_QC,qnd_compositing,494.0,7835BG009788,qbasis,spatial_residual_exceeds_threshold,warning,513.5,501.52179487179495,11.978205128205047,5,78.0,flag_for_review,pending
post_compositing_QC,qnd_compositing,514.0,7835BG009513,qbasis,spatial_residual_exceeds_threshold,warning,516.01,498.07803571428576,17.93196428571423,5,56.0,flag_for_review,pending
post_compositing_QC,qnd_compositing,517.0,7835BG009520,qbasis,spatial_residual_exceeds_threshold,warning,509.78000000000003,502.401511627907,7.378488372093045,5,86.0,flag_for_review,pending
post_compositing_QC,qnd_compositing,525.0,7835BG009528,qbasis,spatial_residual_exceeds_threshold,warning,510.5,502.3931395348837,8.106860465116313,5,86.0,flag_for_review,pending
post_compositing_QC,qnd_compositing,567.0,7835BG007839,qbasis,spatial_residual_exceeds_threshold,warning,507.01,512.4331465517241,-5.42314655172413,5,232.0,flag_for_review,pending
post_compositing_QC,qnd_compositing,582.0,7835BG008382,qbasis,spatial_residual_exceeds_threshold,warning,508.79999999999995,502.8009090909091,5.999090909090853,5,66.0,flag_for_review,pending
post_compositing_QC,qnd_compositing,588.0,7835BG007841,qbasis,spatial_residual_exceeds_threshold,warning,517.08,510.67505050505054,6.404949494949506,5,198.0,flag_for_review,pending
post_compositing_QC,qnd_compositing,602.0,7835BG009745,qbasis,spatial_residual_exceeds_threshold,warning,509.33000000000004,501.05986486486495,8.270135135135092,5,74.0,flag_for_review,pending
post_compositing_QC,qnd_compositing,611.0,7835BG009759,qbasis,spatial_residual_exceeds_threshold,warning,510.03000000000003,500.52357142857153,9.5064285714285,5,70.0,flag_for_review,pending
post_compositing_QC,qnd_compositing,638.0,7835BG008595,qbasis,spatial_residual_exceeds_threshold,warning,503.12,508.99898148148145,-5.878981481481446,5,108.0,flag_for_review,pending
post_compositing_QC,qnd_compositing,656.0,7835BG009475,qbasis,spatial_residual_exceeds_threshold,warning,511.03,504.8181666666667,6.2118333333332885,5,120.0,flag_for_review,pending
post_compositing_QC,qnd_compositing,677.0,7835BG009661,qbasis,spatial_residual_exceeds_threshold,warning,510.42999999999995,502.36081395348845,8.069186046511504,5,86.0,flag_for_review,pending
post_compositing_QC,qnd_compositing,678.0,7835BG009681,qbasis,spatial_residual_exceeds_threshold,warning,511.01,501.8796296296296,9.130370370370372,5,81.0,flag_for_review,pending
post_compositing_QC,qnd_compositing,689.0,7835BG010379,qbasis,spatial_residual_exceeds_threshold,warning,500.54,511.25221402214015,-10.712214022140131,5,271.0,flag_for_review,pending
post_compositing_QC,qnd_compositing,722.0,7835BG009130,qbasis,spatial_residual_exceeds_threshold,warning,504.6,511.16435146443513,-6.564351464435106,5,239.0,flag_for_review,pending
post_compositing_QC,qnd_compositing,727.0,7835BG009789,qbasis,spatial_residual_exceeds_threshold,warning,511.06999999999994,501.8788888888888,9.191111111111127,5,81.0,flag_for_review,pending
post_compositing_QC,qnd_compositing,728.0,7835BG012304,qbasis,spatial_residual_exceeds_threshold,warning,518.75,511.16568075117374,7.584319248826262,5,213.0,flag_for_review,pending
post_compositing_QC,qnd_compositing,730.0,7835BG011946,qbasis,spatial_residual_exceeds_threshold,warning,511.0,504.15012987012994,6.849870129870055,5,77.0,flag_for_review,pending
post_compositing_QC,qnd_compositing,743.0,7835BG009149,qbasis,spatial_residual_exceeds_threshold,warning,509.39000000000004,502.17404761904766,7.215952380952388,5,84.0,flag_for_review,pending
post_compositing_QC,qnd_compositing,762.0,7835BG012010,qbasis,spatial_residual_exceeds_threshold,warning,511.0,501.4344871794873,9.565512820512708,5,78.0,flag_for_review,pending
post_compositing_QC,qnd_compositing,793.0,7835BG012874,qbasis,spatial_residual_exceeds_threshold,warning,510.79999999999995,505.374,5.425999999999931,5,85.0,flag_for_review,pending
post_compositing_QC,qnd_compositing,797.0,7835BG012195,qbasis,spatial_residual_exceeds_threshold,warning,495.45000000000005,510.2084782608696,-14.758478260869538,5,92.0,flag_for_review,pending
post_compositing_QC,qnd_compositing,804.0,7835BG011362,qbasis,spatial_residual_exceeds_threshold,warning,517.22,511.8340298507461,5.385970149253922,5,134.0,flag_for_review,pending
post_compositing_QC,qnd_compositing,813.0,7835BG007557,qbasis,spatial_residual_exceeds_threshold,warning,515.1,509.7101904761905,5.389809523809504,5,105.0,flag_for_review,pending
post_compositing_QC,qnd_compositing,819.0,7835BG002099,qbasis,spatial_residual_exceeds_threshold,warning,509.70000000000005,504.1896296296297,5.510370370370367,5,108.0,flag_for_review,pending
post_compositing_QC,qnd_compositing,831.0,7835BG000825,qbasis,spatial_residual_exceeds_threshold,warning,512.4699999999999,503.20677083333334,9.263229166666576,5,96.0,flag_for_review,pending
post_compositing_QC,qnd_compositing,911.0,7835BG007177,qbasis,spatial_residual_exceeds_threshold,warning,489.29999999999995,512.6725000000001,-23.372500000000173,5,176.0,flag_for_review,pending
post_compositing_QC,qnd_compositing,956.0,7835BG004034,qbasis,spatial_residual_exceeds_threshold,warning,507.79999999999995,513.334954954955,-5.534954954955083,5,111.0,flag_for_review,pending
post_compositing_QC,qnd_compositing,1003.0,7835BG007092,qbasis,spatial_residual_exceeds_threshold,warning,493.2,510.8805517241379,-17.6805517241379,5,290.0,flag_for_review,pending
post_compositing_QC,qnd_compositing,1015.0,7835BG004148,qbasis,spatial_residual_exceeds_threshold,warning,505.7,510.73912698412704,-5.039126984127051,5,126.0,flag_for_review,pending
post_compositing_QC,qnd_compositing,1116.0,7835BG007013,qbasis,spatial_residual_exceeds_threshold,warning,509.70000000000005,502.5932584269663,7.10674157303373,5,89.0,flag_for_review,pending
post_compositing_QC,qnd_compositing,1141.0,7835BG005523,qbasis,spatial_residual_exceeds_threshold,warning,498.65,509.4854285714285,-10.835428571428508,5,140.0,flag_for_review,pending
post_compositing_QC,qnd_compositing,1167.0,7835BG001298,qbasis,spatial_residual_exceeds_threshold,warning,514.5,502.98021505376346,11.519784946236541,5,93.0,flag_for_review,pending
post_compositing_QC,qnd_compositing,1186.0,7835BG000826,qbasis,spatial_residual_exceeds_threshold,warning,514.61,506.681507936508,7.928492063492001,5,126.0,flag_for_review,pending
post_compositing_QC,qnd_compositing,1201.0,7835BG000858,qbasis,spatial_residual_exceeds_threshold,warning,512.83,504.0931775700935,8.736822429906567,5,107.0,flag_for_review,pending
post_compositing_QC,qnd_compositing,1202.0,7835BG000975,qbasis,spatial_residual_exceeds_threshold,warning,518.21,511.7852083333334,6.424791666666636,5,48.0,flag_for_review,pending
post_compositing_QC,qnd_compositing,1204.0,7835BG001433,qbasis,spatial_residual_exceeds_threshold,warning,515.9,510.27419161676653,5.625808383233448,5,167.0,flag_for_review,pending
post_compositing_QC,qnd_compositing,1246.0,7835BG000615,qbasis,spatial_residual_exceeds_threshold,warning,514.6,501.5375641025642,13.062435897435819,5,78.0,flag_for_review,pending
post_compositing_QC,qnd_compositing,1251.0,7835BG000908,qbasis,spatial_residual_exceeds_threshold,warning,510.64000000000004,502.585,8.055000000000064,5,88.0,flag_for_review,pending
post_compositing_QC,qnd_compositing,1255.0,7835BG001516,qbasis,spatial_residual_exceeds_threshold,warning,476.59999999999997,510.94345323741015,-34.34345323741019,5,278.0,flag_for_review,pending
post_compositing_QC,qnd_compositing,1271.0,7835BG002443,qbasis,spatial_residual_exceeds_threshold,warning,510.4,502.4755555555556,7.924444444444362,5,63.0,flag_for_review,pending
post_compositing_QC,qnd_compositing,1344.0,7835BG003008,qbasis,spatial_residual_exceeds_threshold,warning,508.09999999999997,513.3625274725275,-5.262527472527552,5,91.0,flag_for_review,pending
post_compositing_QC,qnd_compositing,1360.0,7835BG003857,qbasis,spatial_residual_exceeds_threshold,warning,514.85,509.21884353741495,5.631156462585068,5,147.0,flag_for_review,pending
post_compositing_QC,qnd_compositing,1365.0,7835BG003996,qbasis,spatial_residual_exceeds_threshold,warning,507.7,513.0622413793103,-5.362241379310319,5,58.0,flag_for_review,pending
post_compositing_QC,qnd_compositing,1381.0,7835BG003879,qbasis,spatial_residual_exceeds_threshold,warning,507.45000000000005,513.365867768595,-5.9158677685949215,5,121.0,flag_for_review,pending
post_compositing_QC,qnd_compositing,1386.0,7835BG004017,qbasis,spatial_residual_exceeds_threshold,warning,508.04999999999995,513.3609090909091,-5.310909090909149,5,121.0,flag_for_review,pending
post_compositing_QC,qnd_compositing,1411.0,7835BG004050,qbasis,spatial_residual_exceeds_threshold,warning,507.5,513.1250793650793,-5.625079365079273,5,63.0,flag_for_review,pending
post_compositing_QC,qnd_compositing,1418.0,7835BG004321,qbasis,spatial_residual_exceeds_threshold,warning,500.99999999999994,509.55360902255643,-8.553609022556486,5,133.0,flag_for_review,pending
post_compositing_QC,qnd_compositing,1419.0,7835BG004323,qbasis,spatial_residual_exceeds_threshold,warning,491.09999999999997,511.2671739130435,-20.16717391304354,5,230.0,flag_for_review,pending
post_compositing_QC,qnd_compositing,1448.0,7835BG004096,qbasis,spatial_residual_exceeds_threshold,warning,509.0,502.7838888888889,6.216111111111104,5,90.0,flag_for_review,pending
post_compositing_QC,qnd_compositing,1449.0,7835BG004097,qbasis,spatial_residual_exceeds_threshold,warning,510.7,502.89065217391305,7.809347826086935,5,92.0,flag_for_review,pending
post_compositing_QC,qnd_compositing,1484.0,7835BG005246,qbasis,spatial_residual_exceeds_threshold,warning,500.6,511.2664705882352,-10.6664705882352,5,306.0,flag_for_review,pending
post_compositing_QC,qnd_compositing,1506.0,7835BG005146,qbasis,spatial_residual_exceeds_threshold,warning,517.1,510.8839748953975,6.216025104602522,5,239.0,flag_for_review,pending
post_compositing_QC,qnd_compositing,1560.0,7835BG005525,qbasis,spatial_residual_exceeds_threshold,warning,499.45,509.6341428571429,-10.184142857142888,5,140.0,flag_for_review,pending
post_compositing_QC,qnd_compositing,1604.0,7835BG004208,qbasis,spatial_residual_exceeds_threshold,warning,507.4,512.6179166666666,-5.217916666666611,5,120.0,flag_for_review,pending
post_compositing_QC,qnd_compositing,1613.0,7835BG005092,qbasis,spatial_residual_exceeds_threshold,warning,509.6,500.09522388059696,9.504776119403061,5,67.0,flag_for_review,pending
post_compositing_QC,qnd_compositing,1614.0,7835BG005093,qbasis,spatial_residual_exceeds_threshold,warning,510.85,501.2769736842106,9.573026315789434,5,76.0,flag_for_review,pending
post_compositing_QC,qnd_compositing,1615.0,7835BG005094,qbasis,spatial_residual_exceeds_threshold,warning,511.0,502.09481927710846,8.905180722891544,5,83.0,flag_for_review,pending
post_compositing_QC,qnd_compositing,1616.0,7835BG005097,qbasis,spatial_residual_exceeds_threshold,warning,511.3,502.77388888888896,8.52611111111105,5,90.0,flag_for_review,pending
post_compositing_QC,qnd_compositing,1664.0,7835BG007175,qbasis,spatial_residual_exceeds_threshold,warning,487.0,512.6855681818182,-25.685568181818212,5,176.0,flag_for_review,pending
post_compositing_QC,qnd_compositing,1846.0,7835BG007011,qbasis,spatial_residual_exceeds_threshold,warning,510.20000000000005,502.7406666666667,7.459333333333348,5,90.0,flag_for_review,pending
post_compositing_QC,qnd_compositing,1847.0,7835BG007012,qbasis,spatial_residual_exceeds_threshold,warning,510.50000000000006,502.70388888888897,7.796111111111088,5,90.0,flag_for_review,pending
post_compositing_QC,qnd_compositing,1848.0,7835BG007014,qbasis,spatial_residual_exceeds_threshold,warning,509.30000000000007,502.8197802197802,6.480219780219841,5,91.0,flag_for_review,pending
post_compositing_QC,qnd_compositing,1849.0,7835BG007015,qbasis,spatial_residual_exceeds_threshold,warning,509.69999999999993,502.75934065934064,6.940659340659295,5,91.0,flag_for_review,pending
post_compositing_QC,qnd_compositing,1871.0,7835BG007087,qbasis,spatial_residual_exceeds_threshold,warning,493.2,510.92866438356157,-17.72866438356158,5,292.0,flag_for_review,pending
post_compositing_QC,qnd_compositing,1876.0,7835BG007094,qbasis,spatial_residual_exceeds_threshold,warning,493.29999999999995,510.8784280936455,-17.578428093645527,5,299.0,flag_for_review,pending
post_compositing_QC,qnd_compositing,1879.0,7835BG007098,qbasis,spatial_residual_exceeds_threshold,warning,492.9,510.94143356643355,-18.041433566433568,5,286.0,flag_for_review,pending
post_compositing_QC,qnd_compositing,1880.0,7835BG007100,qbasis,spatial_residual_exceeds_threshold,warning,493.5,510.94017361111116,-17.440173611111163,5,288.0,flag_for_review,pending
post_compositing_QC,qnd_compositing,1883.0,7835BG007104,qbasis,spatial_residual_exceeds_threshold,warning,493.2,510.8805517241379,-17.6805517241379,5,290.0,flag_for_review,pending
post_compositing_QC,qnd_compositing,1912.0,7835BG007550,qbasis,spatial_residual_exceeds_threshold,warning,345.0,511.42392617449667,-166.42392617449667,5,298.0,flag_for_review,pending
post_compositing_QC,qnd_compositing,1913.0,7835BG007540,qbasis,spatial_residual_exceeds_threshold,warning,308.20000000000005,502.11796610169495,-193.9179661016949,5,59.0,flag_for_review,pending
post_compositing_QC,qnd_compositing,1916.0,7835BG015109,qbasis,spatial_residual_exceeds_threshold,warning,510.65000000000003,503.03970149253735,7.610298507462687,5,67.0,flag_for_review,pending
post_compositing_QC,qnd_compositing,1918.0,7835BG015125,qbasis,spatial_residual_exceeds_threshold,warning,305.52,504.4185185185185,-198.89851851851853,5,81.0,flag_for_review,pending
post_compositing_QC,qnd_compositing,1925.0,7835BG015124,qbasis,spatial_residual_exceeds_threshold,warning,310.20000000000005,504.8334831460674,-194.63348314606736,5,89.0,flag_for_review,pending
post_compositing_QC,qnd_compositing,1939.0,7835BG015569,qbasis,spatial_residual_exceeds_threshold,warning,504.30000000000007,510.22212389380536,-5.922123893805292,5,113.0,flag_for_review,pending
post_compositing_QC,qnd_compositing,1961.0,7835BG015788,qbasis,spatial_residual_exceeds_threshold,warning,426.8,513.53,-86.72999999999996,5,26.0,flag_for_review,pending
post_compositing_QC,qnd_compositing,1963.0,7835BG015772,qbasis,spatial_residual_exceeds_threshold,warning,508.6,503.3203092783505,5.2796907216495015,5,97.0,flag_for_review,pending
post_compositing_QC,qnd_compositing,1975.0,7835BG015925,qbasis,spatial_residual_exceeds_threshold,warning,511.5,502.9892553191489,8.510744680851076,5,94.0,flag_for_review,pending
post_compositing_QC,qnd_compositing,1988.0,7835BG015739,qbasis,spatial_residual_exceeds_threshold,warning,515.0,505.05138888888894,9.948611111111063,5,36.0,flag_for_review,pending
post_compositing_QC,qnd_compositing,2019.0,7835BG016023,qbasis,spatial_residual_exceeds_threshold,warning,505.0,510.29480769230764,-5.294807692307643,5,52.0,flag_for_review,pending
post_compositing_QC,qnd_compositing,2023.0,7835BG016887,qbasis,spatial_residual_exceeds_threshold,warning,506.65,512.7618835616438,-6.111883561643822,5,292.0,flag_for_review,pending
post_compositing_QC,qnd_compositing,2038.0,7835BG017180,qbasis,spatial_residual_exceeds_threshold,warning,504.42999999999995,510.90942528735627,-6.479425287356321,5,261.0,flag_for_review,pending
post_compositing_QC,qnd_compositing,2050.0,7835BG016992,qbasis,spatial_residual_exceeds_threshold,warning,459.2,511.2414754098361,-52.041475409836096,5,183.0,flag_for_review,pending
post_compositing_QC,qnd_compositing,2051.0,7835BG017148,qbasis,spatial_residual_exceeds_threshold,warning,464.14,510.7645595854923,-46.62455958549231,5,193.0,flag_for_review,pending
post_compositing_QC,qnd_compositing,2053.0,7835BG017457,qbasis,spatial_residual_exceeds_threshold,warning,459.49999999999994,509.8348148148148,-50.33481481481488,5,108.0,flag_for_review,pending
post_compositing_QC,qnd_compositing,2061.0,7835BG017347,qbasis,spatial_residual_exceeds_threshold,warning,511.8,502.8877419354839,8.912258064516095,5,93.0,flag_for_review,pending
post_compositing_QC,qnd_compositing,2076.0,7835BG017471,qbasis,spatial_residual_exceeds_threshold,warning,462.12000000000006,510.9839272727273,-48.86392727272727,5,275.0,flag_for_review,pending
post_compositing_QC,qnd_compositing,2078.0,7835BG017346,qbasis,spatial_residual_exceeds_threshold,warning,509.5,502.86184782608706,6.6381521739129425,5,92.0,flag_for_review,pending
post_compositing_QC,qnd_compositing,2080.0,7835BG017468,qbasis,spatial_residual_exceeds_threshold,warning,503.75000000000006,510.8002542372882,-7.050254237288129,5,236.0,flag_for_review,pending
post_compositing_QC,qnd_compositing,2091.0,7835BG017793,qbasis,spatial_residual_exceeds_threshold,warning,519.67,513.701111111111,5.968888888888955,5,90.0,flag_for_review,pending
post_compositing_QC,qnd_compositing,2103.0,7835BG010147,qbasis,spatial_residual_exceeds_threshold,warning,501.9599999999999,509.10044642857144,-7.140446428571522,5,112.0,flag_for_review,pending
post_compositing_QC,qnd_compositing,2110.0,7835BG017631,qbasis,spatial_residual_exceeds_threshold,warning,491.0,511.30835443037984,-20.308354430379836,5,237.0,flag_for_review,pending
post_compositing_QC,qnd_compositing,2111.0,7835BG017630,qbasis,spatial_residual_exceeds_threshold,warning,491.7,511.2935193133047,-19.59351931330474,5,233.0,flag_for_review,pending
post_compositing_QC,qnd_compositing,2115.0,7835BG017624,qbasis,spatial_residual_exceeds_threshold,warning,499.9,511.4916585365854,-11.591658536585442,5,205.0,flag_for_review,pending
post_compositing_QC,qnd_compositing,2128.0,7835BG015789,qbasis,spatial_residual_exceeds_threshold,warning,463.5,512.7762500000001,-49.27625000000012,5,40.0,flag_for_review,pending
post_compositing_QC,qnd_compositing,2136.0,7835BG018051,qbasis,spatial_residual_exceeds_threshold,warning,459.42999999999995,510.8876646706587,-51.457664670658744,5,167.0,flag_for_review,pending
post_compositing_QC,qnd_compositing,2145.0,7835BG018943,qbasis,spatial_residual_exceeds_threshold,warning,464.9,503.38836956521743,-38.488369565217454,5,92.0,flag_for_review,pending
post_compositing_QC,qnd_compositing,2147.0,7835BG018944,qbasis,spatial_residual_exceeds_threshold,warning,464.9,503.1886666666667,-38.2886666666667,5,90.0,flag_for_review,pending
geological,qnd_compositing,138.0,7835BG011892,qbasis,base_not_identified,warning,,,,,,legacy_excluded,pending
geological,qnd_compositing,345.0,7835BG009095,qbasis,base_not_identified,warning,,,,,,legacy_excluded,pending
geological,qnd_compositing,349.0,7835BG009264,qbasis,base_not_identified,warning,,,,,,legacy_excluded,pending
geological,qnd_compositing,382.0,7835BG008598,qbasis,base_not_identified,warning,,,,,,legacy_excluded,pending
geological,qnd_compositing,428.0,7835BG009105,qbasis,base_not_identified,warning,,,,,,legacy_excluded,pending
geological,qnd_compositing,429.0,7835BG009108,qbasis,base_not_identified,warning,,,,,,legacy_excluded,pending
geological,qnd_compositing,457.0,7835BG009230,qbasis,base_not_identified,warning,,,,,,legacy_excluded,pending
geological,qnd_compositing,462.0,7835BG009125,qbasis,base_not_identified,warning,,,,,,legacy_excluded,pending
geological,qnd_compositing,554.0,7835BG007780,qbasis,base_not_identified,warning,,,,,,legacy_excluded,pending
geological,qnd_compositing,584.0,7835BG017223,qbasis,base_not_identified,warning,,,,,,legacy_excluded,pending
geological,qnd_compositing,599.0,7835BG009094,qbasis,base_not_identified,warning,,,,,,legacy_excluded,pending
geological,qnd_compositing,668.0,7835BG007662,qbasis,base_not_identified,warning,,,,,,legacy_excluded,pending
geological,qnd_compositing,812.0,7835BG017258,qbasis,base_not_identified,warning,,,,,,legacy_excluded,pending
geological,qnd_compositing,851.0,7835BG000656,qbasis,base_not_identified,warning,,,,,,legacy_excluded,pending
geological,qnd_compositing,944.0,7835BG000265,qbasis,base_not_identified,warning,,,,,,legacy_excluded,pending
geological,qnd_compositing,966.0,7835BG005148,qbasis,base_not_identified,warning,,,,,,legacy_excluded,pending
geological,qnd_compositing,980.0,7835BG000654,qbasis,base_not_identified,warning,,,,,,legacy_excluded,pending
geological,qnd_compositing,981.0,7835BG000655,qbasis,base_not_identified,warning,,,,,,legacy_excluded,pending
geological,qnd_compositing,1002.0,7835BG007088,qbasis,base_not_identified,warning,,,,,,legacy_excluded,pending
geological,qnd_compositing,1004.0,7835BG007096,qbasis,base_not_identified,warning,,,,,,legacy_excluded,pending
geological,qnd_compositing,1005.0,7835BG007099,qbasis,base_not_identified,warning,,,,,,legacy_excluded,pending
geological,qnd_compositing,1006.0,7835BG007103,qbasis,base_not_identified,warning,,,,,,legacy_excluded,pending
geological,qnd_compositing,1023.0,7835BG003909,qbasis,base_not_identified,warning,,,,,,legacy_excluded,pending
geological,qnd_compositing,1045.0,7835BG002248,qbasis,base_not_identified,warning,,,,,,legacy_excluded,pending
geological,qnd_compositing,1050.0,7835BG007115,qbasis,base_not_identified,warning,,,,,,legacy_excluded,pending
geological,qnd_compositing,1093.0,7835BG004368,qbasis,base_not_identified,warning,,,,,,legacy_excluded,pending
geological,qnd_compositing,1139.0,7835BG003625,qbasis,base_not_identified,warning,,,,,,legacy_excluded,pending
geological,qnd_compositing,1142.0,7835BG005527,qbasis,base_not_identified,warning,,,,,,legacy_excluded,pending
geological,qnd_compositing,1157.0,7835BG000652,qbasis,base_not_identified,warning,,,,,,legacy_excluded,pending
geological,qnd_compositing,1159.0,7835BG000658,qbasis,base_not_identified,warning,,,,,,legacy_excluded,pending
geological,qnd_compositing,1160.0,7835BG000665,qbasis,base_not_identified,warning,,,,,,legacy_excluded,pending
geological,qnd_compositing,1161.0,7835BG000674,qbasis,base_not_identified,warning,,,,,,legacy_excluded,pending
geological,qnd_compositing,1165.0,7835BG001430,qbasis,base_not_identified,warning,,,,,,legacy_excluded,pending
geological,qnd_compositing,1187.0,7835BG001438,qbasis,base_not_identified,warning,,,,,,legacy_excluded,pending
geological,qnd_compositing,1195.0,7835BG000828,qbasis,base_not_identified,warning,,,,,,legacy_excluded,pending
geological,qnd_compositing,1198.0,7835BG000843,qbasis,base_not_identified,warning,,,,,,legacy_excluded,pending
geological,qnd_compositing,1200.0,7835BG000845,qbasis,base_not_identified,warning,,,,,,legacy_excluded,pending
geological,qnd_compositing,1215.0,7835BG000263,qbasis,base_not_identified,warning,,,,,,legacy_excluded,pending
geological,qnd_compositing,1248.0,7835BG000632,qbasis,base_not_identified,warning,,,,,,legacy_excluded,pending
geological,qnd_compositing,1253.0,7835BG000644,qbasis,base_not_identified,warning,,,,,,legacy_excluded,pending
geological,qnd_compositing,1357.0,7835BG003853,qbasis,base_not_identified,warning,,,,,,legacy_excluded,pending
geological,qnd_compositing,1480.0,7835BG005241,qbasis,base_not_identified,warning,,,,,,legacy_excluded,pending
geological,qnd_compositing,1508.0,7835BG005149,qbasis,base_not_identified,warning,,,,,,legacy_excluded,pending
geological,qnd_compositing,1509.0,7835BG005150,qbasis,base_not_identified,warning,,,,,,legacy_excluded,pending
geological,qnd_compositing,1559.0,7835BG005524,qbasis,base_not_identified,warning,,,,,,legacy_excluded,pending
geological,qnd_compositing,1561.0,7835BG005526,qbasis,base_not_identified,warning,,,,,,legacy_excluded,pending
geological,qnd_compositing,1591.0,7835BG005550,qbasis,base_not_identified,warning,,,,,,legacy_excluded,pending
geological,qnd_compositing,1707.0,7835BG006473,qbasis,base_not_identified,warning,,,,,,legacy_excluded,pending
geological,qnd_compositing,1869.0,7835BG007085,qbasis,base_not_identified,warning,,,,,,legacy_excluded,pending
geological,qnd_compositing,1870.0,7835BG007086,qbasis,base_not_identified,warning,,,,,,legacy_excluded,pending
geological,qnd_compositing,1872.0,7835BG007089,qbasis,base_not_identified,warning,,,,,,legacy_excluded,pending
geological,qnd_compositing,1873.0,7835BG007090,qbasis,base_not_identified,warning,,,,,,legacy_excluded,pending
geological,qnd_compositing,1874.0,7835BG007091,qbasis,base_not_identified,warning,,,,,,legacy_excluded,pending
geological,qnd_compositing,1875.0,7835BG007093,qbasis,base_not_identified,warning,,,,,,legacy_excluded,pending
geological,qnd_compositing,1877.0,7835BG007095,qbasis,base_not_identified,warning,,,,,,legacy_excluded,pending
geological,qnd_compositing,1878.0,7835BG007097,qbasis,base_not_identified,warning,,,,,,legacy_excluded,pending
geological,qnd_compositing,1881.0,7835BG007101,qbasis,base_not_identified,warning,,,,,,legacy_excluded,pending
geological,qnd_compositing,1882.0,7835BG007102,qbasis,base_not_identified,warning,,,,,,legacy_excluded,pending
geological,qnd_compositing,1884.0,7835BG007105,qbasis,base_not_identified,warning,,,,,,legacy_excluded,pending
geological,qnd_compositing,1891.0,7835BG007114,qbasis,base_not_identified,warning,,,,,,legacy_excluded,pending
geological,qnd_compositing,1892.0,7835BG007116,qbasis,base_not_identified,warning,,,,,,legacy_excluded,pending
geological,qnd_compositing,1893.0,7835BG007117,qbasis,base_not_identified,warning,,,,,,legacy_excluded,pending
geological,qnd_compositing,1914.0,7835BG015971,qbasis,base_not_identified,warning,,,,,,legacy_excluded,pending
geological,qnd_compositing,1915.0,7835BG015973,qbasis,base_not_identified,warning,,,,,,legacy_excluded,pending
geological,qnd_compositing,1917.0,7835BG015103,qbasis,base_not_identified,warning,,,,,,legacy_excluded,pending
geological,qnd_compositing,1919.0,7835BG015033,qbasis,base_not_identified,warning,,,,,,legacy_excluded,pending
geological,qnd_compositing,1920.0,7835BG015164,qbasis,base_not_identified,warning,,,,,,legacy_excluded,pending
geological,qnd_compositing,1921.0,7835BG015024,qbasis,base_not_identified,warning,,,,,,legacy_excluded,pending
geological,qnd_compositing,1922.0,7835BG015240,qbasis,base_not_identified,warning,,,,,,legacy_excluded,pending
geological,qnd_compositing,1923.0,7835BG015087,qbasis,base_not_identified,warning,,,,,,legacy_excluded,pending
geological,qnd_compositing,1924.0,7835BG015393,qbasis,base_not_identified,warning,,,,,,legacy_excluded,pending
geological,qnd_compositing,1926.0,7835BG015081,qbasis,base_not_identified,warning,,,,,,legacy_excluded,pending
geological,qnd_compositing,1927.0,7835BG015231,qbasis,base_not_identified,warning,,,,,,legacy_excluded,pending
geological,qnd_compositing,1930.0,7835BG015462,qbasis,base_not_identified,warning,,,,,,legacy_excluded,pending
geological,qnd_compositing,1935.0,7835BG015972,qbasis,base_not_identified,warning,,,,,,legacy_excluded,pending
geological,qnd_compositing,1937.0,7835BG015567,qbasis,base_not_identified,warning,,,,,,legacy_excluded,pending
geological,qnd_compositing,1945.0,7835BG015976,qbasis,base_not_identified,warning,,,,,,legacy_excluded,pending
geological,qnd_compositing,1947.0,7835BG017003,qbasis,base_not_identified,warning,,,,,,legacy_excluded,pending
geological,qnd_compositing,1951.0,7835BG016940,qbasis,base_not_identified,warning,,,,,,legacy_excluded,pending
geological,qnd_compositing,1953.0,7835BG015553,qbasis,base_not_identified,warning,,,,,,legacy_excluded,pending
geological,qnd_compositing,1954.0,7835BG015500,qbasis,base_not_identified,warning,,,,,,legacy_excluded,pending
geological,qnd_compositing,1956.0,7835BG015550,qbasis,base_not_identified,warning,,,,,,legacy_excluded,pending
geological,qnd_compositing,1957.0,7835BG015501,qbasis,base_not_identified,warning,,,,,,legacy_excluded,pending
geological,qnd_compositing,1960.0,7835BG016964,qbasis,base_not_identified,warning,,,,,,legacy_excluded,pending
geological,qnd_compositing,1962.0,7835BG016941,qbasis,base_not_identified,warning,,,,,,legacy_excluded,pending
geological,qnd_compositing,1964.0,7835BG015889,qbasis,base_not_identified,warning,,,,,,legacy_excluded,pending
geological,qnd_compositing,1965.0,7835BG016165,qbasis,base_not_identified,warning,,,,,,legacy_excluded,pending
geological,qnd_compositing,1966.0,7835BG015947,qbasis,base_not_identified,warning,,,,,,legacy_excluded,pending
geological,qnd_compositing,1967.0,7835BG015948,qbasis,base_not_identified,warning,,,,,,legacy_excluded,pending
geological,qnd_compositing,1969.0,7835BG015877,qbasis,base_not_identified,warning,,,,,,legacy_excluded,pending
geological,qnd_compositing,1971.0,7835BG016886,qbasis,base_not_identified,warning,,,,,,legacy_excluded,pending
geological,qnd_compositing,1972.0,7835BG015902,qbasis,base_not_identified,warning,,,,,,legacy_excluded,pending
geological,qnd_compositing,1973.0,7835BG015903,qbasis,base_not_identified,warning,,,,,,legacy_excluded,pending
geological,qnd_compositing,1974.0,7835BG015954,qbasis,base_not_identified,warning,,,,,,legacy_excluded,pending
geological,qnd_compositing,1976.0,7835BG015890,qbasis,base_not_identified,warning,,,,,,legacy_excluded,pending
geological,qnd_compositing,1977.0,7835BG016891,qbasis,base_not_identified,warning,,,,,,legacy_excluded,pending
geological,qnd_compositing,1978.0,7835BG015950,qbasis,base_not_identified,warning,,,,,,legacy_excluded,pending
geological,qnd_compositing,1979.0,7835BG016274,qbasis,base_not_identified,warning,,,,,,legacy_excluded,pending
geological,qnd_compositing,1980.0,7835BG015891,qbasis,base_not_identified,warning,,,,,,legacy_excluded,pending
geological,qnd_compositing,1982.0,7835BG015885,qbasis,base_not_identified,warning,,,,,,legacy_excluded,pending
geological,qnd_compositing,1983.0,7835BG016256,qbasis,base_not_identified,warning,,,,,,legacy_excluded,pending
geological,qnd_compositing,1984.0,7835BG016538,qbasis,base_not_identified,warning,,,,,,legacy_excluded,pending
geological,qnd_compositing,1985.0,7835BG016252,qbasis,base_not_identified,warning,,,,,,legacy_excluded,pending
geological,qnd_compositing,1986.0,7835BG016994,qbasis,base_not_identified,warning,,,,,,legacy_excluded,pending
geological,qnd_compositing,1987.0,7835BG016991,qbasis,base_not_identified,warning,,,,,,legacy_excluded,pending
geological,qnd_compositing,1989.0,7835BG015886,qbasis,base_not_identified,warning,,,,,,legacy_excluded,pending
geological,qnd_compositing,1990.0,7835BG015888,qbasis,base_not_identified,warning,,,,,,legacy_excluded,pending
geological,qnd_compositing,1991.0,7835BG015904,qbasis,base_not_identified,warning,,,,,,legacy_excluded,pending
geological,qnd_compositing,1992.0,7835BG015905,qbasis,base_not_identified,warning,,,,,,legacy_excluded,pending
geological,qnd_compositing,1993.0,7835BG015956,qbasis,base_not_identified,warning,,,,,,legacy_excluded,pending
geological,qnd_compositing,1994.0,7835BG015955,qbasis,base_not_identified,warning,,,,,,legacy_excluded,pending
geological,qnd_compositing,1995.0,7835BG016253,qbasis,base_not_identified,warning,,,,,,legacy_excluded,pending
geological,qnd_compositing,1996.0,7835BG016993,qbasis,base_not_identified,warning,,,,,,legacy_excluded,pending
geological,qnd_compositing,1998.0,7835BG015958,qbasis,base_not_identified,warning,,,,,,legacy_excluded,pending
geological,qnd_compositing,1999.0,7835BG015957,qbasis,base_not_identified,warning,,,,,,legacy_excluded,pending
geological,qnd_compositing,2000.0,7835BG016273,qbasis,base_not_identified,warning,,,,,,legacy_excluded,pending
geological,qnd_compositing,2001.0,7835BG015952,qbasis,base_not_identified,warning,,,,,,legacy_excluded,pending
geological,qnd_compositing,2002.0,7835BG016251,qbasis,base_not_identified,warning,,,,,,legacy_excluded,pending
geological,qnd_compositing,2004.0,7835BG015951,qbasis,base_not_identified,warning,,,,,,legacy_excluded,pending
geological,qnd_compositing,2005.0,7835BG015946,qbasis,base_not_identified,warning,,,,,,legacy_excluded,pending
geological,qnd_compositing,2006.0,7835BG015945,qbasis,base_not_identified,warning,,,,,,legacy_excluded,pending
geological,qnd_compositing,2007.0,7835BG015953,qbasis,base_not_identified,warning,,,,,,legacy_excluded,pending
geological,qnd_compositing,2008.0,7835BG016294,qbasis,base_not_identified,warning,,,,,,legacy_excluded,pending
geological,qnd_compositing,2009.0,7835BG016271,qbasis,base_not_identified,warning,,,,,,legacy_excluded,pending
geological,qnd_compositing,2010.0,7835BG016893,qbasis,base_not_identified,warning,,,,,,legacy_excluded,pending
geological,qnd_compositing,2012.0,7835BG015949,qbasis,base_not_identified,warning,,,,,,legacy_excluded,pending
geological,qnd_compositing,2013.0,7835BG016537,qbasis,base_not_identified,warning,,,,,,legacy_excluded,pending
geological,qnd_compositing,2014.0,7835BG016254,qbasis,base_not_identified,warning,,,,,,legacy_excluded,pending
geological,qnd_compositing,2015.0,7835BG015901,qbasis,base_not_identified,warning,,,,,,legacy_excluded,pending
geological,qnd_compositing,2016.0,7835BG016258,qbasis,base_not_identified,warning,,,,,,legacy_excluded,pending
geological,qnd_compositing,2017.0,7835BG016888,qbasis,base_not_identified,warning,,,,,,legacy_excluded,pending
geological,qnd_compositing,2018.0,7835BG015965,qbasis,base_not_identified,warning,,,,,,legacy_excluded,pending
geological,qnd_compositing,2020.0,7835BG016270,qbasis,base_not_identified,warning,,,,,,legacy_excluded,pending
geological,qnd_compositing,2021.0,7835BG016260,qbasis,base_not_identified,warning,,,,,,legacy_excluded,pending
geological,qnd_compositing,2022.0,7835BG016268,qbasis,base_not_identified,warning,,,,,,legacy_excluded,pending
geological,qnd_compositing,2024.0,7835BG016272,qbasis,base_not_identified,warning,,,,,,legacy_excluded,pending
geological,qnd_compositing,2025.0,7835BG016255,qbasis,base_not_identified,warning,,,,,,legacy_excluded,pending
geological,qnd_compositing,2026.0,7835BG016257,qbasis,base_not_identified,warning,,,,,,legacy_excluded,pending
geological,qnd_compositing,2028.0,7835BG016539,qbasis,base_not_identified,warning,,,,,,legacy_excluded,pending
geological,qnd_compositing,2030.0,7835BG016902,qbasis,base_not_identified,warning,,,,,,legacy_excluded,pending
geological,qnd_compositing,2032.0,7835BG016655,qbasis,base_not_identified,warning,,,,,,legacy_excluded,pending
geological,qnd_compositing,2033.0,7835BG017092,qbasis,base_not_identified,warning,,,,,,legacy_excluded,pending
geological,qnd_compositing,2034.0,7835BG017004,qbasis,base_not_identified,warning,,,,,,legacy_excluded,pending
geological,qnd_compositing,2035.0,7835BG016903,qbasis,base_not_identified,warning,,,,,,legacy_excluded,pending
geological,qnd_compositing,2036.0,7835BG017099,qbasis,base_not_identified,warning,,,,,,legacy_excluded,pending
geological,qnd_compositing,2037.0,7835BG016800,qbasis,base_not_identified,warning,,,,,,legacy_excluded,pending
geological,qnd_compositing,2039.0,7835BG017093,qbasis,base_not_identified,warning,,,,,,legacy_excluded,pending
geological,qnd_compositing,2040.0,7835BG016844,qbasis,base_not_identified,warning,,,,,,legacy_excluded,pending
geological,qnd_compositing,2042.0,7835BG017107,qbasis,base_not_identified,warning,,,,,,legacy_excluded,pending
geological,qnd_compositing,2046.0,7835BG017114,qbasis,base_not_identified,warning,,,,,,legacy_excluded,pending
geological,qnd_compositing,2048.0,7835BG017116,qbasis,base_not_identified,warning,,,,,,legacy_excluded,pending
geological,qnd_compositing,2049.0,7835BG016966,qbasis,base_not_identified,warning,,,,,,legacy_excluded,pending
geological,qnd_compositing,2052.0,7835BG017104,qbasis,base_not_identified,warning,,,,,,legacy_excluded,pending
geological,qnd_compositing,2054.0,7835BG017101,qbasis,base_not_identified,warning,,,,,,legacy_excluded,pending
geological,qnd_compositing,2056.0,7835BG017095,qbasis,base_not_identified,warning,,,,,,legacy_excluded,pending
geological,qnd_compositing,2057.0,7835BG017466,qbasis,base_not_identified,warning,,,,,,legacy_excluded,pending
geological,qnd_compositing,2058.0,7835BG017453,qbasis,base_not_identified,warning,,,,,,legacy_excluded,pending
geological,qnd_compositing,2060.0,7835BG017094,qbasis,base_not_identified,warning,,,,,,legacy_excluded,pending
geological,qnd_compositing,2064.0,7835BG017098,qbasis,base_not_identified,warning,,,,,,legacy_excluded,pending
geological,qnd_compositing,2065.0,7835BG017106,qbasis,base_not_identified,warning,,,,,,legacy_excluded,pending
geological,qnd_compositing,2066.0,7835BG017103,qbasis,base_not_identified,warning,,,,,,legacy_excluded,pending
geological,qnd_compositing,2068.0,7835BG017348,qbasis,base_not_identified,warning,,,,,,legacy_excluded,pending
geological,qnd_compositing,2069.0,7835BG017113,qbasis,base_not_identified,warning,,,,,,legacy_excluded,pending
geological,qnd_compositing,2071.0,7835BG017100,qbasis,base_not_identified,warning,,,,,,legacy_excluded,pending
geological,qnd_compositing,2075.0,7835BG017464,qbasis,base_not_identified,warning,,,,,,legacy_excluded,pending
geological,qnd_compositing,2083.0,7835BG017117,qbasis,base_not_identified,warning,,,,,,legacy_excluded,pending
geological,qnd_compositing,2084.0,7835BG017614,qbasis,base_not_identified,warning,,,,,,legacy_excluded,pending
geological,qnd_compositing,2085.0,7835BG017613,qbasis,base_not_identified,warning,,,,,,legacy_excluded,pending
geological,qnd_compositing,2086.0,7835BG017612,qbasis,base_not_identified,warning,,,,,,legacy_excluded,pending
geological,qnd_compositing,2088.0,7835BG017458,qbasis,base_not_identified,warning,,,,,,legacy_excluded,pending
geological,qnd_compositing,2089.0,7835BG017459,qbasis,base_not_identified,warning,,,,,,legacy_excluded,pending
geological,qnd_compositing,2092.0,7835BG017794,qbasis,base_not_identified,warning,,,,,,legacy_excluded,pending
geological,qnd_compositing,2095.0,7835BG017469,qbasis,base_not_identified,warning,,,,,,legacy_excluded,pending
geological,qnd_compositing,2097.0,7835BG017467,qbasis,base_not_identified,warning,,,,,,legacy_excluded,pending
geological,qnd_compositing,2099.0,7835BG017637,qbasis,base_not_identified,warning,,,,,,legacy_excluded,pending
geological,qnd_compositing,2102.0,7835BG017638,qbasis,base_not_identified,warning,,,,,,legacy_excluded,pending
geological,qnd_compositing,2107.0,7835BG017657,qbasis,base_not_identified,warning,,,,,,legacy_excluded,pending
geological,qnd_compositing,2108.0,7835BG017658,qbasis,base_not_identified,warning,,,,,,legacy_excluded,pending
geological,qnd_compositing,2112.0,7835BG017629,qbasis,base_not_identified,warning,,,,,,legacy_excluded,pending
geological,qnd_compositing,2113.0,7835BG017628,qbasis,base_not_identified,warning,,,,,,legacy_excluded,pending
geological,qnd_compositing,2114.0,7835BG017627,qbasis,base_not_identified,warning,,,,,,legacy_excluded,pending
geological,qnd_compositing,2116.0,7835BG017625,qbasis,base_not_identified,warning,,,,,,legacy_excluded,pending
geological,qnd_compositing,2117.0,7835BG017626,qbasis,base_not_identified,warning,,,,,,legacy_excluded,pending
geological,qnd_compositing,2119.0,7835BG017623,qbasis,base_not_identified,warning,,,,,,legacy_excluded,pending
geological,qnd_compositing,2120.0,7835BG017622,qbasis,base_not_identified,warning,,,,,,legacy_excluded,pending
geological,qnd_compositing,2121.0,7835BG017620,qbasis,base_not_identified,warning,,,,,,legacy_excluded,pending
geological,qnd_compositing,2122.0,7835BG017619,qbasis,base_not_identified,warning,,,,,,legacy_excluded,pending
geological,qnd_compositing,2123.0,7835BG017618,qbasis,base_not_identified,warning,,,,,,legacy_excluded,pending
geological,qnd_compositing,2124.0,7835BG017616,qbasis,base_not_identified,warning,,,,,,legacy_excluded,pending
geological,qnd_compositing,2125.0,7835BG017617,qbasis,base_not_identified,warning,,,,,,legacy_excluded,pending
geological,qnd_compositing,2135.0,7835BG015104,qbasis,base_not_identified,warning,,,,,,legacy_excluded,pending
geological,qnd_compositing,2144.0,7835BG018864,qbasis,base_not_identified,warning,,,,,,legacy_excluded,pending
modelling_preprocessing,detrend_2D,,7835BG013003,qbasis,outside_buffered_grid,warning,503.6,,,5,,legacy_excluded,pending
modelling_preprocessing,detrend_2D,,7835BG013005,qbasis,outside_buffered_grid,warning,505.20000000000005,,,5,,legacy_excluded,pending
modelling_preprocessing,detrend_2D,,7835BG013006,qbasis,outside_buffered_grid,warning,503.99999999999994,,,5,,legacy_excluded,pending
modelling_preprocessing,detrend_2D,,7835BG012875,qbasis,outside_buffered_grid,warning,510.1,,,5,,legacy_excluded,pending
modelling_preprocessing,detrend_2D,,7835BG012876,qbasis,outside_buffered_grid,warning,510.6,,,5,,legacy_excluded,pending
modelling_preprocessing,detrend_2D,,7835BG012877,qbasis,outside_buffered_grid,warning,510.49999999999994,,,5,,legacy_excluded,pending
modelling_preprocessing,detrend_2D,,7835BG013016,qbasis,outside_buffered_grid,warning,505.5,,,5,,legacy_excluded,pending
modelling_preprocessing,detrend_2D,,7835BG012958,qbasis,outside_buffered_grid,warning,509.5,,,5,,legacy_excluded,pending
modelling_preprocessing,detrend_2D,,7835BG012917,qbasis,outside_buffered_grid,warning,510.0,,,5,,legacy_excluded,pending
modelling_preprocessing,detrend_2D,,7835BG012920,qbasis,outside_buffered_grid,warning,505.0,,,5,,legacy_excluded,pending
modelling_preprocessing,detrend_2D,,7835BG012921,qbasis,outside_buffered_grid,warning,507.7,,,5,,legacy_excluded,pending
modelling_preprocessing,detrend_2D,,7835BG012924,qbasis,outside_buffered_grid,warning,505.8,,,5,,legacy_excluded,pending
modelling_preprocessing,detrend_2D,,7835BG012930,qbasis,outside_buffered_grid,warning,511.95,,,5,,legacy_excluded,pending
modelling_preprocessing,detrend_2D,,7835BG012888,qbasis,outside_buffered_grid,warning,505.30000000000007,,,5,,legacy_excluded,pending
modelling_preprocessing,detrend_2D,,7835BG013076,qbasis,outside_buffered_grid,warning,511.09999999999997,,,5,,legacy_excluded,pending
modelling_preprocessing,detrend_2D,,7835BG012934,qbasis,outside_buffered_grid,warning,513.5999999999999,,,5,,legacy_excluded,pending
modelling_preprocessing,detrend_2D,,7835BG012935,qbasis,outside_buffered_grid,warning,513.3000000000001,,,5,,legacy_excluded,pending
modelling_preprocessing,detrend_2D,,7835BG013120,qbasis,outside_buffered_grid,warning,505.4,,,5,,legacy_excluded,pending
modelling_preprocessing,detrend_2D,,7835BG012896,qbasis,outside_buffered_grid,warning,510.70000000000005,,,5,,legacy_excluded,pending
modelling_preprocessing,detrend_2D,,7835BG012897,qbasis,outside_buffered_grid,warning,511.2,,,5,,legacy_excluded,pending
modelling_preprocessing,detrend_2D,,7835BG012898,qbasis,outside_buffered_grid,warning,511.2,,,5,,legacy_excluded,pending
modelling_preprocessing,detrend_2D,,7835BG012899,qbasis,outside_buffered_grid,warning,507.9,,,5,,legacy_excluded,pending
modelling_preprocessing,detrend_2D,,7835BG012900,qbasis,outside_buffered_grid,warning,510.30000000000007,,,5,,legacy_excluded,pending
modelling_preprocessing,detrend_2D,,7835BG013353,qbasis,outside_buffered_grid,warning,512.17,,,5,,legacy_excluded,pending
modelling_preprocessing,detrend_2D,,7835BG013354,qbasis,outside_buffered_grid,warning,512.69,,,5,,legacy_excluded,pending
modelling_preprocessing,detrend_2D,,7835BG011386,qbasis,outside_buffered_grid,warning,512.05,,,5,,legacy_excluded,pending
modelling_preprocessing,detrend_2D,,7835BG011956,qbasis,outside_buffered_grid,warning,505.09999999999997,,,5,,legacy_excluded,pending
modelling_preprocessing,detrend_2D,,7835BG011958,qbasis,outside_buffered_grid,warning,509.5,,,5,,legacy_excluded,pending
modelling_preprocessing,detrend_2D,,7835BG011959,qbasis,outside_buffered_grid,warning,507.4,,,5,,legacy_excluded,pending
modelling_preprocessing,detrend_2D,,7835BG011968,qbasis,outside_buffered_grid,warning,510.20000000000005,,,5,,legacy_excluded,pending
modelling_preprocessing,detrend_2D,,7835BG011969,qbasis,outside_buffered_grid,warning,511.1,,,5,,legacy_excluded,pending
modelling_preprocessing,detrend_2D,,7835BG011970,qbasis,outside_buffered_grid,warning,511.09999999999997,,,5,,legacy_excluded,pending
modelling_preprocessing,detrend_2D,,7835BG011972,qbasis,outside_buffered_grid,warning,510.70000000000005,,,5,,legacy_excluded,pending
modelling_preprocessing,detrend_2D,,7835BG011379,qbasis,outside_buffered_grid,warning,511.15999999999997,,,5,,legacy_excluded,pending
modelling_preprocessing,detrend_2D,,7835BG011979,qbasis,outside_buffered_grid,warning,508.8,,,5,,legacy_excluded,pending
modelling_preprocessing,detrend_2D,,7835BG012370,qbasis,outside_buffered_grid,warning,510.8,,,5,,legacy_excluded,pending
modelling_preprocessing,detrend_2D,,7835BG012373,qbasis,outside_buffered_grid,warning,511.20000000000005,,,5,,legacy_excluded,pending
modelling_preprocessing,detrend_2D,,7835BG011934,qbasis,legacy_residual_threshold,warning,505.99999999999994,511.4908909792088,-5.490890979208871,5,,legacy_excluded,pending
modelling_preprocessing,detrend_2D,,7835BG012348,qbasis,outside_buffered_grid,warning,516.6,,,5,,legacy_excluded,pending
modelling_preprocessing,detrend_2D,,7835BG012349,qbasis,outside_buffered_grid,warning,513.3,,,5,,legacy_excluded,pending
modelling_preprocessing,detrend_2D,,7835BG012007,qbasis,outside_buffered_grid,warning,510.5,,,5,,legacy_excluded,pending
modelling_preprocessing,detrend_2D,,7835BG012008,qbasis,outside_buffered_grid,warning,511.5,,,5,,legacy_excluded,pending
modelling_preprocessing,detrend_2D,,7835BG012009,qbasis,outside_buffered_grid,warning,511.5,,,5,,legacy_excluded,pending
modelling_preprocessing,detrend_2D,,7835BG012034,qbasis,outside_buffered_grid,warning,512.7,,,5,,legacy_excluded,pending
modelling_preprocessing,detrend_2D,,7835BG012376,qbasis,outside_buffered_grid,warning,511.2,,,5,,legacy_excluded,pending
modelling_preprocessing,detrend_2D,,7835BG012194,qbasis,outside_buffered_grid,warning,497.09999999999997,,,5,,legacy_excluded,pending
modelling_preprocessing,detrend_2D,,7835BG012197,qbasis,outside_buffered_grid,warning,495.09999999999997,,,5,,legacy_excluded,pending
modelling_preprocessing,detrend_2D,,7835BG012198,qbasis,outside_buffered_grid,warning,494.90000000000003,,,5,,legacy_excluded,pending
modelling_preprocessing,detrend_2D,,7835BG012011,qbasis,outside_buffered_grid,warning,510.5,,,5,,legacy_excluded,pending
modelling_preprocessing,detrend_2D,,7835BG012035,qbasis,outside_buffered_grid,warning,512.5999999999999,,,5,,legacy_excluded,pending
modelling_preprocessing,detrend_2D,,7835BG012351,qbasis,outside_buffered_grid,warning,512.3,,,5,,legacy_excluded,pending
modelling_preprocessing,detrend_2D,,7835BG012352,qbasis,outside_buffered_grid,warning,512.1,,,5,,legacy_excluded,pending
modelling_preprocessing,detrend_2D,,7835BG012353,qbasis,outside_buffered_grid,warning,514.0,,,5,,legacy_excluded,pending
modelling_preprocessing,detrend_2D,,7835BG012354,qbasis,outside_buffered_grid,warning,511.70000000000005,,,5,,legacy_excluded,pending
modelling_preprocessing,detrend_2D,,7835BG012036,qbasis,outside_buffered_grid,warning,511.90000000000003,,,5,,legacy_excluded,pending
modelling_preprocessing,detrend_2D,,7835BG012202,qbasis,outside_buffered_grid,warning,498.3,,,5,,legacy_excluded,pending
modelling_preprocessing,detrend_2D,,7835BG012204,qbasis,outside_buffered_grid,warning,497.40000000000003,,,5,,legacy_excluded,pending
modelling_preprocessing,detrend_2D,,7835BG012207,qbasis,outside_buffered_grid,warning,504.90000000000003,,,5,,legacy_excluded,pending
modelling_preprocessing,detrend_2D,,7835BG011892,qbasis,missing_base,warning,,,,5,,legacy_excluded,pending
modelling_preprocessing,detrend_2D,,7835BG011945,qbasis,outside_buffered_grid,warning,510.5,,,5,,legacy_excluded,pending
modelling_preprocessing,detrend_2D,,7835BG011947,qbasis,outside_buffered_grid,warning,508.29999999999995,,,5,,legacy_excluded,pending
modelling_preprocessing,detrend_2D,,7835BG012360,qbasis,outside_buffered_grid,warning,513.3000000000001,,,5,,legacy_excluded,pending
modelling_preprocessing,detrend_2D,,7835BG012463,qbasis,outside_buffered_grid,warning,505.95000000000005,,,5,,legacy_excluded,pending
modelling_preprocessing,detrend_2D,,7835BG012362,qbasis,outside_buffered_grid,warning,512.5,,,5,,legacy_excluded,pending
modelling_preprocessing,detrend_2D,,7835BG012364,qbasis,outside_buffered_grid,warning,512.7,,,5,,legacy_excluded,pending
modelling_preprocessing,detrend_2D,,7835BG012365,qbasis,outside_buffered_grid,warning,513.1,,,5,,legacy_excluded,pending
modelling_preprocessing,detrend_2D,,7835BG012464,qbasis,outside_buffered_grid,warning,506.8,,,5,,legacy_excluded,pending
modelling_preprocessing,detrend_2D,,7835BG012465,qbasis,outside_buffered_grid,warning,513.3000000000001,,,5,,legacy_excluded,pending
modelling_preprocessing,detrend_2D,,7835BG012000,qbasis,outside_buffered_grid,warning,509.85,,,5,,legacy_excluded,pending
modelling_preprocessing,detrend_2D,,7835BG012001,qbasis,outside_buffered_grid,warning,507.4,,,5,,legacy_excluded,pending
modelling_preprocessing,detrend_2D,,7835BG012025,qbasis,outside_buffered_grid,warning,506.90000000000003,,,5,,legacy_excluded,pending
modelling_preprocessing,detrend_2D,,7835BG010384,qbasis,outside_buffered_grid,warning,513.82,,,5,,legacy_excluded,pending
modelling_preprocessing,detrend_2D,,7835BG012305,qbasis,legacy_residual_threshold,warning,518.0,511.86757034564204,6.1324296543579635,5,,legacy_excluded,pending
modelling_preprocessing,detrend_2D,,7835BG012407,qbasis,outside_buffered_grid,warning,510.30000000000007,,,5,,legacy_excluded,pending
modelling_preprocessing,detrend_2D,,7835BG012408,qbasis,outside_buffered_grid,warning,513.5,,,5,,legacy_excluded,pending
modelling_preprocessing,detrend_2D,,7835BG012409,qbasis,outside_buffered_grid,warning,513.1,,,5,,legacy_excluded,pending
modelling_preprocessing,detrend_2D,,7835BG012410,qbasis,outside_buffered_grid,warning,513.3,,,5,,legacy_excluded,pending
modelling_preprocessing,detrend_2D,,7835BG012848,qbasis,outside_buffered_grid,warning,508.20000000000005,,,5,,legacy_excluded,pending
modelling_preprocessing,detrend_2D,,7835BG012855,qbasis,outside_buffered_grid,warning,509.40000000000003,,,5,,legacy_excluded,pending
modelling_preprocessing,detrend_2D,,7835BG012313,qbasis,outside_buffered_grid,warning,514.9,,,5,,legacy_excluded,pending
modelling_preprocessing,detrend_2D,,7835BG012411,qbasis,outside_buffered_grid,warning,512.5,,,5,,legacy_excluded,pending
modelling_preprocessing,detrend_2D,,7835BG012489,qbasis,outside_buffered_grid,warning,509.4,,,5,,legacy_excluded,pending
modelling_preprocessing,detrend_2D,,7835BG012490,qbasis,outside_buffered_grid,warning,509.3,,,5,,legacy_excluded,pending
modelling_preprocessing,detrend_2D,,7835BG012491,qbasis,outside_buffered_grid,warning,506.1,,,5,,legacy_excluded,pending
modelling_preprocessing,detrend_2D,,7835BG012541,qbasis,outside_buffered_grid,warning,512.7,,,5,,legacy_excluded,pending
modelling_preprocessing,detrend_2D,,7835BG012542,qbasis,outside_buffered_grid,warning,511.8,,,5,,legacy_excluded,pending
modelling_preprocessing,detrend_2D,,7835BG012543,qbasis,outside_buffered_grid,warning,512.5,,,5,,legacy_excluded,pending
modelling_preprocessing,detrend_2D,,7835BG012544,qbasis,outside_buffered_grid,warning,512.1,,,5,,legacy_excluded,pending
modelling_preprocessing,detrend_2D,,7835BG012147,qbasis,outside_buffered_grid,warning,504.2,,,5,,legacy_excluded,pending
modelling_preprocessing,detrend_2D,,7835BG012329,qbasis,outside_buffered_grid,warning,510.19999999999993,,,5,,legacy_excluded,pending
modelling_preprocessing,detrend_2D,,7835BG012330,qbasis,outside_buffered_grid,warning,509.40000000000003,,,5,,legacy_excluded,pending
modelling_preprocessing,detrend_2D,,7835BG012869,qbasis,legacy_residual_threshold,warning,506.09999999999997,511.44127416254526,-5.3412741625452895,5,,legacy_excluded,pending
modelling_preprocessing,detrend_2D,,7835BG010383,qbasis,outside_buffered_grid,warning,513.11,,,5,,legacy_excluded,pending
modelling_preprocessing,detrend_2D,,7835BG012148,qbasis,outside_buffered_grid,warning,504.0,,,5,,legacy_excluded,pending
modelling_preprocessing,detrend_2D,,7835BG010396,qbasis,outside_buffered_grid,warning,507.33,,,5,,legacy_excluded,pending
modelling_preprocessing,detrend_2D,,7835BG010401,qbasis,outside_buffered_grid,warning,511.46000000000004,,,5,,legacy_excluded,pending
modelling_preprocessing,detrend_2D,,7835BG011117,qbasis,outside_buffered_grid,warning,509.28000000000003,,,5,,legacy_excluded,pending
modelling_preprocessing,detrend_2D,,7835BG011121,qbasis,outside_buffered_grid,warning,509.47,,,5,,legacy_excluded,pending
modelling_preprocessing,detrend_2D,,7835BG010669,qbasis,outside_buffered_grid,warning,509.80000000000007,,,5,,legacy_excluded,pending
modelling_preprocessing,detrend_2D,,7835BG010671,qbasis,outside_buffered_grid,warning,508.03000000000003,,,5,,legacy_excluded,pending
modelling_preprocessing,detrend_2D,,7835BG010672,qbasis,outside_buffered_grid,warning,510.92999999999995,,,5,,legacy_excluded,pending
modelling_preprocessing,detrend_2D,,7835BG010676,qbasis,outside_buffered_grid,warning,506.57,,,5,,legacy_excluded,pending
modelling_preprocessing,detrend_2D,,7835BG009076,qbasis,outside_buffered_grid,warning,503.57000000000005,,,5,,legacy_excluded,pending
modelling_preprocessing,detrend_2D,,7835BG009077,qbasis,outside_buffered_grid,warning,504.02000000000004,,,5,,legacy_excluded,pending
modelling_preprocessing,detrend_2D,,7835BG009078,qbasis,outside_buffered_grid,warning,503.08,,,5,,legacy_excluded,pending
modelling_preprocessing,detrend_2D,,7835BG009080,qbasis,outside_buffered_grid,warning,509.48,,,5,,legacy_excluded,pending
modelling_preprocessing,detrend_2D,,7835BG009250,qbasis,outside_buffered_grid,warning,508.16,,,5,,legacy_excluded,pending
modelling_preprocessing,detrend_2D,,7835BG009251,qbasis,outside_buffered_grid,warning,513.6,,,5,,legacy_excluded,pending
modelling_preprocessing,detrend_2D,,7835BG009253,qbasis,outside_buffered_grid,warning,512.09,,,5,,legacy_excluded,pending
modelling_preprocessing,detrend_2D,,7835BG010966,qbasis,outside_buffered_grid,warning,509.45,,,5,,legacy_excluded,pending
modelling_preprocessing,detrend_2D,,7835BG011083,qbasis,outside_buffered_grid,warning,510.38,,,5,,legacy_excluded,pending
modelling_preprocessing,detrend_2D,,7835BG008623,qbasis,outside_buffered_grid,warning,512.3100000000001,,,5,,legacy_excluded,pending
modelling_preprocessing,detrend_2D,,7835BG009091,qbasis,outside_buffered_grid,warning,508.6,,,5,,legacy_excluded,pending
modelling_preprocessing,detrend_2D,,7835BG009095,qbasis,missing_base,warning,,,,5,,legacy_excluded,pending
modelling_preprocessing,detrend_2D,,7835BG009264,qbasis,missing_base,warning,,,,5,,legacy_excluded,pending
modelling_preprocessing,detrend_2D,,7835BG011048,qbasis,outside_buffered_grid,warning,510.02,,,5,,legacy_excluded,pending
modelling_preprocessing,detrend_2D,,7835BG009281,qbasis,legacy_residual_threshold,warning,503.15,508.83178143259244,-5.681781432592459,5,,legacy_excluded,pending
modelling_preprocessing,detrend_2D,,7835BG011091,qbasis,outside_buffered_grid,warning,508.66,,,5,,legacy_excluded,pending
modelling_preprocessing,detrend_2D,,7835BG009247,qbasis,outside_buffered_grid,warning,509.82,,,5,,legacy_excluded,pending
modelling_preprocessing,detrend_2D,,7835BG009249,qbasis,outside_buffered_grid,warning,513.2,,,5,,legacy_excluded,pending
modelling_preprocessing,detrend_2D,,7835BG008593,qbasis,outside_buffered_grid,warning,504.52,,,5,,legacy_excluded,pending
modelling_preprocessing,detrend_2D,,7835BG008594,qbasis,outside_buffered_grid,warning,505.44000000000005,,,5,,legacy_excluded,pending
modelling_preprocessing,detrend_2D,,7835BG008596,qbasis,outside_buffered_grid,warning,503.03,,,5,,legacy_excluded,pending
modelling_preprocessing,detrend_2D,,7835BG008597,qbasis,outside_buffered_grid,warning,501.18,,,5,,legacy_excluded,pending
modelling_preprocessing,detrend_2D,,7835BG008598,qbasis,missing_base,warning,,,,5,,legacy_excluded,pending
modelling_preprocessing,detrend_2D,,7835BG011069,qbasis,outside_buffered_grid,warning,509.84000000000003,,,5,,legacy_excluded,pending
modelling_preprocessing,detrend_2D,,7835BG009614,qbasis,outside_buffered_grid,warning,510.97,,,5,,legacy_excluded,pending
modelling_preprocessing,detrend_2D,,7835BG008734,qbasis,outside_buffered_grid,warning,509.88000000000005,,,5,,legacy_excluded,pending
modelling_preprocessing,detrend_2D,,7835BG008667,qbasis,outside_buffered_grid,warning,514.91,,,5,,legacy_excluded,pending
modelling_preprocessing,detrend_2D,,7835BG008738,qbasis,outside_buffered_grid,warning,503.70000000000005,,,5,,legacy_excluded,pending
modelling_preprocessing,detrend_2D,,7835BG009150,qbasis,outside_buffered_grid,warning,510.29,,,5,,legacy_excluded,pending
modelling_preprocessing,detrend_2D,,7835BG008627,qbasis,outside_buffered_grid,warning,511.35,,,5,,legacy_excluded,pending
modelling_preprocessing,detrend_2D,,7835BG008630,qbasis,outside_buffered_grid,warning,512.2900000000001,,,5,,legacy_excluded,pending
modelling_preprocessing,detrend_2D,,7835BG008632,qbasis,outside_buffered_grid,warning,512.79,,,5,,legacy_excluded,pending
modelling_preprocessing,detrend_2D,,7835BG009161,qbasis,outside_buffered_grid,warning,513.63,,,5,,legacy_excluded,pending
modelling_preprocessing,detrend_2D,,7835BG009222,qbasis,outside_buffered_grid,warning,512.87,,,5,,legacy_excluded,pending
modelling_preprocessing,detrend_2D,,7835BG009170,qbasis,outside_buffered_grid,warning,513.24,,,5,,legacy_excluded,pending
modelling_preprocessing,detrend_2D,,7835BG009105,qbasis,missing_base,warning,,,,5,,legacy_excluded,pending
modelling_preprocessing,detrend_2D,,7835BG009108,qbasis,missing_base,warning,,,,5,,legacy_excluded,pending
modelling_preprocessing,detrend_2D,,7835BG009109,qbasis,outside_buffered_grid,warning,508.78000000000003,,,5,,legacy_excluded,pending
modelling_preprocessing,detrend_2D,,7835BG009110,qbasis,outside_buffered_grid,warning,509.93,,,5,,legacy_excluded,pending
modelling_preprocessing,detrend_2D,,7835BG008504,qbasis,outside_buffered_grid,warning,512.13,,,5,,legacy_excluded,pending
modelling_preprocessing,detrend_2D,,7835BG008505,qbasis,outside_buffered_grid,warning,512.5600000000001,,,5,,legacy_excluded,pending
modelling_preprocessing,detrend_2D,,7835BG008635,qbasis,outside_buffered_grid,warning,509.29,,,5,,legacy_excluded,pending
modelling_preprocessing,detrend_2D,,7835BG008642,qbasis,outside_buffered_grid,warning,510.59999999999997,,,5,,legacy_excluded,pending
modelling_preprocessing,detrend_2D,,7835BG008895,qbasis,outside_buffered_grid,warning,513.0300000000001,,,5,,legacy_excluded,pending
modelling_preprocessing,detrend_2D,,7835BG009230,qbasis,missing_base,warning,,,,5,,legacy_excluded,pending
modelling_preprocessing,detrend_2D,,7835BG009121,qbasis,outside_buffered_grid,warning,511.35,,,5,,legacy_excluded,pending
modelling_preprocessing,detrend_2D,,7835BG008506,qbasis,outside_buffered_grid,warning,512.86,,,5,,legacy_excluded,pending
modelling_preprocessing,detrend_2D,,7835BG009125,qbasis,missing_base,warning,,,,5,,legacy_excluded,pending
modelling_preprocessing,detrend_2D,,7835BG008663,qbasis,outside_buffered_grid,warning,511.78,,,5,,legacy_excluded,pending
modelling_preprocessing,detrend_2D,,7835BG009192,qbasis,outside_buffered_grid,warning,507.88,,,5,,legacy_excluded,pending
modelling_preprocessing,detrend_2D,,7835BG009193,qbasis,outside_buffered_grid,warning,508.15999999999997,,,5,,legacy_excluded,pending
modelling_preprocessing,detrend_2D,,7835BG009139,qbasis,outside_buffered_grid,warning,510.89000000000004,,,5,,legacy_excluded,pending
modelling_preprocessing,detrend_2D,,7835BG009140,qbasis,outside_buffered_grid,warning,510.94000000000005,,,5,,legacy_excluded,pending
modelling_preprocessing,detrend_2D,,7835BG009788,qbasis,outside_buffered_grid,warning,513.5,,,5,,legacy_excluded,pending
modelling_preprocessing,detrend_2D,,7835BG009513,qbasis,outside_buffered_grid,warning,516.01,,,5,,legacy_excluded,pending
modelling_preprocessing,detrend_2D,,7835BG010115,qbasis,outside_buffered_grid,warning,510.45,,,5,,legacy_excluded,pending
modelling_preprocessing,detrend_2D,,7835BG010117,qbasis,outside_buffered_grid,warning,509.85,,,5,,legacy_excluded,pending
modelling_preprocessing,detrend_2D,,7835BG010118,qbasis,outside_buffered_grid,warning,510.86,,,5,,legacy_excluded,pending
modelling_preprocessing,detrend_2D,,7835BG010119,qbasis,outside_buffered_grid,warning,510.4,,,5,,legacy_excluded,pending
modelling_preprocessing,detrend_2D,,7835BG010210,qbasis,outside_buffered_grid,warning,513.43,,,5,,legacy_excluded,pending
modelling_preprocessing,detrend_2D,,7835BG007750,qbasis,outside_buffered_grid,warning,505.83,,,5,,legacy_excluded,pending
modelling_preprocessing,detrend_2D,,7835BG007780,qbasis,missing_base,warning,,,,5,,legacy_excluded,pending
modelling_preprocessing,detrend_2D,,7835BG010198,qbasis,outside_buffered_grid,warning,513.36,,,5,,legacy_excluded,pending
modelling_preprocessing,detrend_2D,,7835BG010200,qbasis,outside_buffered_grid,warning,514.0400000000001,,,5,,legacy_excluded,pending
modelling_preprocessing,detrend_2D,,7835BG010201,qbasis,outside_buffered_grid,warning,512.3000000000001,,,5,,legacy_excluded,pending
modelling_preprocessing,detrend_2D,,7835BG010202,qbasis,outside_buffered_grid,warning,514.13,,,5,,legacy_excluded,pending
modelling_preprocessing,detrend_2D,,7835BG010206,qbasis,outside_buffered_grid,warning,514.88,,,5,,legacy_excluded,pending
modelling_preprocessing,detrend_2D,,7835BG008067,qbasis,outside_buffered_grid,warning,514.7299999999999,,,5,,legacy_excluded,pending
modelling_preprocessing,detrend_2D,,7835BG008112,qbasis,outside_buffered_grid,warning,511.29999999999995,,,5,,legacy_excluded,pending
modelling_preprocessing,detrend_2D,,7835BG008382,qbasis,outside_buffered_grid,warning,508.79999999999995,,,5,,legacy_excluded,pending
modelling_preprocessing,detrend_2D,,7835BG017223,qbasis,missing_base,warning,,,,5,,legacy_excluded,pending
modelling_preprocessing,detrend_2D,,7835BG007778,qbasis,outside_buffered_grid,warning,511.37,,,5,,legacy_excluded,pending
modelling_preprocessing,detrend_2D,,7835BG008722,qbasis,outside_buffered_grid,warning,513.95,,,5,,legacy_excluded,pending
modelling_preprocessing,detrend_2D,,7835BG008892,qbasis,outside_buffered_grid,warning,513.39,,,5,,legacy_excluded,pending
modelling_preprocessing,detrend_2D,,7835BG009079,qbasis,outside_buffered_grid,warning,507.35,,,5,,legacy_excluded,pending
modelling_preprocessing,detrend_2D,,7835BG009094,qbasis,missing_base,warning,,,,5,,legacy_excluded,pending
modelling_preprocessing,detrend_2D,,7835BG009745,qbasis,outside_buffered_grid,warning,509.33000000000004,,,5,,legacy_excluded,pending
modelling_preprocessing,detrend_2D,,7835BG009759,qbasis,outside_buffered_grid,warning,510.03000000000003,,,5,,legacy_excluded,pending
modelling_preprocessing,detrend_2D,,7835BG008592,qbasis,outside_buffered_grid,warning,503.78000000000003,,,5,,legacy_excluded,pending
modelling_preprocessing,detrend_2D,,7835BG009248,qbasis,outside_buffered_grid,warning,506.04,,,5,,legacy_excluded,pending
modelling_preprocessing,detrend_2D,,7835BG009252,qbasis,outside_buffered_grid,warning,511.89000000000004,,,5,,legacy_excluded,pending
modelling_preprocessing,detrend_2D,,7835BG010112,qbasis,outside_buffered_grid,warning,510.12000000000006,,,5,,legacy_excluded,pending
modelling_preprocessing,detrend_2D,,7835BG010113,qbasis,outside_buffered_grid,warning,510.12,,,5,,legacy_excluded,pending
modelling_preprocessing,detrend_2D,,7835BG010114,qbasis,outside_buffered_grid,warning,510.55000000000007,,,5,,legacy_excluded,pending
modelling_preprocessing,detrend_2D,,7835BG010116,qbasis,outside_buffered_grid,warning,511.92,,,5,,legacy_excluded,pending
modelling_preprocessing,detrend_2D,,7835BG010674,qbasis,outside_buffered_grid,warning,510.3,,,5,,legacy_excluded,pending
modelling_preprocessing,detrend_2D,,7835BG008595,qbasis,outside_buffered_grid,warning,503.12,,,5,,legacy_excluded,pending
modelling_preprocessing,detrend_2D,,7835BG008599,qbasis,outside_buffered_grid,warning,511.63,,,5,,legacy_excluded,pending
modelling_preprocessing,detrend_2D,,7835BG008622,qbasis,outside_buffered_grid,warning,512.05,,,5,,legacy_excluded,pending
modelling_preprocessing,detrend_2D,,7835BG008629,qbasis,outside_buffered_grid,warning,511.69,,,5,,legacy_excluded,pending
modelling_preprocessing,detrend_2D,,7835BG008637,qbasis,outside_buffered_grid,warning,505.8,,,5,,legacy_excluded,pending
modelling_preprocessing,detrend_2D,,7835BG008640,qbasis,outside_buffered_grid,warning,513.13,,,5,,legacy_excluded,pending
modelling_preprocessing,detrend_2D,,7835BG007662,qbasis,missing_base,warning,,,,5,,legacy_excluded,pending
modelling_preprocessing,detrend_2D,,7835BG009661,qbasis,outside_buffered_grid,warning,510.42999999999995,,,5,,legacy_excluded,pending
modelling_preprocessing,detrend_2D,,7835BG009681,qbasis,outside_buffered_grid,warning,511.01,,,5,,legacy_excluded,pending
modelling_preprocessing,detrend_2D,,7835BG010199,qbasis,outside_buffered_grid,warning,512.6800000000001,,,5,,legacy_excluded,pending
modelling_preprocessing,detrend_2D,,7835BG010379,qbasis,legacy_residual_threshold,warning,500.54,511.31258840258425,-10.772588402584233,5,,legacy_excluded,pending
modelling_preprocessing,detrend_2D,,7835BG010382,qbasis,outside_buffered_grid,warning,514.8199999999999,,,5,,legacy_excluded,pending
modelling_preprocessing,detrend_2D,,7835BG010203,qbasis,outside_buffered_grid,warning,515.0400000000001,,,5,,legacy_excluded,pending
modelling_preprocessing,detrend_2D,,7835BG010205,qbasis,outside_buffered_grid,warning,513.6,,,5,,legacy_excluded,pending
modelling_preprocessing,detrend_2D,,7835BG010207,qbasis,outside_buffered_grid,warning,513.67,,,5,,legacy_excluded,pending
modelling_preprocessing,detrend_2D,,7835BG008339,qbasis,outside_buffered_grid,warning,512.0,,,5,,legacy_excluded,pending
modelling_preprocessing,detrend_2D,,7835BG010988,qbasis,outside_buffered_grid,warning,509.09,,,5,,legacy_excluded,pending
modelling_preprocessing,detrend_2D,,7835BG011003,qbasis,outside_buffered_grid,warning,508.99000000000007,,,5,,legacy_excluded,pending
modelling_preprocessing,detrend_2D,,7835BG011089,qbasis,outside_buffered_grid,warning,508.88,,,5,,legacy_excluded,pending
modelling_preprocessing,detrend_2D,,7835BG009122,qbasis,outside_buffered_grid,warning,511.85,,,5,,legacy_excluded,pending
modelling_preprocessing,detrend_2D,,7835BG009130,qbasis,legacy_residual_threshold,warning,504.6,511.1073756694449,-6.507375669444855,5,,legacy_excluded,pending
modelling_preprocessing,detrend_2D,,7835BG009789,qbasis,outside_buffered_grid,warning,511.06999999999994,,,5,,legacy_excluded,pending
modelling_preprocessing,detrend_2D,,7835BG012304,qbasis,legacy_residual_threshold,warning,518.75,511.947514974866,6.80248502513399,5,,legacy_excluded,pending
modelling_preprocessing,detrend_2D,,7835BG011946,qbasis,outside_buffered_grid,warning,511.0,,,5,,legacy_excluded,pending
modelling_preprocessing,detrend_2D,,7835BG011957,qbasis,outside_buffered_grid,warning,511.4,,,5,,legacy_excluded,pending
modelling_preprocessing,detrend_2D,,7835BG012328,qbasis,outside_buffered_grid,warning,509.79999999999995,,,5,,legacy_excluded,pending
modelling_preprocessing,detrend_2D,,7835BG011115,qbasis,outside_buffered_grid,warning,508.71999999999997,,,5,,legacy_excluded,pending
modelling_preprocessing,detrend_2D,,7835BG011119,qbasis,outside_buffered_grid,warning,509.1,,,5,,legacy_excluded,pending
modelling_preprocessing,detrend_2D,,7835BG011971,qbasis,outside_buffered_grid,warning,510.70000000000005,,,5,,legacy_excluded,pending
modelling_preprocessing,detrend_2D,,7835BG012355,qbasis,outside_buffered_grid,warning,513.5,,,5,,legacy_excluded,pending
modelling_preprocessing,detrend_2D,,7835BG012366,qbasis,outside_buffered_grid,warning,513.4,,,5,,legacy_excluded,pending
modelling_preprocessing,detrend_2D,,7835BG011999,qbasis,outside_buffered_grid,warning,511.2,,,5,,legacy_excluded,pending
modelling_preprocessing,detrend_2D,,7835BG012010,qbasis,outside_buffered_grid,warning,511.0,,,5,,legacy_excluded,pending
modelling_preprocessing,detrend_2D,,7835BG012545,qbasis,outside_buffered_grid,warning,512.2,,,5,,legacy_excluded,pending
modelling_preprocessing,detrend_2D,,7835BG013355,qbasis,outside_buffered_grid,warning,512.26,,,5,,legacy_excluded,pending
modelling_preprocessing,detrend_2D,,7835BG008500,qbasis,outside_buffered_grid,warning,512.38,,,5,,legacy_excluded,pending
modelling_preprocessing,detrend_2D,,7835BG008503,qbasis,outside_buffered_grid,warning,512.05,,,5,,legacy_excluded,pending
modelling_preprocessing,detrend_2D,,7835BG009194,qbasis,outside_buffered_grid,warning,508.01,,,5,,legacy_excluded,pending
modelling_preprocessing,detrend_2D,,7835BG009221,qbasis,outside_buffered_grid,warning,511.12,,,5,,legacy_excluded,pending
modelling_preprocessing,detrend_2D,,7835BG009227,qbasis,outside_buffered_grid,warning,514.86,,,5,,legacy_excluded,pending
modelling_preprocessing,detrend_2D,,7835BG012037,qbasis,outside_buffered_grid,warning,513.3,,,5,,legacy_excluded,pending
modelling_preprocessing,detrend_2D,,7835BG012146,qbasis,outside_buffered_grid,warning,507.9,,,5,,legacy_excluded,pending
modelling_preprocessing,detrend_2D,,7835BG012874,qbasis,outside_buffered_grid,warning,510.79999999999995,,,5,,legacy_excluded,pending
modelling_preprocessing,detrend_2D,,7835BG012195,qbasis,outside_buffered_grid,warning,495.45000000000005,,,5,,legacy_excluded,pending
modelling_preprocessing,detrend_2D,,7835BG012901,qbasis,outside_buffered_grid,warning,509.20000000000005,,,5,,legacy_excluded,pending
modelling_preprocessing,detrend_2D,,7835BG012929,qbasis,outside_buffered_grid,warning,513.0,,,5,,legacy_excluded,pending
modelling_preprocessing,detrend_2D,,7835BG012931,qbasis,outside_buffered_grid,warning,511.30000000000007,,,5,,legacy_excluded,pending
modelling_preprocessing,detrend_2D,,7835BG011387,qbasis,outside_buffered_grid,warning,511.53,,,5,,legacy_excluded,pending
modelling_preprocessing,detrend_2D,,7835BG012206,qbasis,outside_buffered_grid,warning,504.49999999999994,,,5,,legacy_excluded,pending
modelling_preprocessing,detrend_2D,,7835BG017258,qbasis,missing_base,warning,,,,5,,legacy_excluded,pending
modelling_preprocessing,detrend_2D,,7835BG007561,qbasis,outside_buffered_grid,warning,511.90999999999997,,,5,,legacy_excluded,pending
modelling_preprocessing,detrend_2D,,7835BG001711,qbasis,outside_buffered_grid,warning,505.90000000000003,,,5,,legacy_excluded,pending
modelling_preprocessing,detrend_2D,,7835BG002083,qbasis,outside_buffered_grid,warning,510.40000000000003,,,5,,legacy_excluded,pending
modelling_preprocessing,detrend_2D,,7835BG002086,qbasis,outside_buffered_grid,warning,510.6,,,5,,legacy_excluded,pending
modelling_preprocessing,detrend_2D,,7835BG002934,qbasis,outside_buffered_grid,warning,505.0,,,5,,legacy_excluded,pending
modelling_preprocessing,detrend_2D,,7835BG002935,qbasis,outside_buffered_grid,warning,511.3,,,5,,legacy_excluded,pending
modelling_preprocessing,detrend_2D,,7835BG002970,qbasis,outside_buffered_grid,warning,512.0,,,5,,legacy_excluded,pending
modelling_preprocessing,detrend_2D,,7835BG002974,qbasis,outside_buffered_grid,warning,511.79999999999995,,,5,,legacy_excluded,pending
modelling_preprocessing,detrend_2D,,7835BG002978,qbasis,outside_buffered_grid,warning,511.79999999999995,,,5,,legacy_excluded,pending
modelling_preprocessing,detrend_2D,,7835BG002985,qbasis,outside_buffered_grid,warning,512.3,,,5,,legacy_excluded,pending
modelling_preprocessing,detrend_2D,,7835BG000825,qbasis,outside_buffered_grid,warning,512.4699999999999,,,5,,legacy_excluded,pending
modelling_preprocessing,detrend_2D,,7835BG002989,qbasis,outside_buffered_grid,warning,513.1,,,5,,legacy_excluded,pending
modelling_preprocessing,detrend_2D,,7835BG002820,qbasis,outside_buffered_grid,warning,512.77,,,5,,legacy_excluded,pending
modelling_preprocessing,detrend_2D,,7835BG002827,qbasis,outside_buffered_grid,warning,513.02,,,5,,legacy_excluded,pending
modelling_preprocessing,detrend_2D,,7835BG002835,qbasis,outside_buffered_grid,warning,512.25,,,5,,legacy_excluded,pending
modelling_preprocessing,detrend_2D,,7835BG000656,qbasis,missing_base,warning,,,,5,,legacy_excluded,pending
modelling_preprocessing,detrend_2D,,7835BG000941,qbasis,outside_buffered_grid,warning,512.95,,,5,,legacy_excluded,pending
modelling_preprocessing,detrend_2D,,7835BG000994,qbasis,outside_buffered_grid,warning,513.55,,,5,,legacy_excluded,pending
modelling_preprocessing,detrend_2D,,7835BG004204,qbasis,outside_buffered_grid,warning,506.3,,,5,,legacy_excluded,pending
modelling_preprocessing,detrend_2D,,7835BG004245,qbasis,outside_buffered_grid,warning,510.30000000000007,,,5,,legacy_excluded,pending
modelling_preprocessing,detrend_2D,,7835BG005330,qbasis,outside_buffered_grid,warning,513.55,,,5,,legacy_excluded,pending
modelling_preprocessing,detrend_2D,,7835BG000216,qbasis,outside_buffered_grid,warning,512.49,,,5,,legacy_excluded,pending
modelling_preprocessing,detrend_2D,,7835BG000217,qbasis,outside_buffered_grid,warning,511.59999999999997,,,5,,legacy_excluded,pending
modelling_preprocessing,detrend_2D,,7835BG000218,qbasis,outside_buffered_grid,warning,511.9,,,5,,legacy_excluded,pending
modelling_preprocessing,detrend_2D,,7835BG003980,qbasis,outside_buffered_grid,warning,510.79999999999995,,,5,,legacy_excluded,pending
modelling_preprocessing,detrend_2D,,7835BG005374,qbasis,outside_buffered_grid,warning,513.2,,,5,,legacy_excluded,pending
modelling_preprocessing,detrend_2D,,7835BG005378,qbasis,outside_buffered_grid,warning,512.6,,,5,,legacy_excluded,pending
modelling_preprocessing,detrend_2D,,7835BG000219,qbasis,outside_buffered_grid,warning,511.5,,,5,,legacy_excluded,pending
modelling_preprocessing,detrend_2D,,7835BG000230,qbasis,outside_buffered_grid,warning,511.85,,,5,,legacy_excluded,pending
modelling_preprocessing,detrend_2D,,7835BG007177,qbasis,legacy_global_lower_cutoff,warning,489.29999999999995,512.2332577668903,-22.933257766890392,5,,legacy_excluded,pending
modelling_preprocessing,detrend_2D,,7835BG004341,qbasis,outside_buffered_grid,warning,514.1500000000001,,,5,,legacy_excluded,pending
modelling_preprocessing,detrend_2D,,7835BG005412,qbasis,outside_buffered_grid,warning,514.8,,,5,,legacy_excluded,pending
modelling_preprocessing,detrend_2D,,7835BG005416,qbasis,outside_buffered_grid,warning,513.9,,,5,,legacy_excluded,pending
modelling_preprocessing,detrend_2D,,7835BG004007,qbasis,outside_buffered_grid,warning,510.59999999999997,,,5,,legacy_excluded,pending
modelling_preprocessing,detrend_2D,,7835BG004018,qbasis,outside_buffered_grid,warning,515.55,,,5,,legacy_excluded,pending
modelling_preprocessing,detrend_2D,,7835BG000265,qbasis,missing_base,warning,,,,5,,legacy_excluded,pending
modelling_preprocessing,detrend_2D,,7835BG000282,qbasis,outside_buffered_grid,warning,512.7,,,5,,legacy_excluded,pending
modelling_preprocessing,detrend_2D,,7835BG000285,qbasis,outside_buffered_grid,warning,512.6,,,5,,legacy_excluded,pending
modelling_preprocessing,detrend_2D,,7835BG000287,qbasis,outside_buffered_grid,warning,512.8,,,5,,legacy_excluded,pending
modelling_preprocessing,detrend_2D,,7835BG000288,qbasis,outside_buffered_grid,warning,506.1,,,5,,legacy_excluded,pending
modelling_preprocessing,detrend_2D,,7835BG004041,qbasis,outside_buffered_grid,warning,510.79999999999995,,,5,,legacy_excluded,pending
modelling_preprocessing,detrend_2D,,7835BG004044,qbasis,outside_buffered_grid,warning,510.65000000000003,,,5,,legacy_excluded,pending
modelling_preprocessing,detrend_2D,,7835BG004047,qbasis,outside_buffered_grid,warning,510.70000000000005,,,5,,legacy_excluded,pending
modelling_preprocessing,detrend_2D,,7835BG005148,qbasis,missing_base,warning,,,,5,,legacy_excluded,pending
modelling_preprocessing,detrend_2D,,7835BG002139,qbasis,outside_buffered_grid,warning,508.1,,,5,,legacy_excluded,pending
modelling_preprocessing,detrend_2D,,7835BG004083,qbasis,outside_buffered_grid,warning,511.69999999999993,,,5,,legacy_excluded,pending
modelling_preprocessing,detrend_2D,,7835BG000630,qbasis,outside_buffered_grid,warning,510.0,,,5,,legacy_excluded,pending
modelling_preprocessing,detrend_2D,,7835BG000633,qbasis,outside_buffered_grid,warning,511.73999999999995,,,5,,legacy_excluded,pending
modelling_preprocessing,detrend_2D,,7835BG000643,qbasis,outside_buffered_grid,warning,512.01,,,5,,legacy_excluded,pending
modelling_preprocessing,detrend_2D,,7835BG000654,qbasis,missing_base,warning,,,,5,,legacy_excluded,pending
modelling_preprocessing,detrend_2D,,7835BG000655,qbasis,missing_base,warning,,,,5,,legacy_excluded,pending
modelling_preprocessing,detrend_2D,,7835BG001146,qbasis,outside_buffered_grid,warning,510.0,,,5,,legacy_excluded,pending
modelling_preprocessing,detrend_2D,,7835BG001414,qbasis,outside_buffered_grid,warning,509.11999999999995,,,5,,legacy_excluded,pending
modelling_preprocessing,detrend_2D,,7835BG001432,qbasis,outside_buffered_grid,warning,513.0,,,5,,legacy_excluded,pending
modelling_preprocessing,detrend_2D,,7835BG002222,qbasis,outside_buffered_grid,warning,509.40000000000003,,,5,,legacy_excluded,pending
modelling_preprocessing,detrend_2D,,7835BG007069,qbasis,outside_buffered_grid,warning,509.29999999999995,,,5,,legacy_excluded,pending
modelling_preprocessing,detrend_2D,,7835BG007088,qbasis,missing_base,warning,,,,5,,legacy_excluded,pending
modelling_preprocessing,detrend_2D,,7835BG007092,qbasis,legacy_residual_threshold,warning,493.2,510.7108370104833,-17.51083701048333,5,,legacy_excluded,pending
modelling_preprocessing,detrend_2D,,7835BG007096,qbasis,missing_base,warning,,,,5,,legacy_excluded,pending
modelling_preprocessing,detrend_2D,,7835BG007099,qbasis,missing_base,warning,,,,5,,legacy_excluded,pending
modelling_preprocessing,detrend_2D,,7835BG007103,qbasis,missing_base,warning,,,,5,,legacy_excluded,pending
modelling_preprocessing,detrend_2D,,7835BG004148,qbasis,outside_buffered_grid,warning,505.7,,,5,,legacy_excluded,pending
modelling_preprocessing,detrend_2D,,7835BG003881,qbasis,outside_buffered_grid,warning,515.2,,,5,,legacy_excluded,pending
modelling_preprocessing,detrend_2D,,7835BG003909,qbasis,missing_base,warning,,,,5,,legacy_excluded,pending
modelling_preprocessing,detrend_2D,,7835BG002248,qbasis,missing_base,warning,,,,5,,legacy_excluded,pending
modelling_preprocessing,detrend_2D,,7835BG002275,qbasis,outside_buffered_grid,warning,511.4,,,5,,legacy_excluded,pending
modelling_preprocessing,detrend_2D,,7835BG002282,qbasis,outside_buffered_grid,warning,510.1,,,5,,legacy_excluded,pending
modelling_preprocessing,detrend_2D,,7835BG002296,qbasis,outside_buffered_grid,warning,513.5,,,5,,legacy_excluded,pending
modelling_preprocessing,detrend_2D,,7835BG007115,qbasis,missing_base,warning,,,,5,,legacy_excluded,pending
modelling_preprocessing,detrend_2D,,7835BG006564,qbasis,outside_buffered_grid,warning,510.2,,,5,,legacy_excluded,pending
modelling_preprocessing,detrend_2D,,7835BG006568,qbasis,outside_buffered_grid,warning,509.7,,,5,,legacy_excluded,pending
modelling_preprocessing,detrend_2D,,7835BG006571,qbasis,outside_buffered_grid,warning,509.9,,,5,,legacy_excluded,pending
modelling_preprocessing,detrend_2D,,7835BG006575,qbasis,outside_buffered_grid,warning,509.70000000000005,,,5,,legacy_excluded,pending
modelling_preprocessing,detrend_2D,,7835BG005433,qbasis,outside_buffered_grid,warning,514.1,,,5,,legacy_excluded,pending
modelling_preprocessing,detrend_2D,,7835BG004342,qbasis,outside_buffered_grid,warning,513.9499999999999,,,5,,legacy_excluded,pending
modelling_preprocessing,detrend_2D,,7835BG004349,qbasis,outside_buffered_grid,warning,511.29999999999995,,,5,,legacy_excluded,pending
modelling_preprocessing,detrend_2D,,7835BG004368,qbasis,missing_base,warning,,,,5,,legacy_excluded,pending
modelling_preprocessing,detrend_2D,,7835BG005721,qbasis,outside_buffered_grid,warning,516.7,,,5,,legacy_excluded,pending
modelling_preprocessing,detrend_2D,,7835BG006524,qbasis,outside_buffered_grid,warning,511.9,,,5,,legacy_excluded,pending
modelling_preprocessing,detrend_2D,,7835BG006528,qbasis,outside_buffered_grid,warning,509.95000000000005,,,5,,legacy_excluded,pending
modelling_preprocessing,detrend_2D,,7835BG006531,qbasis,outside_buffered_grid,warning,508.9,,,5,,legacy_excluded,pending
modelling_preprocessing,detrend_2D,,7835BG006535,qbasis,outside_buffered_grid,warning,509.50000000000006,,,5,,legacy_excluded,pending
modelling_preprocessing,detrend_2D,,7835BG003603,qbasis,outside_buffered_grid,warning,510.9,,,5,,legacy_excluded,pending
modelling_preprocessing,detrend_2D,,7835BG003625,qbasis,missing_base,warning,,,,5,,legacy_excluded,pending
modelling_preprocessing,detrend_2D,,7835BG005523,qbasis,legacy_residual_threshold,warning,498.65,509.48971395270115,-10.839713952701175,5,,legacy_excluded,pending
modelling_preprocessing,detrend_2D,,7835BG005527,qbasis,missing_base,warning,,,,5,,legacy_excluded,pending
modelling_preprocessing,detrend_2D,,7835BG005557,qbasis,outside_buffered_grid,warning,510.2,,,5,,legacy_excluded,pending
modelling_preprocessing,detrend_2D,,7835BG007515,qbasis,outside_buffered_grid,warning,508.95000000000005,,,5,,legacy_excluded,pending
modelling_preprocessing,detrend_2D,,7835BG007530,qbasis,outside_buffered_grid,warning,510.1,,,5,,legacy_excluded,pending
modelling_preprocessing,detrend_2D,,7835BG000964,qbasis,outside_buffered_grid,warning,511.66999999999996,,,5,,legacy_excluded,pending
modelling_preprocessing,detrend_2D,,7835BG000645,qbasis,outside_buffered_grid,warning,512.92,,,5,,legacy_excluded,pending
modelling_preprocessing,detrend_2D,,7835BG000646,qbasis,outside_buffered_grid,warning,513.1,,,5,,legacy_excluded,pending
modelling_preprocessing,detrend_2D,,7835BG000652,qbasis,missing_base,warning,,,,5,,legacy_excluded,pending
modelling_preprocessing,detrend_2D,,7835BG000658,qbasis,missing_base,warning,,,,5,,legacy_excluded,pending
modelling_preprocessing,detrend_2D,,7835BG000665,qbasis,missing_base,warning,,,,5,,legacy_excluded,pending
modelling_preprocessing,detrend_2D,,7835BG000674,qbasis,missing_base,warning,,,,5,,legacy_excluded,pending
modelling_preprocessing,detrend_2D,,7835BG001429,qbasis,outside_buffered_grid,warning,513.35,,,5,,legacy_excluded,pending
modelling_preprocessing,detrend_2D,,7835BG001430,qbasis,missing_base,warning,,,,5,,legacy_excluded,pending
modelling_preprocessing,detrend_2D,,7835BG001298,qbasis,outside_buffered_grid,warning,514.5,,,5,,legacy_excluded,pending
modelling_preprocessing,detrend_2D,,7835BG000228,qbasis,outside_buffered_grid,warning,511.52000000000004,,,5,,legacy_excluded,pending
modelling_preprocessing,detrend_2D,,7835BG000229,qbasis,outside_buffered_grid,warning,514.6,,,5,,legacy_excluded,pending
modelling_preprocessing,detrend_2D,,7835BG001438,qbasis,missing_base,warning,,,,5,,legacy_excluded,pending
modelling_preprocessing,detrend_2D,,7835BG000695,qbasis,outside_buffered_grid,warning,515.13,,,5,,legacy_excluded,pending
modelling_preprocessing,detrend_2D,,7835BG000703,qbasis,outside_buffered_grid,warning,514.6800000000001,,,5,,legacy_excluded,pending
modelling_preprocessing,detrend_2D,,7835BG000828,qbasis,missing_base,warning,,,,5,,legacy_excluded,pending
modelling_preprocessing,detrend_2D,,7835BG000843,qbasis,missing_base,warning,,,,5,,legacy_excluded,pending
modelling_preprocessing,detrend_2D,,7835BG000844,qbasis,outside_buffered_grid,warning,507.34,,,5,,legacy_excluded,pending
modelling_preprocessing,detrend_2D,,7835BG000845,qbasis,missing_base,warning,,,,5,,legacy_excluded,pending
modelling_preprocessing,detrend_2D,,7835BG000975,qbasis,outside_buffered_grid,warning,518.21,,,5,,legacy_excluded,pending
modelling_preprocessing,detrend_2D,,7835BG001431,qbasis,outside_buffered_grid,warning,512.87,,,5,,legacy_excluded,pending
modelling_preprocessing,detrend_2D,,7835BG001433,qbasis,outside_buffered_grid,warning,515.9,,,5,,legacy_excluded,pending
modelling_preprocessing,detrend_2D,,7835BG000263,qbasis,missing_base,warning,,,,5,,legacy_excluded,pending
modelling_preprocessing,detrend_2D,,7835BG000283,qbasis,outside_buffered_grid,warning,512.5,,,5,,legacy_excluded,pending
modelling_preprocessing,detrend_2D,,7835BG000719,qbasis,outside_buffered_grid,warning,511.70000000000005,,,5,,legacy_excluded,pending
modelling_preprocessing,detrend_2D,,7835BG000742,qbasis,outside_buffered_grid,warning,507.9200000000001,,,5,,legacy_excluded,pending
modelling_preprocessing,detrend_2D,,7835BG000888,qbasis,outside_buffered_grid,warning,510.53,,,5,,legacy_excluded,pending
modelling_preprocessing,detrend_2D,,7835BG001124,qbasis,outside_buffered_grid,warning,514.2,,,5,,legacy_excluded,pending
modelling_preprocessing,detrend_2D,,7835BG000284,qbasis,outside_buffered_grid,warning,513.15,,,5,,legacy_excluded,pending
modelling_preprocessing,detrend_2D,,7835BG000286,qbasis,outside_buffered_grid,warning,510.7,,,5,,legacy_excluded,pending
modelling_preprocessing,detrend_2D,,7835BG000615,qbasis,outside_buffered_grid,warning,514.6,,,5,,legacy_excluded,pending
modelling_preprocessing,detrend_2D,,7835BG000632,qbasis,missing_base,warning,,,,5,,legacy_excluded,pending
modelling_preprocessing,detrend_2D,,7835BG000642,qbasis,outside_buffered_grid,warning,511.0,,,5,,legacy_excluded,pending
modelling_preprocessing,detrend_2D,,7835BG000644,qbasis,missing_base,warning,,,,5,,legacy_excluded,pending
modelling_preprocessing,detrend_2D,,7835BG001516,qbasis,legacy_global_lower_cutoff,warning,476.59999999999997,511.835447549254,-35.23544754925405,5,,legacy_excluded,pending
modelling_preprocessing,detrend_2D,,7835BG002295,qbasis,outside_buffered_grid,warning,510.30000000000007,,,5,,legacy_excluded,pending
modelling_preprocessing,detrend_2D,,7835BG002814,qbasis,outside_buffered_grid,warning,512.99,,,5,,legacy_excluded,pending
modelling_preprocessing,detrend_2D,,7835BG002815,qbasis,outside_buffered_grid,warning,511.66,,,5,,legacy_excluded,pending
modelling_preprocessing,detrend_2D,,7835BG002817,qbasis,outside_buffered_grid,warning,512.82,,,5,,legacy_excluded,pending
modelling_preprocessing,detrend_2D,,7835BG002819,qbasis,outside_buffered_grid,warning,511.89000000000004,,,5,,legacy_excluded,pending
modelling_preprocessing,detrend_2D,,7835BG002821,qbasis,outside_buffered_grid,warning,513.28,,,5,,legacy_excluded,pending
modelling_preprocessing,detrend_2D,,7835BG002824,qbasis,outside_buffered_grid,warning,513.35,,,5,,legacy_excluded,pending
modelling_preprocessing,detrend_2D,,7835BG002443,qbasis,outside_buffered_grid,warning,510.4,,,5,,legacy_excluded,pending
modelling_preprocessing,detrend_2D,,7835BG002825,qbasis,outside_buffered_grid,warning,513.03,,,5,,legacy_excluded,pending
modelling_preprocessing,detrend_2D,,7835BG002826,qbasis,outside_buffered_grid,warning,512.49,,,5,,legacy_excluded,pending
modelling_preprocessing,detrend_2D,,7835BG002828,qbasis,outside_buffered_grid,warning,510.73999999999995,,,5,,legacy_excluded,pending
modelling_preprocessing,detrend_2D,,7835BG002829,qbasis,outside_buffered_grid,warning,511.03,,,5,,legacy_excluded,pending
modelling_preprocessing,detrend_2D,,7835BG002830,qbasis,outside_buffered_grid,warning,511.43,,,5,,legacy_excluded,pending
modelling_preprocessing,detrend_2D,,7835BG002832,qbasis,outside_buffered_grid,warning,511.78,,,5,,legacy_excluded,pending
modelling_preprocessing,detrend_2D,,7835BG002833,qbasis,outside_buffered_grid,warning,511.90999999999997,,,5,,legacy_excluded,pending
modelling_preprocessing,detrend_2D,,7835BG002834,qbasis,outside_buffered_grid,warning,512.06,,,5,,legacy_excluded,pending
modelling_preprocessing,detrend_2D,,7835BG002836,qbasis,outside_buffered_grid,warning,511.99,,,5,,legacy_excluded,pending
modelling_preprocessing,detrend_2D,,7835BG002843,qbasis,outside_buffered_grid,warning,511.69000000000005,,,5,,legacy_excluded,pending
modelling_preprocessing,detrend_2D,,7835BG002137,qbasis,outside_buffered_grid,warning,508.6,,,5,,legacy_excluded,pending
modelling_preprocessing,detrend_2D,,7835BG002138,qbasis,outside_buffered_grid,warning,508.4,,,5,,legacy_excluded,pending
modelling_preprocessing,detrend_2D,,7835BG002140,qbasis,outside_buffered_grid,warning,508.20000000000005,,,5,,legacy_excluded,pending
modelling_preprocessing,detrend_2D,,7835BG002084,qbasis,outside_buffered_grid,warning,511.1,,,5,,legacy_excluded,pending
modelling_preprocessing,detrend_2D,,7835BG002085,qbasis,outside_buffered_grid,warning,510.20000000000005,,,5,,legacy_excluded,pending
modelling_preprocessing,detrend_2D,,7835BG002087,qbasis,outside_buffered_grid,warning,509.79999999999995,,,5,,legacy_excluded,pending
modelling_preprocessing,detrend_2D,,7835BG002274,qbasis,outside_buffered_grid,warning,508.99999999999994,,,5,,legacy_excluded,pending
modelling_preprocessing,detrend_2D,,7835BG003846,qbasis,outside_buffered_grid,warning,511.00000000000006,,,5,,legacy_excluded,pending
modelling_preprocessing,detrend_2D,,7835BG003847,qbasis,outside_buffered_grid,warning,512.4,,,5,,legacy_excluded,pending
modelling_preprocessing,detrend_2D,,7835BG003981,qbasis,outside_buffered_grid,warning,514.6999999999999,,,5,,legacy_excluded,pending
modelling_preprocessing,detrend_2D,,7835BG004244,qbasis,outside_buffered_grid,warning,510.5,,,5,,legacy_excluded,pending
modelling_preprocessing,detrend_2D,,7835BG002991,qbasis,outside_buffered_grid,warning,513.6,,,5,,legacy_excluded,pending
modelling_preprocessing,detrend_2D,,7835BG003623,qbasis,outside_buffered_grid,warning,512.45,,,5,,legacy_excluded,pending
modelling_preprocessing,detrend_2D,,7835BG003853,qbasis,missing_base,warning,,,,5,,legacy_excluded,pending
modelling_preprocessing,detrend_2D,,7835BG003857,qbasis,legacy_residual_threshold,warning,514.85,509.5879555896199,5.262044410380099,5,,legacy_excluded,pending
modelling_preprocessing,detrend_2D,,7835BG003996,qbasis,outside_buffered_grid,warning,507.7,,,5,,legacy_excluded,pending
modelling_preprocessing,detrend_2D,,7835BG003880,qbasis,outside_buffered_grid,warning,515.5999999999999,,,5,,legacy_excluded,pending
modelling_preprocessing,detrend_2D,,7835BG002941,qbasis,outside_buffered_grid,warning,504.59999999999997,,,5,,legacy_excluded,pending
modelling_preprocessing,detrend_2D,,7835BG003526,qbasis,outside_buffered_grid,warning,510.0,,,5,,legacy_excluded,pending
modelling_preprocessing,detrend_2D,,7835BG004050,qbasis,outside_buffered_grid,warning,507.5,,,5,,legacy_excluded,pending
modelling_preprocessing,detrend_2D,,7835BG004320,qbasis,outside_buffered_grid,warning,510.29999999999995,,,5,,legacy_excluded,pending
modelling_preprocessing,detrend_2D,,7835BG004321,qbasis,legacy_residual_threshold,warning,500.99999999999994,509.27677910598163,-8.276779105981689,5,,legacy_excluded,pending
modelling_preprocessing,detrend_2D,,7835BG004323,qbasis,legacy_residual_threshold,warning,491.09999999999997,511.0915751700285,-19.99157517002851,5,,legacy_excluded,pending
modelling_preprocessing,detrend_2D,,7835BG004254,qbasis,outside_buffered_grid,warning,503.0,,,5,,legacy_excluded,pending
modelling_preprocessing,detrend_2D,,7835BG003539,qbasis,outside_buffered_grid,warning,511.4,,,5,,legacy_excluded,pending
modelling_preprocessing,detrend_2D,,7835BG004082,qbasis,outside_buffered_grid,warning,512.0999999999999,,,5,,legacy_excluded,pending
modelling_preprocessing,detrend_2D,,7835BG003941,qbasis,outside_buffered_grid,warning,512.0500000000001,,,5,,legacy_excluded,pending
modelling_preprocessing,detrend_2D,,7835BG003955,qbasis,outside_buffered_grid,warning,513.3,,,5,,legacy_excluded,pending
modelling_preprocessing,detrend_2D,,7835BG003956,qbasis,outside_buffered_grid,warning,514.95,,,5,,legacy_excluded,pending
modelling_preprocessing,detrend_2D,,7835BG002972,qbasis,outside_buffered_grid,warning,512.4000000000001,,,5,,legacy_excluded,pending
modelling_preprocessing,detrend_2D,,7835BG002977,qbasis,outside_buffered_grid,warning,511.79999999999995,,,5,,legacy_excluded,pending
modelling_preprocessing,detrend_2D,,7835BG002979,qbasis,outside_buffered_grid,warning,512.3,,,5,,legacy_excluded,pending
modelling_preprocessing,detrend_2D,,7835BG002983,qbasis,outside_buffered_grid,warning,512.2,,,5,,legacy_excluded,pending
modelling_preprocessing,detrend_2D,,7835BG002988,qbasis,outside_buffered_grid,warning,512.9000000000001,,,5,,legacy_excluded,pending
modelling_preprocessing,detrend_2D,,7835BG003968,qbasis,outside_buffered_grid,warning,513.05,,,5,,legacy_excluded,pending
modelling_preprocessing,detrend_2D,,7835BG005241,qbasis,missing_base,warning,,,,5,,legacy_excluded,pending
modelling_preprocessing,detrend_2D,,7835BG005246,qbasis,legacy_residual_threshold,warning,500.6,511.5208952580302,-10.920895258030157,5,,legacy_excluded,pending
modelling_preprocessing,detrend_2D,,7835BG005372,qbasis,outside_buffered_grid,warning,512.4,,,5,,legacy_excluded,pending
modelling_preprocessing,detrend_2D,,7835BG005376,qbasis,outside_buffered_grid,warning,513.9000000000001,,,5,,legacy_excluded,pending
modelling_preprocessing,detrend_2D,,7835BG005146,qbasis,legacy_residual_threshold,warning,517.1,511.95097981470013,5.149020185299889,5,,legacy_excluded,pending
modelling_preprocessing,detrend_2D,,7835BG005149,qbasis,missing_base,warning,,,,5,,legacy_excluded,pending
modelling_preprocessing,detrend_2D,,7835BG005150,qbasis,missing_base,warning,,,,5,,legacy_excluded,pending
modelling_preprocessing,detrend_2D,,7835BG005392,qbasis,outside_buffered_grid,warning,513.8000000000001,,,5,,legacy_excluded,pending
modelling_preprocessing,detrend_2D,,7835BG005394,qbasis,outside_buffered_grid,warning,513.2,,,5,,legacy_excluded,pending
modelling_preprocessing,detrend_2D,,7835BG005396,qbasis,outside_buffered_grid,warning,512.9,,,5,,legacy_excluded,pending
modelling_preprocessing,detrend_2D,,7835BG005398,qbasis,outside_buffered_grid,warning,513.7,,,5,,legacy_excluded,pending
modelling_preprocessing,detrend_2D,,7835BG005400,qbasis,outside_buffered_grid,warning,515.1999999999999,,,5,,legacy_excluded,pending
modelling_preprocessing,detrend_2D,,7835BG005524,qbasis,missing_base,warning,,,,5,,legacy_excluded,pending
modelling_preprocessing,detrend_2D,,7835BG005525,qbasis,legacy_residual_threshold,warning,499.45,509.4836806835686,-10.033680683568605,5,,legacy_excluded,pending
modelling_preprocessing,detrend_2D,,7835BG005526,qbasis,missing_base,warning,,,,5,,legacy_excluded,pending
modelling_preprocessing,detrend_2D,,7835BG005298,qbasis,outside_buffered_grid,warning,513.4,,,5,,legacy_excluded,pending
modelling_preprocessing,detrend_2D,,7835BG005305,qbasis,outside_buffered_grid,warning,514.0,,,5,,legacy_excluded,pending
modelling_preprocessing,detrend_2D,,7835BG005413,qbasis,outside_buffered_grid,warning,513.5999999999999,,,5,,legacy_excluded,pending
modelling_preprocessing,detrend_2D,,7835BG005414,qbasis,outside_buffered_grid,warning,514.1999999999999,,,5,,legacy_excluded,pending
modelling_preprocessing,detrend_2D,,7835BG005415,qbasis,outside_buffered_grid,warning,513.8000000000001,,,5,,legacy_excluded,pending
modelling_preprocessing,detrend_2D,,7835BG005417,qbasis,outside_buffered_grid,warning,513.6,,,5,,legacy_excluded,pending
modelling_preprocessing,detrend_2D,,7835BG005536,qbasis,outside_buffered_grid,warning,510.19999999999993,,,5,,legacy_excluded,pending
modelling_preprocessing,detrend_2D,,7835BG005537,qbasis,outside_buffered_grid,warning,510.0,,,5,,legacy_excluded,pending
modelling_preprocessing,detrend_2D,,7835BG005550,qbasis,missing_base,warning,,,,5,,legacy_excluded,pending
modelling_preprocessing,detrend_2D,,7835BG005554,qbasis,outside_buffered_grid,warning,510.5,,,5,,legacy_excluded,pending
modelling_preprocessing,detrend_2D,,7835BG005555,qbasis,outside_buffered_grid,warning,510.0,,,5,,legacy_excluded,pending
modelling_preprocessing,detrend_2D,,7835BG005556,qbasis,outside_buffered_grid,warning,512.8,,,5,,legacy_excluded,pending
modelling_preprocessing,detrend_2D,,7835BG004201,qbasis,outside_buffered_grid,warning,508.7,,,5,,legacy_excluded,pending
modelling_preprocessing,detrend_2D,,7835BG004202,qbasis,outside_buffered_grid,warning,508.20000000000005,,,5,,legacy_excluded,pending
modelling_preprocessing,detrend_2D,,7835BG004203,qbasis,outside_buffered_grid,warning,509.4,,,5,,legacy_excluded,pending
modelling_preprocessing,detrend_2D,,7835BG004205,qbasis,outside_buffered_grid,warning,512.4,,,5,,legacy_excluded,pending
modelling_preprocessing,detrend_2D,,7835BG004206,qbasis,outside_buffered_grid,warning,512.3,,,5,,legacy_excluded,pending
modelling_preprocessing,detrend_2D,,7835BG004218,qbasis,outside_buffered_grid,warning,513.7,,,5,,legacy_excluded,pending
modelling_preprocessing,detrend_2D,,7835BG005092,qbasis,outside_buffered_grid,warning,509.6,,,5,,legacy_excluded,pending
modelling_preprocessing,detrend_2D,,7835BG005093,qbasis,outside_buffered_grid,warning,510.85,,,5,,legacy_excluded,pending
modelling_preprocessing,detrend_2D,,7835BG005094,qbasis,outside_buffered_grid,warning,511.0,,,5,,legacy_excluded,pending
modelling_preprocessing,detrend_2D,,7835BG005558,qbasis,outside_buffered_grid,warning,510.05000000000007,,,5,,legacy_excluded,pending
modelling_preprocessing,detrend_2D,,7835BG005559,qbasis,outside_buffered_grid,warning,510.30000000000007,,,5,,legacy_excluded,pending
modelling_preprocessing,detrend_2D,,7835BG005320,qbasis,outside_buffered_grid,warning,513.8000000000001,,,5,,legacy_excluded,pending
modelling_preprocessing,detrend_2D,,7835BG005560,qbasis,outside_buffered_grid,warning,509.65,,,5,,legacy_excluded,pending
modelling_preprocessing,detrend_2D,,7835BG007175,qbasis,legacy_global_lower_cutoff,warning,487.0,512.2120867919206,-25.21208679192057,5,,legacy_excluded,pending
modelling_preprocessing,detrend_2D,,7835BG006472,qbasis,outside_buffered_grid,warning,509.50000000000006,,,5,,legacy_excluded,pending
modelling_preprocessing,detrend_2D,,7835BG006473,qbasis,missing_base,warning,,,,5,,legacy_excluded,pending
modelling_preprocessing,detrend_2D,,7835BG006476,qbasis,outside_buffered_grid,warning,510.99999999999994,,,5,,legacy_excluded,pending
modelling_preprocessing,detrend_2D,,7835BG006477,qbasis,outside_buffered_grid,warning,509.9,,,5,,legacy_excluded,pending
modelling_preprocessing,detrend_2D,,7835BG006523,qbasis,outside_buffered_grid,warning,511.2,,,5,,legacy_excluded,pending
modelling_preprocessing,detrend_2D,,7835BG006525,qbasis,outside_buffered_grid,warning,509.99999999999994,,,5,,legacy_excluded,pending
modelling_preprocessing,detrend_2D,,7835BG006526,qbasis,outside_buffered_grid,warning,510.69999999999993,,,5,,legacy_excluded,pending
modelling_preprocessing,detrend_2D,,7835BG006527,qbasis,outside_buffered_grid,warning,510.59999999999997,,,5,,legacy_excluded,pending
modelling_preprocessing,detrend_2D,,7835BG006529,qbasis,outside_buffered_grid,warning,508.90000000000003,,,5,,legacy_excluded,pending
modelling_preprocessing,detrend_2D,,7835BG006530,qbasis,outside_buffered_grid,warning,508.79999999999995,,,5,,legacy_excluded,pending
modelling_preprocessing,detrend_2D,,7835BG006532,qbasis,outside_buffered_grid,warning,509.29999999999995,,,5,,legacy_excluded,pending
modelling_preprocessing,detrend_2D,,7835BG006533,qbasis,outside_buffered_grid,warning,508.79999999999995,,,5,,legacy_excluded,pending
modelling_preprocessing,detrend_2D,,7835BG006534,qbasis,outside_buffered_grid,warning,508.20000000000005,,,5,,legacy_excluded,pending
modelling_preprocessing,detrend_2D,,7835BG006536,qbasis,outside_buffered_grid,warning,510.1,,,5,,legacy_excluded,pending
modelling_preprocessing,detrend_2D,,7835BG006562,qbasis,outside_buffered_grid,warning,510.96999999999997,,,5,,legacy_excluded,pending
modelling_preprocessing,detrend_2D,,7835BG006563,qbasis,outside_buffered_grid,warning,511.85,,,5,,legacy_excluded,pending
modelling_preprocessing,detrend_2D,,7835BG006565,qbasis,outside_buffered_grid,warning,511.29999999999995,,,5,,legacy_excluded,pending
modelling_preprocessing,detrend_2D,,7835BG006566,qbasis,outside_buffered_grid,warning,510.5,,,5,,legacy_excluded,pending
modelling_preprocessing,detrend_2D,,7835BG006567,qbasis,outside_buffered_grid,warning,510.29999999999995,,,5,,legacy_excluded,pending
modelling_preprocessing,detrend_2D,,7835BG006569,qbasis,outside_buffered_grid,warning,509.2,,,5,,legacy_excluded,pending
modelling_preprocessing,detrend_2D,,7835BG006462,qbasis,outside_buffered_grid,warning,509.95000000000005,,,5,,legacy_excluded,pending
modelling_preprocessing,detrend_2D,,7835BG006463,qbasis,outside_buffered_grid,warning,509.09999999999997,,,5,,legacy_excluded,pending
modelling_preprocessing,detrend_2D,,7835BG006570,qbasis,outside_buffered_grid,warning,509.29999999999995,,,5,,legacy_excluded,pending
modelling_preprocessing,detrend_2D,,7835BG006572,qbasis,outside_buffered_grid,warning,509.2,,,5,,legacy_excluded,pending
modelling_preprocessing,detrend_2D,,7835BG006573,qbasis,outside_buffered_grid,warning,509.29999999999995,,,5,,legacy_excluded,pending
modelling_preprocessing,detrend_2D,,7835BG006574,qbasis,outside_buffered_grid,warning,509.69999999999993,,,5,,legacy_excluded,pending
modelling_preprocessing,detrend_2D,,7835BG007068,qbasis,outside_buffered_grid,warning,510.5,,,5,,legacy_excluded,pending
modelling_preprocessing,detrend_2D,,7835BG007070,qbasis,outside_buffered_grid,warning,510.40000000000003,,,5,,legacy_excluded,pending
modelling_preprocessing,detrend_2D,,7835BG007071,qbasis,outside_buffered_grid,warning,510.00000000000006,,,5,,legacy_excluded,pending
modelling_preprocessing,detrend_2D,,7835BG007072,qbasis,outside_buffered_grid,warning,510.40000000000003,,,5,,legacy_excluded,pending
modelling_preprocessing,detrend_2D,,7835BG007085,qbasis,missing_base,warning,,,,5,,legacy_excluded,pending
modelling_preprocessing,detrend_2D,,7835BG007086,qbasis,missing_base,warning,,,,5,,legacy_excluded,pending
modelling_preprocessing,detrend_2D,,7835BG007087,qbasis,legacy_residual_threshold,warning,493.2,510.78540203036624,-17.585402030366254,5,,legacy_excluded,pending
modelling_preprocessing,detrend_2D,,7835BG007089,qbasis,missing_base,warning,,,,5,,legacy_excluded,pending
modelling_preprocessing,detrend_2D,,7835BG007090,qbasis,missing_base,warning,,,,5,,legacy_excluded,pending
modelling_preprocessing,detrend_2D,,7835BG007091,qbasis,missing_base,warning,,,,5,,legacy_excluded,pending
modelling_preprocessing,detrend_2D,,7835BG007093,qbasis,missing_base,warning,,,,5,,legacy_excluded,pending
modelling_preprocessing,detrend_2D,,7835BG007094,qbasis,legacy_residual_threshold,warning,493.29999999999995,510.9319950637124,-17.631995063712452,5,,legacy_excluded,pending
modelling_preprocessing,detrend_2D,,7835BG007095,qbasis,missing_base,warning,,,,5,,legacy_excluded,pending
modelling_preprocessing,detrend_2D,,7835BG007097,qbasis,missing_base,warning,,,,5,,legacy_excluded,pending
modelling_preprocessing,detrend_2D,,7835BG007098,qbasis,legacy_residual_threshold,warning,492.9,510.7638861870782,-17.863886187078208,5,,legacy_excluded,pending
modelling_preprocessing,detrend_2D,,7835BG007100,qbasis,legacy_residual_threshold,warning,493.5,510.7481245312348,-17.248124531234794,5,,legacy_excluded,pending
modelling_preprocessing,detrend_2D,,7835BG007101,qbasis,missing_base,warning,,,,5,,legacy_excluded,pending
modelling_preprocessing,detrend_2D,,7835BG007102,qbasis,missing_base,warning,,,,5,,legacy_excluded,pending
modelling_preprocessing,detrend_2D,,7835BG007104,qbasis,legacy_residual_threshold,warning,493.2,510.7108370104833,-17.51083701048333,5,,legacy_excluded,pending
modelling_preprocessing,detrend_2D,,7835BG007105,qbasis,missing_base,warning,,,,5,,legacy_excluded,pending
modelling_preprocessing,detrend_2D,,7835BG007114,qbasis,missing_base,warning,,,,5,,legacy_excluded,pending
modelling_preprocessing,detrend_2D,,7835BG007116,qbasis,missing_base,warning,,,,5,,legacy_excluded,pending
modelling_preprocessing,detrend_2D,,7835BG007117,qbasis,missing_base,warning,,,,5,,legacy_excluded,pending
modelling_preprocessing,detrend_2D,,7835BG007514,qbasis,outside_buffered_grid,warning,509.53000000000003,,,5,,legacy_excluded,pending
modelling_preprocessing,detrend_2D,,7835BG007516,qbasis,outside_buffered_grid,warning,510.90999999999997,,,5,,legacy_excluded,pending
modelling_preprocessing,detrend_2D,,7835BG007517,qbasis,outside_buffered_grid,warning,511.12,,,5,,legacy_excluded,pending
modelling_preprocessing,detrend_2D,,7835BG007518,qbasis,outside_buffered_grid,warning,510.91999999999996,,,5,,legacy_excluded,pending
modelling_preprocessing,detrend_2D,,7835BG007550,qbasis,legacy_global_lower_cutoff,warning,345.0,511.76047910585226,-166.76047910585226,5,,legacy_excluded,pending
modelling_preprocessing,detrend_2D,,7835BG007540,qbasis,legacy_global_lower_cutoff,warning,308.20000000000005,,,5,,legacy_excluded,pending
modelling_preprocessing,detrend_2D,,7835BG015971,qbasis,missing_base,warning,,,,5,,legacy_excluded,pending
modelling_preprocessing,detrend_2D,,7835BG015973,qbasis,missing_base,warning,,,,5,,legacy_excluded,pending
modelling_preprocessing,detrend_2D,,7835BG015109,qbasis,outside_buffered_grid,warning,510.65000000000003,,,5,,legacy_excluded,pending
modelling_preprocessing,detrend_2D,,7835BG015103,qbasis,missing_base,warning,,,,5,,legacy_excluded,pending
modelling_preprocessing,detrend_2D,,7835BG015125,qbasis,legacy_global_lower_cutoff,warning,305.52,,,5,,legacy_excluded,pending
modelling_preprocessing,detrend_2D,,7835BG015033,qbasis,missing_base,warning,,,,5,,legacy_excluded,pending
modelling_preprocessing,detrend_2D,,7835BG015164,qbasis,missing_base,warning,,,,5,,legacy_excluded,pending
modelling_preprocessing,detrend_2D,,7835BG015024,qbasis,missing_base,warning,,,,5,,legacy_excluded,pending
modelling_preprocessing,detrend_2D,,7835BG015240,qbasis,missing_base,warning,,,,5,,legacy_excluded,pending
modelling_preprocessing,detrend_2D,,7835BG015087,qbasis,missing_base,warning,,,,5,,legacy_excluded,pending
modelling_preprocessing,detrend_2D,,7835BG015393,qbasis,missing_base,warning,,,,5,,legacy_excluded,pending
modelling_preprocessing,detrend_2D,,7835BG015124,qbasis,legacy_global_lower_cutoff,warning,310.20000000000005,,,5,,legacy_excluded,pending
modelling_preprocessing,detrend_2D,,7835BG015081,qbasis,missing_base,warning,,,,5,,legacy_excluded,pending
modelling_preprocessing,detrend_2D,,7835BG015231,qbasis,missing_base,warning,,,,5,,legacy_excluded,pending
modelling_preprocessing,detrend_2D,,7835BG015551,qbasis,outside_buffered_grid,warning,505.50000000000006,,,5,,legacy_excluded,pending
modelling_preprocessing,detrend_2D,,7835BG015462,qbasis,missing_base,warning,,,,5,,legacy_excluded,pending
modelling_preprocessing,detrend_2D,,7835BG015576,qbasis,outside_buffered_grid,warning,512.0999999999999,,,5,,legacy_excluded,pending
modelling_preprocessing,detrend_2D,,7835BG015972,qbasis,missing_base,warning,,,,5,,legacy_excluded,pending
modelling_preprocessing,detrend_2D,,7835BG015578,qbasis,outside_buffered_grid,warning,515.1,,,5,,legacy_excluded,pending
modelling_preprocessing,detrend_2D,,7835BG015567,qbasis,missing_base,warning,,,,5,,legacy_excluded,pending
modelling_preprocessing,detrend_2D,,7835BG015569,qbasis,legacy_residual_threshold,warning,504.30000000000007,509.7627788193289,-5.4627788193288325,5,,legacy_excluded,pending
modelling_preprocessing,detrend_2D,,7835BG015499,qbasis,outside_buffered_grid,warning,514.0999999999999,,,5,,legacy_excluded,pending
modelling_preprocessing,detrend_2D,,7835BG015976,qbasis,missing_base,warning,,,,5,,legacy_excluded,pending
modelling_preprocessing,detrend_2D,,7835BG008624,qbasis,outside_buffered_grid,warning,511.96999999999997,,,5,,legacy_excluded,pending
modelling_preprocessing,detrend_2D,,7835BG017003,qbasis,missing_base,warning,,,,5,,legacy_excluded,pending
modelling_preprocessing,detrend_2D,,7835BG015552,qbasis,outside_buffered_grid,warning,508.40000000000003,,,5,,legacy_excluded,pending
modelling_preprocessing,detrend_2D,,7835BG016940,qbasis,missing_base,warning,,,,5,,legacy_excluded,pending
modelling_preprocessing,detrend_2D,,7835BG015553,qbasis,missing_base,warning,,,,5,,legacy_excluded,pending
modelling_preprocessing,detrend_2D,,7835BG015500,qbasis,missing_base,warning,,,,5,,legacy_excluded,pending
modelling_preprocessing,detrend_2D,,7835BG015550,qbasis,missing_base,warning,,,,5,,legacy_excluded,pending
modelling_preprocessing,detrend_2D,,7835BG015501,qbasis,missing_base,warning,,,,5,,legacy_excluded,pending
modelling_preprocessing,detrend_2D,,7835BG015549,qbasis,outside_buffered_grid,warning,505.1,,,5,,legacy_excluded,pending
modelling_preprocessing,detrend_2D,,7835BG016964,qbasis,missing_base,warning,,,,5,,legacy_excluded,pending
modelling_preprocessing,detrend_2D,,7835BG015788,qbasis,legacy_global_lower_cutoff,warning,426.8,513.722808364342,-86.92280836434196,5,,legacy_excluded,pending
modelling_preprocessing,detrend_2D,,7835BG016941,qbasis,missing_base,warning,,,,5,,legacy_excluded,pending
modelling_preprocessing,detrend_2D,,7835BG015772,qbasis,outside_buffered_grid,warning,508.6,,,5,,legacy_excluded,pending
modelling_preprocessing,detrend_2D,,7835BG015889,qbasis,missing_base,warning,,,,5,,legacy_excluded,pending
modelling_preprocessing,detrend_2D,,7835BG016165,qbasis,missing_base,warning,,,,5,,legacy_excluded,pending
modelling_preprocessing,detrend_2D,,7835BG015947,qbasis,missing_base,warning,,,,5,,legacy_excluded,pending
modelling_preprocessing,detrend_2D,,7835BG015948,qbasis,missing_base,warning,,,,5,,legacy_excluded,pending
modelling_preprocessing,detrend_2D,,7835BG015962,qbasis,outside_buffered_grid,warning,514.9,,,5,,legacy_excluded,pending
modelling_preprocessing,detrend_2D,,7835BG015877,qbasis,missing_base,warning,,,,5,,legacy_excluded,pending
modelling_preprocessing,detrend_2D,,7835BG016886,qbasis,missing_base,warning,,,,5,,legacy_excluded,pending
modelling_preprocessing,detrend_2D,,7835BG015902,qbasis,missing_base,warning,,,,5,,legacy_excluded,pending
modelling_preprocessing,detrend_2D,,7835BG015903,qbasis,missing_base,warning,,,,5,,legacy_excluded,pending
modelling_preprocessing,detrend_2D,,7835BG015954,qbasis,missing_base,warning,,,,5,,legacy_excluded,pending
modelling_preprocessing,detrend_2D,,7835BG015925,qbasis,outside_buffered_grid,warning,511.5,,,5,,legacy_excluded,pending
modelling_preprocessing,detrend_2D,,7835BG015890,qbasis,missing_base,warning,,,,5,,legacy_excluded,pending
modelling_preprocessing,detrend_2D,,7835BG016891,qbasis,missing_base,warning,,,,5,,legacy_excluded,pending
modelling_preprocessing,detrend_2D,,7835BG015950,qbasis,missing_base,warning,,,,5,,legacy_excluded,pending
modelling_preprocessing,detrend_2D,,7835BG016274,qbasis,missing_base,warning,,,,5,,legacy_excluded,pending
modelling_preprocessing,detrend_2D,,7835BG015891,qbasis,missing_base,warning,,,,5,,legacy_excluded,pending
modelling_preprocessing,detrend_2D,,7835BG015885,qbasis,missing_base,warning,,,,5,,legacy_excluded,pending
modelling_preprocessing,detrend_2D,,7835BG016256,qbasis,missing_base,warning,,,,5,,legacy_excluded,pending
modelling_preprocessing,detrend_2D,,7835BG016538,qbasis,missing_base,warning,,,,5,,legacy_excluded,pending
modelling_preprocessing,detrend_2D,,7835BG016252,qbasis,missing_base,warning,,,,5,,legacy_excluded,pending
modelling_preprocessing,detrend_2D,,7835BG016994,qbasis,missing_base,warning,,,,5,,legacy_excluded,pending
modelling_preprocessing,detrend_2D,,7835BG016991,qbasis,missing_base,warning,,,,5,,legacy_excluded,pending
modelling_preprocessing,detrend_2D,,7835BG015739,qbasis,outside_buffered_grid,warning,515.0,,,5,,legacy_excluded,pending
modelling_preprocessing,detrend_2D,,7835BG015886,qbasis,missing_base,warning,,,,5,,legacy_excluded,pending
modelling_preprocessing,detrend_2D,,7835BG015888,qbasis,missing_base,warning,,,,5,,legacy_excluded,pending
modelling_preprocessing,detrend_2D,,7835BG015904,qbasis,missing_base,warning,,,,5,,legacy_excluded,pending
modelling_preprocessing,detrend_2D,,7835BG015905,qbasis,missing_base,warning,,,,5,,legacy_excluded,pending
modelling_preprocessing,detrend_2D,,7835BG015956,qbasis,missing_base,warning,,,,5,,legacy_excluded,pending
modelling_preprocessing,detrend_2D,,7835BG015955,qbasis,missing_base,warning,,,,5,,legacy_excluded,pending
modelling_preprocessing,detrend_2D,,7835BG016253,qbasis,missing_base,warning,,,,5,,legacy_excluded,pending
modelling_preprocessing,detrend_2D,,7835BG016993,qbasis,missing_base,warning,,,,5,,legacy_excluded,pending
modelling_preprocessing,detrend_2D,,7835BG017002,qbasis,outside_buffered_grid,warning,512.49,,,5,,legacy_excluded,pending
modelling_preprocessing,detrend_2D,,7835BG015958,qbasis,missing_base,warning,,,,5,,legacy_excluded,pending
modelling_preprocessing,detrend_2D,,7835BG015957,qbasis,missing_base,warning,,,,5,,legacy_excluded,pending
modelling_preprocessing,detrend_2D,,7835BG016273,qbasis,missing_base,warning,,,,5,,legacy_excluded,pending
modelling_preprocessing,detrend_2D,,7835BG015952,qbasis,missing_base,warning,,,,5,,legacy_excluded,pending
modelling_preprocessing,detrend_2D,,7835BG016251,qbasis,missing_base,warning,,,,5,,legacy_excluded,pending
modelling_preprocessing,detrend_2D,,7835BG015951,qbasis,missing_base,warning,,,,5,,legacy_excluded,pending
modelling_preprocessing,detrend_2D,,7835BG015946,qbasis,missing_base,warning,,,,5,,legacy_excluded,pending
modelling_preprocessing,detrend_2D,,7835BG015945,qbasis,missing_base,warning,,,,5,,legacy_excluded,pending
modelling_preprocessing,detrend_2D,,7835BG015953,qbasis,missing_base,warning,,,,5,,legacy_excluded,pending
modelling_preprocessing,detrend_2D,,7835BG016294,qbasis,missing_base,warning,,,,5,,legacy_excluded,pending
modelling_preprocessing,detrend_2D,,7835BG016271,qbasis,missing_base,warning,,,,5,,legacy_excluded,pending
modelling_preprocessing,detrend_2D,,7835BG016893,qbasis,missing_base,warning,,,,5,,legacy_excluded,pending
modelling_preprocessing,detrend_2D,,7835BG016164,qbasis,outside_buffered_grid,warning,512.0699999999999,,,5,,legacy_excluded,pending
modelling_preprocessing,detrend_2D,,7835BG015949,qbasis,missing_base,warning,,,,5,,legacy_excluded,pending
modelling_preprocessing,detrend_2D,,7835BG016537,qbasis,missing_base,warning,,,,5,,legacy_excluded,pending
modelling_preprocessing,detrend_2D,,7835BG016254,qbasis,missing_base,warning,,,,5,,legacy_excluded,pending
modelling_preprocessing,detrend_2D,,7835BG015901,qbasis,missing_base,warning,,,,5,,legacy_excluded,pending
modelling_preprocessing,detrend_2D,,7835BG016258,qbasis,missing_base,warning,,,,5,,legacy_excluded,pending
modelling_preprocessing,detrend_2D,,7835BG016888,qbasis,missing_base,warning,,,,5,,legacy_excluded,pending
modelling_preprocessing,detrend_2D,,7835BG015965,qbasis,missing_base,warning,,,,5,,legacy_excluded,pending
modelling_preprocessing,detrend_2D,,7835BG016270,qbasis,missing_base,warning,,,,5,,legacy_excluded,pending
modelling_preprocessing,detrend_2D,,7835BG016260,qbasis,missing_base,warning,,,,5,,legacy_excluded,pending
modelling_preprocessing,detrend_2D,,7835BG016268,qbasis,missing_base,warning,,,,5,,legacy_excluded,pending
modelling_preprocessing,detrend_2D,,7835BG016887,qbasis,legacy_residual_threshold,warning,506.65,513.5563800867633,-6.906380086763306,5,,legacy_excluded,pending
modelling_preprocessing,detrend_2D,,7835BG016272,qbasis,missing_base,warning,,,,5,,legacy_excluded,pending
modelling_preprocessing,detrend_2D,,7835BG016255,qbasis,missing_base,warning,,,,5,,legacy_excluded,pending
modelling_preprocessing,detrend_2D,,7835BG016257,qbasis,missing_base,warning,,,,5,,legacy_excluded,pending
modelling_preprocessing,detrend_2D,,7835BG016539,qbasis,missing_base,warning,,,,5,,legacy_excluded,pending
modelling_preprocessing,detrend_2D,,7835BG016902,qbasis,missing_base,warning,,,,5,,legacy_excluded,pending
modelling_preprocessing,detrend_2D,,7835BG016655,qbasis,missing_base,warning,,,,5,,legacy_excluded,pending
modelling_preprocessing,detrend_2D,,7835BG017092,qbasis,missing_base,warning,,,,5,,legacy_excluded,pending
modelling_preprocessing,detrend_2D,,7835BG017004,qbasis,missing_base,warning,,,,5,,legacy_excluded,pending
modelling_preprocessing,detrend_2D,,7835BG016903,qbasis,missing_base,warning,,,,5,,legacy_excluded,pending
modelling_preprocessing,detrend_2D,,7835BG017099,qbasis,missing_base,warning,,,,5,,legacy_excluded,pending
modelling_preprocessing,detrend_2D,,7835BG016800,qbasis,missing_base,warning,,,,5,,legacy_excluded,pending
modelling_preprocessing,detrend_2D,,7835BG017180,qbasis,legacy_residual_threshold,warning,504.42999999999995,511.46098387485455,-7.0309838748545985,5,,legacy_excluded,pending
modelling_preprocessing,detrend_2D,,7835BG017093,qbasis,missing_base,warning,,,,5,,legacy_excluded,pending
modelling_preprocessing,detrend_2D,,7835BG016844,qbasis,missing_base,warning,,,,5,,legacy_excluded,pending
modelling_preprocessing,detrend_2D,,7835BG017147,qbasis,outside_buffered_grid,warning,512.87,,,5,,legacy_excluded,pending
modelling_preprocessing,detrend_2D,,7835BG017107,qbasis,missing_base,warning,,,,5,,legacy_excluded,pending
modelling_preprocessing,detrend_2D,,7835BG016901,qbasis,outside_buffered_grid,warning,510.92999999999995,,,5,,legacy_excluded,pending
modelling_preprocessing,detrend_2D,,7835BG017114,qbasis,missing_base,warning,,,,5,,legacy_excluded,pending
modelling_preprocessing,detrend_2D,,7835BG017116,qbasis,missing_base,warning,,,,5,,legacy_excluded,pending
modelling_preprocessing,detrend_2D,,7835BG016966,qbasis,missing_base,warning,,,,5,,legacy_excluded,pending
modelling_preprocessing,detrend_2D,,7835BG016992,qbasis,legacy_global_lower_cutoff,warning,459.2,511.99626703812794,-52.79626703812795,5,,legacy_excluded,pending
modelling_preprocessing,detrend_2D,,7835BG017148,qbasis,legacy_global_lower_cutoff,warning,464.14,511.1746874464797,-47.03468744647972,5,,legacy_excluded,pending
modelling_preprocessing,detrend_2D,,7835BG017104,qbasis,missing_base,warning,,,,5,,legacy_excluded,pending
modelling_preprocessing,detrend_2D,,7835BG017457,qbasis,legacy_global_lower_cutoff,warning,459.49999999999994,511.31848722904857,-51.81848722904863,5,,legacy_excluded,pending
modelling_preprocessing,detrend_2D,,7835BG017101,qbasis,missing_base,warning,,,,5,,legacy_excluded,pending
modelling_preprocessing,detrend_2D,,7835BG017095,qbasis,missing_base,warning,,,,5,,legacy_excluded,pending
modelling_preprocessing,detrend_2D,,7835BG017466,qbasis,missing_base,warning,,,,5,,legacy_excluded,pending
modelling_preprocessing,detrend_2D,,7835BG017453,qbasis,missing_base,warning,,,,5,,legacy_excluded,pending
modelling_preprocessing,detrend_2D,,7835BG017094,qbasis,missing_base,warning,,,,5,,legacy_excluded,pending
modelling_preprocessing,detrend_2D,,7835BG017347,qbasis,outside_buffered_grid,warning,511.8,,,5,,legacy_excluded,pending
modelling_preprocessing,detrend_2D,,7835BG017096,qbasis,outside_buffered_grid,warning,510.92999999999995,,,5,,legacy_excluded,pending
modelling_preprocessing,detrend_2D,,7835BG017098,qbasis,missing_base,warning,,,,5,,legacy_excluded,pending
modelling_preprocessing,detrend_2D,,7835BG017106,qbasis,missing_base,warning,,,,5,,legacy_excluded,pending
modelling_preprocessing,detrend_2D,,7835BG017103,qbasis,missing_base,warning,,,,5,,legacy_excluded,pending
modelling_preprocessing,detrend_2D,,7835BG017146,qbasis,outside_buffered_grid,warning,510.92999999999995,,,5,,legacy_excluded,pending
modelling_preprocessing,detrend_2D,,7835BG017348,qbasis,missing_base,warning,,,,5,,legacy_excluded,pending
modelling_preprocessing,detrend_2D,,7835BG017113,qbasis,missing_base,warning,,,,5,,legacy_excluded,pending
modelling_preprocessing,detrend_2D,,7835BG017100,qbasis,missing_base,warning,,,,5,,legacy_excluded,pending
modelling_preprocessing,detrend_2D,,7835BG017960,qbasis,outside_buffered_grid,warning,512.9599999999999,,,5,,legacy_excluded,pending
modelling_preprocessing,detrend_2D,,7835BG017464,qbasis,missing_base,warning,,,,5,,legacy_excluded,pending
modelling_preprocessing,detrend_2D,,7835BG017471,qbasis,legacy_global_lower_cutoff,warning,462.12000000000006,511.4159952895468,-49.29599528954674,5,,legacy_excluded,pending
modelling_preprocessing,detrend_2D,,7835BG017961,qbasis,outside_buffered_grid,warning,513.27,,,5,,legacy_excluded,pending
modelling_preprocessing,detrend_2D,,7835BG017346,qbasis,outside_buffered_grid,warning,509.5,,,5,,legacy_excluded,pending
modelling_preprocessing,detrend_2D,,7835BG017115,qbasis,outside_buffered_grid,warning,512.1999999999999,,,5,,legacy_excluded,pending
modelling_preprocessing,detrend_2D,,7835BG017468,qbasis,legacy_residual_threshold,warning,503.75000000000006,511.6253954527551,-7.875395452755015,5,,legacy_excluded,pending
modelling_preprocessing,detrend_2D,,7835BG017117,qbasis,missing_base,warning,,,,5,,legacy_excluded,pending
modelling_preprocessing,detrend_2D,,7835BG017614,qbasis,missing_base,warning,,,,5,,legacy_excluded,pending
modelling_preprocessing,detrend_2D,,7835BG017613,qbasis,missing_base,warning,,,,5,,legacy_excluded,pending
modelling_preprocessing,detrend_2D,,7835BG017612,qbasis,missing_base,warning,,,,5,,legacy_excluded,pending
modelling_preprocessing,detrend_2D,,7835BG017458,qbasis,missing_base,warning,,,,5,,legacy_excluded,pending
modelling_preprocessing,detrend_2D,,7835BG017459,qbasis,missing_base,warning,,,,5,,legacy_excluded,pending
modelling_preprocessing,detrend_2D,,7835BG017793,qbasis,outside_buffered_grid,warning,519.67,,,5,,legacy_excluded,pending
modelling_preprocessing,detrend_2D,,7835BG017794,qbasis,missing_base,warning,,,,5,,legacy_excluded,pending
modelling_preprocessing,detrend_2D,,7835BG017469,qbasis,missing_base,warning,,,,5,,legacy_excluded,pending
modelling_preprocessing,detrend_2D,,7835BG017467,qbasis,missing_base,warning,,,,5,,legacy_excluded,pending
modelling_preprocessing,detrend_2D,,7835BG017637,qbasis,missing_base,warning,,,,5,,legacy_excluded,pending
modelling_preprocessing,detrend_2D,,7835BG017638,qbasis,missing_base,warning,,,,5,,legacy_excluded,pending
modelling_preprocessing,detrend_2D,,7835BG010147,qbasis,outside_buffered_grid,warning,501.9599999999999,,,5,,legacy_excluded,pending
modelling_preprocessing,detrend_2D,,7835BG017657,qbasis,missing_base,warning,,,,5,,legacy_excluded,pending
modelling_preprocessing,detrend_2D,,7835BG017658,qbasis,missing_base,warning,,,,5,,legacy_excluded,pending
modelling_preprocessing,detrend_2D,,7835BG017631,qbasis,legacy_residual_threshold,warning,491.0,511.09301524505355,-20.09301524505355,5,,legacy_excluded,pending
modelling_preprocessing,detrend_2D,,7835BG017630,qbasis,legacy_residual_threshold,warning,491.7,511.0683932371794,-19.36839323717942,5,,legacy_excluded,pending
modelling_preprocessing,detrend_2D,,7835BG017629,qbasis,missing_base,warning,,,,5,,legacy_excluded,pending
modelling_preprocessing,detrend_2D,,7835BG017628,qbasis,missing_base,warning,,,,5,,legacy_excluded,pending
modelling_preprocessing,detrend_2D,,7835BG017627,qbasis,missing_base,warning,,,,5,,legacy_excluded,pending
modelling_preprocessing,detrend_2D,,7835BG017624,qbasis,legacy_residual_threshold,warning,499.9,511.8814195484908,-11.981419548490805,5,,legacy_excluded,pending
modelling_preprocessing,detrend_2D,,7835BG017625,qbasis,missing_base,warning,,,,5,,legacy_excluded,pending
modelling_preprocessing,detrend_2D,,7835BG017626,qbasis,missing_base,warning,,,,5,,legacy_excluded,pending
modelling_preprocessing,detrend_2D,,7835BG017623,qbasis,missing_base,warning,,,,5,,legacy_excluded,pending
modelling_preprocessing,detrend_2D,,7835BG017622,qbasis,missing_base,warning,,,,5,,legacy_excluded,pending
modelling_preprocessing,detrend_2D,,7835BG017620,qbasis,missing_base,warning,,,,5,,legacy_excluded,pending
modelling_preprocessing,detrend_2D,,7835BG017619,qbasis,missing_base,warning,,,,5,,legacy_excluded,pending
modelling_preprocessing,detrend_2D,,7835BG017618,qbasis,missing_base,warning,,,,5,,legacy_excluded,pending
modelling_preprocessing,detrend_2D,,7835BG017616,qbasis,missing_base,warning,,,,5,,legacy_excluded,pending
modelling_preprocessing,detrend_2D,,7835BG017617,qbasis,missing_base,warning,,,,5,,legacy_excluded,pending
modelling_preprocessing,detrend_2D,,7835BG015789,qbasis,legacy_global_lower_cutoff,warning,463.5,,,5,,legacy_excluded,pending
modelling_preprocessing,detrend_2D,,7835BG015104,qbasis,missing_base,warning,,,,5,,legacy_excluded,pending
modelling_preprocessing,detrend_2D,,7835BG018051,qbasis,legacy_global_lower_cutoff,warning,459.42999999999995,,,5,,legacy_excluded,pending
modelling_preprocessing,detrend_2D,,7835BG011973,qbasis,outside_buffered_grid,warning,510.99999999999994,,,5,,legacy_excluded,pending
modelling_preprocessing,detrend_2D,,7835BG007877,qbasis,outside_buffered_grid,warning,514.33,,,5,,legacy_excluded,pending
modelling_preprocessing,detrend_2D,,7835BG012932,qbasis,outside_buffered_grid,warning,512.85,,,5,,legacy_excluded,pending
modelling_preprocessing,detrend_2D,,7835BG018864,qbasis,missing_base,warning,,,,5,,legacy_excluded,pending
modelling_preprocessing,detrend_2D,,7835BG018943,qbasis,legacy_global_lower_cutoff,warning,464.9,,,5,,legacy_excluded,pending
modelling_preprocessing,detrend_2D,,7835BG018944,qbasis,legacy_global_lower_cutoff,warning,464.9,,,5,,legacy_excluded,pending
modelling_preprocessing,detrend_2D,,7835BG018888,qbasis,outside_buffered_grid,warning,507.0,,,5,,legacy_excluded,pending
