borehole_id,xcoord,ycoord,qbasis,local_reference,local_residual,neighbour_count
7835BG013051,688778.7488737847,5335302.363231272,514.2,513.6048717948718,0.595128205128276,117
7835BG013056,689429.76041193,5335679.93605308,513.5,512.1856502242152,1.3143497757847626,223
7835BG013003,689522.2169174142,5336738.290412879,503.6,508.31071428571425,-4.710714285714232,84
7835BG013004,689567.6122165092,5336671.80192613,505.0,508.7637962962963,-3.7637962962962774,108
7835BG013005,689548.9285332526,5336820.332802412,505.20000000000005,507.70101449275364,-2.5010144927535976,69
7835BG013057,688896.2037108254,5335616.909651599,512.8000000000001,510.7611961722488,2.0388038277512806,209
7835BG013059,689412.0079636278,5335865.1708611185,511.59999999999997,511.00107843137255,0.5989215686274179,204
7835BG013006,689557.7786066923,5336728.832859192,503.99999999999994,508.450625,-4.450625000000059,96
7835BG012870,688978.92626369,5335962.854378724,510.29999999999995,510.55494845360823,-0.25494845360827867,291
7835BG012871,688965.1443856284,5335997.425253663,511.1,510.5782746478874,0.5217253521126395,284
7835BG012873,689026.2655158157,5335736.709537862,510.7,510.8780689655173,-0.17806896551729778,290
7835BG013072,688448.99467646,5335209.208969879,513.0999999999999,513.4222627737227,-0.32226277372274126,137
7835BG013073,688461.8353035429,5335214.877862726,512.45,513.4314598540147,-0.9814598540147017,137
7835BG012875,688307.2119486388,5336088.060687051,510.1,504.78964705882356,5.310352941176461,85
7835BG012876,688318.2828209458,5336112.02902776,510.6,504.75139534883726,5.848604651162759,86
7835BG012877,688298.6360665476,5336072.202593491,510.49999999999994,504.42449999999997,6.075499999999977,80
7835BG013066,689753.4605942015,5335553.747528371,513.5500000000001,512.3224253731344,1.227574626865703,268
7835BG013067,689786.2139877663,5335549.592827427,510.30000000000007,512.172156133829,-1.8721561338289803,269
7835BG013016,689427.9959524171,5336864.923254633,505.5,507.2055555555556,-1.705555555555577,36
7835BG012958,689978.0942001692,5336871.0782613745,509.5,508.78526315789463,0.714736842105367,76
7835BG012915,688415.4557637209,5336069.566191157,511.75,506.74260162601627,5.007398373983733,123
7835BG012916,688420.2806955483,5336150.20169477,510.7,506.17446428571435,4.525535714285638,112
7835BG012917,688206.6949281099,5336656.076953639,510.0,505.3654054054054,4.634594594594603,37
7835BG012919,688691.5813506292,5335567.3905173605,513.34,512.5171590909092,0.8228409090908144,88
7835BG012920,689462.0139184808,5336730.171986465,505.0,508.38434210526316,-3.3843421052631584,76
7835BG012921,689248.9466041704,5336850.446573746,507.7,507.3341379310345,0.3658620689654981,29
7835BG012924,689374.3421834353,5336863.668264972,505.8,506.9370588235294,-1.1370588235294008,34
7835BG012881,688445.1699055755,5335851.061422607,509.90000000000003,511.2750000000001,-1.3750000000000568,102
7835BG012882,688563.6291978539,5336428.67349824,510.59999999999997,508.3088461538461,2.291153846153861,130
7835BG012883,688535.9845103007,5336329.162867778,509.99999999999994,506.73877049180334,3.2612295081966067,122
7835BG012886,688495.747913765,5336308.985457855,510.4,506.52563025210094,3.8743697478990384,119
7835BG012925,689429.6588830429,5336468.610073849,510.1,509.7528828828829,0.34711711711713633,111
7835BG012926,689429.5993036593,5336528.553437354,510.79999999999995,509.42410714285717,1.3758928571427873,112
7835BG012927,689395.8096391046,5336500.4749510465,509.29999999999995,509.5866019417476,-0.28660194174761955,103
7835BG012928,689429.0836721712,5336493.20091884,511.29999999999995,509.64833333333337,1.6516666666665856,114
7835BG012930,688266.4944620167,5335361.513014846,511.95,511.88304347826084,0.06695652173914368,46
7835BG012888,689442.984660354,5336740.463485148,505.30000000000007,508.4512857142857,-3.1512857142856205,70
7835BG012889,689718.3953570211,5336154.1656011045,512.7,510.2251260504202,2.4748739495798304,119
7835BG012892,689130.1872764705,5335769.111014053,512.0999999999999,511.04393749999997,1.056062499999939,320
7835BG012893,689124.9317171406,5335802.539646513,511.70000000000005,510.7534153846153,0.9465846153847224,325
7835BG012894,688486.1307526729,5336299.366026816,508.8,506.62639344262294,2.17360655737707,122
7835BG013076,688248.7420972898,5335145.029890424,511.09999999999997,513.1077358490566,-2.007735849056587,53
7835BG013079,688733.5958812046,5335511.560470706,513.02,513.1610000000001,-0.1410000000000764,100
7835BG013081,688775.7545270324,5335545.202380639,512.9499999999999,511.9214814814815,1.0285185185184105,108
7835BG012934,688212.9002382662,5335319.551218881,513.5999999999999,511.77955555555553,1.8204444444443766,45
7835BG012935,688262.9526825184,5335417.348502699,513.3000000000001,511.597619047619,1.702380952381077,42
7835BG013120,690093.8999907118,5335859.642108259,505.4,510.49059829059837,-5.090598290598393,117
7835BG013082,688795.1525633305,5335500.026701521,513.6,512.9173684210526,0.6826315789473938,114
7835BG013083,688776.5457534422,5335453.962072847,513.6,513.4884033613445,0.11159663865555558,119
7835BG013084,689516.2045014752,5335369.261145358,514.5,512.7874275362319,1.7125724637680833,276
7835BG013085,689475.5422854496,5335424.676021733,512.6,512.9008695652175,-0.3008695652174538,253
7835BG012896,688277.602926394,5335900.376778634,510.70000000000005,510.9649397590362,-0.2649397590361673,83
7835BG012897,688316.0279508717,5335864.146192966,511.2,511.0098823529413,0.19011764705868472,85
7835BG012898,688339.1068739092,5335891.078832353,511.2,511.0387912087913,0.16120879120870768,91
7835BG012899,688284.1630736738,5335830.296949028,507.9,510.99151898734186,-3.0915189873418853,79
7835BG012900,688325.1813137825,5335836.176849401,510.30000000000007,511.03447058823537,-0.7344705882352969,85
7835BG012902,688703.2728068843,5336023.9585645385,510.5,510.0792972972973,0.4207027027027266,185
7835BG012903,688665.3257033206,5335982.361942306,509.5,510.05229411764714,-0.5522941176471363,170
7835BG013087,689519.3688212698,5335425.253069366,514.2,512.8277173913044,1.3722826086956275,276
7835BG013088,689489.8366237474,5335444.693824252,512.8,512.9173228346457,-0.11732283464573356,254
7835BG013089,689540.2678621951,5335430.66322809,514.2,512.7382142857143,1.4617857142857247,280
7835BG013090,689423.809197116,5335456.122557402,513.5,512.9388888888889,0.5611111111111313,225
7835BG013091,688926.9419554248,5335105.863872314,513.4,511.03321428571434,2.3667857142856406,28
7835BG013093,688746.4802459055,5335170.983183717,514.2,513.6631623931623,0.5368376068377074,117
7835BG012951,689718.9382498728,5336379.642446878,512.35,510.2715671641791,2.0784328358209336,134
7835BG012952,689705.8843453163,5336421.387759188,511.65,510.4209722222222,1.2290277777777874,144
7835BG012953,689990.3342054938,5336290.255577073,511.29999999999995,510.69897590361444,0.6010240963855153,166
7835BG013353,690013.2771925423,5336170.008251157,512.17,511.0367630057804,1.1332369942195442,173
7835BG013354,690053.4123574826,5336175.419345336,512.69,510.71648809523816,1.9735119047618923,168
7835BG013367,689407.2134644152,5335955.423525822,511.35,510.6869072164949,0.6630927835051352,194
7835BG013370,688902.2513142936,5335893.959076997,513.0,510.8370568561873,2.162943143812697,299
7835BG011386,690024.8382230899,5336421.689260544,512.05,510.0635151515152,1.9864848484847357,165
7835BG011393,689770.0507193287,5335915.593968947,507.5400000000001,509.91395161290325,-2.37395161290317,124
7835BG011395,689832.2280689778,5335934.941973769,512.5,510.32125,2.1787499999999795,152
7835BG011396,689793.3901790986,5335950.5858885525,510.80000000000007,510.2511428571429,0.5488571428571731,140
7835BG011955,688519.7653846466,5336314.9158228915,509.9,506.6409917355372,3.25900826446275,121
7835BG011956,689440.4850953124,5336770.824186468,505.09999999999997,508.06981818181816,-2.969818181818198,55
7835BG011958,689396.0906265802,5336737.129541923,509.5,507.9710526315789,1.5289473684210861,57
7835BG011959,689432.22024877,5336760.789585149,507.4,508.11017241379307,-0.7101724137930887,58
7835BG011967,688486.9642644818,5336282.834496968,509.05,506.90753846153854,2.1424615384614754,130
7835BG011968,688247.0151592107,5336825.669250469,510.20000000000005,510.23444444444453,-0.03444444444448891,18
7835BG011969,688213.6915627858,5336815.942946633,511.1,510.41999999999996,0.6800000000000637,16
7835BG011970,688237.6603716109,5336804.873408818,511.09999999999997,510.49105263157895,0.6089473684210134,19
7835BG011972,688285.1287149531,5336783.616073863,510.70000000000005,510.4261904761905,0.2738095238095184,21
7835BG011974,688588.8100117177,5335485.807351184,512.5,513.4349090909092,-0.9349090909091728,110
7835BG011379,688388.3103491284,5336120.8240966415,511.15999999999997,505.90336448598134,5.256635514018626,107
7835BG011381,689323.1725854096,5336163.265245301,511.86,510.3405660377358,1.519433962264202,159
7835BG011382,689331.8934840574,5336268.595728638,510.84,510.00619047619045,0.8338095238095207,126
7835BG011975,688553.8207952478,5335489.909317518,512.5,512.856880733945,-0.3568807339449904,109
7835BG011976,688570.6169685349,5335460.329826584,512.5,513.3753153153153,-0.8753153153153335,111
7835BG011979,688349.7175874035,5335858.223574006,508.8,511.0913483146068,-2.2913483146068074,89
7835BG011904,688648.1566451541,5336085.297896636,511.90000000000003,511.09,0.8100000000000591,184
7835BG011905,688677.2732392107,5336064.505728505,511.0,510.1398395721925,0.8601604278075001,187
7835BG012370,688287.7541854247,5334988.029069389,510.8,513.4936734693878,-2.693673469387761,49
7835BG012373,688228.3710087545,5335078.794194331,511.20000000000005,513.1319047619047,-1.9319047619046614,42
7835BG012003,689443.7185773279,5336689.929948729,511.85,508.5680487804878,3.281951219512223,82
7835BG011930,688722.1524736297,5335962.665624549,511.90000000000003,510.1320918367348,1.767908163265247,196
7835BG011931,688716.5340454448,5335992.507020858,512.0,510.17085561497333,1.829144385026666,187
7835BG011932,688772.0085012056,5335973.22587338,512.2,510.1246116504855,2.075388349514526,206
7835BG011933,688760.5670139664,5336003.3774039345,511.70000000000005,510.0951052631579,1.604894736842141,190
7835BG011934,688981.413074642,5336028.67263459,505.99999999999994,510.5504577464789,-4.550457746478969,284
7835BG012029,688706.433871852,5336500.904579953,510.15,510.50824817518253,-0.3582481751825526,137
7835BG012341,689286.4196412077,5335726.240753248,512.1,511.67564356435645,0.42435643564357406,303
7835BG012342,689291.2041243962,5335712.931788089,513.8,511.7058666666667,2.094133333333275,300
7835BG012343,688403.1519726412,5335122.694900384,513.3,513.4708633093525,-0.17086330935251226,139
7835BG012345,688474.6909546626,5335105.131206256,513.15,513.5543181818181,-0.4043181818180983,132
7835BG012348,688265.1276751235,5335075.627136472,516.6,513.1010869565217,3.4989130434782965,46
7835BG012349,688286.8693425779,5334987.561632616,513.3,513.4426530612245,-0.14265306122456423,49
7835BG012007,688262.6214128414,5336368.846038676,510.5,501.5505063291139,8.949493670886113,79
7835BG012008,688258.5103659397,5336391.5643977355,511.5,501.1150666666666,10.384933333333379,75
7835BG012009,688241.6150659341,5336387.14321659,511.5,500.7420833333333,10.757916666666688,72
7835BG012030,689757.2314101402,5336157.75737715,511.80000000000007,510.29203125000004,1.5079687500000318,128
7835BG012031,689769.8101318465,5336174.6040151,513.0,510.380703125,2.619296874999975,128
7835BG012033,689756.293330413,5336178.760985992,511.80000000000007,510.30380952380955,1.4961904761905203,126
7835BG012034,688208.9392159332,5335393.270117944,512.7,511.3233333333333,1.376666666666722,36
7835BG012376,688257.7940635344,5335102.29646691,511.2,513.0920833333333,-1.8920833333333462,48
7835BG012381,688712.7464036387,5335523.150648022,513.91,513.1519000000001,0.7580999999998994,100
7835BG012382,688778.3090966321,5335493.369264282,513.3000000000001,512.9922429906542,0.3077570093458917,107
7835BG012194,690194.1121373295,5336452.4883005135,497.09999999999997,509.9355681818181,-12.835568181818132,88
7835BG012197,690167.8602471172,5336427.270411342,495.09999999999997,510.3828181818182,-15.282818181818243,110
7835BG012198,690172.0231273258,5336402.31579619,494.90000000000003,510.56964285714287,-15.669642857142833,112
7835BG012011,688223.3264859784,5336690.911570717,510.5,504.6985294117647,5.801470588235304,34
7835BG011939,689062.1359357638,5335752.309832755,512.5999999999999,510.9782894736842,1.6217105263157237,304
7835BG011941,689092.2356330114,5335765.987576085,511.7,510.7777142857143,0.9222857142856924,315
7835BG011942,689067.7520940006,5335741.705028576,512.3,510.97023102310226,1.3297689768976966,303
7835BG012035,688252.91991796,5335406.377658416,512.5999999999999,511.53153846153833,1.0684615384615768,39
7835BG012351,688217.2505730884,5335037.825517582,512.3,513.3366666666667,-1.036666666666747,33
7835BG012352,688255.9911730094,5334968.945239891,512.1,513.4503125,-1.3503124999999727,32
7835BG012353,688276.841586032,5334938.118938558,514.0,513.4752631578947,0.5247368421053125,38
7835BG012354,688274.0218707223,5335039.600280368,511.70000000000005,513.3632692307692,-1.663269230769174,52
7835BG012013,688687.5942692035,5336254.422721763,510.7,510.9894904458598,-0.2894904458598262,157
7835BG012014,688711.8281888098,5336193.7027226975,512.4000000000001,511.2580838323352,1.1419161676648741,167
7835BG012036,688270.6027708547,5335358.029913425,511.90000000000003,511.88413043478255,0.015869565217485615,46
7835BG011916,689318.8928163815,5336288.86999533,511.1,510.3426495726495,0.7573504273505023,117
7835BG011917,689289.9362629177,5336283.71900392,511.40000000000003,510.4095762711864,0.9904237288136528,118
7835BG012202,690161.9830848076,5336449.05339381,498.3,510.1331132075471,-11.833113207547115,106
7835BG012204,690144.8281493746,5336436.573365634,497.40000000000003,510.339,-12.938999999999965,120
7835BG012207,689542.7571961926,5336701.641052492,504.90000000000003,508.63020202020203,-3.7302020202020003,99
7835BG011892,689542.7571961926,5336701.641052492,,,,0
7835BG011893,689218.4509509639,5336279.810751127,510.5,510.4414018691588,0.058598130841176044,107
7835BG011894,689229.9897281611,5336302.89558348,510.40000000000003,510.4045871559632,-0.004587155963179157,109
7835BG011992,688426.1605959218,5336109.183454661,512.2,506.5755737704918,5.624426229508231,122
7835BG011993,688406.4015275287,5336131.536206801,511.1,505.896261682243,5.203738317757029,107
7835BG012017,688735.060775785,5336252.401077635,513.6999999999999,511.01694610778446,2.6830538922154687,167
7835BG011943,689049.9673763234,5335775.287359126,512.1999999999999,510.85381107491855,1.3461889250813783,307
7835BG011944,689018.725003409,5335753.084198368,512.1999999999999,510.82744827586214,1.372551724137793,290
7835BG011945,688285.9004754992,5336062.062956138,510.5,504.55891891891895,5.941081081081052,74
7835BG011947,688283.8142439765,5336113.011662834,508.29999999999995,504.0013157894738,4.298684210526176,76
7835BG011948,688722.6054380578,5335675.47973305,512.6500000000001,510.27490445859877,2.375095541401322,157
7835BG012360,688209.8724061525,5335009.0226622075,513.3000000000001,513.1311111111111,0.16888888888900055,27
7835BG011996,688675.6271344521,5336326.16543335,512.4,510.8104516129032,1.5895483870967837,155
7835BG012018,688731.0913081511,5335580.393021798,513.65,511.94134020618554,1.7086597938144337,97
7835BG012019,689466.1818067019,5336666.745521542,505.0,508.5958241758242,-3.595824175824191,91
7835BG012042,688615.5547633059,5335719.500415599,514.3,511.48408,2.8159199999999487,125
7835BG012044,688601.1699798224,5335588.538709573,512.8000000000001,512.8059770114943,-0.005977011494223916,87
7835BG012045,688615.2555805426,5335617.497532984,512.9000000000001,512.6438383838384,0.25616161616164845,99
7835BG012463,690123.1166127911,5335872.851045396,505.95000000000005,510.53663793103453,-4.586637931034488,116
7835BG011896,689253.3860292502,5336297.179397222,511.09999999999997,510.37450450450444,0.7254954954955224,111
7835BG011897,689258.6361473808,5336302.223515837,513.0,510.361238938053,2.6387610619469797,113
7835BG011898,689020.0944797215,5336421.454987357,510.6,510.69316831683165,-0.09316831683162263,101
7835BG012362,688218.0367914862,5334985.057059562,512.5,513.1433333333333,-0.6433333333333167,24
7835BG011899,688984.1740282972,5336388.853021934,512.0,510.87102803738316,1.1289719626168448,107
7835BG011997,688664.608563568,5336299.96217104,510.20000000000005,510.82346153846146,-0.6234615384614131,156
7835BG011998,688682.0772376847,5336299.028198021,510.90000000000003,510.8556050955413,0.04439490445872707,157
7835BG011949,688708.4133977299,5335670.226443667,512.6,510.02764285714284,2.572357142857186,140
7835BG011950,688563.7582890699,5336633.561004148,510.7,510.0463736263736,0.6536263736263663,91
7835BG011952,688481.4422249515,5336365.911823,508.6,504.3078181818183,4.292181818181746,110
7835BG011953,688484.0968225736,5336348.07981191,509.0,504.24559633027536,4.754403669724638,109
7835BG011954,688487.7913647057,5336324.009606419,510.0,504.6393965517242,5.3606034482758105,116
7835BG012364,688222.1469370839,5334962.338267315,512.7,513.1991666666667,-0.4991666666666106,24
7835BG012365,688219.1344786189,5334938.1111924825,513.1,513.1422727272728,-0.04227272727280251,22
7835BG012464,690106.479145606,5335876.487844905,506.8,510.56166666666667,-3.761666666666656,120
7835BG012465,690089.4765396183,5335895.774000396,513.3000000000001,510.77442857142864,2.525571428571425,140
7835BG012000,689412.2620256357,5336715.1405599415,509.85,508.28970149253723,1.5602985074627895,67
7835BG012001,689443.5598712256,5336715.872640155,507.4,508.4869333333333,-1.0869333333333202,75
7835BG012002,689405.0407280417,5336679.630703971,510.0,508.4535135135135,1.5464864864865149,74
7835BG012025,689300.6746844917,5336857.47188785,506.90000000000003,507.0754545454545,-0.17545454545444272,33
7835BG012028,688723.1277471688,5336456.560575884,510.4,510.5934013605442,-0.19340136054421464,147
7835BG012397,688771.5858210828,5335206.910479914,513.4000000000001,513.6899122807017,-0.28991228070162833,114
7835BG012398,688812.9728393622,5335177.906199851,512.8000000000001,513.7037037037036,-0.9037037037035134,108
7835BG012847,689258.3746751917,5336313.400359637,510.99999999999994,510.3932743362832,0.6067256637167588,113
7835BG010384,688528.2620586883,5334918.498627794,513.82,513.6997014925373,0.12029850746273496,67
7835BG010387,689923.6915388224,5336634.052189193,512.2700000000001,509.4914685314685,2.7785314685315825,143
7835BG012301,688752.648844901,5335308.910191277,513.8,513.6073809523809,0.1926190476190186,126
7835BG012302,689425.6025397335,5335666.418818458,513.0,512.3280357142856,0.6719642857143526,224
7835BG012303,689415.0472989143,5335677.802996261,512.5,512.2211504424779,0.2788495575221077,226
7835BG012305,689387.2106859349,5335854.302314803,518.0,511.0879906542056,6.912009345794388,214
7835BG012306,689274.26336774,5335653.037987942,514.4,512.025102739726,2.374897260273997,292
7835BG012407,688339.4926313818,5335319.827715106,510.30000000000007,512.3462121212121,-2.046212121212079,66
7835BG012408,688322.4477399949,5335264.405092653,513.5,512.2872727272727,1.2127272727273066,66
7835BG012409,688343.7614830821,5335271.166231434,513.1,512.6953125,0.40468750000002274,96
7835BG012410,688307.5236194534,5335290.449648862,513.3,511.9354166666667,1.3645833333332575,48
7835BG012848,688351.2953818229,5336115.931839353,508.20000000000005,505.49112244897964,2.7088775510204073,98
7835BG012849,688982.6630076463,5336415.210883637,511.0,510.79010101010107,0.20989898989893163,99
7835BG012850,689023.8435932249,5336375.913268132,511.29999999999995,510.82074074074075,0.47925925925920865,108
7835BG012852,688624.8003245869,5336184.957217176,511.1,511.04194968553446,0.05805031446556086,159
7835BG012853,688634.7458152114,5336065.747999009,511.69999999999993,511.08798850574703,0.6120114942528971,174
7835BG012854,688673.5259624673,5336090.811756902,511.09999999999997,510.29583333333335,0.8041666666666174,192
7835BG012855,688441.4065363414,5336796.218432058,509.40000000000003,510.044,-0.6439999999999486,40
7835BG012131,689732.7051038975,5336460.487121256,511.8,510.16767123287667,1.6323287671233402,146
7835BG012132,689728.8545937282,5336491.264760532,511.70000000000005,509.9609154929577,1.739084507042321,142
7835BG012133,689748.6632254797,5336485.912344433,511.2,510.05312499999997,1.1468750000000227,144
7835BG012134,689755.217463444,5336454.303931411,512.1,510.2623841059602,1.8376158940398,151
7835BG012136,689706.3440709419,5336478.21225955,511.1,509.9682857142857,1.131714285714338,140
7835BG012383,688744.4648607066,5335486.762291707,514.38,513.2203636363636,1.159636363636423,110
7835BG012313,689196.2158398614,5334915.773734763,514.9,508.2206666666667,6.679333333333261,15
7835BG012314,689174.9219275198,5335577.797619017,509.9,511.81741176470587,-1.9174117647058893,255
7835BG012385,688814.0817934354,5335455.734097571,513.73,513.1775221238938,0.5524778761061953,113
7835BG012386,689522.9542206586,5335444.12589134,512.9,512.8384132841328,0.06158671586717901,271
7835BG012387,689509.7020968185,5335398.633302287,513.3000000000001,512.8362181818183,0.46378181818181474,275
7835BG012388,689501.0643653965,5335461.955164363,513.3,512.9066929133859,0.39330708661407243,254
7835BG012411,688328.8878272041,5335314.211556869,512.5,512.0541071428571,0.4458928571428942,56
7835BG012862,689301.2677061101,5336296.510067644,510.90000000000003,510.36034188034193,0.5396581196580996,117
7835BG012864,689325.3879081486,5336317.204044512,510.9,510.3267826086957,0.573217391304297,115
7835BG012865,689306.991170329,5336262.197926828,511.15,510.00838709677424,1.1416129032257345,124
7835BG012866,689257.9640797381,5336273.57709662,511.09999999999997,510.1245378151261,0.9754621848738907,119
7835BG012489,690105.034549111,5335785.194802503,509.4,510.1014583333333,-0.7014583333333348,96
7835BG012490,690092.7668629524,5335774.171656795,509.3,510.06811111111114,-0.768111111111125,90
7835BG012491,690109.7148975688,5335776.357015036,506.1,510.04282352941186,-3.9428235294118394,85
7835BG012541,690153.9492429099,5336256.951544581,512.7,510.38473684210527,2.315263157894776,133
7835BG012542,690185.0902191582,5336264.390625391,511.8,510.3260317460318,1.4739682539682235,126
7835BG012543,690194.917919659,5336245.831108915,512.5,510.29692913385827,2.2030708661417293,127
7835BG012544,690182.8594042661,5336225.866041007,512.1,510.3301515151516,1.76984848484841,132
7835BG010373,689661.8149862187,5336679.820792638,506.94,508.70439716312063,-1.764397163120634,141
7835BG012147,689829.3487119228,5336899.809251393,504.2,508.1997183098592,-3.9997183098591904,71
7835BG012324,689769.5765205813,5335553.229626936,510.55000000000007,512.2605303030304,-1.710530303030282,264
7835BG012389,689533.670905645,5335387.563764471,514.6,512.7672953736655,1.8327046263344755,281
7835BG012329,690087.642397973,5335170.577446412,510.19999999999993,510.4547747747748,-0.2547747747748872,111
7835BG012330,690165.047590822,5335227.410593377,509.40000000000003,510.3827173913043,-0.982717391304277,92
7835BG012336,688446.7051834883,5335230.628182188,513.8,513.0274820143885,0.7725179856114437,139
7835BG012337,689131.4514157819,5335638.515348135,511.7,511.5964727272727,0.1035272727272627,275
7835BG012339,689150.3765391782,5335632.695027145,510.5,511.5023247232472,-1.0023247232472272,271
7835BG012340,689134.8844857248,5335625.621986441,512.1,511.61857142857133,0.4814285714286939,266
7835BG012391,689454.9969986593,5335499.797231893,513.0,512.8834763948498,0.1165236051501779,233
7835BG012392,688829.516537453,5335503.513909647,514.3000000000001,512.4372868217055,1.862713178294598,129
7835BG012394,689750.4813892129,5335260.216638756,513.3000000000001,512.3600727272728,0.9399272727272319,275
7835BG012869,689003.7162634237,5336031.431366942,506.09999999999997,510.44426116838486,-4.3442611683848895,291
7835BG010380,689219.8497062668,5335913.911907577,507.89,511.11556338028174,-3.2255633802817556,284
7835BG010383,688577.6979079726,5334966.178411849,513.11,513.7234020618556,-0.6134020618555951,97
7835BG012148,689821.6563381874,5336884.4190627225,504.0,508.30578313253017,-4.305783132530166,83
7835BG010600,688803.8487715297,5336199.433464876,511.49,511.3711904761906,0.118809523809432,168
7835BG010601,688628.6862753835,5336286.595896444,509.40999999999997,509.0003870967742,0.4096129032257636,155
7835BG010603,688522.2553668502,5336361.497919813,510.86,506.22535714285715,4.634642857142865,112
7835BG010604,688838.0759083587,5336055.740274511,510.76,510.28995145631075,0.470048543689245,206
7835BG010606,688729.49374772,5336280.007119158,511.96,510.9533950617284,1.0066049382716074,162
7835BG010607,688908.3203533837,5335997.88631378,512.34,510.66812720848054,1.6718727915194904,283
7835BG010614,688891.8556808811,5335879.400996562,512.75,510.8881208053691,1.8618791946308875,298
7835BG010615,688929.5181925306,5335703.580088166,511.30000000000007,510.99114391143905,0.308856088561015,271
7835BG010618,689023.8750935171,5335724.127211716,511.76,510.92729166666663,0.8327083333333576,288
7835BG010619,688992.0424856939,5335841.930445269,510.95000000000005,510.8179139072847,0.13208609271532623,302
7835BG010610,688720.3231394708,5336040.908435915,511.24,510.1206914893617,1.119308510638291,188
7835BG010611,688937.7752929968,5335771.321796898,511.40000000000003,510.8880208333333,0.5119791666667197,288
7835BG010612,688781.4187614799,5335972.550634486,513.17,510.08509615384617,3.084903846153793,208
7835BG010394,689811.4721941333,5336439.962299701,510.84000000000003,510.48962264150947,0.3503773584905616,159
7835BG010395,689797.3042925622,5336242.349328269,512.49,510.6343835616438,1.8556164383562077,146
7835BG010396,689407.5148198346,5336841.630152819,507.33,507.10638888888894,0.22361111111104037,36
7835BG010401,690132.8687606994,5336450.608969809,511.46000000000004,509.9794915254237,1.480508474576311,118
7835BG010882,688891.1435491408,5336158.529375522,510.64,510.4665968586387,0.1734031413612911,191
7835BG010883,688891.2208906254,5335963.935205059,513.22,510.7655326460482,2.454467353951827,291
7835BG010641,689539.5907865404,5335440.488658643,514.3599999999999,512.7543369175628,1.605663082437104,279
7835BG010642,689639.500159672,5335548.846624481,512.22,512.7647565543072,-0.5447565543071278,267
7835BG010643,689573.8060705848,5335392.974858651,514.3900000000001,512.7742087542088,1.6157912457913426,297
7835BG010645,689590.278922352,5335453.752167151,513.88,512.7244027303755,1.1555972696245362,293
7835BG011117,688588.3805021334,5336785.788259322,509.28000000000003,509.7797368421052,-0.49973684210516467,38
7835BG011118,688513.948653602,5336659.2372503,509.83000000000004,510.1836363636364,-0.35363636363638307,77
7835BG011120,688744.7143129602,5336375.200703206,511.59000000000003,510.7473287671233,0.8426712328767394,146
7835BG011121,688347.6394021469,5336635.663579704,509.47,502.29327868852465,7.176721311475376,61
7835BG010648,689707.9802911202,5335470.819360536,514.76,512.5644982698961,2.1955017301038424,289
7835BG010649,689701.547048684,5335363.305355718,514.43,512.6027702702703,1.8272297297296518,296
7835BG010650,689522.4949973025,5335368.066168266,513.74,512.7738214285715,0.9661785714284861,280
7835BG010998,689573.0235257079,5335407.271935013,513.32,512.5980730897011,0.7219269102989756,301
7835BG011123,688598.7943308351,5336665.694631495,509.7099999999999,510.02848101265823,-0.3184810126583102,79
7835BG010652,689164.429004149,5335510.003175674,512.71,511.9635365853658,0.7464634146342632,164
7835BG010653,689573.7978913207,5335450.682867368,514.49,512.6287412587412,1.86125874125878,286
7835BG010654,689554.2511649448,5335444.857538367,514.2,512.6954063604239,1.5045936395761146,283
7835BG011124,688770.9730479452,5336342.711051776,511.15999999999997,510.8206081081081,0.33939189189186436,148
7835BG011125,688632.1752366961,5336634.714163955,510.34999999999997,510.03793103448277,0.31206896551719865,87
7835BG011127,688607.9108844753,5336524.545994704,509.44,509.96254098360663,-0.5225409836066319,122
7835BG011128,688707.9398844908,5336513.018568022,511.12,510.46414062499997,0.6558593750000341,128
7835BG010656,689209.1417863895,5335491.812870556,513.41,512.0652531645569,1.3447468354430612,158
7835BG010658,689755.6173565884,5335346.67563461,512.8,512.4778546712803,0.32214532871967094,289
7835BG010620,689018.946026959,5335647.962885796,510.09,510.99260700389107,-0.9026070038910916,257
7835BG010660,689804.7994797609,5335347.8251550505,512.41,512.2207526881721,0.18924731182789856,279
7835BG010661,689835.8940980542,5335299.791183673,509.80000000000007,511.9253703703704,-2.1253703703703195,270
7835BG010622,689070.3626385452,5335649.165608964,513.01,511.49891891891895,1.5110810810810449,259
7835BG010623,689093.9958049492,5335824.630926465,512.0,510.7554489164087,1.2445510835913183,323
7835BG010625,689160.0778029524,5335791.730679583,512.2900000000001,510.98153125,1.3084687500000882,320
7835BG010626,689122.2180568972,5335478.596187342,512.59,511.8339837398374,0.756016260162653,123
7835BG010662,689856.0091905294,5335338.733208284,510.3299999999999,511.82648148148144,-1.49648148148151,270
7835BG010664,689957.3358987933,5335348.25988926,510.26,511.22830275229364,-0.9683027522936527,218
7835BG010665,689925.9407632453,5335294.29144614,510.22,511.35760000000005,-1.1376000000000204,225
7835BG010667,689302.0499841729,5335459.539234665,511.04,512.6267582417582,-1.5867582417582184,182
7835BG010824,688834.8142150312,5336348.229920056,510.55999999999995,510.9615625,-0.4015625000000682,128
7835BG010832,688831.6876058115,5336405.417722458,510.92999999999995,510.9018965517241,0.02810344827582867,116
7835BG010629,689228.3297506191,5335455.578680448,514.25,512.2222727272726,2.027727272727361,154
7835BG010630,689305.503470706,5335694.477740834,514.0400000000001,511.7749163879599,2.2650836120402005,299
7835BG010669,690087.2931009354,5335472.529618726,509.80000000000007,510.2579194630872,-0.45791946308713705,149
7835BG010671,690131.7117084251,5335313.86458122,508.03000000000003,510.46905172413796,-2.4390517241379257,116
7835BG010672,690039.6365543338,5335329.605352773,510.92999999999995,510.73280701754385,0.19719298245610162,171
7835BG010631,689283.7000716485,5335440.768710662,511.58000000000004,512.5726589595375,-0.9926589595374935,173
7835BG010633,689341.8736803778,5335459.127737907,511.4200000000001,512.7536040609136,-1.333604060913558,197
7835BG010634,689376.4804291315,5335605.325033209,513.29,512.5930733944955,0.6969266055044727,218
7835BG010635,689421.4719775454,5335441.305742843,514.4,512.9517333333334,1.448266666666541,225
7835BG010639,689492.1720065579,5335478.746329639,513.1999999999999,512.9437848605578,0.2562151394421335,251
7835BG010673,688872.2462038696,5335952.755190009,511.59,510.7723758865248,0.8176241134751763,282
7835BG010675,689803.805927359,5335390.299844438,511.29,512.25,-0.9599999999999795,283
7835BG010676,690197.3262347253,5335281.846941389,506.57,510.415294117647,-3.845294117647029,85
7835BG010677,689744.9006716027,5335403.237761479,515.48,512.46,3.019999999999982,286
7835BG010680,689684.0187951834,5335424.182692242,514.3000000000001,512.6861855670103,1.613814432989784,291
7835BG010682,689982.5010533538,5335324.2438219525,510.6,511.11679802955666,-0.5167980295566394,203
7835BG010836,688848.8398031811,5336437.133008275,511.96000000000004,510.8716071428571,1.088392857142935,112
7835BG010886,688881.4914155388,5336016.494960429,510.91999999999996,510.52899613899615,0.39100386100381,259
7835BG010799,688992.835046595,5335750.68966936,512.23,510.8749305555556,1.3550694444444389,288
7835BG010890,688883.3588934592,5336051.430974172,512.12,510.29936073059366,1.8206392694063425,219
7835BG010891,688881.4400154189,5336018.730315218,510.29,510.5248837209303,-0.2348837209302701,258
7835BG010893,688892.0498276097,5335985.874623681,511.95000000000005,510.6480797101449,1.3019202898551612,276
7835BG010989,689901.7086803997,5335335.775754377,510.94,511.55276422764234,-0.6127642276423444,246
7835BG010990,689809.219759603,5335330.929421857,512.38,512.1570909090909,0.22290909090907007,275
7835BG010994,689789.7771679573,5335320.6329151625,511.75,512.3160714285714,-0.5660714285713766,280
7835BG010995,689029.2700959828,5336622.081820827,509.21000000000004,509.96088888888886,-0.7508888888888237,45
7835BG010997,689527.2726357186,5335412.464743707,514.69,512.7925539568346,1.8974460431654734,278
7835BG009076,689778.6132827001,5336850.308814713,503.57000000000005,508.208804347826,-4.638804347825953,92
7835BG009077,689620.5702813603,5336817.534955911,504.02000000000004,507.71056179775286,-3.690561797752821,89
7835BG009078,689542.4834380317,5336808.998187968,503.08,507.8102857142857,-4.730285714285742,70
7835BG009080,689229.6213345316,5336739.4990308685,509.48,507.63352941176475,1.8464705882352632,34
7835BG009250,690148.8497002637,5335881.952575,508.16,510.4949090909092,-2.33490909090915,110
7835BG009251,690082.916860455,5335965.855164493,513.6,510.3328571428571,3.2671428571429146,161
7835BG009253,690045.0724743325,5336340.744558144,512.09,510.48190476190473,1.6080952380953022,147
7835BG009254,689943.6325166174,5336412.633187592,511.52,510.05577142857146,1.4642285714285208,175
7835BG009255,689991.7633447647,5336496.965070098,510.69000000000005,509.61813793103454,1.0718620689655154,145
7835BG010957,689994.6696127937,5335301.266295581,510.44,511.0197905759162,-0.5797905759162063,191
7835BG010963,688801.6770192585,5336502.684350753,510.33000000000004,510.71771428571424,-0.3877142857141962,105
7835BG010964,688854.8797441474,5336370.171608625,510.61,510.96674796747965,-0.35674796747963455,123
7835BG010966,688876.2434351353,5336795.6523504,509.45,509.8760526315789,-0.42605263157889794,38
7835BG009257,689624.3532965481,5335278.2936944235,514.09,512.7687912087912,1.3212087912088464,273
7835BG009258,689729.9356692354,5335335.338750219,512.9300000000001,512.541384083045,0.3886159169550183,289
7835BG009260,689697.6856211864,5335471.026261353,515.53,512.6123711340207,2.9176288659792817,291
7835BG009261,689740.6167958663,5335567.314794469,513.8199999999999,512.3870342205324,1.4329657794675086,263
7835BG008556,689787.8267068272,5336360.6750380825,511.44999999999993,510.09515527950316,1.3548447204967715,161
7835BG011083,688599.4959297881,5336865.228785843,510.38,509.6568965517242,0.7231034482758218,29
7835BG011103,688793.2980219605,5336574.064626671,509.95000000000005,510.6327173913043,-0.6827173913042657,92
7835BG011105,688811.9216926456,5336485.4780152,509.73999999999995,510.77036363636364,-1.0303636363636883,110
7835BG008621,689996.9638995361,5336485.008852675,511.45,509.7598666666667,1.6901333333332786,150
7835BG008623,690055.6995805074,5336173.23672516,512.3100000000001,510.71875,1.5912500000000591,168
7835BG009091,690103.5284399576,5336595.759943945,508.6,509.5775925925926,-0.9775925925926003,108
7835BG009095,690103.5284399576,5336595.759943945,,,,0
7835BG009097,689547.3152632776,5336430.205982723,510.01,510.00603448275865,0.003965517241340422,116
7835BG009098,689447.0825686255,5336412.204816321,509.93,510.3197272727273,-0.3897272727272707,110
7835BG009262,689833.70591895,5335756.931201389,513.35,510.04695238095246,3.303047619047561,105
7835BG009264,689833.70591895,5335756.931201389,,,,0
7835BG009265,689512.0780459959,5335105.675786782,508.87,513.2666666666667,-4.396666666666647,75
7835BG009269,689118.9208052156,5336059.6240040045,510.97999999999996,510.74179211469544,0.23820788530451864,279
7835BG009270,689251.8523220611,5336094.941983195,512.1600000000001,510.8196534653465,1.3403465346535768,202
7835BG009272,689298.4817123942,5336128.688929163,511.32000000000005,510.5535632183908,0.7664367816092295,174
7835BG009273,689296.9111123597,5336214.990154371,512.2,510.2179850746268,1.982014925373221,134
7835BG009274,689265.4245125949,5336471.031864218,508.4,510.16423529411753,-1.7642352941175545,85
7835BG009276,689415.9966805107,5335981.575388013,510.89,510.506174863388,0.3838251366119607,183
7835BG011048,688715.494436054,5336782.945857474,510.02,509.7651063829788,0.25489361702119595,47
7835BG011109,688467.2351605869,5336476.074082935,508.71,502.811978021978,5.898021978021973,91
7835BG009277,689414.7939573433,5336032.991999598,511.32000000000005,510.37176795580115,0.9482320441989032,181
7835BG009280,689473.6395850701,5336481.71761432,510.13,509.71158730158726,0.4184126984127374,126
7835BG009281,689746.8184340973,5336679.57160642,503.15,508.9494074074074,-5.799407407407443,135
7835BG011091,688710.6130960954,5336743.017558421,508.66,509.854814814815,-1.1948148148149471,54
7835BG010985,688704.8833874413,5336031.600473611,514.35,510.04478723404253,4.305212765957492,188
7835BG009285,689776.3879576526,5336371.591310996,512.03,510.1824516129032,1.847548387096765,155
7835BG009287,689306.9026105504,5335730.298164235,510.93,511.66762711864413,-0.7376271186441272,295
7835BG009288,689501.68686968,5335473.601247543,514.09,512.9062352941177,1.1837647058823677,255
7835BG011061,689099.7815030413,5336112.858096965,511.19000000000005,510.48315352697097,0.7068464730290884,241
7835BG011062,689104.30999017,5336072.255460323,511.22,510.6764044943819,0.5435955056181001,267
7835BG011064,689018.0651730932,5336029.977655727,512.0,510.4410847457627,1.55891525423732,295
7835BG011066,688990.7482983095,5336203.357209822,511.18,511.3906369426751,-0.21063694267508026,157
7835BG011068,689221.7848941889,5336232.916717353,510.81,510.1000847457626,0.7099152542373872,118
7835BG011112,688545.424301886,5336499.375364014,510.30000000000007,507.7597413793103,2.5402586206897695,116
7835BG011116,688641.0380642244,5336447.0352635505,511.41,510.2786666666667,1.1313333333333162,150
7835BG009245,689809.873129688,5335513.462772051,509.84999999999997,512.0839560439559,-2.2339560439559705,273
7835BG009246,689944.72759713,5335562.2456844365,509.09000000000003,510.8695754716981,-1.779575471698081,212
7835BG009247,690101.7656264692,5335733.672721695,509.82,509.77376623376637,0.04623376623362674,77
7835BG009249,690062.5948671624,5335916.61846995,513.2,510.2236075949367,2.9763924050633364,158
7835BG008593,689737.1785378219,5336843.077067906,504.52,507.9219101123595,-3.4019101123595306,89
7835BG008594,689881.5974317444,5336903.715234239,505.44000000000005,508.27625,-2.83624999999995,64
7835BG008596,689865.4856120725,5336865.760852714,503.03,508.54190476190473,-5.511904761904759,84
7835BG008597,689910.9386537899,5336758.564693289,501.18,509.25766666666664,-8.07766666666663,120
7835BG008598,689910.9386537899,5336758.564693289,,,,0
7835BG008600,689990.0127693799,5335959.656517426,508.43,510.43191860465123,-2.001918604651223,172
7835BG008601,689923.171800626,5336637.171953639,511.40999999999997,509.4974825174825,1.912517482517444,143
7835BG008602,689952.0264893067,5336627.557530612,509.79999999999995,509.27302816901414,0.5269718309858149,142
7835BG008607,689915.1256727555,5336541.250396088,511.39,509.69593548387104,1.6940645161289467,155
7835BG011069,688656.3672554446,5336901.004653898,509.84000000000003,509.54428571428576,0.2957142857142685,28
7835BG011098,688715.7136228438,5336697.06023573,510.34000000000003,510.07216666666676,0.26783333333327164,60
7835BG009614,688344.3841348975,5336487.9629748985,510.97,501.7955,9.174500000000023,80
7835BG009146,688673.4613750719,5336189.22697018,510.4,511.203782051282,-0.8037820512820417,156
7835BG009147,688543.8833167371,5336354.846391892,509.09999999999997,506.79467741935485,2.305322580645111,124
7835BG008734,690100.0072084931,5336076.750405947,509.88000000000005,510.719938271605,-0.8399382716049217,162
7835BG008736,689972.8696867309,5335850.997098876,513.09,510.44902985074634,2.6409701492536897,134
7835BG008667,689196.3181378313,5334930.538247899,514.91,508.51875,6.391249999999957,16
7835BG008668,689012.6942607383,5335341.383532824,515.08,510.8835384615385,4.196461538461563,65
7835BG008669,688738.7014159653,5335427.131298242,513.75,513.5577118644068,0.19228813559323044,118
7835BG008738,690030.2161952369,5335828.1810166715,503.70000000000005,510.3924590163935,-6.692459016393457,122
7835BG009203,689182.4201545273,5335486.714180567,512.29,511.9758552631578,0.3141447368421382,152
7835BG009204,689120.3460041513,5335482.131122068,512.0,511.87919999999997,0.1208000000000311,125
7835BG009205,688961.5768319154,5335442.183692272,512.79,512.853652173913,-0.06365217391305578,115
7835BG009207,688799.8420265089,5335414.244781321,512.7099999999999,513.58756302521,-0.8775630252100655,119
7835BG009208,688696.8037742092,5335382.3112100195,513.37,513.5527272727273,-0.1827272727273339,121
7835BG009209,688600.2110503181,5335361.7113518575,513.1999999999999,513.4408461538461,-0.2408461538461779,130
7835BG009148,688483.4611310139,5336432.613587221,509.22,503.54170000000005,5.678299999999979,100
7835BG009150,688394.5039046099,5336468.109787799,510.29,502.3624418604652,7.927558139534824,86
7835BG009151,688671.2433142683,5336054.5234286105,512.05,510.08408839778997,1.9659116022099852,181
7835BG009152,688722.2447555759,5336054.373837229,511.5,510.1156842105263,1.3843157894737033,190
7835BG008627,690074.9757199739,5336267.183030693,511.35,510.46751724137937,0.8824827586206538,145
7835BG008628,689975.6969817437,5336514.483307574,511.65,509.754802631579,1.895197368420952,152
7835BG008630,690059.5214120243,5336373.2919521965,512.2900000000001,510.3036486486487,1.9863513513514022,148
7835BG008631,689918.7729214765,5336480.943262422,511.82000000000005,509.8833121019108,1.9366878980892466,157
7835BG008632,690016.7962505734,5335885.575251776,512.79,510.41954248366005,2.3704575163399113,153
7835BG009161,690174.810105144,5336149.1806424,513.63,510.47069930069927,3.1593006993007293,143
7835BG009162,689923.0286345459,5336126.741468985,511.74000000000007,510.8574331550802,0.8825668449198929,187
7835BG009163,689774.3936235339,5336112.52896342,512.7900000000001,510.26585185185195,2.5241481481481287,135
7835BG009222,690109.4738768996,5336035.367962493,512.87,510.59574193548394,2.2742580645160615,155
7835BG009223,688982.7122700394,5335628.774020263,512.58,510.9686419753087,1.6113580246913557,243
7835BG009099,689329.8040812826,5336338.780594278,509.68000000000006,510.07146788990826,-0.39146788990819914,109
7835BG009101,689142.3343516435,5336320.975844553,511.16999999999996,510.90851063829774,0.2614893617022176,94
7835BG009102,689039.8654008992,5336302.922844844,511.12,510.98429752066113,0.13570247933887458,121
7835BG009103,688950.5489791608,5336296.360427616,511.44000000000005,511.0075968992248,0.4324031007752751,129
7835BG009165,689581.3609725374,5336083.857972257,511.21999999999997,510.3276119402986,0.8923880597013749,134
7835BG009166,688850.9116110047,5335698.16308467,512.3100000000001,510.9286585365854,1.3813414634146852,246
7835BG009167,688986.8496769997,5335796.179555278,512.9300000000001,510.7989003436426,2.1310996563574918,291
7835BG009169,688640.1647390432,5335566.187794194,513.9499999999999,513.1121590909091,0.8378409090908008,88
7835BG009170,688392.615276722,5335401.144401083,513.24,512.5473170731707,0.6926829268293204,82
7835BG009171,689504.6855899538,5336014.963571834,509.14000000000004,510.23134146341476,-1.0913414634147216,164
7835BG009105,689504.6855899538,5336014.963571834,,,,0
7835BG009108,689504.6855899538,5336014.963571834,,,,0
7835BG009109,688371.7087557577,5336256.87631339,508.78000000000003,503.6597087378641,5.120291262135936,103
7835BG009110,688266.795712648,5336247.712934455,509.93,501.0821917808219,8.847808219178091,73
7835BG011364,689332.0367815811,5335956.349319578,512.1800000000001,511.1800900900901,0.9999099099099453,222
7835BG011365,689274.637971652,5335981.4003233835,511.68000000000006,511.18168776371306,0.49831223628700627,237
7835BG011367,689315.7235372204,5335869.629752839,512.54,511.282,1.2579999999999814,245
7835BG008502,689991.49874997,5336125.657904584,512.76,510.92957446808515,1.830425531914841,188
7835BG008504,690056.1151839728,5336174.588138404,512.13,510.7198214285715,1.410178571428503,168
7835BG008505,690063.2900894596,5336173.861499391,512.5600000000001,510.70421686746994,1.8557831325301208,166
7835BG008634,689895.6309111309,5335710.511917278,510.8299999999999,509.99010204081634,0.8398979591835882,98
7835BG008635,690097.6059175122,5335739.391177903,509.29,509.84225,-0.5522499999999582,80
7835BG008636,689944.1332555136,5335740.7243617065,508.27,510.03930693069316,-1.7693069306931761,101
7835BG008638,689742.154142424,5335750.317384043,512.15,510.42450000000014,1.7254999999998404,100
7835BG008639,689895.4294864419,5335661.746732062,509.45000000000005,510.3134579439253,-0.8634579439252548,107
7835BG008641,689842.09720222,5335589.370633794,510.92999999999995,511.62048034934503,-0.69048034934508,229
7835BG008642,690091.7833265748,5335739.702646637,510.59999999999997,509.8193827160494,0.7806172839505621,81
7835BG009224,688977.6500397094,5335366.957914194,511.64000000000004,513.0432894736841,-1.403289473684083,76
7835BG008643,689975.2119143135,5335827.3420636635,510.04999999999995,510.39421874999994,-0.3442187499999818,128
7835BG008645,689983.4221894853,5335858.848178714,509.73,510.12666666666667,-0.39666666666664696,138
7835BG008646,689806.2390682432,5335477.590047224,510.35,512.1756630824373,-1.825663082437245,279
7835BG008647,689925.7243145201,5335360.941810242,510.19000000000005,511.3865957446809,-1.1965957446808488,235
7835BG008893,689978.5253923028,5335934.336330283,508.75000000000006,510.35611764705885,-1.6061176470587952,170
7835BG008894,689993.6145614493,5335843.876764761,507.39,510.5014728682171,-3.1114728682171062,129
7835BG008895,690089.670686347,5336002.247627515,513.0300000000001,510.55481481481473,2.475185185185353,162
7835BG009176,689811.4381707956,5335886.588787582,507.49000000000007,510.0694852941176,-2.5794852941175463,136
7835BG009177,689688.8504540557,5335868.065144918,507.3299999999999,510.2360194174758,-2.906019417475875,103
7835BG009178,689598.9110948464,5335849.857545815,510.39,510.8196261682243,-0.4296261682243312,107
7835BG009228,689902.4842004138,5336603.583280586,510.69,509.70486666666665,0.9851333333333514,150
7835BG009230,689902.4842004138,5336603.583280586,,,,0
7835BG009121,690164.6986304573,5336352.040993897,511.35,510.5964705882353,0.7535294117647027,119
7835BG008506,690075.88426839,5336075.291686719,512.86,510.75905325443784,2.100946745562169,169
7835BG009123,689974.5788780204,5336313.597306792,511.65999999999997,510.67514792899414,0.9848520710058324,169
7835BG009124,689898.161761445,5336252.759985719,508.46000000000004,511.03803468208093,-2.5780346820808973,173
7835BG009125,689898.161761445,5336252.759985719,,,,0
7835BG009127,689576.5614653123,5336212.582486735,511.14,510.0660769230769,1.0739230769231085,130
7835BG008649,689735.3053793202,5335220.495240522,514.7,512.3566406250001,2.3433593749999773,256
7835BG008650,689628.1828392122,5335420.639578253,515.9000000000001,512.6686378737542,3.2313621262459264,301
7835BG008653,689582.5506748017,5335305.946561241,515.26,512.8311428571428,2.4288571428571686,280
7835BG008654,689437.858490835,5335352.666864877,513.76,512.831316872428,0.9286831275719578,243
7835BG008656,689561.5543439193,5335247.30003961,514.49,513.0031451612903,1.4868548387097462,248
7835BG008657,689925.3677395228,5335720.602424459,507.55,510.0477,-2.497700000000009,100
7835BG008661,689656.7074793275,5335138.135005597,515.39,512.6482777777778,2.7417222222221653,180
7835BG008663,690106.0321254232,5336125.204555614,511.78,510.7656129032259,1.0143870967741009,155
7835BG008664,689557.4610591182,5335135.367591712,513.84,513.194251968504,0.6457480314960549,127
7835BG009192,690169.4095429736,5335691.414481033,507.88,509.6579661016949,-1.7779661016949149,59
7835BG009193,690047.2883966323,5335672.007798131,508.15999999999997,509.79937499999994,-1.6393749999999727,80
7835BG009195,689942.0115833636,5335659.256749858,509.09000000000003,510.0088888888889,-0.9188888888888869,90
7835BG009196,689890.0789071023,5335622.702409483,508.74000000000007,510.92674556213024,-2.18674556213017,169
7835BG009197,689780.3836507518,5335607.611403575,511.69000000000005,512.0626956521739,-0.37269565217388845,230
7835BG009128,689428.4535053866,5336137.544010614,511.58,510.0747619047619,1.5052380952380986,168
7835BG009129,689368.6247258233,5336056.0686526885,511.35,510.47476923076925,0.8752307692307681,195
7835BG009131,689183.7632707809,5335964.961075482,511.09000000000003,510.71405940594053,0.3759405940595002,303
7835BG009132,689088.8325275655,5335949.7677716045,512.25,510.4452848101266,1.8047151898733773,316
7835BG009136,688696.2725328403,5335883.327395996,511.99,510.52663414634145,1.4633658536585585,205
7835BG009137,688620.0577422571,5335871.255693328,512.2900000000001,510.08986928104576,2.2001307189543127,153
7835BG009139,688397.345538151,5335811.023980812,510.89000000000004,511.26945652173924,-0.3794565217392005,92
7835BG009140,688286.2988685558,5335796.348578371,510.94000000000005,511.0516000000001,-0.11160000000006676,75
7835BG009144,688792.1204224292,5336031.404056935,511.49,510.1283673469388,1.3616326530612355,196
7835BG009199,689556.0022221631,5335580.4450214775,515.29,512.7029482071713,2.5870517928286745,251
7835BG009200,689466.6876371847,5335554.646913422,512.34,512.7766808510638,-0.43668085106378385,235
7835BG009201,689410.0727757057,5335546.166051341,513.65,512.7421929824561,0.9078070175438597,228
7835BG010159,689250.6696309422,5335992.47119569,511.70000000000005,511.17654166666665,0.5234583333333944,240
7835BG010160,689160.9017319242,5335852.141947977,512.0999999999999,510.82172727272723,1.2782727272726788,330
7835BG010162,689153.4135209417,5335866.281686882,512.34,510.8592559523809,1.4807440476191118,336
7835BG010163,689141.9274783558,5335840.961031623,512.5500000000001,510.89,1.6600000000000819,333
7835BG009788,688336.3780224789,5336485.986787423,513.5,501.52179487179495,11.978205128205047,78
7835BG010164,689126.330856985,5335838.360069916,512.19,510.77,1.4200000000000728,331
7835BG010132,689589.5161945047,5336538.556670601,510.89,509.3120168067227,1.577983193277305,119
7835BG010133,689613.1244044234,5336504.663304503,511.02,509.72610169491526,1.2938983050847241,118
7835BG010134,689870.5047392738,5336651.149815191,510.61,509.5556028368794,1.0543971631205977,141
7835BG010136,689571.1248978842,5336445.077801841,509.38,509.7961467889908,-0.41614678899082946,109
7835BG010137,689501.3079091108,5336408.103785444,510.97999999999996,510.3134482758621,0.6665517241378893,116
7835BG010138,689636.6693955902,5336549.9481263645,510.17,509.4876086956522,0.6823913043477887,138
7835BG009497,688487.9360316503,5336011.764965037,512.36,511.0624060150376,1.2975939849624183,133
7835BG010169,688885.8507959992,5335677.0594478045,513.86,510.9225409836066,2.9374590163934045,244
7835BG010140,689520.0830079382,5336351.282924451,508.99,510.2788034188034,-1.2888034188034112,117
7835BG010170,688842.9600699577,5335674.715383461,512.76,510.81806306306305,1.9419369369369406,222
7835BG010171,688961.9623873085,5335674.366204151,513.45,510.96973384030423,2.480266159695816,263
7835BG010173,689105.9520223723,5335829.831481236,511.88000000000005,510.789113149847,1.0908868501530264,327
7835BG010174,689045.0778571009,5335793.06706879,512.8599999999999,510.8389423076923,2.021057692307579,312
7835BG010175,689029.1183668743,5335786.878870934,511.57,510.8669205298013,0.703079470198702,302
7835BG010177,688750.6889323774,5335603.218218723,513.49,511.17698412698417,2.3130158730158428,126
7835BG010179,688780.2734313237,5335581.542542236,511.48999999999995,511.5688888888889,-0.07888888888896872,135
7835BG010141,689532.857210865,5336474.602721403,510.38,509.6629661016949,0.7170338983050897,118
7835BG010143,689516.4907637765,5336390.117643079,510.09999999999997,510.3977192982456,-0.2977192982456245,114
7835BG009513,688230.5759948851,5336514.826018879,516.01,498.07803571428576,17.93196428571423,56
7835BG010144,689460.2014937648,5336272.04338943,508.83,510.0512,-1.2212000000000103,125
7835BG010145,689823.9763124194,5336632.167850474,509.97,509.411700680272,0.5582993197280075,147
7835BG009520,688435.7758708308,5336520.519951788,509.78000000000003,502.401511627907,7.378488372093045,86
7835BG010115,690119.948990301,5336658.772174046,510.45,509.2547311827958,1.1952688172041803,93
7835BG010117,690060.7786579174,5336702.123995134,509.85,509.14882352941174,0.7011764705882797,102
7835BG010149,689377.4452193063,5336195.401142595,511.11,509.90719745222935,1.2028025477706592,157
7835BG010118,690046.1883081079,5336560.867151058,510.86,509.615462184874,1.244537815126023,119
7835BG010119,690028.7096179666,5336638.744823622,510.4,509.11622950819674,1.2837704918032387,122
7835BG010151,689416.6045939452,5336108.6361192055,513.0,510.25329608938546,2.746703910614542,179
7835BG010152,689325.9354244703,5336102.489773561,511.07,510.68087431693993,0.38912568306005824,183
7835BG009528,688434.3717229746,5336523.171378158,510.5,502.3931395348837,8.106860465116313,86
7835BG010121,689968.1878723381,5336682.512248175,511.10999999999996,509.38936507936506,1.7206349206348932,126
7835BG010122,689995.8511883663,5336647.370269073,511.12999999999994,509.14372093023263,1.9862790697673063,129
7835BG010123,689878.3558191115,5336640.5973124355,510.96999999999997,509.5813286713287,1.3886713286712506,143
7835BG010125,689799.8515355559,5336649.944822075,509.47999999999996,509.35593103448275,0.12406896551721047,145
7835BG010126,689799.0225985716,5336628.005403453,507.71,509.33748251748256,-1.6274825174825764,143
7835BG010153,689342.6247249623,5336096.616717961,511.82000000000005,510.65740331491713,1.1625966850829172,181
7835BG010155,689304.9945662632,5336022.372171384,512.1899999999999,511.0347272727273,1.1552727272726315,220
7835BG010128,689905.9118291573,5336629.162669969,511.6,509.64055172413794,1.959448275862087,145
7835BG010129,689692.5053515616,5336553.491240353,509.73,509.52089655172415,0.2091034482758687,145
7835BG010130,689648.1058748169,5336558.268445582,507.96999999999997,509.45528985507235,-1.4852898550723808,138
7835BG007661,689270.8166082513,5335781.346430837,512.21,511.33892361111117,0.8710763888888664,288
7835BG007663,689333.9388824003,5335721.983286216,513.3,511.71792114695336,1.5820788530465961,279
7835BG007664,689342.1937129186,5335808.961587079,513.26,511.3204149377593,1.939585062240667,241
7835BG007665,689404.7357681831,5335812.661137224,512.72,511.1849038461539,1.5350961538461547,208
7835BG007667,689316.2155808667,5335676.386562433,512.88,511.97989361702133,0.9001063829786631,282
7835BG007668,689363.672972728,5335751.309051038,511.8299999999999,511.4276859504132,0.402314049586721,242
7835BG007670,689431.976202786,5335833.87618678,512.34,511.0150753768844,1.3249246231156349,199
7835BG007671,689430.8480830388,5335709.933885543,512.86,511.8639436619718,0.996056338028211,213
7835BG007672,689404.7935108063,5335771.953464547,510.39000000000004,511.23535545023697,-0.8453554502369229,211
7835BG007674,689454.6140977554,5335650.097394833,513.4799999999999,512.4905454545454,0.9894545454544641,220
7835BG010210,688291.8707426079,5334907.603637845,513.43,513.4852500000001,-0.055250000000114596,40
7835BG007750,690202.7917346801,5336062.153713634,505.83,510.6841984732825,-4.8541984732825085,131
7835BG010181,688737.2303758359,5335547.432294227,514.36,512.5127659574468,1.8472340425531684,94
7835BG010182,689090.9833464846,5335800.403851631,510.79,510.7912732919254,-0.0012732919253721775,322
7835BG010188,689312.8410712755,5336050.290617098,512.12,510.90004854368937,1.219951456310639,206
7835BG010189,688668.9376299188,5335387.922793431,513.08,513.5197457627119,-0.43974576271182286,118
7835BG010190,688638.374602607,5335336.657609987,514.0699999999999,513.4669767441861,0.6030232558138096,129
7835BG010192,688674.7193390306,5335293.667757227,513.35,513.5757251908396,-0.2257251908396256,131
7835BG007780,688674.7193390306,5335293.667757227,,,,0
7835BG010193,688627.3678845083,5335214.274957304,512.9100000000001,513.6252845528455,-0.7152845528454463,123
7835BG010194,688596.0732101703,5335194.306718146,514.03,513.6089230769231,0.4210769230768392,130
7835BG010196,688489.6500477139,5335211.501634101,513.63,513.4577205882352,0.17227941176474815,136
7835BG010197,688626.8054277254,5335142.686845111,512.9200000000001,513.7234745762711,-0.8034745762710145,118
7835BG010198,688250.4349437687,5335321.32371172,513.36,511.85936170212756,1.500638297872456,47
7835BG010200,688607.4242522239,5335053.211284084,514.0400000000001,513.7538532110091,0.28614678899100454,109
7835BG010201,688310.891200697,5335375.971067257,512.3000000000001,511.8577083333334,0.4422916666666765,48
7835BG010202,688562.8729141499,5335026.223640137,514.13,513.7120175438596,0.4179824561404075,114
7835BG007791,688662.8439003804,5335878.071836667,512.49,510.55213903743316,1.9378609625668446,187
7835BG007792,688596.7123390182,5335893.97174751,512.49,510.8615789473684,1.6284210526316087,133
7835BG010206,688524.8271519842,5334950.627680316,514.88,513.7441573033708,1.1358426966291972,89
7835BG008067,688349.9701811047,5335101.320676609,514.7299999999999,513.4923008849557,1.2376991150441654,113
7835BG007839,689345.6482184839,5335622.946036771,507.01,512.4331465517241,-5.42314655172413,232
7835BG007840,689366.4167987718,5335423.466921911,511.1,512.9200975609756,-1.8200975609755687,205
7835BG008111,689973.8014726001,5335466.745639666,511.1,511.00372197309423,0.09627802690579301,223
7835BG008112,690091.6951513372,5335609.522150997,511.29999999999995,509.74078431372556,1.559215686274399,102
7835BG007738,688522.5319466502,5335833.187594237,511.9,511.4247321428572,0.4752678571427964,112
7835BG007740,688809.6018506347,5335934.29112673,512.62,510.6195564516129,2.000443548387125,248
7835BG007742,689205.7545227094,5335961.895882406,512.14,511.20212996389887,0.937870036101117,277
7835BG007743,689478.0235374747,5335949.921518342,510.82,510.3390361445783,0.48096385542169173,166
7835BG007745,689612.8302783181,5335962.468403859,511.26,510.2875892857143,0.9724107142856724,112
7835BG007746,689683.373437989,5336006.6159912525,511.23999999999995,509.7936842105264,1.4463157894735446,95
7835BG007748,689825.7679497206,5336039.022908644,512.57,510.4297560975609,2.140243902439124,164
7835BG007837,689541.638288457,5335697.31428201,508.24,512.5724870466321,-4.332487046632082,193
7835BG007749,689890.0287928279,5336026.65746441,511.07000000000005,510.4518994413407,0.6181005586593642,179
7835BG008102,688419.8943573558,5335516.303053036,511.42999999999995,512.1169863013699,-0.6869863013699842,73
7835BG008189,688971.6416986976,5336408.242878969,511.61999999999995,510.8420618556701,0.7779381443298234,97
7835BG008382,688375.4018798228,5336634.524508477,508.79999999999995,502.8009090909091,5.999090909090853,66
7835BG008108,689959.5043962379,5335465.963094789,511.30000000000007,511.137850877193,0.1621491228070795,228
7835BG017223,689959.5043962379,5335465.963094789,,,,0
7835BG007778,688383.6232394732,5335785.651492246,511.37,511.2568181818182,0.11318181818182893,88
7835BG007779,689209.6532275947,5335967.355604489,511.80000000000007,511.210671641791,0.5893283582090589,268
7835BG007838,689205.9937415477,5335722.1228615735,512.78,511.3752996845425,1.4047003154574895,317
7835BG007841,688839.3251072094,5335638.842225447,517.08,510.67505050505054,6.404949494949506,198
7835BG007848,688931.7092929375,5336451.596501887,511.53000000000003,510.8352631578947,0.6947368421053284,95
7835BG008722,689781.7051822976,5335015.352240824,513.95,512.1924999999999,1.7575000000001637,44
7835BG008892,690015.5467021116,5335900.756269681,513.39,510.53125,2.8587499999999864,160
7835BG010424,688898.1886634105,5335130.242375291,511.95000000000005,512.7289041095892,-0.7789041095891207,73
7835BG007741,689013.8631787365,5335960.98733399,511.4,510.47808724832214,0.9219127516778372,298
7835BG007744,689538.5894052628,5335961.627180903,509.36,510.2186274509805,-0.8586274509804639,153
7835BG007747,689790.2135384027,5335990.772020425,512.42,510.3971428571429,2.022857142857049,147
7835BG009079,689431.7046172814,5336725.437066636,507.35,508.4078260869565,-1.0578260869564815,69
7835BG009092,689998.7745361375,5336560.65297228,511.12999999999994,509.59565217391304,1.5343478260869006,138
7835BG009093,689892.7201860049,5336523.727150599,511.89000000000004,509.90114649681533,1.988853503184714,157
7835BG009094,689892.7201860049,5336523.727150599,,,,0
7835BG009096,689619.3180434802,5336450.2310632,509.59000000000003,509.8971296296296,-0.30712962962957135,108
7835BG009100,689255.3026373433,5336349.116648307,511.02,510.6012121212121,0.4187878787878958,99
7835BG009745,688283.6613977677,5336482.964312932,509.33000000000004,501.05986486486495,8.270135135135092,74
7835BG010602,688887.3021536916,5336112.362882067,510.33,510.26578680203045,0.0642131979695364,197
7835BG010605,688662.4928007349,5336180.023142606,511.42999999999995,511.2120370370371,0.2179629629628721,162
7835BG010609,688559.8078344534,5336228.619605695,511.22999999999996,508.5605185185186,2.6694814814813412,135
7835BG010613,688940.7485886686,5336103.324103098,511.39,510.3208290155441,1.069170984455866,193
7835BG010621,689023.4398911898,5335876.662296258,512.1800000000001,510.59636942675155,1.583630573248513,314
7835BG010624,689071.7795404897,5335550.335225408,509.75,511.6205714285714,-1.8705714285713952,210
7835BG010628,689225.9015000183,5335750.771117553,512.8399999999999,511.35968652037616,1.48031347962376,319
7835BG010632,689200.8050395614,5335637.899688624,513.62,511.6017770034842,2.018222996515817,287
7835BG009759,688251.0694483686,5336441.941064812,510.03000000000003,500.52357142857153,9.5064285714285,70
7835BG008592,689853.1624532384,5336876.20878755,503.78000000000003,508.4782142857143,-4.6982142857142435,84
7835BG009229,689886.9280276818,5336694.926787651,510.49,509.4085820895522,1.081417910447783,134
7835BG009244,689465.9160096366,5335492.000723427,515.0899999999999,512.91589958159,2.174100418409921,239
7835BG009248,690017.8911996419,5335857.864642337,506.04,510.557985074627,-4.517985074627006,134
7835BG009252,690151.4501459857,5336287.313580391,511.89000000000004,510.35255639097744,1.5374436090226027,133
7835BG009256,689926.196545063,5336565.218736797,511.44000000000005,509.65366013071895,1.7863398692811074,153
7835BG009259,689619.5638053475,5335330.074509355,515.13,512.7030344827587,2.4269655172413422,290
7835BG009263,689984.8717939926,5335911.669371343,511.25,510.2639880952381,0.9860119047618809,168
7835BG009266,689407.4650869532,5335198.515723649,512.84,512.2204316546763,0.619568345323728,139
7835BG009267,689106.7414120219,5335757.826864273,513.29,510.7958146964856,2.494185303514371,313
7835BG009268,689131.2203762073,5335820.5803602515,513.8000000000001,510.7687915407855,3.031208459214554,331
7835BG010112,690172.3468683171,5336713.680499503,510.12000000000006,508.72060606060603,1.399393939394031,66
7835BG010113,690149.3188772826,5336684.511170835,510.12,508.9440000000001,1.1759999999999309,80
7835BG010114,690037.8011315458,5336689.955435695,510.55000000000007,508.9940366972477,1.5559633027523887,109
7835BG010116,690042.88252755,5336797.885945281,511.92,509.08310344827584,2.8368965517241804,87
7835BG010636,689409.4975648336,5335570.756896334,512.04,512.7088738738738,-0.6688738738738493,222
7835BG010638,689468.0945231058,5335532.760229411,513.5600000000001,512.875593220339,0.6844067796610034,236
7835BG010640,689549.2556742309,5335486.344116552,514.8199999999999,512.7959774436091,2.0240225563908325,266
7835BG010644,689613.5101748356,5335512.4509902075,511.5400000000001,512.7008450704226,-1.1608450704225106,284
7835BG010647,689383.5721673928,5335435.946048781,512.75,512.9208056872038,-0.17080568720382416,211
7835BG010651,689762.1629130188,5335392.010453017,515.65,512.4365156794426,3.213484320557427,287
7835BG010655,689543.8050668687,5335413.298688704,514.0799999999999,512.6755555555555,1.4044444444443798,288
7835BG010659,689078.2714610053,5335597.905433533,512.03,511.6825431034483,0.34745689655164824,232
7835BG010666,689937.9615680645,5335201.076787633,511.03,511.2108333333333,-0.1808333333333394,192
7835BG010670,689005.0531693946,5335744.712479029,511.64,510.8418466898954,0.798153310104567,287
7835BG010674,690098.0734720123,5335317.551845392,510.3,510.4772058823529,-0.1772058823528937,136
7835BG008595,689906.0964279785,5336812.581331125,503.12,508.99898148148145,-5.878981481481446,108
7835BG008599,690052.9198806486,5336368.663437046,511.63,510.32872483221485,1.3012751677851497,149
7835BG008603,689923.9038808395,5336605.87410805,511.15999999999997,509.644899328859,1.5151006711409423,149
7835BG008604,689752.2900089645,5336579.493511163,508.99999999999994,509.5183571428572,-0.5183571428572691,140
7835BG008605,689922.028656842,5336628.645201721,509.67,509.47829931972785,0.19170068027216303,147
7835BG008606,689972.9359794431,5336556.023088486,511.71000000000004,509.5949659863946,2.1150340136054524,147
7835BG008608,689887.5223692977,5336516.448110382,511.24999999999994,509.94649350649354,1.3035064935064042,154
7835BG008622,690017.1135799796,5336254.646594385,512.05,510.6689349112426,1.3810650887573388,169
7835BG008625,689849.7694611086,5336179.604947014,511.91,510.71385542168684,1.1961445783131808,166
7835BG008629,690006.1204336982,5336437.803350165,511.69,510.3032530120482,1.386746987951824,166
7835BG008633,689489.0175364146,5336168.485364005,511.51,509.9564375,1.5535624999999982,160
7835BG008637,690007.9657410665,5335823.186461413,505.8,510.3585714285715,-4.558571428571497,119
7835BG008640,690053.3414762295,5335910.586708247,513.13,510.20843750000006,2.9215624999999363,160
7835BG009271,689334.0657036686,5335946.107384253,512.2900000000001,511.22040540540536,1.0695945945947187,222
7835BG009275,689439.2302029426,5336021.037618936,510.75,510.2682941176471,0.48170588235291234,170
7835BG009278,689431.3022497373,5336226.185626645,510.06999999999994,509.7244366197183,0.34556338028164646,142
7835BG009282,689344.7454471625,5336579.804064878,510.26,509.01360465116267,1.246395348837325,86
7835BG009286,689326.9035522705,5335850.655066082,512.62,511.275826446281,1.3441735537190311,242
7835BG009475,688450.2080313009,5336286.000653523,511.03,504.8181666666667,6.2118333333332885,120
7835BG009483,688427.2860611798,5335850.643081077,511.62999999999994,511.2036274509805,0.42637254901944743,102
7835BG010124,689893.5318290044,5336680.31871067,511.41,509.4864705882353,1.9235294117647186,136
7835BG010127,689745.1655681413,5336597.220919403,508.75,509.2472727272726,-0.49727272727261607,143
7835BG010135,689557.756353341,5336500.236682158,508.23,509.56983333333335,-1.3398333333333312,120
7835BG010146,689416.2749299218,5336237.46523653,510.51,509.62811594202896,0.8818840579710354,138
7835BG010150,689743.6563842504,5336604.343090279,508.19000000000005,509.2511888111887,-1.0611888111886287,143
7835BG010154,689327.3445803393,5336061.366497418,511.54999999999995,510.8394897959184,0.7105102040815723,196
7835BG010156,689300.8916986245,5335987.382521727,511.35,511.1819555555556,0.16804444444443334,225
7835BG010157,689333.2226439517,5336039.583948137,512.14,510.88528846153855,1.2547115384614358,208
7835BG010158,689274.8448724691,5335991.694993318,511.56,511.1571063829788,0.4028936170212205,235
7835BG010161,689150.2969277464,5335846.5257897405,512.0400000000001,510.98500000000007,1.0550000000000068,332
7835BG007662,689150.2969277464,5335846.5257897405,,,,0
7835BG008644,689678.5117796897,5335391.844468955,514.36,512.6745238095237,1.6854761904762654,294
7835BG008648,689818.7873573359,5335323.548516857,509.22999999999996,512.1076642335767,-2.877664233576695,274
7835BG008652,689686.6843442868,5335310.170857593,512.87,512.5751211072665,0.29487889273354995,289
7835BG008655,689971.8870030108,5336218.248690164,511.92,510.8971676300578,1.0228323699421935,173
7835BG008658,689942.9932829812,5335712.961450843,509.40999999999997,509.9939175257732,-0.583917525773245,97
7835BG008659,689884.9883963782,5335591.716032628,509.49,511.1660563380282,-1.6760563380282179,213
7835BG008660,689628.8144582161,5335355.341528699,515.1,512.7194217687075,2.380578231292475,294
7835BG008662,689963.1069581672,5336172.860669028,512.01,511.2612068965518,0.748793103448179,174
7835BG009661,688396.7397275146,5336468.16252241,510.42999999999995,502.36081395348845,8.069186046511504,86
7835BG009681,688353.4329298907,5336464.46571033,511.01,501.8796296296296,9.130370370370372,81
7835BG010165,689115.2581479165,5335833.627420033,513.0400000000001,510.8235240963855,2.216475903614594,332
7835BG010168,689098.5142760535,5335860.971989367,513.44,510.76960725075526,2.6703927492447974,331
7835BG010172,688900.9213366704,5335721.252491849,512.77,511.0053113553114,1.76468864468859,273
7835BG010180,689418.2247573393,5336039.335230037,510.16999999999996,510.33752808988766,-0.1675280898876963,178
7835BG010183,689313.1098214244,5335981.405331395,511.98,511.177399103139,0.8026008968610086,223
7835BG010191,688536.2198586632,5335305.191943576,513.97,513.4579999999999,0.512000000000171,135
7835BG010195,688446.5209692086,5335448.928787984,512.76,512.7294845360825,0.03051546391748161,97
7835BG010199,688581.9448908633,5335090.640018094,512.6800000000001,513.7593859649123,-1.0793859649122624,114
7835BG010377,688592.8047556453,5335142.78597183,512.58,513.7481512605041,-1.1681512605040325,119
7835BG010378,688617.644751925,5335228.362394785,513.85,513.561015625,0.2889843750000409,128
7835BG010379,689246.6763741642,5335914.539853059,500.54,511.25221402214015,-10.712214022140131,271
7835BG010382,688553.5827139462,5334907.012585209,514.8199999999999,513.745238095238,1.0747619047618855,63
7835BG007666,689268.222491317,5335739.2355116075,513.8100000000001,511.4108496732026,2.3991503267974394,306
7835BG007669,689344.2222018181,5335798.720553061,512.4200000000001,511.34225000000004,1.0777500000000373,240
7835BG007673,689434.6267278525,5335835.279901449,512.89,511.0015228426396,1.8884771573603985,197
7835BG010203,688516.8778808843,5334907.943386976,515.0400000000001,513.6377611940297,1.4022388059703417,67
7835BG010205,688556.9534664415,5334973.2978446605,513.6,513.700808080808,-0.10080808080795123,99
7835BG010207,688579.2089286242,5334939.820550146,513.67,513.8354117647058,-0.16541176470582286,85
7835BG008339,689981.6049086368,5334999.000384586,512.0,510.78733333333327,1.2126666666667347,15
7835BG008884,689590.7468272415,5335452.868658796,513.7800000000001,512.7247440273039,1.055255972696159,293
7835BG010988,690083.6226975606,5335304.240142168,509.09,510.55937500000005,-1.4693750000000705,144
7835BG010991,689646.9033666681,5335385.290230991,512.36,512.7519795221843,-0.39197952218432874,293
7835BG010992,689641.4459145335,5335369.952343745,514.4000000000001,512.7154576271187,1.684542372881424,295
7835BG010993,689697.4410097944,5335347.551865006,514.57,512.5880808080807,1.98191919191936,297
7835BG010996,689621.4240053082,5335422.718965003,513.58,512.6878929765886,0.8921070234114268,299
7835BG010999,689657.9219375518,5335411.493493302,514.0,512.728469387755,1.2715306122449874,294
7835BG011003,690086.9530363462,5335276.5831686435,508.99000000000007,510.50335766423353,-1.5133576642334674,137
7835BG011414,689463.026265732,5335730.370029591,509.49999999999994,512.0926923076922,-2.592692307692289,182
7835BG011415,689523.2692451878,5335832.431590285,512.4300000000001,510.8047798742138,1.6252201257862566,159
7835BG012090,689710.3055264622,5336404.492459183,512.2,510.1570289855072,2.042971014492821,138
7835BG012101,689970.6274385247,5336310.3734076135,509.59999999999997,510.69923076923084,-1.0992307692308714,169
7835BG011895,689256.0938637529,5336257.876340518,510.4,509.96408333333335,0.4359166666666283,120
7835BG012851,688585.654137224,5336175.542382076,511.5,510.3645333333334,1.1354666666666162,150
7835BG011041,688931.2509708852,5336375.537212001,510.51,511.01644859813075,-0.5064485981307598,107
7835BG011042,688865.4922944023,5336318.080659449,510.69999999999993,511.0346212121212,-0.33462121212124885,132
7835BG009104,688865.235830226,5336290.785653475,511.41,511.0306896551724,0.3793103448276156,145
7835BG009107,688538.3840473196,5336264.801061192,510.09999999999997,507.0061654135339,3.0938345864660732,133
7835BG010885,688869.7343528562,5336079.296183006,509.96999999999997,510.3480099502488,-0.3780099502488383,201
7835BG011067,689070.5975835246,5336251.300736014,511.30999999999995,511.0912598425196,0.21874015748034026,127
7835BG011089,688635.6901393735,5336790.473615791,508.88,509.8435135135136,-0.9635135135135897,37
7835BG011935,689003.9831768116,5335981.781772068,511.20000000000005,510.4469256756757,0.7530743243243592,296
7835BG009122,690112.7559381716,5336392.430353066,511.85,510.59681818181815,1.2531818181818721,132
7835BG009126,689657.4534331018,5336235.052560881,511.89000000000004,509.9264761904762,1.9635238095238492,105
7835BG009130,689247.5480297343,5336011.187148322,504.6,511.16435146443513,-6.564351464435106,239
7835BG009133,688999.5688404385,5335940.969531473,509.09000000000003,510.49840531561466,-1.4084053156146297,301
7835BG009134,688876.5655202325,5335921.094475565,511.99,510.8351890034364,1.154810996563583,291
7835BG009135,688792.3477884822,5335887.810426475,511.71999999999997,510.6131048387096,1.1068951612903675,248
7835BG009138,688486.4000545135,5335828.764143143,510.39000000000004,511.3361,-0.9460999999999444,100
7835BG009789,688343.659332644,5336461.552378584,511.06999999999994,501.8788888888888,9.191111111111127,81
7835BG012304,689399.3287807116,5335814.324019205,518.75,511.16568075117374,7.584319248826262,213
7835BG011940,689062.6534040128,5335768.426660439,512.5999999999999,510.86506578947365,1.7349342105262622,304
7835BG011946,688285.4293993581,5336082.182623439,511.0,504.15012987012994,6.849870129870055,77
7835BG011957,689394.943376088,5336767.075072964,511.4,507.44844444444436,3.9515555555556148,45
7835BG011960,689716.3668681211,5336164.406635123,512.5999999999999,510.30860655737706,2.291393442622848,122
7835BG011961,689733.2126047676,5336151.827480229,511.69999999999993,510.3788617886179,1.3211382113820491,123
7835BG012328,690118.4623226488,5335249.136734527,509.79999999999995,510.4905084745763,-0.6905084745763475,118
7835BG013058,689408.1119968074,5335840.475881395,513.2,511.1113397129188,2.088660287081268,209
7835BG013080,688747.7856166554,5335536.048116424,514.1,513.0626804123712,1.0373195876288719,97
7835BG013086,689532.7319246135,5335408.566940126,514.1,512.7649295774648,1.335070422535182,284
7835BG010887,688914.2775116663,5336163.99183567,512.14,510.47786096256675,1.662139037433235,187
7835BG010888,688820.9627415622,5336519.687858045,509.40999999999997,510.7427,-1.3327000000000453,100
7835BG010896,688895.4301629416,5335975.217084893,511.66999999999996,510.7359233449478,0.934076655052138,287
7835BG011101,688792.4558977003,5336648.305066539,509.2,510.3944927536232,-1.1944927536231944,69
7835BG009145,688727.4352943222,5336119.36131935,511.76,510.33021857923495,1.429781420765039,183
7835BG009149,688427.9243578061,5336531.073355845,509.39000000000004,502.17404761904766,7.215952380952388,84
7835BG009153,688848.6338872425,5336025.120839067,509.63,510.2282727272727,-0.5982727272727288,220
7835BG011107,688863.1868760902,5336454.914987887,509.60999999999996,510.87424528301887,-1.2642452830189086,106
7835BG011115,688615.2439793018,5336899.59549803,508.71999999999997,509.7633333333334,-1.0433333333334076,27
7835BG011119,688753.3515276196,5336713.597674894,509.1,510.05610169491536,-0.9561016949153327,59
7835BG011126,688812.2600382026,5336279.705666446,510.66999999999996,511.0991025641025,-0.4291025641025499,156
7835BG011971,688262.9801255658,5336793.3869330445,510.70000000000005,510.47799999999995,0.22200000000009368,20
7835BG009164,689653.8316576295,5336102.999544378,512.15,509.33074766355145,2.8192523364485282,107
7835BG009168,688746.5787867797,5335625.93701097,514.21,511.14000000000004,3.069999999999993,140
7835BG009172,689571.9111649278,5335990.589175567,510.74,510.3354861111111,0.40451388888891415,144
7835BG009175,689901.3843747773,5335847.088846084,510.42,510.50078125,-0.08078124999997272,128
7835BG009179,689525.9720716779,5335831.600383353,512.44,510.80471698113195,1.6352830188681082,159
7835BG009180,689451.2146316781,5335814.642765899,512.69,511.0002127659575,1.6897872340425693,188
7835BG009181,689365.4381526783,5335771.480551645,512.4399999999999,511.3441810344828,1.0958189655171395,232
7835BG012338,689145.1759844073,5335644.651244568,509.9,511.5465714285713,-1.6465714285713489,280
7835BG012344,688437.4090739684,5335149.888543844,514.1,513.4708391608391,0.6291608391609316,143
7835BG012355,688251.5649838517,5335024.312389668,513.5,513.4532500000001,0.04674999999986085,40
7835BG012366,688220.4363285047,5334920.695252976,513.4,513.1286363636365,0.27136363636350325,22
7835BG011999,689430.4605100187,5336702.145333465,511.2,508.41961038961034,2.7803896103896477,77
7835BG012010,688246.6087198877,5336364.892329233,511.0,501.4344871794873,9.565512820512708,78
7835BG012015,688737.0469792853,5336167.451265671,512.2,511.35732954545455,0.8426704545454982,176
7835BG012016,688708.8088855725,5336227.183188464,510.55,511.1141401273885,-0.5641401273884981,157
7835BG010522,688947.3001721432,5335689.233015257,513.6500000000001,510.97720149253735,2.672798507462744,268
7835BG012384,688766.5557074705,5335517.699105203,514.9200000000001,512.9794059405941,1.940594059405953,101
7835BG012545,690159.6199725182,5336224.87522667,512.2,510.343795620438,1.8562043795620298,137
7835BG013355,690008.4426778783,5336166.315545785,512.26,511.1194797687862,1.1405202312137703,173
7835BG013358,689997.9488532031,5336098.5206692545,514.66,510.8198924731183,3.8401075268816953,186
7835BG008500,690013.3290258492,5336167.771995065,512.38,511.0399425287357,1.3400574712642879,174
7835BG008501,689998.6172473254,5336165.63847013,515.6500000000001,511.0902272727273,4.559772727272787,176
7835BG008503,690048.9939144012,5336173.079387701,512.05,510.7202976190477,1.3297023809522557,168
7835BG009194,690048.3219295568,5335723.476243023,508.01,509.8272289156627,-1.8172289156627244,83
7835BG009198,689645.7838107264,5335605.359187991,512.8900000000001,512.7585477178424,0.1314522821577384,241
7835BG010962,688866.0447351609,5336466.6124711875,510.37,510.840673076923,-0.4706730769229921,104
7835BG010965,688898.1368301036,5335132.478631383,511.83000000000004,512.7392,-0.9091999999999416,75
7835BG012026,689447.2294219427,5336482.441515269,511.19999999999993,509.6836974789916,1.516302521008356,119
7835BG012032,689779.5345989212,5336160.516109502,513.0,510.39411764705886,2.605882352941137,136
7835BG009202,689300.1183520434,5335523.017532895,510.65000000000003,512.4439583333333,-1.7939583333332507,192
7835BG009206,688884.7349971533,5335456.939090687,512.43,513.0430088495575,-0.6130088495575592,113
7835BG009210,688509.7523861001,5335346.622615898,514.1400000000001,513.0163909774435,1.1236090225565931,133
7835BG009221,690174.0984901665,5336026.590187595,511.12,510.5041134751773,0.615886524822713,141
7835BG009225,689038.0763321407,5335250.718435905,515.62,511.6789130434782,3.941086956521815,46
7835BG009226,689088.5671499716,5335176.744476238,514.81,511.10000000000014,3.709999999999809,30
7835BG009227,689146.7562850066,5335060.452731455,514.86,510.05166666666673,4.80833333333328,24
7835BG012390,689439.9755881601,5335472.605425193,513.5,512.9047639484978,0.5952360515021837,233
7835BG012037,688241.9067882756,5335341.701645029,513.3,511.8170454545454,1.482954545454561,44
7835BG012043,688558.7448537936,5335604.545493211,513.6,512.5954255319149,1.0045744680851385,94
7835BG012135,689712.9519448206,5336444.368456811,511.1,510.3119463087249,0.7880536912751381,149
7835BG012146,689805.8009826918,5336873.759687173,507.9,508.2213636363636,-0.3213636363636283,88
7835BG012863,689283.0178216081,5336311.740648908,511.0,510.4075892857143,0.5924107142856769,112
7835BG012868,688915.8039895413,5336022.217523345,512.4000000000001,510.6321505376344,1.7678494623656889,279
7835BG012874,688326.1916434064,5336060.768852328,510.79999999999995,505.374,5.425999999999931,85
7835BG012884,688509.1578424035,5336328.534922295,510.20000000000005,506.49683760683763,3.7031623931624154,117
7835BG012885,688502.2889644525,5336373.556903323,509.0,504.32612612612616,4.673873873873845,111
7835BG012895,688513.0088206897,5336297.75861751,509.0,506.8140476190477,2.185952380952301,126
7835BG012195,690201.3943487988,5336428.054324863,495.45000000000005,510.2084782608696,-14.758478260869538,92
7835BG012901,688317.2724913217,5335887.437024833,509.20000000000005,511.03839080459784,-1.8383908045977932,87
7835BG012918,688731.2707804556,5336203.999229391,512.6,511.22113772455083,1.378862275449194,167
7835BG012929,688259.4245925648,5335357.768909355,513.0,511.8238636363636,1.176136363636374,44
7835BG012931,688292.9555229945,5335377.788981819,511.30000000000007,511.83630434782606,-0.5363043478259897,46
7835BG011360,689417.9405986122,5335821.9167981045,512.49,511.1081553398058,1.38184466019419,206
7835BG011361,689438.298583447,5335582.614420226,513.0699999999999,512.7191304347825,0.3508695652174083,230
7835BG011362,689144.3139116736,5335471.061151065,517.22,511.8340298507461,5.385970149253922,134
7835BG011363,689091.6585018032,5336211.532044368,511.83,511.149,0.6809999999999832,160
7835BG011366,689288.4621351124,5336021.538226388,512.8599999999999,511.047903930131,1.8120960698689146,229
7835BG011380,689372.2496725479,5336168.885510246,511.34000000000003,509.9045679012346,1.4354320987654319,162
7835BG011387,690057.4451965257,5336347.296959347,511.53,510.4810810810812,1.0489189189187869,148
7835BG011394,689834.0000937013,5335897.405933776,510.7099999999999,510.03532846715325,0.6746715328466735,137
7835BG012206,689512.9535104572,5336809.202350721,504.49999999999994,507.9706349206349,-3.47063492063495,63
7835BG012228,689778.3346138182,5336192.697463446,511.15,510.45274809160304,0.697251908396936,131
7835BG017258,689778.3346138182,5336192.697463446,,,,0
7835BG007557,689663.9189935585,5336092.498874931,515.1,509.7101904761905,5.389809523809504,105
7835BG007561,690105.5092159752,5336147.560479006,511.90999999999997,510.5503225806452,1.3596774193547958,155
7835BG001711,689564.7238761778,5336890.936442769,505.90000000000003,506.6977272727272,-0.7977272727271725,44
7835BG000753,689554.4401372878,5336412.477673178,511.4,510.08000000000004,1.3199999999999363,115
7835BG002083,690055.1922938786,5335238.262747013,510.40000000000003,510.6222297297297,-0.22222972972969046,148
7835BG002086,690085.6612024847,5335217.0554086035,510.6,510.42434108527135,0.1756589147286718,129
7835BG002099,688475.049864341,5336352.341385651,509.70000000000005,504.1896296296297,5.510370370370367,108
7835BG002934,689888.8814799739,5336860.045567759,505.0,508.63941860465115,-3.639418604651155,86
7835BG002935,689863.4144045855,5336801.294010093,511.3,509.03046728971964,2.269532710280373,107
7835BG002936,689899.151158493,5336650.4777475465,510.8,509.52260869565225,1.2773913043477592,138
7835BG002939,689985.3869922932,5335947.022791159,507.9,510.3988888888889,-2.498888888888928,171
7835BG002942,689903.6787443175,5336609.874677718,511.2,509.573493150685,1.6265068493149784,146
7835BG002946,689888.0948421056,5336511.09252303,511.15,509.99176470588236,1.1582352941176168,153
7835BG002970,690007.1089780885,5336433.800510549,512.0,510.034,1.9660000000000082,170
7835BG002974,690042.625210715,5336368.870337863,511.79999999999995,510.2660666666667,1.533933333333266,150
7835BG002978,690070.1889668382,5336299.728587984,511.79999999999995,510.50403973509924,1.2959602649007138,151
7835BG002981,689958.0041614708,5336238.054583851,511.0,510.93697142857144,0.06302857142856055,175
7835BG002985,690105.7174854362,5336138.618123621,512.3,510.70238709677415,1.5976129032258086,155
7835BG000825,688339.3182310471,5336264.6182504855,512.4699999999999,503.20677083333334,9.263229166666576,96
7835BG000859,688505.7853367231,5335879.76742121,512.25,511.27220338983057,0.9777966101694346,118
7835BG001846,689261.7273159735,5336112.61939489,512.6999999999999,510.68456521739125,2.015434782608679,184
7835BG001850,689301.9075043777,5336173.5040093735,512.3,510.32910828025484,1.9708917197451115,157
7835BG002989,690072.6253617725,5335946.825906366,513.1,510.30126582278484,2.798734177215181,158
7835BG002993,689993.8205609627,5335854.171001509,506.7,510.5037121212122,-3.803712121212186,132
7835BG002996,689953.2370550651,5335695.754682102,510.40000000000003,509.9408510638299,0.45914893617015196,94
7835BG003000,689724.0993887528,5335451.065300155,511.4,512.5344137931033,-1.1344137931033629,290
7835BG003004,689691.4619827024,5335354.569433034,513.3,512.6201700680273,0.6798299319726766,294
7835BG003005,689640.410978036,5335337.718688376,513.7,512.7090657439447,0.9909342560553114,289
7835BG003006,689598.6170378237,5335288.428323764,515.3,512.8214130434783,2.478586956521667,276
7835BG000930,688913.1671540199,5335905.398727475,515.09,510.8155033557048,4.2744966442952546,298
7835BG002816,689993.9387356276,5336155.24056677,512.57,511.1681460674157,1.4018539325843449,178
7835BG002820,690020.5566659467,5336164.809533146,512.77,510.99333333333334,1.7766666666666424,168
7835BG002823,689990.2564794677,5336083.130480585,512.03,510.81566844919786,1.2143315508021146,187
7835BG002827,690072.4366075974,5336203.599696427,513.02,510.49918238993706,2.5208176100629203,159
7835BG002831,689987.7078191843,5336096.492180355,512.23,510.8285026737968,1.4014973262032413,187
7835BG002835,690097.0820239619,5336182.7033935655,512.25,510.4822727272727,1.7677272727273134,154
7835BG002839,689976.420931339,5336139.173302444,512.34,511.0844808743169,1.2555191256831222,183
7835BG002842,689968.1479055323,5336186.846709843,512.4,511.1624581005587,1.2375418994412826,179
7835BG000656,689968.1479055323,5336186.846709843,,,,0
7835BG000686,689798.8821705561,5336098.339661157,512.15,510.4212142857143,1.7287857142856637,140
7835BG000693,688855.6639774758,5335112.249388152,514.2,513.7478787878787,0.45212121212136935,99
7835BG000941,688348.8627090547,5336028.642971058,512.95,508.76106382978725,4.1889361702127985,94
7835BG000942,689270.6942782323,5335920.469316792,512.35,511.35967479674804,0.9903252032519845,246
7835BG000953,688668.9675944168,5335558.809627257,514.65,513.2110714285715,1.4389285714285052,84
7835BG000994,688397.9695295831,5335401.717342007,513.55,512.632584269663,0.9174157303369839,89
7835BG004200,689864.0939302782,5335547.8349254355,509.30000000000007,511.6456666666666,-2.3456666666665456,240
7835BG004204,690169.7409951119,5335945.069841136,506.3,510.67953125,-4.379531250000014,128
7835BG004207,689971.4795301636,5336560.909436458,511.90000000000003,509.57958904109586,2.3204109589041764,146
7835BG004211,689859.6868718648,5335449.314242937,510.30000000000007,511.7833703703704,-1.4833703703703236,270
7835BG004215,689677.6255332697,5335410.611821706,511.8,512.7458620689655,-0.9458620689654822,290
7835BG004219,689709.6635896908,5335724.05821587,509.09999999999997,511.11663636363653,-2.0166363636365645,110
7835BG004223,689018.0801971294,5335914.56210641,511.6,510.54961414791006,1.0503858520899598,311
7835BG004226,689166.2304424553,5336064.309360475,511.40000000000003,511.25272,0.1472800000000234,250
7835BG004230,689266.6795371864,5336417.380331031,509.0,510.3998888888889,-1.3998888888888814,90
7835BG004234,689470.9145052289,5336253.952644218,508.50000000000006,510.0756153846154,-1.5756153846153325,130
7835BG004238,689844.512016373,5336633.989438557,510.70000000000005,509.5155862068966,1.184413793103431,145
7835BG007130,688938.9006746795,5335914.499355775,510.7,510.82257525083617,-0.12257525083617793,299
7835BG007134,688905.579816319,5335885.537794299,513.0999999999999,510.8334899328859,2.266510067113984,298
7835BG007138,689596.3106840546,5335444.498776219,513.6999999999999,512.7548464163822,0.9451535836177527,293
7835BG007141,689390.4356041441,5335429.396818831,514.0,512.9214150943396,1.0785849056603638,212
7835BG007142,689614.1449650908,5335427.916781709,513.7,512.7010402684564,0.998959731543664,298
7835BG007143,689605.4617770177,5335435.766024786,513.4,512.7572696245734,0.642730375426595,293
7835BG007144,689598.7033763006,5335437.844510232,515.1,512.7578911564626,2.342108843537403,294
7835BG007147,689549.6758525218,5335449.224581327,514.3,512.7161290322581,1.5838709677418592,279
7835BG007150,689522.7450498943,5335453.067813537,514.2,512.8272014925374,1.3727985074626758,268
7835BG007154,689344.7342775138,5335451.589963565,511.59999999999997,512.8203535353535,-1.2203535353535813,198
7835BG007158,689195.2084801863,5335494.617995016,513.2,512.0046835443037,1.195316455696343,158
7835BG007162,689589.4468141156,5335451.048907475,512.7,512.7284300341297,-0.028430034129655724,293
7835BG007166,689527.8901319895,5335462.582676658,514.8,512.8426315789475,1.9573684210524789,266
7835BG003943,689279.5252209264,5335982.857205851,511.74999999999994,511.18339055793996,0.5666094420599848,233
7835BG003947,689361.6563366128,5335665.370694684,512.9499999999999,512.1287250996016,0.8212749003982935,251
7835BG004245,690040.5321207033,5336879.248989211,510.30000000000007,508.489375,1.8106250000000728,64
7835BG004249,689585.5538035277,5336631.512594983,509.6,508.9616949152542,0.6383050847458094,118
7835BG005323,688604.551802303,5335156.928448799,513.3,513.7099166666667,-0.40991666666673154,120
7835BG005330,688535.1259286264,5334911.948496539,513.55,513.708,-0.15800000000001546,65
7835BG005357,688637.3956410538,5335263.717651362,514.4000000000001,513.52864,0.8713600000000952,125
7835BG000216,688221.9516528188,5335678.5343933385,512.49,510.4886363636364,2.001363636363635,44
7835BG000217,688280.695464408,5335710.774425364,511.59999999999997,510.6080327868852,0.9919672131147763,61
7835BG000218,688322.5426415005,5335738.59374436,511.9,510.51361111111106,1.3863888888889164,72
7835BG003950,689569.4321828499,5335446.107086828,514.9,512.6248263888889,2.275173611111086,288
7835BG003953,689584.6955844047,5335195.054057852,515.05,513.0321860465117,2.0178139534882575,215
7835BG003974,689279.1137241693,5335943.033509645,511.09999999999997,511.30929460580916,-0.20929460580919113,241
7835BG003977,689388.4398178062,5335591.289429036,512.3,512.6551162790698,-0.3551162790698754,215
7835BG003980,689519.3093596145,5335064.241943208,510.79999999999995,512.9799999999999,-2.17999999999995,58
7835BG005359,688634.7987860548,5335240.841989774,512.6,513.5703937007873,-0.9703937007873265,127
7835BG005366,688610.5835640063,5335147.675057866,515.2,513.699075630252,1.500924369748077,119
7835BG005370,688628.7770403766,5335173.1516811615,513.8000000000001,513.6930327868852,0.1069672131148991,122
7835BG005374,688572.6419365709,5335067.607920352,513.2,513.6981034482758,-0.49810344827574227,116
7835BG005378,688577.9420512477,5335089.651473705,512.6,513.7600877192982,-1.1600877192981898,114
7835BG005382,688641.7167941779,5335212.821246089,513.3,513.6259166666666,-0.3259166666666715,120
7835BG000219,688363.1430081958,5335762.358823619,511.5,511.2392592592593,0.26074074074068676,81
7835BG000223,688507.6674054931,5335799.288786938,511.40000000000003,511.4513084112149,-0.05130841121484764,107
7835BG000226,688681.9750232901,5335882.545752425,511.90000000000003,510.435618556701,1.4643814432990325,194
7835BG000230,688393.0807931595,5335821.2131815255,511.85,511.2050000000001,0.644999999999925,92
7835BG000233,688600.2995751677,5335893.608878655,511.86000000000007,509.6551111111111,2.204888888888945,135
7835BG000237,688773.0020536082,5335930.751183991,513.0,510.44832618025754,2.5516738197424615,233
7835BG007169,689496.0725482036,5335464.970360893,513.6,512.9053174603175,0.6946825396825034,252
7835BG007173,689331.8913804833,5335465.157662849,511.99999999999994,512.7229743589743,-0.7229743589743407,195
7835BG007177,689279.9541293965,5335467.074270942,489.29999999999995,512.6725000000001,-23.372500000000173,176
7835BG007181,689109.3624057779,5335588.342843812,513.6999999999999,511.60728395061733,2.0927160493826023,243
7835BG007185,689009.835382635,5335750.640106002,514.2,510.83460481099655,3.365395189003493,291
7835BG007189,689362.3098244253,5335426.949555214,511.09999999999997,512.8910784313725,-1.7910784313725685,204
7835BG007193,689173.9979705259,5335483.385245355,513.6,511.96176870748303,1.6382312925169913,147
7835BG004322,688898.2699102999,5335719.848343992,513.2,511.00700729927,2.1929927007300307,274
7835BG004341,688593.8597241915,5335021.132228109,514.1500000000001,513.7517924528302,0.3982075471699318,106
7835BG005385,688621.3975389497,5335144.349293904,513.8,513.7160169491524,0.0839830508475643,118
7835BG005389,688612.8771295338,5335107.020119799,515.8000000000001,513.69906779661,2.100932203390016,118
7835BG005393,688615.3043611026,5335232.781739171,513.9000000000001,513.5752713178294,0.3247286821706439,129
7835BG005397,688622.7352626494,5335259.348771639,510.49999999999994,513.5359055118109,-3.035905511810995,127
7835BG005412,688547.8119563153,5334905.087797852,514.8,513.71984375,1.080156249999959,64
7835BG005416,688543.6968027051,5334966.278439872,513.9,513.6684693877551,0.23153061224491012,98
7835BG007196,689097.6171958805,5335554.964676015,512.6,511.6026818181818,0.9973181818182297,220
7835BG007200,688996.3790960414,5335675.617589375,508.5,510.9927881040892,-2.492788104089186,269
7835BG007204,689351.7018489959,5335440.569555921,510.79999999999995,512.8442211055276,-2.0442211055276402,199
7835BG007207,689311.3579464778,5335444.099482634,511.7,512.6599453551912,-0.9599453551912234,183
7835BG007208,689224.7929791319,5335472.94231853,514.2,512.1945806451613,2.0054193548387502,155
7835BG007209,689207.6357737505,5335479.698882487,513.3000000000001,512.0560130718954,1.2439869281046185,153
7835BG003990,689279.793069772,5335913.971486961,512.85,511.35243801652894,1.497561983471087,242
7835BG004001,689319.510361298,5335937.267760027,512.1,511.25174887892376,0.8482511210762596,223
7835BG004004,689538.1270593004,5335503.083448519,514.5,512.7551162790697,1.744883720930261,258
7835BG004007,689513.1757331288,5335058.729919702,510.59999999999997,512.9583636363635,-2.358363636363549,55
7835BG004011,689300.0746144257,5335869.263712732,512.9000000000001,511.29741035856574,1.6025896414343492,251
7835BG004014,689418.1284514833,5335565.142574858,512.6,512.7440265486727,-0.14402654867262754,226
7835BG004018,689508.0343245538,5335010.743674924,515.55,512.6794,2.8705999999999676,50
7835BG000240,688881.2972688102,5335910.021333309,512.5,510.8484848484849,1.6515151515151274,297
7835BG000244,688929.1752721486,5335947.823385388,511.76000000000005,510.72604095563133,1.0339590443687143,293
7835BG000247,689012.3044314864,5335951.109168827,511.41999999999996,510.4822635135135,0.9377364864864717,296
7835BG000251,689089.6664725621,5335933.235340455,513.87,510.4924307692308,3.377569230769211,325
7835BG000254,689163.8527742454,5335955.548077144,512.6,510.8019814241486,1.7980185758514153,323
7835BG000258,689316.4056208874,5335821.3324725125,513.74,511.32147540983607,2.4185245901639405,244
7835BG000261,689335.1065494821,5335939.869623038,512.5,511.2253393665159,1.2746606334840749,221
7835BG000265,689335.1065494821,5335939.869623038,,,,0
7835BG000268,689513.4779207702,5335964.171301291,505.67,510.25245161290326,-4.582451612903242,155
7835BG000271,689572.0680342694,5335983.88217497,510.12,510.341172413793,-0.22117241379299912,145
7835BG000275,689752.105458789,5335994.35468175,512.1,510.12967479674796,1.9703252032520595,123
7835BG000278,689919.0926522738,5336008.101119185,512.0500000000001,510.3140322580645,1.7359677419355535,186
7835BG000282,690019.1143393998,5336054.279898612,512.7,510.72548387096776,1.9745161290322812,186
7835BG000285,690086.7509779441,5336069.730099854,512.6,510.6873493975904,1.9126506024095988,166
7835BG000287,690149.7118079269,5336055.544904299,512.8,510.57695945945954,2.22304054054041,148
7835BG000288,690197.1310210964,5336017.286331999,506.1,510.90558823529415,-4.805588235294124,136
7835BG004024,689430.8667805959,5335556.046954569,513.5500000000001,512.7885964912281,0.7614035087719913,228
7835BG004027,689525.9044794042,5335126.577097655,517.05,513.2925714285715,3.757428571428477,105
7835BG004031,689444.9055560217,5335548.7701843,513.4000000000001,512.8020434782609,0.5979565217392064,230
7835BG004034,689529.7504496779,5335134.272642642,507.79999999999995,513.334954954955,-5.534954954955083,111
7835BG004038,689516.9125606599,5335109.3684921535,510.7,513.298024691358,-2.5980246913580345,81
7835BG004041,689508.0779444445,5335085.451984752,510.79999999999995,513.0726984126984,-2.272698412698446,63
7835BG004044,689500.1264033974,5335062.004283544,510.65000000000003,512.9717857142857,-2.3217857142856815,56
7835BG004045,689436.8439709274,5335568.265077369,512.75,512.7555701754387,-0.005570175438720071,228
7835BG004046,689467.2624148699,5335530.056969733,513.3499999999999,512.8832911392406,0.46670886075935414,237
7835BG004047,689526.3278289465,5335070.221403487,510.70000000000005,513.0416129032258,-2.341612903225723,62
7835BG004048,689449.1148283379,5335560.052064134,512.9000000000001,512.8082683982684,0.09173160173168071,231
7835BG004051,689403.8814065964,5335581.3617005125,510.1,512.7212328767124,-2.6212328767123836,219
7835BG005144,688925.9805197401,5335720.943293061,510.30000000000007,511.0162589928057,-0.7162589928056491,278
7835BG005148,688925.9805197401,5335720.943293061,,,,0
7835BG005151,688852.26302425,5335697.747481205,514.1,510.91821138211384,3.181788617886184,246
7835BG005155,688842.3394024349,5335643.833609453,512.8,510.70335,2.096649999999954,200
7835BG001081,689763.9956715275,5336518.927643374,512.5,509.9164827586207,2.5835172413792975,145
7835BG002420,689642.4535896685,5335212.061671851,514.8,512.711316872428,2.088683127571926,243
7835BG002139,688456.579374983,5336855.175989237,508.1,509.92151515151517,-1.8215151515151433,33
7835BG002170,688714.7599520772,5335226.607230859,514.7,513.61234375,1.087656250000009,128
7835BG002171,688738.6259948164,5335200.771845416,513.9,513.6319008264463,0.26809917355365087,121
7835BG004054,689412.6696307049,5335569.0417129295,512.5500000000001,512.7050224215246,-0.15502242152456347,223
7835BG004083,690111.0457627797,5336350.786437422,511.69999999999993,510.3717164179104,1.3282835820895116,134
7835BG000630,690002.2023791235,5335342.598742489,510.0,510.9781958762887,-0.9781958762886802,194
7835BG000633,689892.956447833,5335059.556669537,511.73999999999995,511.019010989011,0.7209890109889443,91
7835BG000643,688306.9737982547,5335524.398276147,512.01,511.7209090909091,0.28909090909087354,55
7835BG000653,689926.2066925315,5335665.598143537,510.27000000000004,510.06510638297885,0.20489361702118458,94
7835BG000654,689926.2066925315,5335665.598143537,,,,0
7835BG000655,689926.2066925315,5335665.598143537,,,,0
7835BG004102,688635.8184622836,5336211.161380789,508.9,511.0458108108108,-2.145810810810815,148
7835BG004106,688541.480692042,5336036.726424961,511.99999999999994,511.02104166666663,0.9789583333333098,144
7835BG004110,688905.0918793809,5336040.308701744,512.5,510.54310756972114,1.956892430278856,251
7835BG001141,689336.1788120125,5335683.563737867,516.4,511.9215636363636,4.478436363636376,275
7835BG001146,690071.7772316816,5336882.21689233,510.0,508.28241379310344,1.7175862068965557,58
7835BG001411,689244.8639008019,5335858.13142428,512.34,511.08371929824557,1.2562807017544628,285
7835BG001414,688617.6880716677,5336890.705877256,509.11999999999995,509.7003448275862,-0.5803448275862593,29
7835BG001432,690017.560600162,5336005.929883676,513.0,510.52149999999995,2.4785000000000537,180
7835BG007046,688837.0550459484,5336309.810804894,511.79999999999995,511.03326241134755,0.7667375886524042,141
7835BG007050,688776.8502102545,5336320.928069308,511.5,510.90103896103903,0.5989610389609652,154
7835BG007054,688842.3274660748,5336141.730932288,511.9,510.4962303664921,1.4037696335078635,191
7835BG007058,688640.1527191079,5336465.803049489,511.00000000000006,510.2425517241379,0.7574482758621457,145
7835BG007062,688824.9687524298,5336501.44024349,509.70000000000005,510.7499029126214,-1.0499029126213486,103
7835BG002222,688289.0901704733,5336709.896273496,509.40000000000003,505.7572093023257,3.642790697674343,43
7835BG007065,688789.9663486835,5336601.7220683135,510.00000000000006,510.55690476190483,-0.5569047619047751,84
7835BG007069,688661.062627939,5336776.751317113,509.29999999999995,509.777142857143,-0.4771428571430647,42
7835BG007077,688863.4129076516,5336311.321825545,511.80000000000007,511.04153284671537,0.7584671532846983,137
7835BG007081,688914.3024681518,5336373.350519269,510.69999999999993,511.0112727272727,-0.3112727272727511,110
7835BG007082,688750.0307716709,5336664.311850177,511.2,510.25815384615385,0.9418461538461429,65
7835BG007084,688831.7553644585,5336287.766350238,511.00000000000006,511.08385620915027,-0.08385620915021263,153
7835BG007088,688831.7553644585,5336287.766350238,,,,0
7835BG007092,688981.8610310587,5335779.958592864,493.2,510.8805517241379,-17.6805517241379,290
7835BG007096,688981.8610310587,5335779.958592864,,,,0
7835BG007099,688981.8610310587,5335779.958592864,,,,0
7835BG007103,688981.8610310587,5335779.958592864,,,,0
7835BG007107,689014.880436708,5335726.153863857,510.65,510.93411149825783,-0.2841114982578574,287
7835BG003848,688466.7678909644,5335673.523060859,511.99999999999994,511.8528260869565,0.14717391304344574,92
7835BG003854,689804.1608358948,5336695.227807174,508.00000000000006,509.17192592592585,-1.171925925925791,135
7835BG003858,689540.2831043992,5336539.641603645,507.90000000000003,509.2728925619835,-1.3728925619834627,121
7835BG004133,688578.4066322283,5335528.956378163,513.0,513.3370588235294,-0.33705882352944627,85
7835BG004137,688942.5675222615,5335700.305724325,511.5,510.98772058823533,0.5122794117646663,272
7835BG004141,689741.9603802369,5336045.563023875,512.2,510.2245689655173,1.9754310344827672,116
7835BG004145,689832.8882838357,5336059.7677833615,511.8,510.534,1.2660000000000196,170
7835BG004148,690186.8959305454,5335957.549869312,505.7,510.73912698412704,-5.039126984127051,126
7835BG000399,689415.901660501,5335909.102432973,511.59999999999997,510.97061224489806,0.6293877551019023,196
7835BG003865,689312.5254958319,5336082.94030912,511.35,510.7991836734694,0.5508163265306507,196
7835BG003868,689185.9063436224,5335873.304262921,511.35,510.7327215189874,0.6172784810126473,316
7835BG003871,689329.6245740489,5335715.1721508885,513.25,511.7386879432624,1.5113120567376086,282
7835BG003875,689524.1441897377,5335488.88823694,514.5,512.836015625,1.663984375000041,256
7835BG003878,689575.3330507288,5335231.965323614,515.1,513.0118106995884,2.0881893004116137,243
7835BG003881,689446.9532933938,5334963.68682834,515.2,512.4822222222222,2.717777777777883,45
7835BG003909,689446.9532933938,5334963.68682834,,,,0
7835BG004182,689938.3129345234,5335721.799238311,505.20000000000005,510.07120000000003,-4.8711999999999875,100
7835BG004185,688891.2277353981,5335906.227664459,513.2,510.8592255892256,2.3407744107744293,297
7835BG004196,689784.8766972539,5335434.592448387,511.49999999999994,512.3445104895106,-0.8445104895106965,286
7835BG004197,689734.281744692,5335513.037585747,513.3,512.4301773049646,0.8698226950353956,282
7835BG004198,689770.3659102309,5335481.225009972,511.0,512.3291901408451,-1.3291901408450713,284
7835BG005244,689395.0280441779,5336113.0522923395,510.8,510.19466292134837,0.6053370786516439,178
7835BG005248,689398.346530179,5336181.574709187,510.1,509.96322784810127,0.1367721518987537,158
7835BG005252,689121.0289055477,5335835.552207391,512.0,510.82006060606057,1.179939393939435,330
7835BG005256,689091.7577120974,5335843.814783985,511.9,510.771493902439,1.1285060975610008,328
7835BG005259,689147.2303310968,5335843.769327335,512.25,510.99583081570995,1.254169184290049,331
7835BG005263,689072.7334619821,5335815.634432896,513.6,510.7796319018405,2.82036809815952,326
7835BG005267,689069.2530986273,5335792.290866418,512.5,510.73540625000004,1.7645937499999604,320
7835BG005271,689149.2588199968,5335833.528293315,509.79999999999995,510.9502461538462,-1.1502461538462398,325
7835BG005275,689033.173941101,5335785.631592419,512.5,510.87416666666667,1.6258333333333326,300
7835BG005278,689035.202863188,5335775.389657096,511.70000000000005,510.88140000000004,0.8186000000000035,300
7835BG005282,689011.9106968299,5335776.634665662,512.4,510.8195918367347,1.5804081632653038,294
7835BG005284,689183.3044806111,5335888.900451106,512.8000000000001,510.7442405063291,2.055759493670962,316
7835BG005285,689178.5250054349,5335863.737566493,512.6,510.7571339563863,1.8428660436136965,321
7835BG005286,689127.9919022047,5335863.002748216,513.1999999999999,510.7857657657658,2.4142342342341294,333
7835BG005288,689322.3477551339,5336102.853543719,510.59999999999997,510.6834426229508,-0.08344262295082672,183
7835BG005292,689134.3378707075,5335840.336690579,511.6,510.76897590361443,0.8310240963855904,332
7835BG002248,689134.3378707075,5335840.336690579,,,,0
7835BG002275,690027.7695653322,5335014.394679964,511.4,510.3244,1.0755999999999517,25
7835BG002282,689348.4726918568,5336707.385435571,510.1,507.865925925926,2.2340740740740443,54
7835BG002296,688323.226212316,5335269.343742048,513.5,512.2569696969697,1.2430303030303094,66
7835BG007111,688991.5827600686,5335785.105944907,511.90000000000003,510.8071626297577,1.0928373702423073,289
7835BG007115,688991.5827600686,5335785.105944907,,,,0
7835BG007119,688945.6272741379,5335760.769727331,512.9000000000001,510.90491349480976,1.9950865051903293,289
7835BG007122,688949.0026014585,5335788.5840383135,512.5999999999999,510.8655136986301,1.7344863013698273,292
7835BG007126,689004.9954267712,5335785.420151707,512.6999999999999,510.8080204778157,1.891979522184215,293
7835BG006546,689811.6056070768,5335381.982696471,511.2,512.1846808510638,-0.9846808510638425,282
7835BG006550,689859.3326845425,5335368.783775359,513.2,511.8104074074074,1.389592592592635,270
7835BG006554,689903.4211257391,5335358.183077889,511.0,511.57162601626027,-0.571626016260268,246
7835BG006558,689959.570820394,5335348.312190684,510.59999999999997,511.2267431192661,-0.6267431192661093,218
7835BG006559,689971.7366417695,5335344.569921955,510.40000000000003,511.1918224299066,-0.7918224299065741,214
7835BG006560,689982.9143868722,5335344.8318273295,511.0,511.11928229665074,-0.11928229665073786,209
7835BG006561,689997.3160311519,5335341.14229321,509.00000000000006,511.05517766497474,-2.0551776649746785,197
7835BG006564,690027.2119988338,5335325.289207662,510.2,510.85605555555554,-0.6560555555555538,180
7835BG006568,690070.1550262987,5335325.398350405,509.7,510.6318421052631,-0.9318421052631152,152
7835BG006571,690098.9055802487,5335320.25510507,509.9,510.4659259259259,-0.5659259259259102,135
7835BG006575,690150.2203270516,5335306.692413798,509.70000000000005,510.48869158878506,-0.7886915887850137,107
7835BG006579,689634.8944146342,5335382.325499125,514.4,512.6968333333334,1.7031666666665615,300
7835BG006582,689686.4187653894,5335359.819984352,512.7,512.6328911564626,0.06710884353742586,294
7835BG006586,689744.3373135158,5335331.649216099,512.1,512.4998620689656,-0.3998620689656036,290
7835BG006590,689781.1990159189,5335324.011413734,511.2,512.3469892473119,-1.1469892473118648,279
7835BG006594,689622.986859266,5335394.124847208,514.45,512.6861920529801,1.7638079470199273,302
7835BG006597,689689.7968307745,5335368.399037695,511.99999999999994,512.6545918367348,-0.6545918367348236,294
7835BG006601,689734.8201804459,5335356.030890327,513.4,512.5167931034482,0.8832068965517692,290
7835BG006605,689777.6095098215,5335343.610874721,514.8000000000001,512.3730249110321,2.4269750889679926,281
7835BG005433,688576.2869153437,5335026.537378821,514.1,513.7366666666666,0.36333333333345763,111
7835BG005441,688629.3867905713,5335280.976721526,513.8000000000001,513.5460629921259,0.25393700787412854,127
7835BG005445,688635.2698621962,5335220.722322473,513.1999999999999,513.6147967479675,-0.41479674796755717,123
7835BG005449,688638.595626157,5335231.536297417,512.9,513.5967999999999,-0.6967999999999392,125
7835BG006460,689976.6257278048,5335326.791113594,512.0999999999999,511.13043902439034,0.9695609756095678,205
7835BG006464,689867.3419682127,5335351.52380389,511.0,511.78736842105263,-0.7873684210526335,266
7835BG006468,689804.1192328546,5335376.886744549,510.99999999999994,512.2347703180212,-1.2347703180212761,283
7835BG006471,689645.3450526055,5335375.411164523,513.9,512.7298639455781,1.170136054421846,294
7835BG003524,688429.6160027906,5335923.16833754,506.79999999999995,511.23798165137623,-4.437981651376276,109
7835BG003527,688459.6161052026,5335902.8440743,509.59999999999997,511.2359090909092,-1.6359090909092515,110
7835BG003530,688439.4395965836,5335943.081104023,511.59999999999997,511.168,0.4319999999999595,110
7835BG003534,688433.5715489951,5335887.919953759,509.6,511.2076923076923,-1.6076923076922753,104
7835BG003537,688425.5058571929,5335945.887129787,510.79999999999995,511.17467889908266,-0.3746788990827099,109
7835BG003540,688401.8435090901,5336001.251108313,511.2,510.9881132075472,0.21188679245278763,106
7835BG003541,688449.6733526429,5336002.818034828,510.2,511.0956910569106,-0.8956910569106071,123
7835BG003542,688422.6425219923,5335972.660161771,506.99999999999994,511.1825225225226,-4.1825225225226745,111
7835BG003543,688483.7290292815,5335981.246493072,507.0,511.23882812499994,-4.238828124999941,128
7835BG003544,688451.811417473,5335949.633072039,511.2,511.1873684210526,0.012631578947377875,114
7835BG004342,688549.9358984132,5334967.318817569,513.9499999999999,513.6391666666667,0.31083333333322116,96
7835BG004349,690118.0637989254,5336356.766799006,511.29999999999995,510.33312977099234,0.9668702290076112,131
7835BG004368,690118.0637989254,5336356.766799006,,,,0
7835BG004386,688991.9506369354,5335750.221331284,512.6,510.86923344947735,1.7307665505226737,287
7835BG004390,689989.1534825796,5335345.872205026,511.1,511.06406862745104,0.03593137254898693,204
7835BG004394,689030.63940355,5335683.577309685,511.20000000000005,510.93628252788096,0.26371747211908314,269
7835BG005721,688287.1858193253,5334954.912373781,516.7,513.4204878048781,3.2795121951219244,41
7835BG005516,689707.8855242077,5336622.742566163,508.94999999999993,509.1163013698631,-0.16630136986316302,146
7835BG006475,689836.925361031,5335370.496220699,509.09999999999997,511.96129629629627,-2.8612962962963024,270
7835BG006479,689818.163016292,5335331.138124506,509.0,512.116690909091,-3.1166909090909485,275
7835BG006483,689859.7018959008,5335333.898693619,510.69999999999993,511.7934572490706,-1.0934572490706955,269
7835BG006486,689889.6469937542,5335335.046845415,510.0,511.60088,-1.6008800000000178,250
7835BG006490,689838.9047197588,5335343.253949335,508.79999999999995,511.92447272727276,-3.124472727272803,275
7835BG006493,689874.1531035407,5335347.20949554,510.79999999999995,511.7003125,-0.9003125000000409,256
7835BG006494,689878.6765826568,5335345.078708669,511.0,511.6842352941177,-0.6842352941176841,255
7835BG006495,689882.6794222726,5335346.06725306,510.3,511.64988047808765,-1.3498804780876412,251
7835BG006498,689652.3076160755,5335402.862606652,513.7,512.7266894197953,0.9733105802047248,293
7835BG006501,689742.1469472623,5335387.069100488,512.8,512.4897222222221,0.3102777777778556,288
7835BG006505,689788.0547065935,5335375.169291196,515.6999999999999,512.3329181494662,3.3670818505337365,281
7835BG006509,689833.5468624588,5335361.9180686595,508.79999999999995,511.99239852398523,-3.1923985239852755,271
7835BG006513,689894.2727708409,5335347.680571681,509.8,511.5765040650407,-1.7765040650406831,246
7835BG006998,688830.026993779,5336380.774142856,515.05,510.90894308943086,4.141056910569091,123
7835BG007002,688833.9079365628,5336520.884671896,510.90000000000003,510.73199999999997,0.1680000000000632,100
7835BG007005,688806.9253006277,5336526.964160197,511.4,510.6959803921569,0.7040196078430654,102
7835BG007009,688851.8800397711,5336249.765576606,510.79999999999995,511.19173652694604,-0.3917365269460902,167
7835BG007013,688493.1755820643,5336495.4693811685,509.70000000000005,502.5932584269663,7.10674157303373,89
7835BG007017,688888.7213255842,5335994.295906379,515.1999999999999,510.62865942028986,4.571340579710068,276
7835BG007019,688857.6603453094,5336174.745329926,512.3000000000001,510.3710215053763,1.9289784946237774,186
7835BG007020,688829.7509656702,5336507.367870462,508.90000000000003,510.75252427184466,-1.8525242718446293,103
7835BG007021,688895.8980678311,5335974.333576537,511.09999999999997,510.74278745644597,0.3572125435539988,287
7835BG007024,688821.2710390454,5336544.746607928,509.6,510.70802083333336,-1.1080208333333417,96
7835BG007028,688829.7164263474,5336374.951985105,511.29999999999995,510.92943089430895,0.3705691056910041,123
7835BG007031,688894.80355195,5336002.043284673,511.4,510.609962962963,0.7900370370369956,270
7835BG007035,688796.392829922,5336365.22568127,511.2,510.8721323529411,0.3278676470588948,136
7835BG007039,688905.1991853628,5336016.601365108,512.3,510.6124542124543,1.6875457875456732,273
7835BG007043,688855.7582444907,5336409.111363287,511.3,510.9165517241379,0.38344827586212205,116
7835BG006516,689946.5237606103,5335332.349962394,514.4,511.2512669683259,3.1487330316740554,221
7835BG006520,689970.335231978,5335327.986090682,510.59999999999997,511.19358851674644,-0.593588516746479,209
7835BG006524,690020.246264112,5335317.073924478,511.9,510.8939010989011,1.0060989010988806,182
7835BG006528,690060.6943013608,5335309.072820072,509.95000000000005,510.64307189542495,-0.6930718954249073,153
7835BG006531,690104.367139092,5335297.120709357,508.9,510.41769230769233,-1.5176923076923572,130
7835BG006535,690132.181883262,5335293.744480733,509.50000000000006,510.48208695652175,-0.9820869565216981,115
7835BG006539,689694.8332033143,5335420.856026977,515.6,512.6425255972697,2.957474402730327,293
7835BG003603,688356.9738575076,5336026.14841403,510.9,508.82906249999996,2.0709375000000136,96
7835BG003604,688477.3284894074,5336025.384064441,509.09999999999997,511.0350757575758,-1.9350757575758166,132
7835BG003615,688972.1824538223,5335849.518216156,512.7,510.78632107023407,1.9136789297659789,299
7835BG003618,689578.6204354726,5335971.509452776,510.09999999999997,510.30507246376817,-0.20507246376820376,138
7835BG003622,689944.1495653954,5336027.028512528,509.09999999999997,510.71295698924723,-1.612956989247266,186
7835BG003625,689944.1495653954,5336027.028512528,,,,0
7835BG005519,689870.8212160212,5336618.500556355,512.6,509.6078620689655,2.992137931034506,145
7835BG005523,689936.4280311749,5336644.192259732,498.65,509.4854285714285,-10.835428571428508,140
7835BG005527,689936.4280311749,5336644.192259732,,,,0
7835BG005531,689613.0175316283,5336528.369739837,510.0,509.4104098360656,0.5895901639344174,122
7835BG005534,689743.7091188612,5336602.107267375,508.20000000000005,509.2511188811189,-1.051118881118839,143
7835BG005549,689507.3969802493,5336358.143623137,509.5,510.18350877192984,-0.6835087719298372,114
7835BG005553,689818.1014200584,5336634.71424081,510.15,509.40335616438364,0.7466438356163394,146
7835BG005557,690098.2678726162,5336667.660426177,510.2,509.183137254902,1.016862745097967,102
7835BG005561,689874.824055637,5336619.489100745,512.85,509.60613793103437,3.2438620689656545,145
7835BG005564,689611.8721178966,5336539.079580049,510.0,509.39221311475416,0.6077868852458437,122
7835BG007515,690016.2473656083,5336119.526548046,508.95000000000005,510.91782608695655,-1.9678260869565065,184
7835BG007530,690035.1631066937,5335348.737810174,510.1,510.7648295454546,-0.6648295454545519,176
7835BG017470,688853.2771175033,5335782.927726214,513.3,510.9233333333333,2.376666666666665,279
7835BG000964,688384.8655099759,5335828.178916246,511.66999999999996,511.18318681318686,0.4868131868130945,91
7835BG000645,688288.6565882922,5335657.279328331,512.92,510.8342372881356,2.0857627118643336,59
7835BG000646,688291.7108640398,5335756.213846618,513.1,511.06927536231893,2.0307246376810895,69
7835BG000651,689898.627780928,5336672.832336448,511.5,509.48580882352934,2.0141911764706606,136
7835BG000652,689898.627780928,5336672.832336448,,,,0
7835BG000657,689631.9221897891,5336676.437719241,511.90000000000003,508.75044776119404,3.1495522388059953,134
7835BG000658,689631.9221897891,5336676.437719241,,,,0
7835BG000665,689631.9221897891,5336676.437719241,,,,0
7835BG000674,689631.9221897891,5336676.437719241,,,,0
7835BG000816,689562.6326852879,5336578.636830983,509.63,509.2044642857142,0.42553571428578607,112
7835BG001412,689241.2835094244,5335800.786752535,512.19,511.19890365448504,0.9910963455150181,301
7835BG001429,688352.1974205854,5336765.948678193,513.35,510.26651162790705,3.0834883720929724,43
7835BG001430,688352.1974205854,5336765.948678193,,,,0
7835BG001296,689407.7391119283,5335913.83234479,511.3,510.97772727272724,0.32227272727277523,198
7835BG001298,688355.2731813774,5336309.279632607,514.5,502.98021505376346,11.519784946236541,93
7835BG000220,688409.6728036939,5335762.103763016,512.9,511.30735632183917,1.5926436781608118,87
7835BG000221,688468.2097493946,5335784.051360902,512.4,511.40093750000005,0.9990624999999227,96
7835BG000222,688483.3875960484,5335804.537068308,512.95,511.3264646464647,1.6235353535353738,99
7835BG000224,688580.9638563176,5335859.605936628,511.0,510.79532786885244,0.20467213114756078,122
7835BG000225,688627.8046873636,5335865.174368266,512.7,510.209875,2.4901250000000346,160
7835BG000227,688433.0113621594,5335797.095249434,512.1,511.3123913043479,0.7876086956521249,92
7835BG000228,688325.7065281076,5335794.586569672,511.52000000000004,511.12493827160495,0.3950617283950919,81
7835BG000229,688350.245071677,5335797.396702144,514.6,511.13211764705886,3.46788235294116,85
7835BG000231,688436.748189691,5335847.733821886,511.1,511.24300000000005,-0.1430000000000291,100
7835BG000232,688544.8819607266,5335872.1819202695,508.69999999999993,510.975867768595,-2.275867768595049,121
7835BG000234,688651.9753540652,5335902.869114361,512.05,510.3010857142857,1.7489142857142497,175
7835BG000235,688700.5841031265,5335909.373788966,513.5699999999999,510.4446568627452,3.125343137254731,204
7835BG000236,688738.590786074,5335891.027047692,512.65,510.38502242152475,2.264977578475225,223
7835BG000238,688785.0683150778,5335893.009144484,511.7,510.5834854771784,1.1165145228216034,241
7835BG000239,688834.0399329939,5335903.101055239,513.7,510.74361623616244,2.956383763837607,271
7835BG000241,688874.4297253503,5335955.042846221,512.4000000000001,510.7597864768683,1.640213523131763,281
7835BG000242,688912.278637652,5335943.402672358,512.36,510.77530201342273,1.5846979865772823,298
7835BG000243,688940.7208941185,5335913.200677141,510.34999999999997,510.8342192691029,-0.4842192691029368,301
7835BG000826,688462.428892165,5336260.788205552,514.61,506.681507936508,7.928492063492001,126
7835BG001438,688462.428892165,5336260.788205552,,,,0
7835BG000245,688963.3842136904,5335938.781903284,509.65,510.6711301369864,-1.0211301369864145,292
7835BG000246,688986.8855508135,5335928.594972519,510.99999999999994,510.6401324503311,0.3598675496688202,302
7835BG000248,689022.2894694456,5335925.843986243,512.0,510.56637820512816,1.43362179487184,312
7835BG000249,689051.2996588238,5335928.759587938,512.25,510.5967405063291,1.6532594936708733,316
7835BG000695,688777.6517724963,5334928.355943182,515.13,513.779298245614,1.350701754386023,57
7835BG000703,689124.9269104316,5335018.339074161,514.6800000000001,510.13863636363635,4.541363636363712,22
7835BG000708,689906.3893306004,5336149.613959322,509.90000000000003,510.9887150837989,-1.0887150837988884,179
7835BG000828,689906.3893306004,5336149.613959322,,,,0
7835BG000833,689932.3674489358,5336683.91138802,511.03,509.44732824427484,1.58267175572513,131
7835BG000834,689208.2194162072,5336602.557396446,506.22,509.25804347826084,-3.0380434782608177,46
7835BG000843,689208.2194162072,5336602.557396446,,,,0
7835BG000844,689436.4195050616,5336849.015164527,507.34,507.2213513513514,0.11864864864855917,37
7835BG000845,689436.4195050616,5336849.015164527,,,,0
7835BG000858,688465.5900407075,5336336.016288505,512.83,504.0931775700935,8.736822429906567,107
7835BG000975,688256.103836616,5335308.483084639,518.21,511.7852083333334,6.424791666666636,48
7835BG001431,690063.7330029341,5335963.617071642,512.87,510.32121951219506,2.5487804878049474,164
7835BG001433,690015.8035994754,5335928.050374351,515.9,510.27419161676653,5.625808383233448,167
7835BG001332,689628.2232878511,5335514.584047025,515.5999999999999,512.6647038327526,2.9352961672473157,287
7835BG000250,689153.1975054042,5335932.931149679,512.25,510.8205810397553,1.429418960244675,327
7835BG000252,689113.0082022799,5335948.990667928,512.4,510.6053650793651,1.7946349206349055,315
7835BG000253,689132.1415951375,5335934.227991553,514.41,510.6977203647416,3.712279635258369,329
7835BG000255,689182.9889051677,5335921.550143128,513.25,510.77358255451713,2.4764174454828662,321
7835BG000256,689227.9576834682,5335930.653509492,510.93,511.2330147058824,-0.30301470588239,272
7835BG000257,689242.3024864299,5335967.672081236,508.99999999999994,511.28163265306125,-2.2816326530613082,245
7835BG000259,689284.9917877822,5335921.250960364,512.95,511.35159836065577,1.5984016393442744,244
7835BG000260,689336.5157053503,5335898.746346896,513.15,511.2369162995595,1.9130837004404952,227
7835BG000262,689376.4412663383,5335913.100264576,509.55000000000007,511.111990521327,-1.5619905213269476,211
7835BG000263,689376.4412663383,5335913.100264576,,,,0
7835BG000264,689414.6020805629,5335907.281780346,511.53999999999996,510.97091836734705,0.5690816326529102,196
7835BG000266,689458.0634775804,5335923.508183962,510.00000000000006,510.54,-0.5399999999999636,172
7835BG000267,689493.6747302173,5335931.050966316,510.06,510.36604938271614,-0.30604938271613946,162
7835BG000269,689525.2827100512,5335937.606105584,508.65,510.26539473684215,-1.6153947368421768,152
7835BG000270,689558.6072077802,5335947.332842605,510.5,510.2891666666667,0.2108333333333121,144
7835BG000272,689620.0520090994,5335997.977358527,510.74999999999994,510.38807017543866,0.36192982456128675,114
7835BG000273,689654.471455897,5335979.993486108,509.6,510.5672549019608,-0.9672549019607573,102
7835BG000274,689716.8043403965,5335992.63495845,509.99999999999994,509.9055882352941,0.09441176470585333,102
7835BG000276,689752.3619229659,5336021.649687723,511.79999999999995,510.3648062015504,1.4351937984495748,129
7835BG000397,688500.90309546,5335839.8386889715,510.90999999999997,511.3551886792453,-0.4451886792453479,106
7835BG000398,688677.4001440541,5335886.911894083,513.1899999999999,510.4259693877551,2.7640306122448237,196
7835BG000400,689430.8207730299,5335921.529726538,509.35,510.6573655913979,-1.3073655913978541,186
7835BG000401,689528.5043392815,5335952.891258219,509.20000000000005,510.20556291390716,-1.005562913907113,151
7835BG000402,689673.2369718878,5336000.115423356,510.4,509.9241,0.47589999999996735,100
7835BG000418,688532.352369192,5335872.336519663,514.5999999999999,511.3364347826087,3.2635652173912035,115
7835BG000419,688667.5715422498,5335905.470977372,512.13,510.4017486338799,1.728251366120105,183
7835BG000277,689858.7864199136,5336004.454303651,512.2,510.36812499999996,1.8318750000000819,176
7835BG000279,689949.0886479779,5336026.249138904,508.70000000000005,510.70406417112304,-2.004064171122991,187
7835BG000280,689989.4871218675,5336001.247698457,512.8,510.5125136612022,2.2874863387977484,183
7835BG000281,689997.4891275777,5336041.696168893,510.95,510.6771351351351,0.2728648648649141,185
7835BG000283,690047.9203660251,5336027.665572732,512.5,510.63421348314614,1.8657865168538592,178
7835BG000719,690043.2977115447,5336397.515855778,511.70000000000005,510.18864516129025,1.5113548387097921,155
7835BG000726,688812.4385103164,5335296.440612312,513.91,513.6344545454544,0.27554545454552226,110
7835BG000742,689836.1193986116,5336801.550474269,507.9200000000001,508.7705607476635,-0.8505607476634509,107
7835BG000877,689168.2916339175,5336205.719902641,511.91,510.3289312977099,1.5810687022901107,131
7835BG000888,689025.9161207096,5336822.86325369,510.53,508.05111111111114,2.4788888888888323,9
7835BG001124,689768.9095786789,5335065.156868281,514.2,512.1332631578948,2.066736842105229,95
7835BG001131,689418.9395435678,5336142.689525897,510.53000000000003,510.0707142857143,0.45928571428572695,168
7835BG000284,690060.3953861883,5336048.98248707,513.15,510.6518023255813,2.498197674418691,172
7835BG000286,690110.6697552947,5336041.6588915065,510.7,510.62487179487186,0.07512820512812368,156
7835BG000615,688258.4212552453,5336280.620026112,514.6,501.5375641025642,13.062435897435819,78
7835BG000631,689988.5732636955,5335408.934899792,511.9,511.10018691588795,0.7998130841120314,214
7835BG000632,689988.5732636955,5335408.934899792,,,,0
7835BG000634,689723.5764793041,5335473.421223547,513.86,512.496643598616,1.3633564013840669,289
7835BG000773,689723.5317575834,5336240.623695655,512.93,510.4639837398374,2.4660162601625757,123
7835BG000908,688442.6920421929,5336511.734898931,510.64000000000004,502.585,8.055000000000064,88
7835BG000642,690135.9140531705,5335803.810727112,511.0,510.07788888888894,0.9221111111110645,90
7835BG000644,690135.9140531705,5335803.810727112,,,,0
7835BG001155,689595.0674294499,5335822.92764449,508.68,511.4452100840336,-2.7652100840335834,119
7835BG001516,688846.261227045,5335877.887705963,476.59999999999997,510.94345323741015,-34.34345323741019,278
7835BG001959,689594.3311589535,5336294.415705502,508.79999999999995,510.31177570093456,-1.5117757009346064,107
7835BG002295,688346.9781043001,5335324.923233843,510.30000000000007,512.5546052631579,-2.2546052631578277,76
7835BG002098,688482.0233451393,5336302.849561421,509.8,504.9624590163935,4.837540983606516,122
7835BG002814,690000.2415174271,5336057.865298002,512.99,510.7603723404256,2.229627659574419,188
7835BG002815,690013.082577697,5336063.533289545,511.66,510.7690810810811,0.8909189189189419,185
7835BG002817,690003.296261291,5336156.80115078,512.82,511.0521111111111,1.7678888888889333,180
7835BG002818,689988.2680060193,5336187.31688468,512.61,510.99719999999996,1.6128000000000497,175
7835BG002819,690042.8712393963,5336071.387540634,511.89000000000004,510.7806703910614,1.1093296089386513,179
7835BG002821,690016.8616906279,5336188.880639941,513.28,510.8057058823529,2.474294117647048,170
7835BG002824,690053.0481541362,5336171.832577303,513.35,510.7125595238095,2.637440476190534,168
7835BG001845,689268.0632684522,5336166.897036798,511.3,510.4318954248366,0.868104575163386,153
7835BG001847,689260.4254660876,5336130.035334396,511.80000000000007,510.6068786127167,1.1931213872833837,173
7835BG001848,689285.5842439923,5336163.72814218,511.90000000000003,510.4279617834395,1.4720382165605201,157
7835BG001849,689297.3890332738,5336137.162946471,510.99999999999994,510.5172514619884,0.48274853801154904,171
7835BG001005,689569.9596671236,5335385.280214967,513.6999999999999,512.7855593220339,0.914440677966013,295
7835BG002443,688361.0006687297,5336638.213141292,510.4,502.4755555555556,7.924444444444362,63
7835BG002825,690044.4672640332,5336194.446333516,513.03,510.5951785714286,2.434821428571354,168
7835BG002826,690072.6485164273,5336175.422516589,512.49,510.67792682926824,1.8120731707317645,164
7835BG002828,690097.3034806987,5336077.5811796915,510.73999999999995,510.73695121951226,0.0030487804876884184,164
7835BG002829,690108.6358251949,5336090.372676603,511.03,510.74500000000006,0.2849999999999113,160
7835BG002830,690107.7495787754,5336109.140029353,511.43,510.8056962025317,0.6243037974683148,158
7835BG002832,690107.7473088275,5336128.376621485,511.78,510.7656129032258,1.0143870967741577,155
7835BG002833,690105.9248194408,5336148.911892251,511.90999999999997,510.5503225806452,1.3596774193547958,155
7835BG002834,690104.1546314785,5336167.212241417,512.06,510.436603773585,1.6233962264149682,159
7835BG002836,690096.143944235,5336203.707002409,511.99,510.4148344370861,1.5751655629139236,151
7835BG002837,689983.8072775383,5336110.268149101,512.85,510.8409523809524,2.009047619047635,189
7835BG002838,689979.4374965122,5336124.928094318,513.12,510.93718085106383,2.1828191489361757,188
7835BG002840,689971.6878482704,5336150.246912817,512.65,511.13413043478255,1.5158695652174288,184
7835BG002841,689969.3460538746,5336173.901046725,512.01,511.2612068965518,0.748793103448179,174
7835BG002843,690042.9235408199,5336069.152619034,511.69000000000005,510.7639664804469,0.9260335195531297,179
7835BG002137,688445.6571927536,5336882.208656647,508.6,509.8729032258065,-1.2729032258064876,31
7835BG002138,688502.011050161,5336901.867697017,508.4,509.88322580645166,-1.483225806451685,31
7835BG002140,688519.7989390895,5336849.049207523,508.20000000000005,509.8985714285715,-1.6985714285714266,35
7835BG001033,688960.6497036696,5335367.007477554,514.15,513.1785714285713,0.9714285714286461,77
7835BG001043,689736.706706313,5335658.03579725,509.99,512.2762499999999,-2.2862499999998818,168
7835BG001637,688463.1848800275,5335233.697950088,513.5,513.0658394160585,0.4341605839415479,137
7835BG001638,688421.3231120857,5335321.293279106,513.4000000000001,512.905,0.49500000000011823,114
7835BG002084,690071.4637209573,5335250.274870299,511.1,510.5833333333333,0.5166666666667084,144
7835BG002085,690100.7349144076,5335242.012293703,510.20000000000005,510.3792125984252,-0.1792125984251811,127
7835BG002087,690085.9694999687,5335242.114158485,509.79999999999995,510.433893129771,-0.6338931297710246,131
7835BG002274,689952.1731723247,5335052.441343432,508.99999999999994,510.71743589743596,-1.7174358974360189,78
7835BG002281,689354.611326355,5336674.425609305,507.49999999999994,508.1839655172414,-0.6839655172414609,58
7835BG004131,688883.3639014717,5336012.959124399,510.1,510.54426923076926,-0.44426923076923686,260
7835BG004225,689063.4109088283,5335946.488832939,511.70000000000005,510.6135220125785,1.0864779874215174,318
7835BG004227,689233.4951315764,5336133.879901097,511.5,510.64840909090907,0.8515909090909304,176
7835BG004228,689327.6083224753,5336030.953061487,512.05,510.9587735849057,1.0912264150942406,212
7835BG004229,689259.8829577784,5336306.277755574,511.29999999999995,510.3762831858407,0.9237168141592633,113
7835BG004231,689448.7777686263,5336167.544113027,509.09999999999997,509.9330967741936,-0.8330967741936206,155
7835BG004232,689432.2830480505,5336279.889894443,510.25,509.96702479338836,0.28297520661163844,121
7835BG003846,688284.503724108,5335605.290243938,511.00000000000006,511.26467741935477,-0.2646774193547117,62
7835BG003847,688368.2012495447,5335641.692722984,512.4,511.1084000000001,1.291599999999903,75
7835BG003978,689544.7794885263,5335524.711831593,514.25,512.7711284046692,1.4788715953308156,257
7835BG003979,689561.2024265453,5335147.5329799,514.15,513.2390277777778,0.910972222222199,144
7835BG003981,689499.6626052158,5335024.415508939,514.6999999999999,512.7466666666666,1.9533333333333758,51
7835BG003991,689348.676518714,5335933.475927937,513.0,511.20373271889395,1.7962672811060543,217
7835BG003992,689195.4707701039,5335885.159516866,511.54999999999995,510.7088025889967,0.8411974110032361,309
7835BG003993,689397.0702712692,5335585.676008863,510.1,512.6981192660551,-2.5981192660550505,218
7835BG003995,689554.6977519405,5335196.141728961,515.1500000000001,513.1947115384615,1.9552884615385437,208
7835BG004233,689410.4354781869,5336372.427945411,510.1,510.43495327102806,-0.3349532710280414,107
7835BG004235,689568.1551580061,5336495.558603647,507.99999999999994,509.6227586206897,-1.6227586206897513,116
7835BG004236,689640.881405971,5336541.994748556,511.20000000000005,509.55748148148143,1.6425185185186137,135
7835BG004237,689709.396978046,5336596.383803155,509.69999999999993,509.3429166666667,0.3570833333332075,144
7835BG004239,689464.6858100877,5336577.687833928,509.0,508.94895652173915,0.051043478260851316,115
7835BG004240,689226.6734634624,5336616.856742757,505.20000000000005,508.8978260869565,-3.697826086956468,46
7835BG004242,689357.814941163,5335619.204201229,507.6,512.4974336283186,-4.897433628318595,226
7835BG004243,689068.3391576572,5335620.934793211,512.1,511.66567901234566,0.43432098765435967,243
7835BG004244,690124.2851188155,5336894.180387713,510.5,508.6483333333333,1.8516666666666879,36
7835BG004246,688870.5087184687,5336122.70711536,512.0,510.3120918367347,1.6879081632653197,196
7835BG004247,688884.914553033,5335678.827365819,513.5,510.9278455284553,2.5721544715447067,246
7835BG002990,689990.064602687,5335957.420261333,510.1,510.4213294797689,-0.32132947976884907,173
7835BG002991,690050.8469192004,5335902.475559793,513.6,510.4829487179487,3.1170512820513068,156
7835BG002992,689993.1907787195,5335900.233360233,510.5,510.5246913580247,-0.024691358024711008,162
7835BG002994,689989.4071258935,5335813.3591941,508.29999999999995,510.324958677686,-2.0249586776860724,121
7835BG002995,689956.8651730407,5335789.335380716,510.4,510.16580357142857,0.23419642857140843,112
7835BG002997,689867.3601148555,5335618.592263885,510.5,511.04674033149183,-0.5467403314918329,181
7835BG002998,689850.2674968694,5335526.933614563,509.99999999999994,511.8038521400778,-1.803852140077879,257
7835BG002999,689767.664920501,5335462.820526077,510.0,512.3907394366197,-2.390739436619697,284
7835BG003001,689699.3566824305,5335418.725240108,515.4,512.6215120274913,2.7784879725086284,291
7835BG003002,689574.1171061329,5335398.798350893,514.3,512.7613804713804,1.5386195286195061,297
7835BG003614,688935.7918275604,5335837.036351221,512.6999999999999,510.83822742474916,1.8617725752507681,299
7835BG003616,689076.4179880898,5335868.507926949,512.45,510.72761467889904,1.722385321101001,327
7835BG003617,689502.5620810436,5335952.7316508135,506.80000000000007,510.3476875,-3.547687499999938,160
7835BG003619,689645.994267337,5335998.136965933,509.25000000000006,510.1272727272728,-0.8772727272727252,99
7835BG003620,689740.7158397865,5336022.272192007,512.1,510.23101694915255,1.8689830508474756,118
7835BG003621,689838.2479778959,5336021.867973209,512.4,510.48011904761904,1.919880952380936,168
7835BG003623,690049.6851127883,5336047.837974642,512.45,510.67591954022987,1.7740804597701754,174
7835BG003003,689622.7804265656,5335383.831511765,513.6,512.685780730897,0.9142192691030004,301
7835BG003007,689545.9677385723,5335167.755378357,513.9000000000001,513.2872881355933,0.6127118644068332,177
7835BG003008,689520.811698732,5335114.827312933,508.09999999999997,513.3625274725275,-5.262527472527552,91
7835BG004132,688877.237587875,5335949.740894784,512.75,510.78367132867135,1.9663286713286539,286
7835BG004134,688734.8354136422,5335573.323152345,513.2,511.94597938144324,1.2540206185568081,97
7835BG004135,688779.2748709093,5335662.489081398,514.1,510.59378947368424,3.5062105263157832,190
7835BG004136,688828.7152950191,5335671.697916984,513.6,510.7796713615024,2.8203286384976423,213
7835BG004138,689433.1166085056,5335861.638196339,510.9,510.9086528497409,-0.008652849740940383,193
7835BG004139,689595.1101480364,5335897.6355211325,509.2,510.49571428571426,-1.2957142857142685,119
7835BG004140,689653.0095654181,5336023.352585156,511.87,509.47874999999993,2.3912500000000705,104
7835BG004142,689757.9853591626,5335953.336441642,508.3,509.98048,-1.6804799999999886,125
7835BG004143,689795.7155458848,5336061.582093485,512.5,510.3292,2.1707999999999856,150
7835BG004144,689800.3054491573,5335941.800402508,508.7,510.2757446808511,-1.5757446808511304,141
7835BG004146,689859.836380448,5335921.272409703,510.28,510.26773584905663,0.012264150943337881,159
7835BG004147,689947.4184880368,5336078.550593337,509.9,510.5896315789474,-0.6896315789473988,190
7835BG003853,689947.4184880368,5336078.550593337,,,,0
7835BG003855,689812.9004321,5336646.671359538,509.99999999999994,509.38048611111105,0.6195138888888891,144
7835BG003856,689750.2065155059,5336611.206960218,505.40000000000003,509.23840277777776,-3.8384027777777305,144
7835BG003857,689655.7441103682,5336595.12924668,514.85,509.21884353741495,5.631156462585068,147
7835BG003859,689490.7976917555,5336474.96148355,510.75000000000006,509.7299193548387,1.020080645161329,124
7835BG003860,689436.1089862762,5336441.47283852,510.20000000000005,509.9597368421053,0.24026315789473074,114
7835BG003862,689382.4188412111,5336327.037654329,509.9,510.15990909090914,-0.2599090909091615,110
7835BG003863,689319.5225986247,5336242.8076366065,511.55000000000007,510.0398449612403,1.5101550387597626,129
7835BG003996,689503.5035674777,5335070.582903699,507.7,513.0622413793103,-5.362241379310319,58
7835BG004000,689293.3657770676,5335888.342534218,512.55,511.3545121951219,1.1954878048780415,246
7835BG004002,689271.5313944805,5335884.700726697,512.7,511.42614503816793,1.2738549618321144,262
7835BG004003,689406.7420037328,5335573.82392617,509.5,512.748018018018,-3.2480180180180014,222
7835BG004005,689544.3039552877,5335162.347957699,512.9499999999999,513.3205325443786,-0.3705325443786478,169
7835BG004006,689529.5917435761,5335160.215334067,512.6,513.3533986928105,-0.7533986928104923,153
7835BG004012,689313.2762736031,5335897.755532557,512.5500000000001,511.3229237288136,1.2270762711864904,236
7835BG003864,689320.5738936495,5336159.625274542,511.70000000000005,510.2939622641509,1.4060377358491678,159
7835BG003866,689288.1529363247,5335996.479043319,511.5,511.15191304347826,0.3480869565217404,230
7835BG003867,689335.2634188237,5335933.162622442,512.6,511.23247747747746,1.3675225225225631,222
7835BG003869,689296.6992871056,5335841.449401747,512.6999999999999,511.3480784313725,1.3519215686274038,255
7835BG003870,689306.8957657772,5335788.005704836,512.4,511.4458867924528,0.9541132075471523,265
7835BG003873,689381.9892813861,5335618.427565669,513.2,512.5442600896861,0.6557399103139687,223
7835BG003874,689448.4404907473,5335550.642237046,513.2,512.8072294372295,0.3927705627705791,231
7835BG003876,689592.3096811993,5335424.274541001,513.6999999999999,512.7197651006711,0.9802348993288206,298
7835BG003877,689611.8664235997,5335353.156170458,514.1,512.730101010101,1.3698989898990703,297
7835BG003879,689531.8298364286,5335141.031476546,507.45000000000005,513.365867768595,-5.9158677685949215,121
7835BG003880,689489.3142652144,5335046.094356676,515.5999999999999,512.729019607843,2.8709803921568664,51
7835BG004013,689223.5465183465,5335870.605109952,512.8,511.12923076923084,1.6707692307691104,299
7835BG004015,689503.1387441342,5335507.1858480405,513.3,512.8133858267718,0.48661417322819034,254
7835BG004016,689538.3790663807,5335147.894913297,514.15,513.2945925925926,0.8554074074073696,135
7835BG004017,689529.1261086343,5335141.862250292,508.04999999999995,513.3609090909091,-5.310909090909149,121
7835BG004022,689339.0097942627,5335906.856160857,512.5,511.2036607142858,1.2963392857142253,224
7835BG004023,689171.7138701077,5335868.051874843,510.6,510.8049541284404,-0.2049541284403631,327
7835BG004025,689514.9926635879,5335497.621889675,514.0,512.7842023346304,1.2157976653695641,257
7835BG004026,689550.5476258204,5335124.917386927,514.25,513.2471171171172,1.0028828828827727,111
7835BG002937,689923.1640545493,5336694.879061053,510.2,509.44100000000003,0.7589999999999577,130
7835BG002938,689987.88198251,5335955.1330383085,507.5,510.4192485549133,-2.919248554913281,173
7835BG002940,689991.0672698091,5335838.001439214,508.99999999999994,510.46409448818906,-1.4640944881891187,127
7835BG002941,689853.1847552345,5336703.084796329,504.59999999999997,509.3408148148149,-4.740814814814939,135
7835BG003525,688485.7625261936,5335932.53360928,511.4,511.25863247863253,0.14136752136744235,117
7835BG003526,688388.8615048188,5335886.875001237,510.0,511.14377551020414,-1.1437755102041365,98
7835BG003528,688427.4802079084,5335957.116708197,512.1,511.1337037037038,0.966296296296207,108
7835BG003529,688477.4931048257,5335960.969956431,508.50000000000006,511.2402459016394,-2.740245901639355,122
7835BG003531,688415.5658077677,5336026.623596879,510.4,510.9952586206897,-0.5952586206897195,116
7835BG003532,688468.6580554228,5335937.054350332,509.99999999999994,511.2170796460177,-1.217079646017737,113
7835BG004030,689392.4530579881,5335917.053540833,511.65,511.0545588235294,0.5954411764705583,204
7835BG004032,689460.0856726225,5335550.019299576,513.7,512.8190254237288,0.8809745762712282,236
7835BG004033,689544.1552652104,5335111.346949577,514.15,513.2906862745098,0.8593137254902103,102
7835BG004036,689398.2629784122,5335611.203096823,513.1500000000001,512.6250454545454,0.5249545454546478,220
7835BG004037,689472.4088314567,5335539.571364738,513.0,512.8540248962656,0.14597510373437217,241
7835BG004039,689404.868114227,5335596.594551723,509.2,512.6850925925926,-3.4850925925925935,216
7835BG004040,689508.6475963893,5335520.288380499,513.15,512.8210040160642,0.32899598393578344,249
7835BG004042,689429.0451925136,5335576.582658524,513.0999999999999,512.7163203463203,0.3836796536795646,231
7835BG004043,689455.4084954169,5335539.6209280975,513.6,512.8380172413792,0.7619827586207748,232
7835BG004049,689491.7513950798,5335515.866766166,513.05,512.8514634146343,0.1985365853656731,246
7835BG004050,689529.6535929074,5335081.03537843,507.5,513.1250793650793,-5.625079365079273,63
7835BG004052,689483.379675742,5335529.53860018,511.7,512.8609504132231,-1.1609504132231336,242
7835BG004053,689392.9632969231,5335589.158642165,509.1,512.6857142857142,-3.5857142857141753,217
7835BG004055,689402.0598185142,5335601.897404466,508.8,512.6717674418604,-3.8717674418604133,215
7835BG004056,689411.7829510975,5335587.809966985,510.90000000000003,512.6983027522937,-1.7983027522936368,218
7835BG004057,689421.4023821373,5335578.192805893,512.1999999999999,512.7149553571428,-0.5149553571428669,224
7835BG004320,690004.6344044623,5336673.522131263,510.29999999999995,508.9934166666666,1.3065833333333785,120
7835BG004321,689925.4544488254,5336673.460281932,500.99999999999994,509.55360902255643,-8.553609022556486,133
7835BG004323,689284.0477987393,5335980.725985792,491.09999999999997,511.2671739130435,-20.16717391304354,230
7835BG004324,689719.478872776,5336624.355884785,509.4,509.06041666666675,0.33958333333322344,144
7835BG004325,689703.8826845922,5336621.754021773,507.5,509.1475862068965,-1.6475862068965057,145
7835BG004254,689455.5060726248,5336798.016894471,503.0,507.73782608695655,-4.737826086956545,46
7835BG002943,689908.5682635403,5336592.094968053,510.79999999999995,509.73,1.0699999999999363,150
7835BG002944,689949.7461110549,5336572.032610188,511.29999999999995,509.57180000000005,1.7281999999999016,150
7835BG002945,689980.5810597669,5336535.176348985,511.6,509.6434228187919,1.9565771812081039,149
7835BG002947,689914.3535770904,5336478.602871601,511.59999999999997,509.8801910828026,1.7198089171973834,157
7835BG002948,689932.8580890093,5336509.902987137,511.5,509.79019108280255,1.7098089171974493,157
7835BG004328,688618.5332682924,5335190.358449902,514.4,513.6506557377049,0.7493442622950397,122
7835BG004339,689814.2531798361,5336646.255287955,509.99999999999994,509.3861379310344,0.6138620689655454,145
7835BG003533,688459.2500650962,5335918.492997095,511.54999999999995,511.207927927928,0.34207207207197143,111
7835BG003535,688482.1275634449,5335896.660451268,512.4000000000001,511.2292857142857,1.1707142857143822,112
7835BG003536,688462.9991785993,5335872.95127787,510.5,511.26629629629633,-0.766296296296332,108
7835BG003538,688427.1114297374,5335992.000888632,507.79999999999995,511.154347826087,-3.3543478260870643,115
7835BG003539,688362.1766822264,5335994.955604475,511.4,510.95872340425535,0.4412765957446254,94
7835BG004082,690071.8995754169,5336341.371602324,512.0999999999999,510.492275862069,1.6077241379309157,145
7835BG003941,689873.920082046,5336772.90949625,512.0500000000001,509.1689830508475,2.881016949152581,118
7835BG003942,689288.5116984714,5336038.538562428,512.5500000000001,510.99049773755655,1.559502262443516,221
7835BG003944,689429.8826933028,5335942.533335381,512.6,510.6248663101605,1.975133689839538,187
7835BG003945,689262.2729955353,5335917.140814767,511.70000000000005,511.38933593750005,0.31066406249999545,256
7835BG003946,689330.3989396617,5335758.583083243,514.3000000000001,511.4909469696969,2.8090530303031755,264
7835BG003948,689415.527489776,5335580.739196229,509.6,512.7139090909092,-3.1139090909091465,220
7835BG003949,689476.8818459099,5335520.439808641,511.20000000000005,512.8654621848739,-1.6654621848738316,238
7835BG003951,689593.6147023367,5335387.62244255,513.9,512.7238127090302,1.1761872909697786,299
7835BG003952,689581.8786071597,5335277.300142021,515.6,512.8842537313433,2.715746268656744,268
7835BG003954,689538.125340268,5335101.364649682,509.00000000000006,513.2918518518518,-4.291851851851732,81
7835BG003955,689484.2255912505,5334995.872288994,513.3,512.7327999999999,0.5672000000000708,50
7835BG003956,689438.4338194346,5334907.121530219,514.95,512.154,2.796000000000049,40
7835BG004096,688450.2843879061,5336493.1239823345,509.0,502.7838888888889,6.216111111111104,90
7835BG004097,688430.4839354178,5336440.768389718,510.7,502.89065217391305,7.809347826086935,92
7835BG004340,689688.7544012975,5336618.268650407,510.7,509.05315068493155,1.6468493150684367,146
7835BG004344,688641.4580600536,5335204.762832247,513.5,513.6169491525422,-0.11694915254224725,118
7835BG004347,689888.90922317,5336648.448825461,509.0,509.5567857142857,-0.5567857142856951,140
7835BG002968,689979.077317076,5336503.825768785,511.90000000000003,509.83079470198675,2.069205298013287,151
7835BG002969,689998.9928216229,5336474.766917351,511.19999999999993,509.7776821192052,1.422317880794708,151
7835BG002971,689939.4173349855,5336439.822724344,511.0,509.8240909090909,1.1759090909091015,176
7835BG002972,690003.535864671,5336318.747396899,512.4000000000001,510.5815094339622,1.8184905660378945,159
7835BG002973,689936.1493136473,5336388.301076724,511.2,510.1911666666667,1.008833333333314,180
7835BG002975,689955.4941472183,5336345.359886019,511.70000000000005,510.520465116279,1.1795348837210327,172
7835BG002976,689949.5219648988,5336294.669913447,512.0,510.7580681818181,1.2419318181819108,176
7835BG002977,690073.2014253028,5336323.955662818,511.79999999999995,510.48445945945946,1.3155405405404963,148
7835BG002979,690076.8527807314,5336225.176246193,512.3,510.3856291390728,1.9143708609271357,151
7835BG002980,689977.4435818645,5336267.58724949,511.79999999999995,510.764294117647,1.0357058823529428,170
7835BG002982,689978.1283686666,5336200.052475728,511.9,510.96356321839085,0.9364367816091317,174
7835BG002983,690099.785751756,5336181.872619822,512.2,510.4825974025974,1.7174025974026677,154
7835BG002984,689984.7349080541,5336166.209141106,512.2,511.2122033898305,0.9877966101695392,177
7835BG002986,689981.2577159505,5336123.629415684,514.7,510.8905291005291,3.8094708994709663,189
7835BG002988,690085.878854257,5335973.081470099,512.9000000000001,510.36080246913576,2.539197530864328,162
7835BG003968,690158.7560280948,5336070.518588198,513.05,510.62574324324333,2.42425675675662,148
7835BG003975,689396.9747003438,5335934.158444791,511.4,511.0075252525252,0.39247474747475053,198
7835BG003976,689228.3791962499,5335893.533506152,512.6,511.08491289198605,1.5150871080139723,287
7835BG004099,688583.1413849071,5336302.082941885,510.2,508.8815436241611,1.3184563758388776,149
7835BG004100,688613.5579920888,5336283.110525078,510.0,508.98249999999996,1.017500000000041,152
7835BG004101,688610.8588391196,5336245.470350354,510.40000000000003,508.99064935064933,1.4093506493506993,154
7835BG004103,688691.6121328559,5336139.995716835,512.0,511.3913407821228,0.6086592178771753,179
7835BG004104,688730.3499947127,5336090.350696785,511.4,510.1131147540983,1.286885245901658,183
7835BG004105,688762.5854868419,5336070.080069459,510.3,510.2109947643979,0.0890052356020874,191
7835BG004107,688591.7532243873,5336048.638520225,511.59999999999997,511.1730666666666,0.42693333333335204,150
7835BG004108,688640.7803149791,5336037.259350434,511.79999999999995,509.97526011560694,1.8247398843930114,173
7835BG004109,688809.0743663616,5335995.11799859,512.2,510.0392822966507,2.1607177033493485,209
7835BG005241,688809.0743663616,5335995.11799859,,,,0
7835BG005242,689309.620343349,5336035.00589765,511.49999999999994,510.9976744186047,0.5023255813952687,215
7835BG005243,689136.8810897917,5335865.447741886,512.8,510.7573214285714,2.042678571428553,336
7835BG005245,689138.1861109296,5335828.795643434,511.79999999999995,510.90686746987956,0.893132530120397,332
7835BG005246,689199.8892131853,5335887.499474501,500.6,511.2664705882352,-10.6664705882352,306
7835BG005247,689113.5929959889,5335847.4570246935,512.9,510.80899390243894,2.091006097561035,328
7835BG005249,689126.2812936257,5335821.359733875,511.79999999999995,510.75254601227,1.0474539877299662,326
7835BG005250,689173.1180179634,5335865.400448473,511.6,510.78171779141104,0.8182822085889825,326
7835BG005361,688623.7288150513,5335216.874082251,514.5,513.5828799999999,0.9171200000000681,125
7835BG005363,688619.9865463208,5335204.708260876,514.8,513.5767479674796,1.2232520325203495,123
7835BG005367,688596.441988341,5335159.4225377105,513.5,513.7066942148759,-0.2066942148759381,121
7835BG005368,688607.3036898836,5335192.332800617,513.6,513.6093798449613,-0.009379844961244999,129
7835BG005369,688627.7389326268,5335160.154184737,514.0,513.7146218487394,0.28537815126060195,119
7835BG005371,688631.5821648368,5335187.084987366,514.1,513.6746721311475,0.4253278688524915,122
7835BG005372,688571.0831893212,5335057.729755188,512.4,513.7121052631579,-1.312105263157946,114
7835BG005373,688652.7335283007,5335258.260199227,514.3000000000001,513.5999999999999,0.7000000000001592,123
7835BG005375,688653.56704011,5335241.728669381,514.3000000000001,513.60056,0.6994400000000951,125
7835BG005251,689107.4066348923,5335844.180824093,512.9,510.79375757575747,2.1062424242425095,330
7835BG005253,689109.5396917094,5335829.467711077,512.7,510.7862576687117,1.913742331288347,326
7835BG005254,689071.1747147324,5335805.756267732,512.6,510.7442414860682,1.8557585139318462,323
7835BG005255,689111.2053117552,5335815.639440908,511.90000000000003,510.80375384615377,1.0962461538462662,325
7835BG005376,688574.6162872869,5335078.837498762,513.9000000000001,513.7461946902655,0.15380530973459372,113
7835BG004399,688939.1198614696,5335828.613734031,512.5,510.85110738255037,1.6488926174496328,298
7835BG004400,688958.4105917851,5335807.145391552,512.1,510.8612837837838,1.2387162162162326,296
7835BG005143,688955.0393711734,5335740.858797609,513.0,510.9184668989547,2.081533101045295,287
7835BG005145,688896.0895600708,5335698.324528837,513.3,510.99068965517245,2.3093103448275087,261
7835BG005146,688869.2656302382,5335678.461325713,517.1,510.8839748953975,6.216025104602522,239
7835BG005147,688908.9829217643,5335701.75759878,512.3000000000001,511.0094756554307,1.2905243445693486,267
7835BG005149,688908.9829217643,5335701.75759878,,,,0
7835BG005150,688908.9829217643,5335701.75759878,,,,0
7835BG005152,688859.5420644674,5335692.549664497,511.49999999999994,510.9196761133603,0.5803238866396327,247
7835BG005153,688853.0969692462,5335681.215050054,513.0999999999999,510.8402145922747,2.2597854077251895,233
7835BG005154,688835.3199976459,5335657.09027319,513.5,510.73137254901957,2.768627450980432,204
7835BG005257,689098.4669826422,5335824.735061195,512.6,510.7558950617283,1.8441049382716983,324
7835BG005258,689101.8996193979,5335811.842600806,512.1,510.7888785046728,1.3111214953271997,321
7835BG005260,689090.149401488,5335816.936282781,512.5,510.7720743034056,1.7279256965944114,323
7835BG005261,689090.4113068646,5335805.758537679,512.5,510.7552959501558,1.744704049844188,321
7835BG005262,689078.2445841844,5335809.500373222,513.8,510.78113846153843,3.018861538461522,325
7835BG005264,689081.6258208207,5335798.8432676215,511.70000000000005,510.77267912772584,0.9273208722742083,321
7835BG005265,689260.8560935904,5336015.971198322,512.1999999999999,511.1011587982833,1.0988412017166524,233
7835BG005266,689062.1286578043,5335810.018274658,512.91,510.704213836478,2.2057861635219638,318
7835BG005268,689057.9184841837,5335798.735961638,512.5,510.71291139240515,1.7870886075948533,316
7835BG005269,689049.7559356105,5335803.465873456,512.7,510.7076340694006,1.9923659305994192,317
7835BG005270,689055.113359723,5335784.802655435,512.0999999999999,510.854856230032,1.2451437699679104,313
7835BG005272,689047.7815848952,5335792.236295045,512.5,510.8357234726688,1.6642765273311966,311
7835BG005273,689040.9181481434,5335798.785524998,512.7,510.80645161290323,1.8935483870968142,310
7835BG005274,689044.9755591303,5335778.302555656,512.2,510.9260194174758,1.2739805825242456,309
7835BG005276,689027.1940127052,5335792.6487272605,512.0,510.87088815789474,1.1291118421052602,304
7835BG005277,689332.8588737929,5336035.996278799,512.1999999999999,510.9037681159421,1.2962318840578178,207
7835BG005279,689024.2834190233,5335783.187066865,512.5,510.85746666666665,1.642533333333347,300
7835BG005377,688647.7439810557,5335242.038803625,512.9000000000001,513.6007999999999,-0.7007999999998447,125
7835BG005379,688644.1067483593,5335225.402237743,512.6,513.6169918699186,-1.01699186991857,123
7835BG005380,688582.8788638818,5335108.108692212,513.7,513.7428205128205,-0.04282051282041266,117
7835BG005383,688636.571712082,5335203.306382968,513.5,513.6169491525422,-0.11694915254224725,118
7835BG005384,688589.4789916845,5335131.971996887,512.5999999999999,513.7479831932772,-1.1479831932772413,119
7835BG005386,688592.752021034,5335145.021794735,512.6,513.7479831932772,-1.1479831932771276,119
7835BG005387,688622.0254844322,5335117.522626008,513.6,513.7177118644066,-0.11771186440660131,118
7835BG005388,688618.9466018109,5335210.946455278,514.4,513.55104,0.8489600000000337,125
7835BG005390,688612.4469352185,5335221.083354568,514.5,513.5477519379846,0.9522480620154283,129
7835BG005392,688611.3183822841,5335097.141954634,513.8000000000001,513.7160169491525,0.0839830508475643,118
7835BG005394,688607.9926183233,5335086.327979691,513.2,513.7325217391303,-0.5325217391302886,115
7835BG005395,688614.211681982,5335241.255756479,512.4000000000001,513.5267187500001,-1.126718750000009,128
7835BG005396,688603.4195758479,5335071.458430521,512.9,513.766517857143,-0.8665178571429806,112
7835BG005398,688600.718152931,5335053.054847931,513.7,513.7569724770641,-0.05697247706405051,109
7835BG005399,688623.8779383162,5335267.874189068,513.6,513.5305555555555,0.06944444444457076,126
7835BG005400,688599.9915139168,5335045.879942443,515.1999999999999,513.7426851851851,1.457314814814822,108
7835BG005402,688600.5539707001,5335117.468054635,512.7,513.7200840336134,-1.0200840336133297,119
7835BG005403,688631.5257567051,5335227.792191925,514.0,513.6053225806451,0.3946774193549345,124
7835BG005507,688619.048899781,5335225.710968414,513.5,513.56375,-0.06375000000002728,128
7835BG005510,688619.7773755556,5335213.650183074,515.5,513.54224,1.9577600000000075,125
7835BG005511,688603.3004170803,5335191.345157532,513.8,513.6348818897636,0.16511811023633527,127
7835BG005513,689724.3656539344,5336625.81143276,508.71999999999997,509.08790209790203,-0.36790209790206063,143
7835BG005514,689686.050240316,5336619.100325455,510.9,509.0517808219178,1.8482191780821609,146
7835BG005515,689696.2921756392,5336621.1292475425,508.65000000000003,509.03966216216213,-0.3896621621620966,148
7835BG005517,689713.6562818382,5336624.66735352,509.5799999999999,509.0593835616438,0.5206164383561145,146
7835BG005518,689843.5757734063,5336635.757356572,509.2,509.5259310344828,-0.325931034482835,145
7835BG005520,689451.7779411199,5336287.951479536,509.2,510.00201612903226,-0.8020161290322676,124
7835BG005521,689490.292509479,5336362.664364189,507.6,510.1621052631579,-2.562105263157889,114
7835BG005522,689928.8347841578,5336662.8027431425,511.2,509.4893333333333,1.7106666666666683,135
7835BG005524,689928.8347841578,5336662.8027431425,,,,0
7835BG005525,689916.829003375,5336640.601852331,499.45,509.6341428571429,-10.184142857142888,140
7835BG005526,689916.829003375,5336640.601852331,,,,0
7835BG005280,689017.4722836954,5335787.501375217,512.2,510.8546511627907,1.3453488372093716,301
7835BG005281,689022.3618029184,5335769.721665553,511.70000000000005,510.85650847457623,0.8434915254238149,295
7835BG005283,689157.9401713097,5335844.914741067,512.8,510.81712538226304,1.9828746177369112,327
7835BG005287,689146.7074216485,5335866.125250728,512.3,510.8628273809523,1.437172619047658,336
7835BG004180,689275.8895581774,5335124.311192526,511.49999999999994,510.92428571428576,0.5757142857141844,49
7835BG004181,689555.7367609935,5335209.139658572,515.1,513.1825114155251,1.9174885844748815,219
7835BG004183,689964.8731222202,5335772.075877364,510.1,510.02828571428574,0.07171428571427896,105
7835BG004184,688931.2237930973,5335783.694952278,512.5,510.8772318339101,1.6227681660898838,289
7835BG005529,689415.7556249122,5336240.584099674,511.0,509.7797777777777,1.2202222222222758,135
7835BG005289,689158.3012034043,5335867.737668045,511.1,510.86529761904757,0.23470238095245577,336
7835BG005290,689166.7747875252,5335868.831248469,511.29999999999995,510.80631097560985,0.49368902439010753,328
7835BG005291,689172.5459783431,5335870.755134521,511.19999999999993,510.79755351681956,0.4024464831803698,327
7835BG005295,688630.5349423673,5335251.031623673,511.09999999999997,513.5673846153846,-2.467384615384674,130
7835BG005298,688599.3094302495,5335094.177222769,513.4,513.7601754385965,-0.36017543859657053,114
7835BG005304,688621.699424848,5335227.114683083,513.8000000000001,513.5637007874014,0.23629921259862385,127
7835BG005305,688590.1629121117,5335064.439025733,514.0,513.7527027027027,0.24729729729733663,111
7835BG005310,688626.1206059936,5335210.219383079,515.2,513.6003278688524,1.5996721311475994,122
7835BG005413,688572.8115600017,5334964.721962569,513.5999999999999,513.7212244897959,-0.12122448979596356,98
7835BG005414,688592.5078777592,5335021.548732879,514.1999999999999,513.7513207547169,0.4486792452830741,106
7835BG005415,688522.0242974716,5334917.457781981,513.8000000000001,513.7,0.10000000000002274,67
7835BG005417,688562.0944418288,5335021.284990742,513.6,513.7185840707964,-0.11858407079637345,113
7835BG005530,689560.4623510833,5336480.169316282,510.29999999999995,509.62359649122806,0.676403508771898,114
7835BG005532,689669.3168176643,5336569.500293939,510.5,509.3779310344828,1.122068965517201,145
7835BG005533,689702.6877075012,5336615.463525945,509.6,509.18496551724144,0.41503448275858545,145
7835BG005535,689724.522090089,5336619.105333467,509.5,509.0824475524475,0.4175524475525094,143
7835BG005536,690111.8355719005,5336680.503323208,510.19999999999993,509.12915789473686,1.0708421052630683,95
7835BG005537,690153.2703167782,5336687.7350700125,510.0,509.00050632911393,0.9994936708860678,79
7835BG005541,689465.2433424336,5336286.029863432,510.0,509.98217741935485,0.01782258064514508,124
7835BG005548,689478.4372555343,5336372.22879067,509.90000000000003,510.526875,-0.6268749999999841,112
7835BG005550,689478.4372555343,5336372.22879067,,,,0
7835BG005551,689534.1117673395,5336420.949853726,510.20000000000005,510.1180833333334,0.08191666666664332,120
7835BG005552,689816.6499787909,5336601.128739009,510.2,509.44575342465754,0.7542465753424494,146
7835BG005554,690057.4033305976,5336674.309684151,510.5,508.9528037383178,1.5471962616821884,107
7835BG005555,690059.4849872952,5336661.831925923,510.0,509.1039814814815,0.8960185185184741,108
7835BG005556,690097.0701574604,5336680.605187992,512.8,509.04257425742577,3.757425742574185,101
7835BG005313,688636.8754347409,5335266.836081318,514.2,513.5400787401574,0.6599212598426902,127
7835BG004199,689857.2373382992,5335496.6766147865,509.1,511.7696590909091,-2.6696590909090787,264
7835BG004201,690040.8978727828,5335639.201669954,508.7,509.8770512820514,-1.1770512820514227,78
7835BG004202,690140.1787981621,5335793.621526401,508.20000000000005,510.11448275862074,-1.914482758620693,87
7835BG004203,690103.7281593299,5335841.083926273,509.4,510.34306306306314,-0.943063063063164,111
7835BG004205,690162.7020263912,5336112.215238454,512.4,510.735205479452,1.6647945205479573,146
7835BG004206,690174.8059984355,5336187.65292536,512.3,510.2964963503649,2.003503649635036,137
7835BG004208,689463.6684516752,5335167.172889525,507.4,512.6179166666666,-5.217916666666611,120
7835BG004209,689494.1632180703,5335355.324667903,514.7,512.7975185185186,1.902481481481459,270
7835BG004210,689693.7446309018,5335390.857761325,510.79999999999995,512.6401013513514,-1.84010135135145,296
7835BG004212,689834.6399747671,5335353.443150047,507.6,511.97047445255487,-4.370474452554845,274
7835BG004213,689808.4981286009,5335285.282666598,509.69999999999993,512.1477611940298,-2.4477611940299084,268
7835BG004214,689931.1840366032,5335357.043105356,509.90000000000003,511.3832905982906,-1.48329059829058,234
7835BG004216,689815.8839238856,5335677.332904222,512.2,510.8237037037038,1.376296296296232,108
7835BG004217,689886.0550999818,5335794.837388197,513.4,510.22811965811974,3.1718803418802395,117
7835BG004218,690020.2270505694,5335891.918482214,513.7,510.45878205128207,3.241217948717974,156
7835BG005092,688252.0038545746,5336459.408837625,509.6,500.09522388059696,9.504776119403061,67
7835BG005093,688317.5074704539,5336470.33559468,510.85,501.2769736842106,9.573026315789434,76
7835BG005094,688377.6581679634,5336480.688942693,511.0,502.09481927710846,8.905180722891544,83
7835BG005097,688454.235827402,5336496.347881512,511.3,502.77388888888896,8.52611111111105,90
7835BG005558,690135.6452065073,5336695.375142326,510.05000000000007,508.9503571428572,1.0996428571428964,84
7835BG005559,690137.2057905176,5336686.017616662,510.30000000000007,509.0617647058824,1.2382352941176578,85
7835BG004220,689022.5782516433,5335703.07130145,511.2,510.9560573476703,0.24394265232967882,279
7835BG004221,688920.7508182,5335963.731042307,511.79999999999995,510.7299317406143,1.070068259385664,293
7835BG004222,689074.9688167702,5335815.685833015,512.3,510.78760736196324,1.5123926380367152,326
7835BG004224,689021.0826395701,5336015.732880789,511.8,510.4270344827587,1.3729655172413118,290
7835BG005320,688559.3957220467,5334983.643914714,513.8000000000001,513.7238461538461,0.07615384615394305,104
7835BG005322,688640.410369467,5335268.708134064,514.6,513.5369291338582,1.0630708661418566,127
7835BG005442,688640.6691035917,5335276.766547906,514.4,513.5408593750001,0.8591406249998954,128
7835BG005443,688654.9138785298,5335279.784014383,513.2,513.565703125,-0.3657031249999818,128
7835BG005446,688641.9213901183,5335242.35027236,512.0,513.6011023622046,-1.6011023622046423,127
7835BG005448,688628.1968214926,5335236.214375926,512.9,513.568031496063,-0.6680314960630085,127
7835BG005458,688640.9287390197,5335284.825394935,513.4,513.5477519379846,-0.1477519379845944,129
7835BG005459,688644.5678084763,5335282.226269989,514.4,513.5563281249999,0.8436718750000409,128
7835BG005560,690138.3512042493,5336675.307776448,509.65,509.1511363636364,0.49886363636358055,88
7835BG005562,689871.8561525191,5336650.734211724,510.90000000000003,509.5535460992908,1.3464539007092071,141
7835BG004367,688982.4312339183,5335793.839597643,512.9,510.79656357388313,2.1034364261168434,291
7835BG004369,688970.3204171013,5335776.109451338,512.9,510.83342657342655,2.0665734265734272,286
7835BG004370,688963.3051190204,5335750.893832114,513.0,510.8645422535211,2.1354577464788917,284
7835BG004372,689350.766039216,5335442.336572632,511.29999999999995,512.82625,-1.5262500000000045,200
7835BG004373,689524.6643960511,5335485.769806983,514.6,512.8571093749999,1.7428906250000864,256
7835BG004374,688942.0227440044,5335895.7847376345,512.9000000000001,510.81709030100336,2.0829096989967297,299
7835BG004383,688998.393462209,5335780.79253786,512.8,510.8115807560137,1.9884192439862431,291
7835BG004384,688870.1945116692,5336136.119782063,513.3000000000001,510.4924736842105,2.8075263157895733,190
7835BG004385,688953.5656279093,5335880.397287029,512.7,510.8007666666667,1.8992333333333704,300
7835BG004389,689876.0219850345,5335362.910719758,510.65,511.7184615384616,-1.0684615384616336,260
7835BG004391,689982.9093788597,5335383.303677102,512.0,511.12618604651163,0.8738139534883658,215
7835BG004392,689727.2801361566,5335372.406885322,514.7,512.5298961937716,2.1701038062284397,289
7835BG004393,689008.5426474698,5335691.111912776,509.95000000000005,511.0003971119134,-1.0503971119133553,277
7835BG004395,688928.2440371949,5335911.1194536295,512.3000000000001,510.82210000000003,1.4779000000000337,300
7835BG007030,688900.1600747583,5335983.379633466,511.49999999999994,510.6903180212014,0.809681978798551,283
7835BG007032,688877.2775683973,5336043.684029065,511.09999999999997,510.3416216216216,0.7583783783783815,222
7835BG007033,688854.0576519365,5336290.524649401,511.04999999999995,511.0724324324323,-0.022432432432367477,148
7835BG007034,688857.8017574274,5336283.45477995,511.44999999999993,511.0865789473684,0.3634210526315087,152
7835BG007036,688871.434945411,5336197.882896891,511.20000000000005,510.472,0.7280000000000655,180
7835BG007159,689071.1997547932,5335613.397018869,512.4,511.72384937238496,0.6761506276150158,239
7835BG007160,688988.9359085229,5335745.2308485815,511.9,510.87745644599306,1.0225435540069157,287
7835BG007161,689598.0258674584,5335447.670842091,513.4,512.7386348122866,0.6613651877133861,293
7835BG007163,689579.5163475277,5335454.842576325,514.2,512.5625255972697,1.6374744027303905,293
7835BG007164,689565.9991129073,5335459.000448522,514.0,512.6294366197184,1.3705633802816237,284
7835BG007165,689535.5333755533,5335460.971627985,515.1,512.8224535315986,2.277546468401397,269
7835BG007167,689513.5412223199,5335464.036387874,514.4,512.87703125,1.5229687500000182,256
7835BG007168,689499.6074829295,5335466.842413639,513.5,512.9172222222222,0.5827777777777783,252
7835BG007170,689433.8415284869,5335467.0943029905,513.9,512.957619047619,0.9423809523809723,231
7835BG007171,689399.9972925608,5335460.487330416,513.9,512.9096788990826,0.9903211009174129,218
7835BG007172,689368.6480468516,5335461.99060499,512.4000000000001,512.832476635514,-0.4324766355139218,214
7835BG007174,689282.4486864258,5335475.185419396,511.3,512.5312643678161,-1.2312643678160953,174
7835BG007175,689280.7858044454,5335469.778431923,487.0,512.6855681818182,-25.685568181818212,176
7835BG007176,689245.8984527583,5335488.645812697,512.3,512.3355688622755,-0.03556886227556788,167
7835BG007178,689220.5786988037,5335500.132288471,512.1,512.0915432098766,0.008456790123432256,162
7835BG007179,689191.5139380542,5335518.688200508,511.9,511.9931547619047,-0.09315476190471372,168
7835BG007180,689142.6910102156,5335559.597297874,512.4,511.6268859649123,0.7731140350877013,228
7835BG007182,689068.647455141,5335645.993543094,512.5,511.49482352941175,1.0051764705882533,255
7835BG007183,689045.9763894929,5335678.119424363,512.2,510.93194029850747,1.2680597014925752,268
7835BG007184,689027.3604648837,5335708.998928422,510.8,510.95330960854096,-0.1533096085409511,281
7835BG007186,689444.7132460533,5335423.060866353,513.4,512.9638075313808,0.4361924686191969,239
7835BG006465,689724.8333057268,5335400.531763737,513.7,512.5428178694159,1.1571821305841468,291
7835BG006466,689733.4706039617,5335337.210802964,515.1999999999999,512.5199305555556,2.6800694444443707,288
7835BG006467,689789.1523937266,5335328.223424115,511.6,512.311146953405,-0.7111469534049775,279
7835BG006469,689942.7269205083,5335341.655654751,512.0,511.2896035242291,0.7103964757708923,227
7835BG006470,689892.6617221669,5335340.0373281175,509.70000000000005,511.5815322580645,-1.8815322580644533,248
7835BG006472,690134.0539360079,5335290.209546006,509.50000000000006,510.48208695652175,-0.9820869565216981,115
7835BG006591,689785.5133242696,5335330.822549062,514.2,512.3061290322581,1.8938709677419183,279
7835BG006592,689597.4083711875,5335397.552909139,514.1,512.7207999999999,1.3792000000000826,300
7835BG006593,689612.0687495919,5335401.921788861,514.3000000000001,512.6970627062707,1.6029372937293829,303
7835BG006595,689636.037090301,5335390.850916553,514.0,512.7051666666667,1.2948333333332585,300
7835BG006596,689655.4815187072,5335381.91173242,513.3,512.7416326530613,0.5583673469386667,294
7835BG006598,689700.6108057178,5335365.073273733,513.5,512.6132542372882,0.8867457627118256,295
7835BG006599,689706.5375313857,5335360.290627306,513.6,512.5968013468014,1.0031986531986377,297
7835BG006600,689721.6166845085,5335346.7747613285,513.1,512.569446366782,0.5305536332180054,289
7835BG006602,689742.9836303233,5335351.301411696,515.5,512.4762542955326,3.0237457044673874,291
7835BG006603,689756.032960054,5335348.027047856,512.3,512.4795847750866,-0.17958477508659598,289
7835BG006604,689767.731344657,5335345.169621971,511.4,512.4487762237763,-1.0487762237763718,286
7835BG007037,688891.6192001065,5336099.938759754,511.5,510.2874871794872,1.2125128205128135,195
7835BG007038,688892.7687205467,5336050.756636582,512.2,510.3921238938054,1.8078761061946693,226
7835BG007040,688863.0473007327,5336326.969847035,510.8,511.04456692913385,-0.24456692913383904,127
7835BG007041,688906.8689121157,5335964.30081198,511.3,510.77501706484645,0.5249829351535595,293
7835BG007042,688912.1222014981,5335950.108771651,512.0,510.7616161616162,1.238383838383811,297
7835BG007044,688844.0007486213,5336471.913487167,511.40000000000003,510.8208490566037,0.5791509433963142,106
7835BG007045,688867.4716531304,5336290.838388084,511.8,511.02194444444444,0.7780555555555679,144
7835BG007047,688826.5970950872,5336374.431345604,511.49999999999994,510.93375999999995,0.5662399999999934,125
7835BG007048,688804.2520890231,5336296.965169799,511.70000000000005,511.0275974025974,0.6724025974026517,154
7835BG007049,688819.3594389653,5336454.337507068,510.3,510.8325225225225,-0.5325225225224699,111
7835BG007051,688763.6412731174,5336350.144691387,510.1,510.80275167785237,-0.7027516778523477,149
7835BG007052,688850.7873606505,5336258.239593913,511.29999999999995,511.1604294478527,0.13957055214723368,163
7835BG007053,688799.7754352023,5336335.3315503495,511.59999999999997,510.9368085106383,0.6631914893616795,141
7835BG007055,688851.6413376955,5336087.819763673,510.29999999999995,510.29515,0.004849999999976262,200
7835BG007056,688675.5098124454,5336426.8164695315,511.29999999999995,510.6127027027027,0.6872972972972775,148
7835BG007057,688854.1927360431,5336055.222806263,511.69999999999993,510.2969902912621,1.4030097087378408,206
7835BG007059,688626.1716863057,5336432.372147081,514.2,510.2958,3.90420000000006,150
7835BG006473,688626.1716863057,5336432.372147081,,,,0
7835BG006474,689956.0886202785,5335344.204315035,510.55,511.2269724770643,-0.6769724770642824,218
7835BG006476,690013.0167872543,5335339.272077224,510.99999999999994,510.93711229946524,0.06288770053470216,187
7835BG006477,690053.6203252007,5335343.800997539,509.9,510.6706097560975,-0.7706097560975422,164
7835BG006478,689798.873689549,5335333.371677463,510.50000000000006,512.2375451263539,-1.7375451263538366,277
7835BG006480,689829.3398600905,5335331.399596694,509.0,512.0017582417581,-3.0017582417581252,273
7835BG006481,689835.6303559174,5335330.204619604,509.0,511.92629090909094,-2.9262909090909375,275
7835BG006482,689849.4599605778,5335331.869771532,509.75,511.84992647058823,-2.0999264705882297,272
7835BG006484,689868.643818099,5335334.107864384,510.9,511.71950000000004,-0.8195000000000618,260
7835BG006485,689879.3527570073,5335335.252844929,510.7,511.67674509803925,-0.9767450980392596,255
7835BG006487,689800.0172665201,5335341.897528078,511.5,512.2293238434164,-0.7293238434164095,281
7835BG006488,689815.1969499344,5335343.147544658,514.5999999999999,512.1174637681158,2.482536231884069,276
7835BG006489,689826.3751282245,5335343.408548729,508.99999999999994,512.0402197802198,-3.040219780219843,273
7835BG006491,689848.730150312,5335343.93102499,511.4,511.87222627737225,-0.47222627737227185,274
7835BG006492,689860.7400036505,5335346.896190044,514.4000000000001,511.7977859778598,2.602214022140288,271
7835BG006496,689913.5084616686,5335347.682408441,511.1,511.47483471074383,-0.37483471074381214,242
7835BG006606,689789.7225965862,5335342.104428896,511.8,512.2921505376345,-0.4921505376344726,279
7835BG007187,689421.8894177713,5335423.42146526,513.5,512.9773008849558,0.5226991150442473,226
7835BG007188,689397.7146443618,5335424.199002124,513.1,512.9326728110599,0.16732718894013487,217
7835BG007190,689291.3956166357,5335436.922740388,511.04999999999995,512.5916091954023,-1.541609195402316,174
7835BG007191,689265.3483223631,5335441.2338774875,513.0,512.463090909091,0.5369090909090346,165
7835BG007192,689206.0770265004,5335469.820717323,513.3,512.0361073825503,1.2638926174496419,149
7835BG007194,689122.4740529573,5335505.889858825,512.65,511.6926219512195,0.9573780487804697,164
7835BG007060,688873.3338749781,5335982.753022474,511.79999999999995,510.5931558935361,1.2068441064638478,263
7835BG007061,688875.8338732063,5335952.39141985,511.9,510.7678445229682,1.1321554770318016,283
7835BG007063,688818.8301179316,5336534.400069756,509.2,510.7331313131313,-1.533131313131321,99
7835BG007064,688802.2399441581,5336574.273797438,511.49999999999994,510.64388888888885,0.8561111111110904,90
7835BG007066,688769.4260699055,5336638.3714287,508.9,510.3955714285715,-1.495571428571509,70
7835BG007195,689113.1660906528,5335521.329610854,513.2,511.6676063829787,1.5323936170213415,188
7835BG007197,689079.2104420369,5335576.9022578765,511.9,511.6854385964912,0.2145614035087533,228
7835BG007198,689038.0298564578,5335616.199873381,509.9,511.5142372881356,-1.6142372881355982,236
7835BG007199,689021.1295484402,5335650.250542007,510.8,510.9464478764479,-0.14644787644789403,259
7835BG007201,688982.8072900493,5335701.246975303,510.2,510.99498207885307,-0.7949820788530815,279
7835BG007202,688964.5542342952,5335735.713715512,514.0,510.90461267605633,3.095387323943669,284
7835BG007203,689430.9336379394,5335438.39514916,513.8,512.9565948275862,0.8434051724137817,232
7835BG007205,689343.1241301442,5335443.947153189,511.7,512.838944723618,-1.1389447236180672,199
7835BG007206,689341.3034775183,5335445.246733127,510.9,512.799076923077,-1.8990769230770184,195
7835BG007210,689154.7572716854,5335521.855258368,512.0,511.79429347826084,0.2057065217391596,184
7835BG006497,689677.6759979327,5335427.612590933,511.7,512.6954948805461,-0.9954948805461186,293
7835BG006499,689707.0017627543,5335397.878500606,513.3,512.6058361774744,0.6941638225255247,293
7835BG006500,689737.4665988046,5335395.906887954,512.5,512.5062807017545,-0.006280701754462825,285
7835BG006502,689752.7526527438,5335392.685691912,511.09999999999997,512.4681754385965,-1.3681754385965519,285
7835BG006503,689766.4790581306,5335379.585897517,509.70000000000005,512.4420905923345,-2.7420905923344208,287
7835BG006504,689774.5374719729,5335379.327163392,511.1,512.4169473684211,-1.316947368421097,285
7835BG006506,689800.2214292735,5335371.4274556525,515.6,512.243892857143,3.356107142857013,280
7835BG006507,689811.9189125723,5335368.569596581,515.4,512.1637769784172,3.2362230215827594,278
7835BG006508,689821.3814742707,5335365.659436086,510.4,512.1041454545455,-1.7041454545454826,275
7835BG006510,689846.5970934941,5335358.644138005,510.5,511.8814338235294,-1.3814338235293917,272
7835BG006511,689858.2431766733,5335358.021633722,510.8,511.8275925925926,-1.0275925925926117,270
7835BG006512,689866.8736301363,5335352.408213549,510.7,511.7804868913858,-1.0804868913858172,267
7835BG006514,689910.6506025973,5335335.984925142,510.8,511.499670781893,-0.6996707818929622,243
7835BG006515,689937.5818384124,5335332.1407916285,510.80000000000007,511.31895196506554,-0.5189519650654688,229
7835BG006517,689949.4339211048,5335341.812524092,510.7,511.2702714932127,-0.5702714932127151,221
7835BG006518,689959.9891619245,5335330.428346289,510.7,511.23009345794395,-0.5300934579439627,214
7835BG006519,689967.370500112,5335339.995042717,510.74999999999994,511.21310185185183,-0.46310185185188857,216
7835BG006521,689987.6470367534,5335333.759118262,510.70000000000005,511.0785643564356,-0.37856435643556097,202
7835BG006522,689995.498549778,5335323.2057142025,511.6,511.04680412371135,0.5531958762886688,194
7835BG006523,690008.5483476259,5335319.932684854,511.2,510.95016042780753,0.24983957219245667,187
7835BG006525,690031.0075044448,5335315.983983422,509.99999999999994,510.84101694915256,-0.8410169491526176,177
7835BG006526,690041.1971383444,5335320.24782711,510.69999999999993,510.7452046783627,-0.045204678362779305,171
7835BG006527,690052.1688839335,5335310.215495739,510.59999999999997,510.6654037267081,-0.06540372670815486,161
7835BG006529,690071.7683449199,5335313.805001836,508.90000000000003,510.6485906040268,-1.7485906040267878,149
7835BG006530,690089.7049239264,5335311.987520462,508.79999999999995,510.5099285714286,-1.7099285714286339,140
7835BG006532,690112.3732515103,5335299.096896833,509.29999999999995,510.37181102362206,-1.0718110236221037,127
7835BG006533,690119.4431209627,5335302.841002325,508.79999999999995,510.39495867768596,-1.5949586776860087,121
7835BG006534,690123.6037312234,5335297.122979305,508.20000000000005,510.4090082644628,-2.2090082644627387,121
7835BG006536,690153.2377935285,5335292.447638859,510.1,510.45730769230767,-0.3573076923076428,104
7835BG006537,689655.7879794308,5335426.206173129,513.8,512.7319587628866,1.0680412371133343,291
7835BG006538,689663.2743536525,5335431.302125054,513.4,512.6880887372013,0.7119112627987079,293
7835BG006540,689721.9208752834,5335410.305794171,512.5,512.5622680412371,-0.06226804123707552,291
7835BG006541,689734.1903982027,5335402.093249051,515.9,512.5076655052266,3.392334494773422,287
7835BG006542,689753.8948952244,5335401.212010643,510.1,512.4584668989547,-2.3584668989547026,287
7835BG006544,689780.567396915,5335389.309463289,509.8,512.3981881533102,-2.5981881533102182,287
7835BG006545,689791.3813718581,5335385.983699326,513.4,512.3228723404256,1.0771276595743302,282
7835BG006547,689822.8874869095,5335377.773424154,510.90000000000003,512.0797472924188,-1.1797472924187673,277
7835BG006548,689835.5212131748,5335373.147647069,509.24999999999994,511.96416974169745,-2.7141697416975035,271
7835BG006549,689847.1672963537,5335372.525142785,512.3,511.848925925926,0.45107407407397204,270
7835BG006551,689869.7314892074,5335364.105696849,511.2,511.75007518796997,-0.5500751879699806,266
7835BG006552,689879.1413162947,5335363.4313592585,510.79999999999995,511.6773725490197,-0.8773725490197535,255
7835BG006553,689894.0112986523,5335358.857415479,509.9,511.6025101214575,-1.7025101214575216,247
7835BG006555,689913.7153624862,5335357.9770783745,511.00000000000006,511.48340248962654,-0.483402489626485,241
7835BG006556,689926.7646922171,5335354.702714534,510.2,511.3982478632479,-1.1982478632479001,234
7835BG007127,688983.7285089791,5335814.894606606,513.1999999999999,510.806554054054,2.3934459459459276,296
7835BG007128,688973.9494705335,5335850.454025935,511.7,510.7960333333333,0.9039666666666903,300
7835BG007129,688954.9697757657,5335877.745860658,512.9,510.809834437086,2.090165562913967,302
7835BG007131,688958.8835046871,5335767.790033423,512.9,510.87900343642605,2.020996563573931,291
7835BG006999,688862.8936026427,5336314.440688687,511.8,511.03918518518515,0.7608148148148643,135
7835BG007000,688837.9912889146,5336308.042886878,512.1,511.03349650349645,1.0665034965035716,143
7835BG007001,688842.0486999019,5336287.559917537,511.40000000000003,511.10422818791943,0.2957718120806021,149
7835BG007003,688808.9537895275,5336516.723126179,510.29999999999995,510.7067647058824,-0.40676470588243774,102
7835BG007132,688936.2092677872,5335819.152073638,513.5,510.83750853242327,2.6624914675767286,293
7835BG007133,688920.1401667013,5335855.905568754,513.0999999999999,510.82511945392497,2.2748805460749395,293
7835BG007135,688891.6433388637,5335907.579077704,512.9,510.86023569023564,2.0397643097643368,297
7835BG007136,688913.5313573661,5335908.985495508,512.6,510.8177104377104,1.782289562289634,297
7835BG007137,689061.6298871124,5335640.014516002,512.0,511.46967741935487,0.5303225806451337,248
7835BG007139,689582.7925481298,5335448.656215229,513.5,512.7472852233677,0.7527147766322742,291
7835BG007140,689570.6794613646,5335450.162661055,513.9,512.6379370629371,1.2620629370628649,286
7835BG007145,689588.3564049429,5335440.28633265,513.3000000000001,512.7616326530613,0.5383673469387986,294
7835BG007146,689578.8947445487,5335443.196926333,513.7,512.6026279863481,1.0973720136519205,293
7835BG007148,689540.6816289003,5335451.250332164,514.0,512.7887179487179,1.211282051282069,273
7835BG007149,689529.087847145,5335449.637914847,513.6,512.8008921933085,0.7991078066914952,269
7835BG007151,689478.0864058377,5335449.787506227,511.5,512.9515019762846,-1.4515019762845895,253
7835BG007152,689386.8979313537,5335446.760023726,513.0,512.8596261682243,0.14037383177571883,214
7835BG007153,689348.4783830051,5335444.520094113,512.5,512.8396464646464,-0.339646464646421,198
7835BG007155,689339.8479295427,5335450.133514285,511.9,512.7842268041238,-0.8842268041238412,194
7835BG007156,689290.8722390705,5335459.277329289,511.09999999999997,512.5834444444444,-1.4834444444443875,180
7835BG007157,689258.8463858231,5335470.607368908,511.79999999999995,512.4345348837209,-0.634534883720903,172
7835BG006557,689952.3959149071,5335349.038829698,510.29999999999995,511.25013636363644,-0.9501363636364886,220
7835BG006562,690009.2226852165,5335329.342511941,510.96999999999997,510.9614285714286,0.008571428571372053,189
7835BG006563,690018.9439810386,5335334.490765288,511.85,510.90913513513516,0.9408648648648636,185
7835BG006565,690038.752612791,5335329.1383491885,511.29999999999995,510.73064327485383,0.5693567251461218,171
7835BG006566,690047.7472695997,5335327.111697048,510.5,510.68981595092026,-0.18981595092026282,163
7835BG006567,690057.3139660289,5335319.73035886,510.29999999999995,510.62761006289315,-0.32761006289319994,159
7835BG006569,690078.7331783376,5335322.019851833,509.2,510.6165986394558,-1.416598639455799,147
7835BG006458,689978.4432091792,5335344.727692599,511.40000000000003,511.1449763033175,0.2550236966825423,211
7835BG006459,689977.3009666996,5335336.201373867,511.69999999999993,511.1216425120774,0.5783574879225171,207
7835BG006461,689956.1927550095,5335339.733137342,509.9,511.2296313364056,-1.3296313364056118,217
7835BG006462,690061.837445145,5335317.599571991,509.95000000000005,510.6382467532468,-0.6882467532467444,154
7835BG006463,690131.296104959,5335312.513167975,509.09999999999997,510.45982758620687,-1.3598275862069045,116
7835BG006570,690089.0274150842,5335321.8138523195,509.29999999999995,510.54253521126753,-1.2425352112675796,142
7835BG006572,690114.1379982736,5335319.269298744,509.2,510.405546875,-1.2055468750000387,128
7835BG006573,690127.1882293089,5335315.9953680895,509.29999999999995,510.40983471074384,-1.1098347107438826,121
7835BG006574,690142.1105130897,5335309.18650271,509.69999999999993,510.4903636363636,-0.7903636363636792,110
7835BG006576,689593.1981975669,5335386.270596118,514.4,512.7221404682274,1.677859531772583,299
7835BG006577,689611.5508481562,5335385.805862479,514.7,512.676146179402,2.023853820597992,301
7835BG006578,689615.4518229892,5335372.02899243,514.4,512.7011000000001,1.6988999999998668,300
7835BG006580,689651.1672103563,5335375.100597093,512.9,512.7390443686006,0.16095563139936075,293
7835BG006581,689675.761226601,5335356.439649019,513.8000000000001,512.654673539519,1.145326460481101,291
7835BG006583,689709.4508631327,5335350.517030059,513.9,512.5936643835616,1.3063356164383322,292
7835BG006584,689720.4217074174,5335340.484265501,513.3,512.5794444444444,0.7205555555555065,288
7835BG006585,689731.7035872508,5335336.274993185,514.0,512.5289310344828,1.4710689655172473,290
7835BG006587,689752.1865565928,5335340.332404171,512.0999999999999,512.4759515570934,-0.3759515570934582,289
7835BG006588,689770.4373423993,5335325.102256095,510.40000000000003,512.4158156028369,-2.0158156028368808,282
7835BG006589,689777.4021758167,5335333.3171060905,510.9,512.3813523131673,-1.4813523131673492,281
7835BG007004,688829.695492995,5336528.838951008,510.1,510.72180000000003,-0.6218000000000075,100
7835BG007006,688839.1084913341,5336508.928454473,509.8,510.76480000000004,-0.9648000000000252,100
7835BG007007,688849.5896454952,5336271.184355727,510.40000000000003,511.10993630573245,-0.7099363057324126,157
7835BG007008,688860.0398502797,5336264.270922429,510.4,511.1173885350318,-0.7173885350318301,157
7835BG007010,688860.5109264208,5336244.151255129,510.5,511.2204733727811,-0.7204733727811004,169
7835BG007011,688464.5291628451,5336496.141448811,510.20000000000005,502.7406666666667,7.459333333333348,90
7835BG007012,688479.2945772843,5336496.039584028,510.50000000000006,502.70388888888897,7.796111111111088,90
7835BG007014,688486.0552479485,5336474.72450645,509.30000000000007,502.8197802197802,6.480219780219841,91
7835BG007015,688498.5330061766,5336476.806163149,509.69999999999993,502.75934065934064,6.940659340659295,91
7835BG007016,688862.5394153208,5336233.91022111,510.5,511.25514792899406,-0.755147928994063,169
7835BG007018,688854.0685692644,5336213.581383045,512.2,511.2773684210526,0.9226315789474597,171
7835BG007022,688896.0549371731,5335967.626575939,511.50000000000006,510.75441379310354,0.7455862068965189,290
7835BG007023,688903.1802793001,5335949.899600886,513.2,510.7869830508475,2.4130169491525635,295
7835BG007025,688814.0942967986,5336564.708937769,510.3,510.67107526881716,-0.371075268817151,93
7835BG007026,688804.4253023996,5336557.325762821,510.20000000000005,510.6723958333334,-0.4723958333333371,96
7835BG007027,688811.1345729441,5336538.246040031,509.59999999999997,510.7290909090908,-1.1290909090908485,99
7835BG007029,688880.8670744947,5336024.084568079,511.29999999999995,510.4239357429719,0.8760642570280766,249
7835BG007532,689939.346585176,5335352.313193539,513.8,511.3406926406927,2.4593073593072745,231
7835BG007067,688728.3473491091,5336692.434458645,510.09999999999997,510.1167241379311,-0.01672413793113492,58
7835BG007068,688706.2492243848,5336719.206087054,510.5,510.01186440677975,0.4881355932202496,59
7835BG007070,688642.9146082192,5336806.747312818,510.40000000000003,509.7548571428572,0.6451428571428437,35
7835BG007071,688612.2365288488,5336836.896573423,510.00000000000006,509.681,0.31900000000007367,30
7835BG007072,688609.83882859,5336882.022689182,510.40000000000003,509.65620689655174,0.7437931034482972,29
7835BG007075,688895.1218654583,5335950.15833501,513.4,510.78901023890785,2.610989761092128,293
7835BG007076,688923.869248156,5335964.2512486195,512.0,510.72205479452055,1.2779452054794547,292
7835BG007078,688867.8326852252,5336313.661315062,509.79999999999995,511.06316176470585,-1.2631617647058988,136
7835BG007079,688861.177986051,5336311.269524121,508.70000000000005,511.06416058394154,-2.364160583941498,137
7835BG007083,688810.6198427598,5336502.893954706,509.5,510.74650485436894,-1.2465048543689363,103
7835BG007085,688810.6198427598,5336502.893954706,,,,0
7835BG007086,688810.6198427598,5336502.893954706,,,,0
7835BG007087,688959.1918021708,5335792.848783305,493.2,510.92866438356157,-17.72866438356158,292
7835BG007089,688959.1918021708,5335792.848783305,,,,0
7835BG007090,688959.1918021708,5335792.848783305,,,,0
7835BG007091,688959.1918021708,5335792.848783305,,,,0
7835BG007093,688959.1918021708,5335792.848783305,,,,0
7835BG007094,688965.6350606314,5335823.419088577,493.29999999999995,510.8784280936455,-17.578428093645527,299
7835BG007095,688965.6350606314,5335823.419088577,,,,0
7835BG007097,688965.6350606314,5335823.419088577,,,,0
7835BG007098,688978.5902716564,5335747.672202883,492.9,510.94143356643355,-18.041433566433568,286
7835BG007100,688969.4387455061,5335756.405855619,493.5,510.94017361111116,-17.440173611111163,288
7835BG007101,688969.4387455061,5335756.405855619,,,,0
7835BG007102,688969.4387455061,5335756.405855619,,,,0
7835BG007104,688984.5642907359,5335779.126484627,493.2,510.8805517241379,-17.6805517241379,290
7835BG007105,688984.5642907359,5335779.126484627,,,,0
7835BG007106,688903.4458581968,5335900.250474128,512.0999999999999,510.8194276094276,1.2805723905723312,297
7835BG007108,689016.4391839581,5335736.03202902,511.7,510.89258620689657,0.8074137931034215,290
7835BG007109,689009.9376806053,5335765.404619137,513.1,510.8322680412371,2.2677319587629086,291
7835BG007110,689000.3700828725,5335772.785524137,512.5999999999999,510.8358361774744,1.7641638225255178,293
7835BG007112,688987.7331853556,5335796.647460167,513.1,510.80283276450507,2.2971672354949533,293
7835BG007113,688970.6764411833,5335837.404228088,513.4,510.78773648648644,2.6122635135135397,296
7835BG007114,688970.6764411833,5335837.404228088,,,,0
7835BG007116,688970.6764411833,5335837.404228088,,,,0
7835BG007117,688970.6764411833,5335837.404228088,,,,0
7835BG007118,688949.5805503947,5335744.75793568,513.8,510.9031818181818,2.896818181818162,286
7835BG007120,688950.9292255754,5335763.577589855,512.0999999999999,510.8803832752613,1.2196167247386143,287
7835BG007121,688954.2035894166,5335776.626919586,512.8,510.87171232876705,1.9282876712329085,292
7835BG007123,688932.4187701882,5335789.985448105,511.7,510.86501730103805,0.8349826989619373,289
7835BG007124,688908.6486829156,5335869.057664573,513.1,510.8265423728814,2.273457627118603,295
7835BG007125,688895.5966151198,5335891.567286054,513.0,510.8706040268456,2.1293959731543737,298
7835BG007514,690024.1007153937,5336089.73745316,509.53000000000003,510.8466666666667,-1.3166666666666629,183
7835BG007516,690069.5382998874,5336097.957744355,510.90999999999997,510.82648809523806,0.08351190476190595,168
7835BG007517,690069.8474986753,5336123.016927425,511.12,510.7798214285714,0.3401785714286234,168
7835BG007518,690075.926986977,5336149.99956336,510.91999999999996,510.7179268292683,0.20207317073163722,164
7835BG007524,689075.1757175876,5335825.980502949,512.2,510.77097560975614,1.4290243902439101,328
7835BG007525,689932.8903583845,5336661.555464627,506.2,509.5202255639098,-3.320225563909787,133
7835BG007531,689924.9995122668,5335334.531213926,514.3,511.36923076923074,2.930769230769215,234
7835BG003994,689523.4648441351,5335517.950259624,514.0,512.7534782608695,1.2465217391304577,253
7835BG004098,688515.8043623131,5336388.634721954,510.70000000000005,506.1757142857142,4.524285714285838,112
7835BG007080,688859.6688021605,5336318.3916949965,510.50000000000006,511.0453030303029,-0.5453030303028186,132
7835BG006543,689765.8019824754,5335389.41132807,511.0,512.436736111111,-1.4367361111110313,288
7835BG007526,689907.9384812971,5336638.157326777,509.69999999999993,509.57737588652486,0.12262411347506941,141
7835BG007550,688898.0916053366,5335899.677533203,345.0,511.42392617449667,-166.42392617449667,298
7835BG007540,688211.6122254576,5336426.702737471,308.20000000000005,502.11796610169495,-193.9179661016949,59
7835BG015971,688211.6122254576,5336426.702737471,,,,0
7835BG015973,688211.6122254576,5336426.702737471,,,,0
7835BG015109,688261.5633566189,5336108.01800888,510.65000000000003,503.03970149253735,7.610298507462687,67
7835BG015103,688261.5633566189,5336108.01800888,,,,0
7835BG015125,688268.4517498557,5336310.827462528,305.52,504.4185185185185,-198.89851851851853,81
7835BG015033,688268.4517498557,5336310.827462528,,,,0
7835BG015164,688268.4517498557,5336310.827462528,,,,0
7835BG015024,688268.4517498557,5336310.827462528,,,,0
7835BG015240,688268.4517498557,5336310.827462528,,,,0
7835BG015087,688268.4517498557,5336310.827462528,,,,0
7835BG015393,688268.4517498557,5336310.827462528,,,,0
7835BG015124,688337.7999324356,5336348.6845540935,310.20000000000005,504.8334831460674,-194.63348314606736,89
7835BG015081,688337.7999324356,5336348.6845540935,,,,0
7835BG015231,688337.7999324356,5336348.6845540935,,,,0
7835BG016889,689746.6777043384,5335327.229871714,512.12,512.4970242214533,-0.3770242214533255,289
7835BG015551,689793.5924077998,5336802.791843468,505.50000000000006,508.49019047619043,-2.990190476190378,105
7835BG015462,689793.5924077998,5336802.791843468,,,,0
7835BG015574,689378.1007102532,5335115.069654377,512.9,511.60483333333326,1.2951666666667165,60
7835BG015575,689390.5734604686,5335155.623160847,513.0,511.9882954545455,1.0117045454545064,88
7835BG015576,689266.847607957,5335090.100916494,512.0999999999999,510.5906666666667,1.5093333333331884,45
7835BG015573,689324.5528786103,5335109.344353396,513.3,511.1001923076923,2.1998076923076724,52
7835BG015972,689324.5528786103,5335109.344353396,,,,0
7835BG015578,689285.0456591528,5335077.10659132,515.1,510.5915217391305,4.508478260869538,46
7835BG015567,689285.0456591528,5335077.10659132,,,,0
7835BG015566,689321.7933940394,5336375.275355271,509.59999999999997,510.44029126213593,-0.8402912621359633,103
7835BG015569,689872.4346660865,5335784.230314072,504.30000000000007,510.22212389380536,-5.922123893805292,113
7835BG015508,688775.9321625764,5336188.044279061,510.20000000000005,511.3755952380953,-1.1755952380952408,168
7835BG015565,689299.4383719508,5336374.75287901,510.19999999999993,510.4519417475728,-0.25194174757285737,103
7835BG015499,689567.3479058156,5335056.865613033,514.0999999999999,512.918947368421,1.1810526315789502,57
7835BG015577,689297.5175080644,5335117.659664604,514.0,511.0260784313725,2.9739215686274747,51
7835BG015568,689912.4652631087,5335794.113487248,509.5,510.2677391304349,-0.7677391304349044,115
7835BG015976,689912.4652631087,5335794.113487248,,,,0
7835BG008624,690097.6972502852,5336252.05791865,511.96999999999997,510.4524647887324,1.5175352112675569,142
7835BG017003,690097.6972502852,5336252.05791865,,,,0
7835BG015563,689271.3571475795,5336427.7778012045,510.80000000000007,510.3166666666667,0.4833333333333485,90
7835BG015564,689281.7627970167,5336365.392182095,511.1,510.5521999999999,0.5478000000001089,100
7835BG015552,689813.1400354798,5336808.617605657,508.40000000000003,508.5614150943396,-0.16141509433958845,106
7835BG016940,689813.1400354798,5336808.617605657,,,,0
7835BG016942,688797.6266201944,5335662.023914573,513.39,510.62378238341967,2.7662176165803203,193
7835BG015553,688797.6266201944,5335662.023914573,,,,0
7835BG015500,688797.6266201944,5335662.023914573,,,,0
7835BG015507,688708.3437187471,5336208.831439178,512.2,511.18864197530866,1.0113580246913898,162
7835BG015550,688708.3437187471,5336208.831439178,,,,0
7835BG015501,688708.3437187471,5336208.831439178,,,,0
7835BG015549,689827.3393537677,5336756.162453135,505.1,509.0093442622951,-3.9093442622950647,122
7835BG016965,689264.3887583688,5336037.0798432,512.09,511.08794642857146,1.0020535714285757,224
7835BG016964,689264.3887583688,5336037.0798432,,,,0
7835BG015788,689192.0819886937,5335130.851307755,426.8,513.53,-86.72999999999996,26
7835BG016941,689192.0819886937,5335130.851307755,,,,0
7835BG015772,688379.0418333379,5336336.157664175,508.6,503.3203092783505,5.2796907216495015,97
7835BG015889,688379.0418333379,5336336.157664175,,,,0
7835BG016165,688379.0418333379,5336336.157664175,,,,0
7835BG015947,688379.0418333379,5336336.157664175,,,,0
7835BG015948,688379.0418333379,5336336.157664175,,,,0
7835BG015962,689118.2149018226,5335056.654054591,514.9,510.4892,4.410799999999995,25
7835BG015877,689118.2149018226,5335056.654054591,,,,0
7835BG016885,689620.2312981652,5335397.191877043,514.05,512.6629276315789,1.3870723684210589,304
7835BG016886,689620.2312981652,5335397.191877043,,,,0
7835BG015902,689620.2312981652,5335397.191877043,,,,0
7835BG015903,689620.2312981652,5335397.191877043,,,,0
7835BG015954,689620.2312981652,5335397.191877043,,,,0
7835BG015925,688345.3054374026,5336199.892673739,511.5,502.9892553191489,8.510744680851076,94
7835BG015890,688345.3054374026,5336199.892673739,,,,0
7835BG016891,688345.3054374026,5336199.892673739,,,,0
7835BG015950,688345.3054374026,5336199.892673739,,,,0
7835BG016274,688345.3054374026,5336199.892673739,,,,0
7835BG015891,688345.3054374026,5336199.892673739,,,,0
7835BG016170,689328.4526680375,5336339.196197744,510.27,510.0660550458716,0.20394495412836022,109
7835BG015885,689328.4526680375,5336339.196197744,,,,0
7835BG016256,689328.4526680375,5336339.196197744,,,,0
7835BG016538,689328.4526680375,5336339.196197744,,,,0
7835BG016252,689328.4526680375,5336339.196197744,,,,0
7835BG016994,689328.4526680375,5336339.196197744,,,,0
7835BG016991,689328.4526680375,5336339.196197744,,,,0
7835BG015739,688215.660391483,5336671.477667243,515.0,505.05138888888894,9.948611111111063,36
7835BG015886,688215.660391483,5336671.477667243,,,,0
7835BG015888,688215.660391483,5336671.477667243,,,,0
7835BG015904,688215.660391483,5336671.477667243,,,,0
7835BG015905,688215.660391483,5336671.477667243,,,,0
7835BG015956,688215.660391483,5336671.477667243,,,,0
7835BG015955,688215.660391483,5336671.477667243,,,,0
7835BG016253,688215.660391483,5336671.477667243,,,,0
7835BG016993,688215.660391483,5336671.477667243,,,,0
7835BG017002,690104.1923420529,5336280.391967829,512.49,510.3989436619719,2.0910563380281246,142
7835BG015958,690104.1923420529,5336280.391967829,,,,0
7835BG015957,690104.1923420529,5336280.391967829,,,,0
7835BG016273,690104.1923420529,5336280.391967829,,,,0
7835BG015952,690104.1923420529,5336280.391967829,,,,0
7835BG016251,690104.1923420529,5336280.391967829,,,,0
7835BG016892,689752.545751927,5335382.391021977,509.23,512.480701754386,-3.250701754386,285
7835BG015951,689752.545751927,5335382.391021977,,,,0
7835BG015946,689752.545751927,5335382.391021977,,,,0
7835BG015945,689752.545751927,5335382.391021977,,,,0
7835BG015953,689752.545751927,5335382.391021977,,,,0
7835BG016294,689752.545751927,5335382.391021977,,,,0
7835BG016271,689752.545751927,5335382.391021977,,,,0
7835BG016893,689752.545751927,5335382.391021977,,,,0
7835BG016164,688360.1055932448,5335528.773065187,512.0699999999999,511.85390625,0.2160937499999136,64
7835BG015949,688360.1055932448,5335528.773065187,,,,0
7835BG016537,688360.1055932448,5335528.773065187,,,,0
7835BG016254,688360.1055932448,5335528.773065187,,,,0
7835BG015901,688360.1055932448,5335528.773065187,,,,0
7835BG016258,688360.1055932448,5335528.773065187,,,,0
7835BG016888,688360.1055932448,5335528.773065187,,,,0
7835BG015965,688360.1055932448,5335528.773065187,,,,0
7835BG016023,689179.9967797175,5336546.872868618,505.0,510.29480769230764,-5.294807692307643,52
7835BG016270,689179.9967797175,5336546.872868618,,,,0
7835BG016260,689179.9967797175,5336546.872868618,,,,0
7835BG016268,689179.9967797175,5336546.872868618,,,,0
7835BG016887,689655.3746459121,5335405.618167753,506.65,512.7618835616438,-6.111883561643822,292
7835BG016272,689655.3746459121,5335405.618167753,,,,0
7835BG016255,689655.3746459121,5335405.618167753,,,,0
7835BG016257,689655.3746459121,5335405.618167753,,,,0
7835BG016894,689654.9185938074,5335310.322285736,514.0,512.670487804878,1.3295121951219926,287
7835BG016539,689654.9185938074,5335310.322285736,,,,0
7835BG016904,688514.1770881098,5335712.208188105,513.4,511.7348113207547,1.6651886792452615,106
7835BG016902,688514.1770881098,5335712.208188105,,,,0
7835BG016753,688627.1276117086,5335874.9997988185,509.6,510.192641509434,-0.5926415094339745,159
7835BG016655,688627.1276117086,5335874.9997988185,,,,0
7835BG017092,688627.1276117086,5335874.9997988185,,,,0
7835BG017004,688627.1276117086,5335874.9997988185,,,,0
7835BG016903,688627.1276117086,5335874.9997988185,,,,0
7835BG017099,688627.1276117086,5335874.9997988185,,,,0
7835BG016800,688627.1276117086,5335874.9997988185,,,,0
7835BG017180,688817.7086739854,5335775.090419871,504.42999999999995,510.90942528735627,-6.479425287356321,261
7835BG017093,688817.7086739854,5335775.090419871,,,,0
7835BG016844,688817.7086739854,5335775.090419871,,,,0
7835BG017147,688384.2625963127,5335705.703947477,512.87,510.76432098765434,2.105679012345661,81
7835BG017107,688384.2625963127,5335705.703947477,,,,0
7835BG017105,689982.7390061559,5336192.650166363,509.9,511.00790960451974,-1.1079096045197616,177
7835BG016901,688346.3509416163,5335753.466031593,510.92999999999995,511.2348684210526,-0.3048684210526744,76
7835BG017102,689804.170168658,5336140.621393904,512.94,510.50565517241387,2.4343448275861874,145
7835BG017114,689804.170168658,5336140.621393904,,,,0
7835BG017112,689991.5868524644,5336253.9155955035,508.87,510.7117441860465,-1.8417441860464692,172
7835BG017116,689991.5868524644,5336253.9155955035,,,,0
7835BG016966,689991.5868524644,5336253.9155955035,,,,0
7835BG016992,689919.8547319144,5336147.692343216,459.2,511.2414754098361,-52.041475409836096,183
7835BG017148,689357.5406967434,5336065.011851185,464.14,510.7645595854923,-46.62455958549231,193
7835BG017104,689357.5406967434,5336065.011851185,,,,0
7835BG017457,689651.0263136085,5336119.857076876,459.49999999999994,509.8348148148148,-50.33481481481488,108
7835BG017101,689651.0263136085,5336119.857076876,,,,0
7835BG017324,688964.5760381436,5335305.468679917,514.1999999999999,511.9245283018867,2.275471698113222,53
7835BG017095,688964.5760381436,5335305.468679917,,,,0
7835BG017466,688964.5760381436,5335305.468679917,,,,0
7835BG017453,688964.5760381436,5335305.468679917,,,,0
7835BG017323,688968.4185258846,5335285.199731598,513.5,511.7991489361702,1.7008510638298162,47
7835BG017094,688968.4185258846,5335285.199731598,,,,0
7835BG017347,688350.1613691701,5336166.536033027,511.8,502.8877419354839,8.912258064516095,93
7835BG017097,688896.8176403418,5335769.921235221,513.0600000000001,510.9455172413794,2.1144827586206816,290
7835BG017096,688385.0631876355,5335786.43676245,510.92999999999995,511.2618181818181,-0.33181818181816425,88
7835BG017098,688385.0631876355,5335786.43676245,,,,0
7835BG017106,688385.0631876355,5335786.43676245,,,,0
7835BG017103,688385.0631876355,5335786.43676245,,,,0
7835BG017146,688346.5972205959,5335753.856227268,510.92999999999995,511.2348684210527,-0.30486842105273126,76
7835BG017348,688346.5972205959,5335753.856227268,,,,0
7835BG017113,688346.5972205959,5335753.856227268,,,,0
7835BG017377,688494.353082709,5335431.259122365,513.0999999999999,512.8948245614035,0.20517543859637044,114
7835BG017100,688494.353082709,5335431.259122365,,,,0
7835BG017960,688292.1829893398,5334964.550310119,512.9599999999999,513.4699999999999,-0.5099999999999909,44
7835BG009289,689429.4019856788,5336441.315969178,510.46999999999997,509.9424778761062,0.5275221238937888,113
7835BG010186,688713.6872214298,5335482.911781539,513.0400000000001,513.4200917431193,-0.38009174311923744,109
7835BG017464,688713.6872214298,5335482.911781539,,,,0
7835BG017471,688835.1917992327,5335828.61782965,462.12000000000006,510.9839272727273,-48.86392727272727,275
7835BG017961,688293.4774854262,5334988.032686848,513.27,513.4567307692307,-0.18673076923073495,52
7835BG017346,688331.3681858594,5336221.25456889,509.5,502.86184782608706,6.6381521739129425,92
7835BG017115,690079.9817868085,5336233.158509404,512.1999999999999,510.43833333333333,1.7616666666665992,150
7835BG017468,688777.4589179805,5335759.681988752,503.75000000000006,510.8002542372882,-7.050254237288129,236
7835BG017463,688508.9676541667,5335710.569828258,513.69,511.7122857142857,1.9777142857143417,105
7835BG017652,689554.139002969,5336321.314812389,510.95,510.34929203539826,0.6007079646017246,113
7835BG017117,689554.139002969,5336321.314812389,,,,0
7835BG017614,689554.139002969,5336321.314812389,,,,0
7835BG017613,689554.139002969,5336321.314812389,,,,0
7835BG017612,689554.139002969,5336321.314812389,,,,0
7835BG017325,688985.378935863,5335296.422397117,511.7,511.9849056603773,-0.28490566037731924,53
7835BG017458,688985.378935863,5335296.422397117,,,,0
7835BG017459,688985.378935863,5335296.422397117,,,,0
7835BG017651,689531.734719773,5336312.743620496,509.55000000000007,510.3416260162602,-0.7916260162601247,123
7835BG017793,688844.0553223388,5335041.261437548,519.67,513.701111111111,5.968888888888955,90
7835BG017794,688844.0553223388,5335041.261437548,,,,0
7835BG010646,689666.0776413525,5335464.471122085,514.54,512.6537113402062,1.8862886597937631,291
7835BG008651,689945.5213952307,5336274.444776925,512.63,510.8610795454546,1.7689204545454231,176
7835BG017469,689945.5213952307,5336274.444776925,,,,0
7835BG017465,688896.8176403418,5335769.921235221,511.79,510.9498965517241,0.8401034482758973,290
7835BG017467,688896.8176403418,5335769.921235221,,,,0
7835BG017653,689563.116190522,5336307.205036324,510.79999999999995,510.31348214285714,0.4865178571428146,112
7835BG017637,689563.116190522,5336307.205036324,,,,0
7835BG010608,688712.7753491043,5336114.991538324,512.4599999999999,510.3702673796791,2.089732620320831,187
7835BG009279,689514.9429338551,5336303.2962115565,509.15000000000003,510.00234375,-0.8523437499999886,128
7835BG017638,689514.9429338551,5336303.2962115565,,,,0
7835BG010147,689904.5904153399,5336800.467343057,501.9599999999999,509.10044642857144,-7.140446428571522,112
7835BG010184,689382.2347105069,5336143.620327663,511.38,510.1216279069768,1.2583720930231834,172
7835BG017991,688788.9858421464,5335679.773670535,514.14,510.6870646766169,3.4529353233830875,201
7835BG017990,688776.481356363,5335685.543329564,514.09,510.66811881188113,3.4218811881189026,202
7835BG017657,688776.481356363,5335685.543329564,,,,0
7835BG017658,688776.481356363,5335685.543329564,,,,0
7835BG017585,688752.8367419753,5336478.7545945505,510.9,510.626328125,0.2736718749999909,128
7835BG017631,689272.0915813157,5335975.525431022,491.0,511.30835443037984,-20.308354430379836,237
7835BG017630,689292.7309868126,5335972.876742716,491.7,511.2935193133047,-19.59351931330474,233
7835BG017629,689292.7309868126,5335972.876742716,,,,0
7835BG017628,689292.7309868126,5335972.876742716,,,,0
7835BG017627,689292.7309868126,5335972.876742716,,,,0
7835BG017624,689416.4909941053,5335769.095605476,499.9,511.4916585365854,-11.591658536585442,205
7835BG017625,689416.4909941053,5335769.095605476,,,,0
7835BG017626,689416.4909941053,5335769.095605476,,,,0
7835BG010617,688955.9060187319,5335875.977942643,512.64,510.80768976897684,1.8323102310231434,303
7835BG017623,688955.9060187319,5335875.977942643,,,,0
7835BG017622,688955.9060187319,5335875.977942643,,,,0
7835BG017620,688955.9060187319,5335875.977942643,,,,0
7835BG017619,688955.9060187319,5335875.977942643,,,,0
7835BG017618,688955.9060187319,5335875.977942643,,,,0
7835BG017616,688955.9060187319,5335875.977942643,,,,0
7835BG017617,688955.9060187319,5335875.977942643,,,,0
7835BG010663,689046.6562032118,5335649.05873617,511.88,510.85855468750003,1.0214453124999636,256
7835BG011951,688517.1089502631,5336351.983524808,509.69999999999993,506.2172972972973,3.4827027027026247,111
7835BG015789,688260.8168876364,5335451.296873356,463.5,512.7762500000001,-49.27625000000012,40
7835BG010178,689132.258483957,5335833.577856675,512.5500000000001,510.75259818731115,1.7974018126889177,331
7835BG010142,689452.9183468395,5336315.713489097,510.42,509.80830508474577,0.6116949152542475,118
7835BG010187,689155.4979157043,5335834.568671012,511.29999999999995,510.94972392638033,0.3502760736196251,326
7835BG011063,689146.727370122,5336113.955784097,511.38000000000005,511.04470319634703,0.33529680365302283,219
7835BG018209,688978.768857128,5335270.061255183,513.6,511.7165116279069,1.8834883720930975,43
7835BG018208,688988.8385587728,5335246.235847951,515.1,511.43944444444435,3.660555555555675,36
7835BG015104,688988.8385587728,5335246.235847951,,,,0
7835BG018051,690041.4136326977,5336205.83228805,459.42999999999995,510.8876646706587,-51.457664670658744,167
7835BG018604,688480.1582050617,5335311.9663595995,513.5,512.9859523809523,0.5140476190476875,126
7835BG018207,688983.5620988663,5335202.602737806,514.6,511.01766666666674,3.582333333333281,30
7835BG018886,689212.1104053084,5335909.947022879,511.99999999999994,511.1659246575343,0.8340753424656668,292
7835BG011973,688295.3679122119,5336804.88025359,510.99999999999994,510.4066666666667,0.5933333333332484,21
7835BG007739,688563.2882813835,5335850.245239711,509.53999999999996,510.79691056910565,-1.2569105691056848,123
7835BG007877,688532.452633447,5335083.6674386,514.33,513.62168,0.7083200000000716,125
7835BG012932,688297.3739660762,5335380.1289394535,512.85,511.8026086956521,1.0473913043479115,46
7835BG018864,688297.3739660762,5335380.1289394535,,,,0
7835BG018943,688363.5919641447,5336362.875969117,464.9,503.38836956521743,-38.488369565217454,92
7835BG009106,688667.7828993872,5336279.010395504,510.01000000000005,510.8623899371069,-0.8523899371068637,159
7835BG018944,688336.631584622,5336341.292915277,464.9,503.1886666666667,-38.2886666666667,90
7835BG018888,688351.6809372159,5336348.1143512335,507.0,502.84703296703304,4.152967032966956,91
