"ObjektID";"Gemeinde";"TK_Nr";"TK_Name";"Ansatzhoeh";"Endteufe";"Bohrjahr";"Bohrverf"
"7835BG015007";"München [München (Stadt)]";"7835";"München";"514,80";"20,60";"1965";"Rammkernbohrung"
"7835BG015006";"München [München (Stadt)]";"7835";"München";"515,00";"20,00";"1989";"Rammkernbohrung"
"7835BG015009";"München [München (Stadt)]";"7835";"München";"514,70";"14,85";"1965";"Rammkernbohrung"
"7835BG015008";"München [München (Stadt)]";"7835";"München";"515,30";"20,00";"1989";"Rammkernbohrung"
"7835BG013051";"München [München (Stadt)]";"7835";"München";"519,50";"10,00";"";"Bohrverfahren nicht bekannt"
"7835BG013056";"München [München (Stadt)]";"7835";"München";"519,20";"15,80";"";"Bohrverfahren nicht bekannt"
"7835BG013003";"München [München (Stadt)]";"7835";"München";"515,60";"30,00";"";"Bohrverfahren nicht bekannt"
"7835BG013004";"München [München (Stadt)]";"7835";"München";"516,00";"25,00";"";"Bohrverfahren nicht bekannt"
"7835BG013005";"München [München (Stadt)]";"7835";"München";"515,20";"24,80";"";"Bohrverfahren nicht bekannt"
"7835BG013057";"München [München (Stadt)]";"7835";"München";"519,60";"15,80";"";"Bohrverfahren nicht bekannt"
"7835BG013059";"München [München (Stadt)]";"7835";"München";"518,40";"15,00";"";"Bohrverfahren nicht bekannt"
"7835BG013061";"München [München (Stadt)]";"7835";"München";"521,00";"15,00";"";"Bohrverfahren nicht bekannt"
"7835BG013006";"München [München (Stadt)]";"7835";"München";"516,30";"20,00";"";"Bohrverfahren nicht bekannt"
"7835BG012870";"München [München (Stadt)]";"7835";"München";"518,30";"25,00";"";"Bohrverfahren nicht bekannt"
"7835BG012871";"München [München (Stadt)]";"7835";"München";"518,60";"31,60";"";"Bohrverfahren nicht bekannt"
"7835BG012873";"München [München (Stadt)]";"7835";"München";"519,40";"16,50";"";"Bohrverfahren nicht bekannt"
"7835BG013071";"München [München (Stadt)]";"7835";"München";"521,40";"25,00";"";"Bohrverfahren nicht bekannt"
"7835BG013013";"München [München (Stadt)]";"7835";"München";"514,70";"15,20";"";"Bohrverfahren nicht bekannt"
"7835BG013014";"München [München (Stadt)]";"7835";"München";"514,40";"20,00";"";"Bohrverfahren nicht bekannt"
"7835BG013015";"München [München (Stadt)]";"7835";"München";"514,70";"15,00";"";"Bohrverfahren nicht bekannt"
"7835BG012875";"München [München (Stadt)]";"7835";"München";"517,70";"29,80";"";"Bohrverfahren nicht bekannt"
"7835BG012876";"München [München (Stadt)]";"7835";"München";"517,60";"20,00";"";"Bohrverfahren nicht bekannt"
"7835BG012877";"München [München (Stadt)]";"7835";"München";"517,80";"15,00";"";"Bohrverfahren nicht bekannt"
"7835BG013066";"München [München (Stadt)]";"7835";"München";"517,20";"15,00";"";"Bohrverfahren nicht bekannt"
"7835BG013067";"München [München (Stadt)]";"7835";"München";"514,20";"12,00";"";"Bohrverfahren nicht bekannt"
"7835BG013016";"München [München (Stadt)]";"7835";"München";"515,50";"20,00";"";"Bohrverfahren nicht bekannt"
"7835BG013017";"München [München (Stadt)]";"7835";"München";"515,30";"20,00";"";"Bohrverfahren nicht bekannt"
"7835BG012909";"München [München (Stadt)]";"7835";"München";"521,50";"40,00";"";"Bohrverfahren nicht bekannt"
"7835BG012958";"München [München (Stadt)]";"7835";"München";"515,60";"16,85";"";"Bohrverfahren nicht bekannt"
"7835BG012915";"München [München (Stadt)]";"7835";"München";"517,40";"15,00";"";"Bohrverfahren nicht bekannt"
"7835BG012916";"München [München (Stadt)]";"7835";"München";"516,90";"10,20";"";"Bohrverfahren nicht bekannt"
"7835BG012919";"München [München (Stadt)]";"7835";"München";"519,20";"20,03";"";"Bohrverfahren nicht bekannt"
"7835BG012920";"München [München (Stadt)]";"7835";"München";"516,00";"20,00";"";"Bohrverfahren nicht bekannt"
"7835BG012921";"München [München (Stadt)]";"7835";"München";"515,40";"15,00";"";"Bohrverfahren nicht bekannt"
"7835BG012924";"München [München (Stadt)]";"7835";"München";"515,00";"15,00";"";"Bohrverfahren nicht bekannt"
"7835BG012881";"München [München (Stadt)]";"7835";"München";"516,70";"10,00";"";"Bohrverfahren nicht bekannt"
"7835BG012882";"München [München (Stadt)]";"7835";"München";"516,40";"10,00";"";"Bohrverfahren nicht bekannt"
"7835BG012883";"München [München (Stadt)]";"7835";"München";"516,80";"20,00";"";"Bohrverfahren nicht bekannt"
"7835BG012886";"München [München (Stadt)]";"7835";"München";"516,50";"20,00";"";"Bohrverfahren nicht bekannt"
"7835BG012925";"München [München (Stadt)]";"7835";"München";"516,20";"10,00";"";"Bohrverfahren nicht bekannt"
"7835BG012926";"München [München (Stadt)]";"7835";"München";"516,90";"12,00";"";"Bohrverfahren nicht bekannt"
"7835BG012927";"München [München (Stadt)]";"7835";"München";"516,80";"12,00";"";"Bohrverfahren nicht bekannt"
"7835BG012928";"München [München (Stadt)]";"7835";"München";"516,30";"15,00";"";"Bohrverfahren nicht bekannt"
"7835BG012888";"München [München (Stadt)]";"7835";"München";"515,70";"15,00";"";"Bohrverfahren nicht bekannt"
"7835BG012889";"München [München (Stadt)]";"7835";"München";"516,10";"13,00";"";"Bohrverfahren nicht bekannt"
"7835BG012892";"München [München (Stadt)]";"7835";"München";"520,80";"20,00";"";"Bohrverfahren nicht bekannt"
"7835BG012893";"München [München (Stadt)]";"7835";"München";"520,70";"20,00";"";"Bohrverfahren nicht bekannt"
"7835BG012894";"München [München (Stadt)]";"7835";"München";"516,60";"20,00";"";"Bohrverfahren nicht bekannt"
"7835BG013079";"München [München (Stadt)]";"7835";"München";"519,30";"30,57";"";"Bohrverfahren nicht bekannt"
"7835BG013081";"München [München (Stadt)]";"7835";"München";"519,80";"20,00";"";"Bohrverfahren nicht bekannt"
"7835BG013120";"München [München (Stadt)]";"7835";"München";"513,50";"12,00";"";"Bohrverfahren nicht bekannt"
"7835BG013082";"München [München (Stadt)]";"7835";"München";"519,10";"20,02";"";"Bohrverfahren nicht bekannt"
"7835BG013083";"München [München (Stadt)]";"7835";"München";"518,90";"19,96";"";"Bohrverfahren nicht bekannt"
"7835BG013084";"München [München (Stadt)]";"7835";"München";"519,80";"25,00";"";"Bohrverfahren nicht bekannt"
"7835BG013085";"München [München (Stadt)]";"7835";"München";"520,10";"25,00";"";"Bohrverfahren nicht bekannt"
"7835BG013128";"München [München (Stadt)]";"7835";"München";"515,90";"12,00";"";"Bohrverfahren nicht bekannt"
"7835BG012896";"München [München (Stadt)]";"7835";"München";"518,10";"20,00";"";"Bohrverfahren nicht bekannt"
"7835BG012897";"München [München (Stadt)]";"7835";"München";"518,00";"30,00";"";"Bohrverfahren nicht bekannt"
"7835BG012898";"München [München (Stadt)]";"7835";"München";"518,00";"20,00";"";"Bohrverfahren nicht bekannt"
"7835BG012899";"München [München (Stadt)]";"7835";"München";"518,30";"20,00";"";"Bohrverfahren nicht bekannt"
"7835BG012900";"München [München (Stadt)]";"7835";"München";"518,20";"25,00";"";"Bohrverfahren nicht bekannt"
"7835BG012902";"München [München (Stadt)]";"7835";"München";"517,90";"15,20";"";"Bohrverfahren nicht bekannt"
"7835BG012903";"München [München (Stadt)]";"7835";"München";"518,00";"15,50";"";"Bohrverfahren nicht bekannt"
"7835BG012904";"München [München (Stadt)]";"7835";"München";"504,80";"13,00";"";"Bohrverfahren nicht bekannt"
"7835BG013087";"München [München (Stadt)]";"7835";"München";"517,60";"31,00";"";"Bohrverfahren nicht bekannt"
"7835BG013088";"München [München (Stadt)]";"7835";"München";"520,00";"20,00";"";"Bohrverfahren nicht bekannt"
"7835BG013089";"München [München (Stadt)]";"7835";"München";"520,00";"25,00";"";"Bohrverfahren nicht bekannt"
"7835BG013090";"München [München (Stadt)]";"7835";"München";"519,60";"15,00";"";"Bohrverfahren nicht bekannt"
"7835BG013091";"München [München (Stadt)]";"7835";"München";"520,30";"15,50";"";"Bohrverfahren nicht bekannt"
"7835BG013093";"München [München (Stadt)]";"7835";"München";"520,70";"17,50";"";"Bohrverfahren nicht bekannt"
"7835BG012907";"München [München (Stadt)]";"7835";"München";"522,20";"30,00";"";"Bohrverfahren nicht bekannt"
"7835BG012908";"München [München (Stadt)]";"7835";"München";"521,60";"30,00";"";"Bohrverfahren nicht bekannt"
"7835BG012951";"München [München (Stadt)]";"7835";"München";"516,60";"15,00";"";"Bohrverfahren nicht bekannt"
"7835BG012952";"München [München (Stadt)]";"7835";"München";"516,30";"12,00";"";"Bohrverfahren nicht bekannt"
"7835BG012953";"München [München (Stadt)]";"7835";"München";"515,30";"11,00";"";"Bohrverfahren nicht bekannt"
"7835BG013353";"München [München (Stadt)]";"7835";"München";"516,87";"33,07";"";"Bohrverfahren nicht bekannt"
"7835BG013354";"München [München (Stadt)]";"7835";"München";"516,69";"33,69";"";"Bohrverfahren nicht bekannt"
"7835BG013360";"München [München (Stadt)]";"7835";"München";"520,05";"18,60";"1980";"Bohrverfahren nicht bekannt"
"7835BG013367";"München [München (Stadt)]";"7835";"München";"518,25";"18,55";"1980";"Bohrverfahren nicht bekannt"
"7835BG013370";"München [München (Stadt)]";"7835";"München";"520,00";"300,00";"1979";"Bohrverfahren nicht bekannt"
"7835BG011386";"München [München (Stadt)]";"7835";"München";"515,55";"18,00";"1989";"Bohrverfahren nicht bekannt"
"7835BG011393";"München [München (Stadt)]";"7835";"München";"516,94";"10,20";"1987";"Bohrverfahren nicht bekannt"
"7835BG011395";"München [München (Stadt)]";"7835";"München";"517,90";"16,00";"1988";"Bohrverfahren nicht bekannt"
"7835BG011396";"München [München (Stadt)]";"7835";"München";"517,70";"9,00";"1988";"Bohrverfahren nicht bekannt"
"7835BG011955";"München [München (Stadt)]";"7835";"München";"516,80";"18,20";"";"Bohrverfahren nicht bekannt"
"7835BG011956";"München [München (Stadt)]";"7835";"München";"515,40";"15,00";"";"Bohrverfahren nicht bekannt"
"7835BG011958";"München [München (Stadt)]";"7835";"München";"516,10";"15,00";"";"Bohrverfahren nicht bekannt"
"7835BG011959";"München [München (Stadt)]";"7835";"München";"515,80";"20,40";"";"Bohrverfahren nicht bekannt"
"7835BG011986";"München [München (Stadt)]";"7835";"München";"513,70";"15,00";"";"Bohrverfahren nicht bekannt"
"7835BG011987";"München [München (Stadt)]";"7835";"München";"513,70";"20,00";"";"Bohrverfahren nicht bekannt"
"7835BG011967";"München [München (Stadt)]";"7835";"München";"516,60";"15,00";"";"Bohrverfahren nicht bekannt"
"7835BG011974";"München [München (Stadt)]";"7835";"München";"519,70";"10,50";"";"Bohrverfahren nicht bekannt"
"7835BG011379";"München [München (Stadt)]";"7835";"München";"517,06";"15,00";"1988";"Bohrverfahren nicht bekannt"
"7835BG011381";"München [München (Stadt)]";"7835";"München";"518,36";"32,50";"1992";"Bohrverfahren nicht bekannt"
"7835BG011382";"München [München (Stadt)]";"7835";"München";"517,64";"32,50";"1992";"Bohrverfahren nicht bekannt"
"7835BG011975";"München [München (Stadt)]";"7835";"München";"519,70";"14,00";"";"Bohrverfahren nicht bekannt"
"7835BG011976";"München [München (Stadt)]";"7835";"München";"519,60";"11,50";"";"Bohrverfahren nicht bekannt"
"7835BG011979";"München [München (Stadt)]";"7835";"München";"518,00";"20,00";"";"Bohrverfahren nicht bekannt"
"7835BG011980";"München [München (Stadt)]";"7835";"München";"521,80";"25,00";"";"Bohrverfahren nicht bekannt"
"7835BG011904";"München [München (Stadt)]";"7835";"München";"517,60";"15,00";"";"Bohrverfahren nicht bekannt"
"7835BG011905";"München [München (Stadt)]";"7835";"München";"517,90";"15,00";"";"Bohrverfahren nicht bekannt"
"7835BG012472";"München [München (Stadt)]";"7835";"München";"514,30";"8,00";"";"Bohrverfahren nicht bekannt"
"7835BG012473";"München [München (Stadt)]";"7835";"München";"514,30";"8,10";"";"Bohrverfahren nicht bekannt"
"7835BG011908";"München [München (Stadt)]";"7835";"München";"520,70";"8,60";"";"Bohrverfahren nicht bekannt"
"7835BG011909";"München [München (Stadt)]";"7835";"München";"521,20";"10,00";"";"Bohrverfahren nicht bekannt"
"7835BG012003";"München [München (Stadt)]";"7835";"München";"515,50";"15,25";"";"Bohrverfahren nicht bekannt"
"7835BG011930";"München [München (Stadt)]";"7835";"München";"518,70";"15,00";"";"Bohrverfahren nicht bekannt"
"7835BG011931";"München [München (Stadt)]";"7835";"München";"518,70";"15,00";"";"Bohrverfahren nicht bekannt"
"7835BG011932";"München [München (Stadt)]";"7835";"München";"518,70";"15,00";"";"Bohrverfahren nicht bekannt"
"7835BG011933";"München [München (Stadt)]";"7835";"München";"518,70";"15,00";"";"Bohrverfahren nicht bekannt"
"7835BG011934";"München [München (Stadt)]";"7835";"München";"517,80";"27,00";"";"Bohrverfahren nicht bekannt"
"7835BG012029";"München [München (Stadt)]";"7835";"München";"516,30";"15,60";"";"Bohrverfahren nicht bekannt"
"7835BG012341";"München [München (Stadt)]";"7835";"München";"519,90";"22,50";"";"Bohrverfahren nicht bekannt"
"7835BG012342";"München [München (Stadt)]";"7835";"München";"520,00";"21,60";"";"Bohrverfahren nicht bekannt"
"7835BG012476";"München [München (Stadt)]";"7835";"München";"513,95";"10,00";"";"Bohrverfahren nicht bekannt"
"7835BG012477";"München [München (Stadt)]";"7835";"München";"514,40";"10,00";"";"Bohrverfahren nicht bekannt"
"7835BG012007";"München [München (Stadt)]";"7835";"München";"515,50";"15,00";"";"Bohrverfahren nicht bekannt"
"7835BG012008";"München [München (Stadt)]";"7835";"München";"515,50";"15,00";"";"Bohrverfahren nicht bekannt"
"7835BG012009";"München [München (Stadt)]";"7835";"München";"515,50";"15,00";"";"Bohrverfahren nicht bekannt"
"7835BG012030";"München [München (Stadt)]";"7835";"München";"515,70";"40,50";"";"Bohrverfahren nicht bekannt"
"7835BG012031";"München [München (Stadt)]";"7835";"München";"515,50";"20,60";"";"Bohrverfahren nicht bekannt"
"7835BG012033";"München [München (Stadt)]";"7835";"München";"515,20";"15,10";"";"Bohrverfahren nicht bekannt"
"7835BG012224";"München [München (Stadt)]";"7835";"München";"514,80";"14,80";"";"Bohrverfahren nicht bekannt"
"7835BG012225";"München [München (Stadt)]";"7835";"München";"514,70";"15,55";"";"Bohrverfahren nicht bekannt"
"7835BG012381";"München [München (Stadt)]";"7835";"München";"519,00";"20,51";"";"Bohrverfahren nicht bekannt"
"7835BG012382";"München [München (Stadt)]";"7835";"München";"519,10";"19,98";"";"Bohrverfahren nicht bekannt"
"7835BG011910";"München [München (Stadt)]";"7835";"München";"521,10";"10,00";"";"Bohrverfahren nicht bekannt"
"7835BG012197";"München [München (Stadt)]";"7835";"München";"509,40";"20,25";"";"Bohrverfahren nicht bekannt"
"7835BG012198";"München [München (Stadt)]";"7835";"München";"508,60";"20,30";"";"Bohrverfahren nicht bekannt"
"7835BG012226";"München [München (Stadt)]";"7835";"München";"514,60";"15,50";"";"Bohrverfahren nicht bekannt"
"7835BG012227";"München [München (Stadt)]";"7835";"München";"514,70";"14,85";"";"Bohrverfahren nicht bekannt"
"7835BG011939";"München [München (Stadt)]";"7835";"München";"519,80";"12,00";"";"Bohrverfahren nicht bekannt"
"7835BG011941";"München [München (Stadt)]";"7835";"München";"519,90";"17,00";"";"Bohrverfahren nicht bekannt"
"7835BG011942";"München [München (Stadt)]";"7835";"München";"519,80";"16,00";"";"Bohrverfahren nicht bekannt"
"7835BG011989";"München [München (Stadt)]";"7835";"München";"518,70";"20,00";"";"Bohrverfahren nicht bekannt"
"7835BG011990";"München [München (Stadt)]";"7835";"München";"518,60";"35,00";"";"Bohrverfahren nicht bekannt"
"7835BG012013";"München [München (Stadt)]";"7835";"München";"516,90";"8,00";"";"Bohrverfahren nicht bekannt"
"7835BG012014";"München [München (Stadt)]";"7835";"München";"517,20";"8,00";"";"Bohrverfahren nicht bekannt"
"7835BG011916";"München [München (Stadt)]";"7835";"München";"517,50";"16,00";"";"Bohrverfahren nicht bekannt"
"7835BG011917";"München [München (Stadt)]";"7835";"München";"517,20";"14,50";"";"Bohrverfahren nicht bekannt"
"7835BG012202";"München [München (Stadt)]";"7835";"München";"511,50";"17,95";"";"Bohrverfahren nicht bekannt"
"7835BG012204";"München [München (Stadt)]";"7835";"München";"511,10";"14,30";"";"Bohrverfahren nicht bekannt"
"7835BG012205";"München [München (Stadt)]";"7835";"München";"510,50";"15,15";"";"Bohrverfahren nicht bekannt"
"7835BG012207";"München [München (Stadt)]";"7835";"München";"515,60";"20,00";"";"Bohrverfahren nicht bekannt"
"7835BG011892";"München [München (Stadt)]";"7835";"München";"517,50";"10,10";"";"Bohrverfahren nicht bekannt"
"7835BG011893";"München [München (Stadt)]";"7835";"München";"517,50";"7,20";"";"Bohrverfahren nicht bekannt"
"7835BG011894";"München [München (Stadt)]";"7835";"München";"516,70";"10,20";"";"Bohrverfahren nicht bekannt"
"7835BG011992";"München [München (Stadt)]";"7835";"München";"517,20";"10,00";"";"Bohrverfahren nicht bekannt"
"7835BG011993";"München [München (Stadt)]";"7835";"München";"517,10";"10,10";"";"Bohrverfahren nicht bekannt"
"7835BG012017";"München [München (Stadt)]";"7835";"München";"516,90";"12,00";"";"Bohrverfahren nicht bekannt"
"7835BG011943";"München [München (Stadt)]";"7835";"München";"520,40";"12,00";"";"Bohrverfahren nicht bekannt"
"7835BG011944";"München [München (Stadt)]";"7835";"München";"520,30";"12,00";"";"Bohrverfahren nicht bekannt"
"7835BG011945";"München [München (Stadt)]";"7835";"München";"518,10";"20,00";"";"Bohrverfahren nicht bekannt"
"7835BG011947";"München [München (Stadt)]";"7835";"München";"518,90";"20,00";"";"Bohrverfahren nicht bekannt"
"7835BG011948";"München [München (Stadt)]";"7835";"München";"520,20";"15,00";"";"Bohrverfahren nicht bekannt"
"7835BG011996";"München [München (Stadt)]";"7835";"München";"516,60";"15,15";"";"Bohrverfahren nicht bekannt"
"7835BG012018";"München [München (Stadt)]";"7835";"München";"519,60";"20,00";"";"Bohrverfahren nicht bekannt"
"7835BG012019";"München [München (Stadt)]";"7835";"München";"516,00";"20,00";"";"Bohrverfahren nicht bekannt"
"7835BG012020";"München [München (Stadt)]";"7835";"München";"515,20";"15,00";"";"Bohrverfahren nicht bekannt"
"7835BG012042";"München [München (Stadt)]";"7835";"München";"521,30";"20,00";"";"Bohrverfahren nicht bekannt"
"7835BG012044";"München [München (Stadt)]";"7835";"München";"517,70";"17,00";"";"Bohrverfahren nicht bekannt"
"7835BG012045";"München [München (Stadt)]";"7835";"München";"517,70";"18,10";"";"Bohrverfahren nicht bekannt"
"7835BG012463";"München [München (Stadt)]";"7835";"München";"513,70";"12,00";"";"Bohrverfahren nicht bekannt"
"7835BG011896";"München [München (Stadt)]";"7835";"München";"516,90";"10,20";"";"Bohrverfahren nicht bekannt"
"7835BG011897";"München [München (Stadt)]";"7835";"München";"516,80";"12,30";"";"Bohrverfahren nicht bekannt"
"7835BG011898";"München [München (Stadt)]";"7835";"München";"516,50";"10,00";"";"Bohrverfahren nicht bekannt"
"7835BG011899";"München [München (Stadt)]";"7835";"München";"517,00";"12,00";"";"Bohrverfahren nicht bekannt"
"7835BG011997";"München [München (Stadt)]";"7835";"München";"516,60";"15,25";"";"Bohrverfahren nicht bekannt"
"7835BG011998";"München [München (Stadt)]";"7835";"München";"516,60";"15,00";"";"Bohrverfahren nicht bekannt"
"7835BG012022";"München [München (Stadt)]";"7835";"München";"514,90";"15,00";"";"Bohrverfahren nicht bekannt"
"7835BG012023";"München [München (Stadt)]";"7835";"München";"515,00";"20,55";"";"Bohrverfahren nicht bekannt"
"7835BG011949";"München [München (Stadt)]";"7835";"München";"520,20";"15,00";"";"Bohrverfahren nicht bekannt"
"7835BG011950";"München [München (Stadt)]";"7835";"München";"516,00";"12,00";"";"Bohrverfahren nicht bekannt"
"7835BG011952";"München [München (Stadt)]";"7835";"München";"516,50";"20,00";"";"Bohrverfahren nicht bekannt"
"7835BG011953";"München [München (Stadt)]";"7835";"München";"516,60";"15,00";"";"Bohrverfahren nicht bekannt"
"7835BG011954";"München [München (Stadt)]";"7835";"München";"516,60";"15,00";"";"Bohrverfahren nicht bekannt"
"7835BG012464";"München [München (Stadt)]";"7835";"München";"514,10";"12,00";"";"Bohrverfahren nicht bekannt"
"7835BG012465";"München [München (Stadt)]";"7835";"München";"513,70";"12,50";"";"Bohrverfahren nicht bekannt"
"7835BG012000";"München [München (Stadt)]";"7835";"München";"515,50";"15,20";"";"Bohrverfahren nicht bekannt"
"7835BG012001";"München [München (Stadt)]";"7835";"München";"515,50";"15,20";"";"Bohrverfahren nicht bekannt"
"7835BG012002";"München [München (Stadt)]";"7835";"München";"515,50";"15,20";"";"Bohrverfahren nicht bekannt"
"7835BG012024";"München [München (Stadt)]";"7835";"München";"515,20";"4,75";"";"Bohrverfahren nicht bekannt"
"7835BG012025";"München [München (Stadt)]";"7835";"München";"515,20";"14,70";"";"Bohrverfahren nicht bekannt"
"7835BG012028";"München [München (Stadt)]";"7835";"München";"516,30";"18,50";"";"Bohrverfahren nicht bekannt"
"7835BG012468";"München [München (Stadt)]";"7835";"München";"515,00";"10,00";"";"Bohrverfahren nicht bekannt"
"7835BG012469";"München [München (Stadt)]";"7835";"München";"514,40";"10,00";"";"Bohrverfahren nicht bekannt"
"7835BG012397";"München [München (Stadt)]";"7835";"München";"520,20";"10,00";"";"Bohrverfahren nicht bekannt"
"7835BG012398";"München [München (Stadt)]";"7835";"München";"520,20";"10,00";"";"Bohrverfahren nicht bekannt"
"7835BG012847";"München [München (Stadt)]";"7835";"München";"516,80";"12,30";"";"Bohrverfahren nicht bekannt"
"7835BG010387";"München [München (Stadt)]";"7835";"München";"515,82";"37,00";"1982";"Bohrverfahren nicht bekannt"
"7835BG012116";"München [München (Stadt)]";"7835";"München";"514,30";"11,50";"";"Bohrverfahren nicht bekannt"
"7835BG012117";"München [München (Stadt)]";"7835";"München";"514,30";"12,00";"";"Bohrverfahren nicht bekannt"
"7835BG012560";"München [München (Stadt)]";"7835";"München";"515,80";"18,00";"";"Bohrverfahren nicht bekannt"
"7835BG012561";"München [München (Stadt)]";"7835";"München";"515,80";"14,00";"";"Bohrverfahren nicht bekannt"
"7835BG012119";"München [München (Stadt)]";"7835";"München";"514,30";"13,00";"";"Bohrverfahren nicht bekannt"
"7835BG012120";"München [München (Stadt)]";"7835";"München";"514,30";"17,00";"";"Bohrverfahren nicht bekannt"
"7835BG012301";"München [München (Stadt)]";"7835";"München";"519,50";"10,00";"";"Bohrverfahren nicht bekannt"
"7835BG012302";"München [München (Stadt)]";"7835";"München";"518,90";"12,00";"";"Bohrverfahren nicht bekannt"
"7835BG012303";"München [München (Stadt)]";"7835";"München";"519,10";"12,00";"";"Bohrverfahren nicht bekannt"
"7835BG012305";"München [München (Stadt)]";"7835";"München";"518,50";"15,00";"";"Bohrverfahren nicht bekannt"
"7835BG012306";"München [München (Stadt)]";"7835";"München";"519,50";"18,35";"";"Bohrverfahren nicht bekannt"
"7835BG012309";"München [München (Stadt)]";"7835";"München";"521,20";"15,00";"";"Bohrverfahren nicht bekannt"
"7835BG012311";"München [München (Stadt)]";"7835";"München";"519,40";"8,00";"";"Bohrverfahren nicht bekannt"
"7835BG012312";"München [München (Stadt)]";"7835";"München";"520,20";"10,00";"";"Bohrverfahren nicht bekannt"
"7835BG012848";"München [München (Stadt)]";"7835";"München";"517,20";"15,00";"";"Bohrverfahren nicht bekannt"
"7835BG012849";"München [München (Stadt)]";"7835";"München";"516,40";"12,00";"";"Bohrverfahren nicht bekannt"
"7835BG012850";"München [München (Stadt)]";"7835";"München";"516,80";"10,00";"";"Bohrverfahren nicht bekannt"
"7835BG012852";"München [München (Stadt)]";"7835";"München";"517,50";"12,00";"";"Bohrverfahren nicht bekannt"
"7835BG012853";"München [München (Stadt)]";"7835";"München";"517,80";"15,00";"";"Bohrverfahren nicht bekannt"
"7835BG012854";"München [München (Stadt)]";"7835";"München";"517,80";"18,00";"";"Bohrverfahren nicht bekannt"
"7835BG012131";"München [München (Stadt)]";"7835";"München";"516,60";"10,00";"";"Bohrverfahren nicht bekannt"
"7835BG012132";"München [München (Stadt)]";"7835";"München";"516,60";"10,50";"";"Bohrverfahren nicht bekannt"
"7835BG012133";"München [München (Stadt)]";"7835";"München";"516,40";"10,30";"";"Bohrverfahren nicht bekannt"
"7835BG012134";"München [München (Stadt)]";"7835";"München";"516,10";"10,20";"";"Bohrverfahren nicht bekannt"
"7835BG012136";"München [München (Stadt)]";"7835";"München";"518,00";"10,00";"";"Bohrverfahren nicht bekannt"
"7835BG012383";"München [München (Stadt)]";"7835";"München";"518,95";"20,42";"";"Bohrverfahren nicht bekannt"
"7835BG012313";"München [München (Stadt)]";"7835";"München";"521,10";"10,00";"";"Bohrverfahren nicht bekannt"
"7835BG012314";"München [München (Stadt)]";"7835";"München";"519,00";"17,00";"";"Bohrverfahren nicht bekannt"
"7835BG012385";"München [München (Stadt)]";"7835";"München";"518,90";"19,96";"";"Bohrverfahren nicht bekannt"
"7835BG012386";"München [München (Stadt)]";"7835";"München";"520,00";"19,60";"";"Bohrverfahren nicht bekannt"
"7835BG012387";"München [München (Stadt)]";"7835";"München";"517,60";"20,00";"";"Bohrverfahren nicht bekannt"
"7835BG012388";"München [München (Stadt)]";"7835";"München";"520,00";"18,50";"";"Bohrverfahren nicht bekannt"
"7835BG012862";"München [München (Stadt)]";"7835";"München";"517,20";"20,00";"";"Bohrverfahren nicht bekannt"
"7835BG012864";"München [München (Stadt)]";"7835";"München";"517,30";"18,00";"";"Bohrverfahren nicht bekannt"
"7835BG012865";"München [München (Stadt)]";"7835";"München";"517,50";"18,00";"";"Bohrverfahren nicht bekannt"
"7835BG012866";"München [München (Stadt)]";"7835";"München";"517,40";"18,00";"";"Bohrverfahren nicht bekannt"
"7835BG012489";"München [München (Stadt)]";"7835";"München";"513,50";"12,00";"";"Bohrverfahren nicht bekannt"
"7835BG012490";"München [München (Stadt)]";"7835";"München";"513,50";"10,00";"";"Bohrverfahren nicht bekannt"
"7835BG012491";"München [München (Stadt)]";"7835";"München";"513,50";"12,10";"";"Bohrverfahren nicht bekannt"
"7835BG012541";"München [München (Stadt)]";"7835";"München";"516,70";"15,00";"";"Bohrverfahren nicht bekannt"
"7835BG012542";"München [München (Stadt)]";"7835";"München";"516,00";"15,00";"";"Bohrverfahren nicht bekannt"
"7835BG012543";"München [München (Stadt)]";"7835";"München";"516,50";"15,00";"";"Bohrverfahren nicht bekannt"
"7835BG012544";"München [München (Stadt)]";"7835";"München";"516,40";"19,00";"";"Bohrverfahren nicht bekannt"
"7835BG010373";"München [München (Stadt)]";"7835";"München";"516,74";"15,80";"1981";"Bohrverfahren nicht bekannt"
"7835BG012145";"München [München (Stadt)]";"7835";"München";"515,50";"20,30";"";"Bohrverfahren nicht bekannt"
"7835BG012147";"München [München (Stadt)]";"7835";"München";"515,50";"25,60";"";"Bohrverfahren nicht bekannt"
"7835BG012324";"München [München (Stadt)]";"7835";"München";"514,70";"15,00";"";"Bohrverfahren nicht bekannt"
"7835BG012389";"München [München (Stadt)]";"7835";"München";"519,70";"18,10";"";"Bohrverfahren nicht bekannt"
"7835BG012337";"München [München (Stadt)]";"7835";"München";"519,40";"12,00";"";"Bohrverfahren nicht bekannt"
"7835BG012339";"München [München (Stadt)]";"7835";"München";"519,50";"12,00";"";"Bohrverfahren nicht bekannt"
"7835BG012340";"München [München (Stadt)]";"7835";"München";"519,40";"12,00";"";"Bohrverfahren nicht bekannt"
"7835BG012391";"München [München (Stadt)]";"7835";"München";"519,90";"15,00";"";"Bohrverfahren nicht bekannt"
"7835BG012392";"München [München (Stadt)]";"7835";"München";"519,10";"15,00";"";"Bohrverfahren nicht bekannt"
"7835BG012394";"München [München (Stadt)]";"7835";"München";"519,20";"18,00";"";"Bohrverfahren nicht bekannt"
"7835BG012441";"München [München (Stadt)]";"7835";"München";"510,80";"5,00";"";"Bohrverfahren nicht bekannt"
"7835BG012442";"München [München (Stadt)]";"7835";"München";"511,60";"11,00";"";"Bohrverfahren nicht bekannt"
"7835BG012443";"München [München (Stadt)]";"7835";"München";"512,40";"12,00";"";"Bohrverfahren nicht bekannt"
"7835BG012446";"München [München (Stadt)]";"7835";"München";"511,30";"7,00";"";"Bohrverfahren nicht bekannt"
"7835BG012869";"München [München (Stadt)]";"7835";"München";"517,80";"26,50";"";"Bohrverfahren nicht bekannt"
"7835BG010380";"München [München (Stadt)]";"7835";"München";"508,89";"24,00";"1980";"Bohrverfahren nicht bekannt"
"7835BG012148";"München [München (Stadt)]";"7835";"München";"515,50";"21,00";"";"Bohrverfahren nicht bekannt"
"7835BG010600";"München [München (Stadt)]";"7835";"München";"517,49";"35,00";"1973";"Bohrverfahren nicht bekannt"
"7835BG010601";"München [München (Stadt)]";"7835";"München";"516,51";"23,00";"1970";"Bohrverfahren nicht bekannt"
"7835BG010603";"München [München (Stadt)]";"7835";"München";"516,86";"27,60";"1970";"Bohrverfahren nicht bekannt"
"7835BG010604";"München [München (Stadt)]";"7835";"München";"518,36";"36,50";"1973";"Bohrverfahren nicht bekannt"
"7835BG010606";"München [München (Stadt)]";"7835";"München";"516,76";"40,00";"1970";"Bohrverfahren nicht bekannt"
"7835BG010607";"München [München (Stadt)]";"7835";"München";"518,44";"35,00";"1973";"Bohrverfahren nicht bekannt"
"7835BG010614";"München [München (Stadt)]";"7835";"München";"519,95";"59,00";"1970";"Bohrverfahren nicht bekannt"
"7835BG010615";"München [München (Stadt)]";"7835";"München";"519,95";"32,00";"1973";"Bohrverfahren nicht bekannt"
"7835BG010618";"München [München (Stadt)]";"7835";"München";"519,76";"30,00";"1973";"Bohrverfahren nicht bekannt"
"7835BG010619";"München [München (Stadt)]";"7835";"München";"519,35";"60,20";"1970";"Bohrverfahren nicht bekannt"
"7835BG010610";"München [München (Stadt)]";"7835";"München";"517,84";"35,00";"1970";"Bohrverfahren nicht bekannt"
"7835BG010611";"München [München (Stadt)]";"7835";"München";"520,20";"30,20";"1973";"Bohrverfahren nicht bekannt"
"7835BG010612";"München [München (Stadt)]";"7835";"München";"518,67";"30,00";"1970";"Bohrverfahren nicht bekannt"
"7835BG010394";"München [München (Stadt)]";"7835";"München";"515,94";"16,80";"1982";"Bohrverfahren nicht bekannt"
"7835BG010395";"München [München (Stadt)]";"7835";"München";"516,19";"16,00";"1982";"Bohrverfahren nicht bekannt"
"7835BG010396";"München [München (Stadt)]";"7835";"München";"515,13";"12,30";"1982";"Bohrverfahren nicht bekannt"
"7835BG010401";"München [München (Stadt)]";"7835";"München";"515,96";"15,30";"1982";"Bohrverfahren nicht bekannt"
"7835BG010882";"München [München (Stadt)]";"7835";"München";"516,04";"11,20";"1978";"Bohrverfahren nicht bekannt"
"7835BG010883";"München [München (Stadt)]";"7835";"München";"519,22";"35,40";"1979";"Bohrverfahren nicht bekannt"
"7835BG010641";"München [München (Stadt)]";"7835";"München";"520,06";"34,00";"1970";"Bohrverfahren nicht bekannt"
"7835BG010642";"München [München (Stadt)]";"7835";"München";"518,62";"16,50";"1973";"Bohrverfahren nicht bekannt"
"7835BG010643";"München [München (Stadt)]";"7835";"München";"520,19";"30,00";"1970";"Bohrverfahren nicht bekannt"
"7835BG010645";"München [München (Stadt)]";"7835";"München";"520,08";"33,20";"1970";"Bohrverfahren nicht bekannt"
"7835BG010683";"München [München (Stadt)]";"7835";"München";"515,37";"13,00";"1970";"Bohrverfahren nicht bekannt"
"7835BG010684";"München [München (Stadt)]";"7835";"München";"515,40";"9,50";"1974";"Bohrverfahren nicht bekannt"
"7835BG011118";"München [München (Stadt)]";"7835";"München";"515,73";"20,00";"1970";"Bohrverfahren nicht bekannt"
"7835BG011120";"München [München (Stadt)]";"7835";"München";"517,19";"25,90";"1974";"Bohrverfahren nicht bekannt"
"7835BG010648";"München [München (Stadt)]";"7835";"München";"518,36";"17,00";"1973";"Bohrverfahren nicht bekannt"
"7835BG010649";"München [München (Stadt)]";"7835";"München";"519,93";"30,00";"1970";"Bohrverfahren nicht bekannt"
"7835BG010650";"München [München (Stadt)]";"7835";"München";"519,94";"16,70";"1974";"Bohrverfahren nicht bekannt"
"7835BG010998";"München [München (Stadt)]";"7835";"München";"520,22";"18,20";"1975";"Bohrverfahren nicht bekannt"
"7835BG011123";"München [München (Stadt)]";"7835";"München";"515,81";"28,00";"1970";"Bohrverfahren nicht bekannt"
"7835BG010652";"München [München (Stadt)]";"7835";"München";"519,21";"35,00";"1978";"Bohrverfahren nicht bekannt"
"7835BG010653";"München [München (Stadt)]";"7835";"München";"520,09";"16,90";"1975";"Bohrverfahren nicht bekannt"
"7835BG010654";"München [München (Stadt)]";"7835";"München";"520,20";"17,00";"1979";"Bohrverfahren nicht bekannt"
"7835BG011124";"München [München (Stadt)]";"7835";"München";"517,16";"30,00";"1973";"Bohrverfahren nicht bekannt"
"7835BG011125";"München [München (Stadt)]";"7835";"München";"516,05";"25,50";"1970";"Bohrverfahren nicht bekannt"
"7835BG011127";"München [München (Stadt)]";"7835";"München";"516,14";"33,70";"1970";"Bohrverfahren nicht bekannt"
"7835BG011128";"München [München (Stadt)]";"7835";"München";"516,12";"32,00";"1970";"Bohrverfahren nicht bekannt"
"7835BG010656";"München [München (Stadt)]";"7835";"München";"519,31";"35,50";"1975";"Bohrverfahren nicht bekannt"
"7835BG010658";"München [München (Stadt)]";"7835";"München";"518,80";"32,90";"1970";"Bohrverfahren nicht bekannt"
"7835BG010620";"München [München (Stadt)]";"7835";"München";"519,29";"31,50";"1973";"Bohrverfahren nicht bekannt"
"7835BG010660";"München [München (Stadt)]";"7835";"München";"517,81";"28,00";"1970";"Bohrverfahren nicht bekannt"
"7835BG010661";"München [München (Stadt)]";"7835";"München";"517,70";"20,70";"1974";"Bohrverfahren nicht bekannt"
"7835BG010622";"München [München (Stadt)]";"7835";"München";"519,21";"36,00";"1973";"Bohrverfahren nicht bekannt"
"7835BG010623";"München [München (Stadt)]";"7835";"München";"520,60";"56,00";"1970";"Bohrverfahren nicht bekannt"
"7835BG010625";"München [München (Stadt)]";"7835";"München";"518,09";"60,00";"1970";"Bohrverfahren nicht bekannt"
"7835BG010626";"München [München (Stadt)]";"7835";"München";"519,19";"35,00";"1973";"Bohrverfahren nicht bekannt"
"7835BG010662";"München [München (Stadt)]";"7835";"München";"517,43";"29,00";"1970";"Bohrverfahren nicht bekannt"
"7835BG010664";"München [München (Stadt)]";"7835";"München";"515,76";"28,00";"1970";"Bohrverfahren nicht bekannt"
"7835BG010665";"München [München (Stadt)]";"7835";"München";"515,32";"20,50";"1974";"Bohrverfahren nicht bekannt"
"7835BG010667";"München [München (Stadt)]";"7835";"München";"519,24";"35,80";"1975";"Bohrverfahren nicht bekannt"
"7835BG010824";"München [München (Stadt)]";"7835";"München";"516,66";"23,00";"1978";"Bohrverfahren nicht bekannt"
"7835BG010832";"München [München (Stadt)]";"7835";"München";"516,53";"23,00";"1977";"Bohrverfahren nicht bekannt"
"7835BG010629";"München [München (Stadt)]";"7835";"München";"519,65";"37,00";"1973";"Bohrverfahren nicht bekannt"
"7835BG010630";"München [München (Stadt)]";"7835";"München";"519,94";"35,00";"1970";"Bohrverfahren nicht bekannt"
"7835BG010669";"München [München (Stadt)]";"7835";"München";"515,20";"17,00";"1970";"Bohrverfahren nicht bekannt"
"7835BG010671";"München [München (Stadt)]";"7835";"München";"515,23";"11,90";"1975";"Bohrverfahren nicht bekannt"
"7835BG010672";"München [München (Stadt)]";"7835";"München";"515,93";"31,00";"1970";"Bohrverfahren nicht bekannt"
"7835BG010631";"München [München (Stadt)]";"7835";"München";"519,48";"33,70";"1973";"Bohrverfahren nicht bekannt"
"7835BG010633";"München [München (Stadt)]";"7835";"München";"519,32";"36,50";"1973";"Bohrverfahren nicht bekannt"
"7835BG010634";"München [München (Stadt)]";"7835";"München";"519,29";"30,00";"1970";"Bohrverfahren nicht bekannt"
"7835BG010635";"München [München (Stadt)]";"7835";"München";"519,40";"40,00";"1974";"Bohrverfahren nicht bekannt"
"7835BG010639";"München [München (Stadt)]";"7835";"München";"519,80";"34,00";"1972";"Bohrverfahren nicht bekannt"
"7835BG010673";"München [München (Stadt)]";"7835";"München";"519,39";"16,50";"1986";"Bohrverfahren nicht bekannt"
"7835BG010675";"München [München (Stadt)]";"7835";"München";"516,59";"14,40";"1974";"Bohrverfahren nicht bekannt"
"7835BG010676";"München [München (Stadt)]";"7835";"München";"515,37";"33,00";"1970";"Bohrverfahren nicht bekannt"
"7835BG010677";"München [München (Stadt)]";"7835";"München";"518,78";"17,70";"1974";"Bohrverfahren nicht bekannt"
"7835BG010680";"München [München (Stadt)]";"7835";"München";"519,60";"17,10";"1974";"Bohrverfahren nicht bekannt"
"7835BG010682";"München [München (Stadt)]";"7835";"München";"515,70";"15,80";"1978";"Bohrverfahren nicht bekannt"
"7835BG010836";"München [München (Stadt)]";"7835";"München";"516,36";"23,00";"1978";"Bohrverfahren nicht bekannt"
"7835BG010886";"München [München (Stadt)]";"7835";"München";"518,52";"30,80";"1978";"Bohrverfahren nicht bekannt"
"7835BG010799";"München [München (Stadt)]";"7835";"München";"520,23";"16,40";"1979";"Bohrverfahren nicht bekannt"
"7835BG010890";"München [München (Stadt)]";"7835";"München";"518,12";"38,00";"1977";"Bohrverfahren nicht bekannt"
"7835BG010891";"München [München (Stadt)]";"7835";"München";"518,59";"35,30";"1977";"Bohrverfahren nicht bekannt"
"7835BG010893";"München [München (Stadt)]";"7835";"München";"519,35";"17,20";"1980";"Bohrverfahren nicht bekannt"
"7835BG010989";"München [München (Stadt)]";"7835";"München";"516,74";"14,10";"1978";"Bohrverfahren nicht bekannt"
"7835BG010990";"München [München (Stadt)]";"7835";"München";"517,68";"15,40";"1974";"Bohrverfahren nicht bekannt"
"7835BG010994";"München [München (Stadt)]";"7835";"München";"518,15";"16,50";"1978";"Bohrverfahren nicht bekannt"
"7835BG010995";"München [München (Stadt)]";"7835";"München";"516,11";"19,00";"1974";"Bohrverfahren nicht bekannt"
"7835BG010997";"München [München (Stadt)]";"7835";"München";"519,69";"17,00";"1978";"Bohrverfahren nicht bekannt"
"7835BG009076";"München [München (Stadt)]";"7835";"München";"515,07";"12,00";"1957";"Bohrverfahren nicht bekannt"
"7835BG009077";"München [München (Stadt)]";"7835";"München";"515,32";"12,00";"1957";"Bohrverfahren nicht bekannt"
"7835BG009078";"München [München (Stadt)]";"7835";"München";"515,38";"13,00";"1957";"Bohrverfahren nicht bekannt"
"7835BG009080";"München [München (Stadt)]";"7835";"München";"515,98";"8,00";"1957";"Bohrverfahren nicht bekannt"
"7835BG009250";"München [München (Stadt)]";"7835";"München";"513,46";"16,00";"1957";"Bohrverfahren nicht bekannt"
"7835BG009251";"München [München (Stadt)]";"7835";"München";"516,90";"25,00";"1957";"Bohrverfahren nicht bekannt"
"7835BG009253";"München [München (Stadt)]";"7835";"München";"516,19";"15,00";"1957";"Bohrverfahren nicht bekannt"
"7835BG009254";"München [München (Stadt)]";"7835";"München";"515,42";"16,00";"1957";"Bohrverfahren nicht bekannt"
"7835BG009255";"München [München (Stadt)]";"7835";"München";"514,19";"16,00";"1957";"Bohrverfahren nicht bekannt"
"7835BG010957";"München [München (Stadt)]";"7835";"München";"515,74";"12,00";"1973";"Bohrverfahren nicht bekannt"
"7835BG010963";"München [München (Stadt)]";"7835";"München";"516,48";"11,20";"1979";"Bohrverfahren nicht bekannt"
"7835BG010964";"München [München (Stadt)]";"7835";"München";"516,61";"11,00";"1980";"Bohrverfahren nicht bekannt"
"7835BG010966";"München [München (Stadt)]";"7835";"München";"515,15";"8,00";"1979";"Bohrverfahren nicht bekannt"
"7835BG009257";"München [München (Stadt)]";"7835";"München";"520,19";"20,00";"1958";"Bohrverfahren nicht bekannt"
"7835BG009258";"München [München (Stadt)]";"7835";"München";"519,33";"20,00";"1958";"Bohrverfahren nicht bekannt"
"7835BG009260";"München [München (Stadt)]";"7835";"München";"518,53";"20,00";"1958";"Bohrverfahren nicht bekannt"
"7835BG009261";"München [München (Stadt)]";"7835";"München";"517,42";"20,00";"1958";"Bohrverfahren nicht bekannt"
"7835BG008556";"München [München (Stadt)]";"7835";"München";"516,05";"17,50";"1986";"Bohrverfahren nicht bekannt"
"7835BG011103";"München [München (Stadt)]";"7835";"München";"516,35";"25,35";"1974";"Bohrverfahren nicht bekannt"
"7835BG011105";"München [München (Stadt)]";"7835";"München";"516,54";"33,75";"1973";"Bohrverfahren nicht bekannt"
"7835BG008621";"München [München (Stadt)]";"7835";"München";"515,15";"15,30";"1969";"Bohrverfahren nicht bekannt"
"7835BG008623";"München [München (Stadt)]";"7835";"München";"516,71";"31,50";"1965";"Bohrverfahren nicht bekannt"
"7835BG009091";"München [München (Stadt)]";"7835";"München";"515,50";"8,50";"1957";"Bohrverfahren nicht bekannt"
"7835BG009095";"München [München (Stadt)]";"7835";"München";"516,92";"9,20";"1957";"Bohrverfahren nicht bekannt"
"7835BG009097";"München [München (Stadt)]";"7835";"München";"517,61";"9,30";"1957";"Bohrverfahren nicht bekannt"
"7835BG009098";"München [München (Stadt)]";"7835";"München";"517,13";"9,20";"1957";"Bohrverfahren nicht bekannt"
"7835BG009262";"München [München (Stadt)]";"7835";"München";"517,15";"20,00";"1958";"Bohrverfahren nicht bekannt"
"7835BG009264";"München [München (Stadt)]";"7835";"München";"518,11";"15,00";"1958";"Bohrverfahren nicht bekannt"
"7835BG009265";"München [München (Stadt)]";"7835";"München";"521,27";"22,10";"1963";"Bohrverfahren nicht bekannt"
"7835BG009269";"München [München (Stadt)]";"7835";"München";"517,78";"15,00";"1957";"Bohrverfahren nicht bekannt"
"7835BG009270";"München [München (Stadt)]";"7835";"München";"517,96";"25,00";"1957";"Bohrverfahren nicht bekannt"
"7835BG009272";"München [München (Stadt)]";"7835";"München";"518,22";"25,00";"1957";"Bohrverfahren nicht bekannt"
"7835BG009273";"München [München (Stadt)]";"7835";"München";"517,50";"15,00";"1957";"Bohrverfahren nicht bekannt"
"7835BG009274";"München [München (Stadt)]";"7835";"München";"516,30";"15,00";"1957";"Bohrverfahren nicht bekannt"
"7835BG009276";"München [München (Stadt)]";"7835";"München";"517,99";"20,00";"1957";"Bohrverfahren nicht bekannt"
"7835BG011048";"München [München (Stadt)]";"7835";"München";"515,27";"30,00";"1973";"Bohrverfahren nicht bekannt"
"7835BG011109";"München [München (Stadt)]";"7835";"München";"516,51";"35,00";"1973";"Bohrverfahren nicht bekannt"
"7835BG009277";"München [München (Stadt)]";"7835";"München";"518,22";"20,00";"1957";"Bohrverfahren nicht bekannt"
"7835BG009280";"München [München (Stadt)]";"7835";"München";"516,73";"20,00";"1959";"Bohrverfahren nicht bekannt"
"7835BG009281";"München [München (Stadt)]";"7835";"München";"516,15";"20,00";"1958";"Bohrverfahren nicht bekannt"
"7835BG009283";"München [München (Stadt)]";"7835";"München";"515,21";"20,00";"1958";"Bohrverfahren nicht bekannt"
"7835BG011091";"München [München (Stadt)]";"7835";"München";"515,46";"33,00";"1973";"Bohrverfahren nicht bekannt"
"7835BG010983";"München [München (Stadt)]";"7835";"München";"514,91";"9,50";"1984";"Bohrverfahren nicht bekannt"
"7835BG010985";"München [München (Stadt)]";"7835";"München";"518,35";"12,50";"1981";"Bohrverfahren nicht bekannt"
"7835BG009285";"München [München (Stadt)]";"7835";"München";"516,03";"20,00";"1958";"Bohrverfahren nicht bekannt"
"7835BG009287";"München [München (Stadt)]";"7835";"München";"520,13";"20,00";"1958";"Bohrverfahren nicht bekannt"
"7835BG009288";"München [München (Stadt)]";"7835";"München";"519,99";"20,00";"1958";"Bohrverfahren nicht bekannt"
"7835BG011061";"München [München (Stadt)]";"7835";"München";"518,09";"13,50";"1979";"Bohrverfahren nicht bekannt"
"7835BG011062";"München [München (Stadt)]";"7835";"München";"518,22";"13,50";"1979";"Bohrverfahren nicht bekannt"
"7835BG011064";"München [München (Stadt)]";"7835";"München";"517,90";"12,50";"1980";"Bohrverfahren nicht bekannt"
"7835BG011066";"München [München (Stadt)]";"7835";"München";"517,48";"14,80";"1980";"Bohrverfahren nicht bekannt"
"7835BG011068";"München [München (Stadt)]";"7835";"München";"517,61";"13,80";"1980";"Bohrverfahren nicht bekannt"
"7835BG011112";"München [München (Stadt)]";"7835";"München";"516,20";"28,00";"1973";"Bohrverfahren nicht bekannt"
"7835BG011116";"München [München (Stadt)]";"7835";"München";"516,21";"28,00";"1973";"Bohrverfahren nicht bekannt"
"7835BG008587";"München [München (Stadt)]";"7835";"München";"514,03";"21,00";"1969";"Bohrverfahren nicht bekannt"
"7835BG008589";"München [München (Stadt)]";"7835";"München";"514,62";"18,20";"1965";"Bohrverfahren nicht bekannt"
"7835BG009242";"München [München (Stadt)]";"7835";"München";"515,27";"20,00";"1958";"Bohrverfahren nicht bekannt"
"7835BG009245";"München [München (Stadt)]";"7835";"München";"514,65";"20,00";"1957";"Bohrverfahren nicht bekannt"
"7835BG009246";"München [München (Stadt)]";"7835";"München";"514,69";"20,00";"1958";"Bohrverfahren nicht bekannt"
"7835BG009247";"München [München (Stadt)]";"7835";"München";"514,12";"16,00";"1957";"Bohrverfahren nicht bekannt"
"7835BG009249";"München [München (Stadt)]";"7835";"München";"517,10";"20,00";"1957";"Bohrverfahren nicht bekannt"
"7835BG008591";"München [München (Stadt)]";"7835";"München";"515,30";"10,00";"1965";"Bohrverfahren nicht bekannt"
"7835BG008593";"München [München (Stadt)]";"7835";"München";"515,62";"12,20";"1965";"Bohrverfahren nicht bekannt"
"7835BG008594";"München [München (Stadt)]";"7835";"München";"515,44";"20,40";"1969";"Bohrverfahren nicht bekannt"
"7835BG008596";"München [München (Stadt)]";"7835";"München";"515,53";"24,50";"1969";"Bohrverfahren nicht bekannt"
"7835BG008597";"München [München (Stadt)]";"7835";"München";"515,38";"22,00";"1966";"Bohrverfahren nicht bekannt"
"7835BG008598";"München [München (Stadt)]";"7835";"München";"515,69";"10,00";"1965";"Bohrverfahren nicht bekannt"
"7835BG008600";"München [München (Stadt)]";"7835";"München";"515,13";"8,50";"1970";"Bohrverfahren nicht bekannt"
"7835BG008601";"München [München (Stadt)]";"7835";"München";"515,81";"22,00";"1968";"Bohrverfahren nicht bekannt"
"7835BG008602";"München [München (Stadt)]";"7835";"München";"515,40";"22,00";"1971";"Bohrverfahren nicht bekannt"
"7835BG008607";"München [München (Stadt)]";"7835";"München";"514,99";"23,00";"1966";"Bohrverfahren nicht bekannt"
"7835BG011098";"München [München (Stadt)]";"7835";"München";"515,74";"30,00";"1973";"Bohrverfahren nicht bekannt"
"7835BG009614";"München [München (Stadt)]";"7835";"München";"516,57";"9,30";"1978";"Bohrverfahren nicht bekannt"
"7835BG009146";"München [München (Stadt)]";"7835";"München";"517,40";"9,00";"1957";"Bohrverfahren nicht bekannt"
"7835BG009147";"München [München (Stadt)]";"7835";"München";"516,90";"9,00";"1957";"Bohrverfahren nicht bekannt"
"7835BG008734";"München [München (Stadt)]";"7835";"München";"515,58";"16,00";"1984";"Bohrverfahren nicht bekannt"
"7835BG008736";"München [München (Stadt)]";"7835";"München";"515,39";"14,00";"1984";"Bohrverfahren nicht bekannt"
"7835BG008667";"München [München (Stadt)]";"7835";"München";"520,91";"10,00";"1965";"Bohrverfahren nicht bekannt"
"7835BG008668";"München [München (Stadt)]";"7835";"München";"519,58";"9,00";"1964";"Bohrverfahren nicht bekannt"
"7835BG008669";"München [München (Stadt)]";"7835";"München";"519,05";"8,00";"1965";"Bohrverfahren nicht bekannt"
"7835BG008738";"München [München (Stadt)]";"7835";"München";"513,60";"12,00";"1984";"Bohrverfahren nicht bekannt"
"7835BG009203";"München [München (Stadt)]";"7835";"München";"519,29";"10,00";"1957";"Bohrverfahren nicht bekannt"
"7835BG009204";"München [München (Stadt)]";"7835";"München";"519,20";"10,00";"1957";"Bohrverfahren nicht bekannt"
"7835BG009205";"München [München (Stadt)]";"7835";"München";"518,99";"10,00";"1957";"Bohrverfahren nicht bekannt"
"7835BG009207";"München [München (Stadt)]";"7835";"München";"518,91";"10,00";"1957";"Bohrverfahren nicht bekannt"
"7835BG009208";"München [München (Stadt)]";"7835";"München";"519,07";"10,00";"1957";"Bohrverfahren nicht bekannt"
"7835BG009209";"München [München (Stadt)]";"7835";"München";"519,40";"10,00";"1957";"Bohrverfahren nicht bekannt"
"7835BG009148";"München [München (Stadt)]";"7835";"München";"516,62";"9,00";"1958";"Bohrverfahren nicht bekannt"
"7835BG009150";"München [München (Stadt)]";"7835";"München";"516,59";"20,00";"1958";"Bohrverfahren nicht bekannt"
"7835BG009151";"München [München (Stadt)]";"7835";"München";"517,75";"20,00";"1958";"Bohrverfahren nicht bekannt"
"7835BG009152";"München [München (Stadt)]";"7835";"München";"518,00";"20,00";"1958";"Bohrverfahren nicht bekannt"
"7835BG009465";"München [München (Stadt)]";"7835";"München";"518,39";"20,00";"1973";"Bohrverfahren nicht bekannt"
"7835BG008626";"München [München (Stadt)]";"7835";"München";"512,67";"20,05";"1965";"Bohrverfahren nicht bekannt"
"7835BG008627";"München [München (Stadt)]";"7835";"München";"515,85";"35,70";"1969";"Bohrverfahren nicht bekannt"
"7835BG008628";"München [München (Stadt)]";"7835";"München";"515,15";"16,40";"1967";"Bohrverfahren nicht bekannt"
"7835BG008630";"München [München (Stadt)]";"7835";"München";"516,19";"12,00";"1968";"Bohrverfahren nicht bekannt"
"7835BG008631";"München [München (Stadt)]";"7835";"München";"515,32";"16,20";"1969";"Bohrverfahren nicht bekannt"
"7835BG008632";"München [München (Stadt)]";"7835";"München";"516,79";"28,00";"1965";"Bohrverfahren nicht bekannt"
"7835BG009161";"München [München (Stadt)]";"7835";"München";"515,93";"11,20";"1957";"Bohrverfahren nicht bekannt"
"7835BG009162";"München [München (Stadt)]";"7835";"München";"517,19";"7,70";"1957";"Bohrverfahren nicht bekannt"
"7835BG009163";"München [München (Stadt)]";"7835";"München";"516,69";"6,70";"1957";"Bohrverfahren nicht bekannt"
"7835BG009218";"München [München (Stadt)]";"7835";"München";"512,54";"20,00";"1958";"Bohrverfahren nicht bekannt"
"7835BG009219";"München [München (Stadt)]";"7835";"München";"512,34";"20,00";"1958";"Bohrverfahren nicht bekannt"
"7835BG009220";"München [München (Stadt)]";"7835";"München";"512,53";"20,00";"1958";"Bohrverfahren nicht bekannt"
"7835BG009222";"München [München (Stadt)]";"7835";"München";"515,07";"20,00";"1958";"Bohrverfahren nicht bekannt"
"7835BG009223";"München [München (Stadt)]";"7835";"München";"519,48";"20,00";"1963";"Bohrverfahren nicht bekannt"
"7835BG009099";"München [München (Stadt)]";"7835";"München";"517,08";"8,50";"1957";"Bohrverfahren nicht bekannt"
"7835BG009101";"München [München (Stadt)]";"7835";"München";"516,77";"8,00";"1957";"Bohrverfahren nicht bekannt"
"7835BG009102";"München [München (Stadt)]";"7835";"München";"517,02";"6,70";"1957";"Bohrverfahren nicht bekannt"
"7835BG009103";"München [München (Stadt)]";"7835";"München";"516,94";"7,00";"1957";"Bohrverfahren nicht bekannt"
"7835BG009165";"München [München (Stadt)]";"7835";"München";"518,02";"8,20";"1957";"Bohrverfahren nicht bekannt"
"7835BG009166";"München [München (Stadt)]";"7835";"München";"520,11";"20,00";"1958";"Bohrverfahren nicht bekannt"
"7835BG009167";"München [München (Stadt)]";"7835";"München";"519,83";"15,15";"1957";"Bohrverfahren nicht bekannt"
"7835BG009169";"München [München (Stadt)]";"7835";"München";"518,65";"17,00";"1957";"Bohrverfahren nicht bekannt"
"7835BG009171";"München [München (Stadt)]";"7835";"München";"517,94";"20,50";"1958";"Bohrverfahren nicht bekannt"
"7835BG009173";"München [München (Stadt)]";"7835";"München";"513,10";"20,00";"1958";"Bohrverfahren nicht bekannt"
"7835BG009105";"München [München (Stadt)]";"7835";"München";"516,76";"7,00";"1957";"Bohrverfahren nicht bekannt"
"7835BG009108";"München [München (Stadt)]";"7835";"München";"516,70";"8,00";"1957";"Bohrverfahren nicht bekannt"
"7835BG009109";"München [München (Stadt)]";"7835";"München";"516,48";"8,00";"1957";"Bohrverfahren nicht bekannt"
"7835BG009110";"München [München (Stadt)]";"7835";"München";"517,23";"9,00";"1957";"Bohrverfahren nicht bekannt"
"7835BG011364";"München [München (Stadt)]";"7835";"München";"519,98";"18,00";"1975";"Bohrverfahren nicht bekannt"
"7835BG011365";"München [München (Stadt)]";"7835";"München";"519,58";"18,20";"1975";"Bohrverfahren nicht bekannt"
"7835BG011367";"München [München (Stadt)]";"7835";"München";"520,04";"17,60";"1975";"Bohrverfahren nicht bekannt"
"7835BG008502";"München [München (Stadt)]";"7835";"München";"516,49";"29,97";"2002";"Bohrverfahren nicht bekannt"
"7835BG008504";"München [München (Stadt)]";"7835";"München";"516,63";"34,00";"2002";"Bohrverfahren nicht bekannt"
"7835BG008505";"München [München (Stadt)]";"7835";"München";"516,46";"34,00";"2002";"Bohrverfahren nicht bekannt"
"7835BG008634";"München [München (Stadt)]";"7835";"München";"514,93";"24,50";"1965";"Bohrverfahren nicht bekannt"
"7835BG008635";"München [München (Stadt)]";"7835";"München";"513,99";"11,00";"1988";"Bohrverfahren nicht bekannt"
"7835BG008636";"München [München (Stadt)]";"7835";"München";"514,77";"27,30";"1966";"Bohrverfahren nicht bekannt"
"7835BG008638";"München [München (Stadt)]";"7835";"München";"517,65";"12,50";"1966";"Bohrverfahren nicht bekannt"
"7835BG008639";"München [München (Stadt)]";"7835";"München";"514,45";"25,00";"1966";"Bohrverfahren nicht bekannt"
"7835BG008641";"München [München (Stadt)]";"7835";"München";"514,53";"25,00";"1965";"Bohrverfahren nicht bekannt"
"7835BG008642";"München [München (Stadt)]";"7835";"München";"513,80";"10,00";"1967";"Bohrverfahren nicht bekannt"
"7835BG009224";"München [München (Stadt)]";"7835";"München";"519,34";"20,00";"1963";"Bohrverfahren nicht bekannt"
"7835BG008643";"München [München (Stadt)]";"7835";"München";"515,15";"21,10";"1969";"Bohrverfahren nicht bekannt"
"7835BG008645";"München [München (Stadt)]";"7835";"München";"515,73";"8,40";"1969";"Bohrverfahren nicht bekannt"
"7835BG008646";"München [München (Stadt)]";"7835";"München";"515,10";"25,00";"1965";"Bohrverfahren nicht bekannt"
"7835BG008647";"München [München (Stadt)]";"7835";"München";"515,69";"9,20";"1966";"Bohrverfahren nicht bekannt"
"7835BG008893";"München [München (Stadt)]";"7835";"München";"516,95";"9,50";"1967";"Bohrverfahren nicht bekannt"
"7835BG008894";"München [München (Stadt)]";"7835";"München";"515,49";"23,30";"1968";"Bohrverfahren nicht bekannt"
"7835BG008895";"München [München (Stadt)]";"7835";"München";"516,33";"31,15";"1968";"Bohrverfahren nicht bekannt"
"7835BG009174";"München [München (Stadt)]";"7835";"München";"513,28";"20,00";"1958";"Bohrverfahren nicht bekannt"
"7835BG009176";"München [München (Stadt)]";"7835";"München";"517,19";"11,00";"1957";"Bohrverfahren nicht bekannt"
"7835BG009177";"München [München (Stadt)]";"7835";"München";"517,43";"11,00";"1957";"Bohrverfahren nicht bekannt"
"7835BG009178";"München [München (Stadt)]";"7835";"München";"517,39";"10,00";"1957";"Bohrverfahren nicht bekannt"
"7835BG009228";"München [München (Stadt)]";"7835";"München";"515,39";"8,50";"1958";"Bohrverfahren nicht bekannt"
"7835BG009230";"München [München (Stadt)]";"7835";"München";"515,59";"10,00";"1957";"Bohrverfahren nicht bekannt"
"7835BG009231";"München [München (Stadt)]";"7835";"München";"515,29";"14,00";"1957";"Bohrverfahren nicht bekannt"
"7835BG009232";"München [München (Stadt)]";"7835";"München";"514,59";"9,00";"1957";"Bohrverfahren nicht bekannt"
"7835BG009291";"München [München (Stadt)]";"7835";"München";"515,08";"10,00";"1982";"Bohrverfahren nicht bekannt"
"7835BG009292";"München [München (Stadt)]";"7835";"München";"515,93";"12,00";"1991";"Bohrverfahren nicht bekannt"
"7835BG009121";"München [München (Stadt)]";"7835";"München";"515,50";"20,00";"1957";"Bohrverfahren nicht bekannt"
"7835BG009189";"München [München (Stadt)]";"7835";"München";"514,47";"8,50";"1957";"Bohrverfahren nicht bekannt"
"7835BG009190";"München [München (Stadt)]";"7835";"München";"514,10";"8,50";"1957";"Bohrverfahren nicht bekannt"
"7835BG008506";"München [München (Stadt)]";"7835";"München";"515,66";"36,40";"2002";"Rotationskernbohrung"
"7835BG009123";"München [München (Stadt)]";"7835";"München";"516,06";"9,00";"1957";"Bohrverfahren nicht bekannt"
"7835BG009124";"München [München (Stadt)]";"7835";"München";"515,46";"9,00";"1957";"Bohrverfahren nicht bekannt"
"7835BG009125";"München [München (Stadt)]";"7835";"München";"516,42";"3,95";"1957";"Bohrverfahren nicht bekannt"
"7835BG009127";"München [München (Stadt)]";"7835";"München";"516,79";"9,00";"1957";"Bohrverfahren nicht bekannt"
"7835BG008649";"München [München (Stadt)]";"7835";"München";"519,60";"25,00";"1966";"Bohrverfahren nicht bekannt"
"7835BG008650";"München [München (Stadt)]";"7835";"München";"520,20";"25,10";"1966";"Bohrverfahren nicht bekannt"
"7835BG008653";"München [München (Stadt)]";"7835";"München";"520,36";"25,00";"1965";"Bohrverfahren nicht bekannt"
"7835BG008654";"München [München (Stadt)]";"7835";"München";"519,51";"11,00";"1966";"Bohrverfahren nicht bekannt"
"7835BG008656";"München [München (Stadt)]";"7835";"München";"520,69";"25,00";"1966";"Bohrverfahren nicht bekannt"
"7835BG008657";"München [München (Stadt)]";"7835";"München";"514,75";"9,10";"1969";"Bohrverfahren nicht bekannt"
"7835BG008661";"München [München (Stadt)]";"7835";"München";"519,99";"12,00";"1966";"Bohrverfahren nicht bekannt"
"7835BG008663";"München [München (Stadt)]";"7835";"München";"515,78";"33,50";"1970";"Bohrverfahren nicht bekannt"
"7835BG008664";"München [München (Stadt)]";"7835";"München";"520,84";"25,00";"1965";"Bohrverfahren nicht bekannt"
"7835BG009192";"München [München (Stadt)]";"7835";"München";"515,28";"10,00";"1957";"Bohrverfahren nicht bekannt"
"7835BG009193";"München [München (Stadt)]";"7835";"München";"514,16";"9,00";"1957";"Bohrverfahren nicht bekannt"
"7835BG009195";"München [München (Stadt)]";"7835";"München";"514,59";"10,00";"1957";"Bohrverfahren nicht bekannt"
"7835BG009196";"München [München (Stadt)]";"7835";"München";"514,44";"20,00";"1957";"Bohrverfahren nicht bekannt"
"7835BG009197";"München [München (Stadt)]";"7835";"München";"517,19";"11,00";"1957";"Bohrverfahren nicht bekannt"
"7835BG009128";"München [München (Stadt)]";"7835";"München";"517,78";"9,00";"1957";"Bohrverfahren nicht bekannt"
"7835BG009129";"München [München (Stadt)]";"7835";"München";"519,25";"9,70";"1957";"Bohrverfahren nicht bekannt"
"7835BG009131";"München [München (Stadt)]";"7835";"München";"519,99";"10,00";"1957";"Bohrverfahren nicht bekannt"
"7835BG009132";"München [München (Stadt)]";"7835";"München";"518,75";"9,00";"1957";"Bohrverfahren nicht bekannt"
"7835BG009136";"München [München (Stadt)]";"7835";"München";"519,09";"8,80";"1957";"Bohrverfahren nicht bekannt"
"7835BG009137";"München [München (Stadt)]";"7835";"München";"518,19";"7,00";"1958";"Bohrverfahren nicht bekannt"
"7835BG009139";"München [München (Stadt)]";"7835";"München";"517,59";"8,00";"1957";"Bohrverfahren nicht bekannt"
"7835BG009144";"München [München (Stadt)]";"7835";"München";"518,39";"10,00";"1958";"Bohrverfahren nicht bekannt"
"7835BG009199";"München [München (Stadt)]";"7835";"München";"518,29";"10,00";"1957";"Bohrverfahren nicht bekannt"
"7835BG009200";"München [München (Stadt)]";"7835";"München";"519,34";"11,00";"1957";"Bohrverfahren nicht bekannt"
"7835BG009201";"München [München (Stadt)]";"7835";"München";"519,65";"10,00";"1957";"Bohrverfahren nicht bekannt"
"7835BG010159";"München [München (Stadt)]";"7835";"München";"519,70";"39,00";"1979";"Bohrverfahren nicht bekannt"
"7835BG010160";"München [München (Stadt)]";"7835";"München";"520,80";"17,35";"1979";"Bohrverfahren nicht bekannt"
"7835BG010162";"München [München (Stadt)]";"7835";"München";"520,59";"16,80";"1978";"Bohrverfahren nicht bekannt"
"7835BG010163";"München [München (Stadt)]";"7835";"München";"520,85";"16,80";"1979";"Bohrverfahren nicht bekannt"
"7835BG009788";"München [München (Stadt)]";"7835";"München";"516,90";"9,85";"1979";"Bohrverfahren nicht bekannt"
"7835BG010164";"München [München (Stadt)]";"7835";"München";"520,69";"32,00";"1979";"Bohrverfahren nicht bekannt"
"7835BG009492";"München [München (Stadt)]";"7835";"München";"519,21";"15,00";"1979";"Bohrverfahren nicht bekannt"
"7835BG010132";"München [München (Stadt)]";"7835";"München";"516,89";"35,40";"1975";"Bohrverfahren nicht bekannt"
"7835BG010133";"München [München (Stadt)]";"7835";"München";"517,02";"34,80";"1977";"Bohrverfahren nicht bekannt"
"7835BG010134";"München [München (Stadt)]";"7835";"München";"515,71";"18,40";"1981";"Bohrverfahren nicht bekannt"
"7835BG010136";"München [München (Stadt)]";"7835";"München";"517,78";"38,80";"1977";"Bohrverfahren nicht bekannt"
"7835BG010137";"München [München (Stadt)]";"7835";"München";"517,68";"40,00";"1977";"Bohrverfahren nicht bekannt"
"7835BG010138";"München [München (Stadt)]";"7835";"München";"516,47";"39,00";"1980";"Bohrverfahren nicht bekannt"
"7835BG009497";"München [München (Stadt)]";"7835";"München";"517,76";"13,00";"1984";"Bohrverfahren nicht bekannt"
"7835BG010169";"München [München (Stadt)]";"7835";"München";"519,66";"28,40";"1977";"Bohrverfahren nicht bekannt"
"7835BG010140";"München [München (Stadt)]";"7835";"München";"517,59";"38,20";"1975";"Bohrverfahren nicht bekannt"
"7835BG010170";"München [München (Stadt)]";"7835";"München";"519,76";"27,50";"1977";"Bohrverfahren nicht bekannt"
"7835BG010171";"München [München (Stadt)]";"7835";"München";"519,85";"18,35";"1978";"Bohrverfahren nicht bekannt"
"7835BG010173";"München [München (Stadt)]";"7835";"München";"520,58";"16,20";"1979";"Bohrverfahren nicht bekannt"
"7835BG010174";"München [München (Stadt)]";"7835";"München";"520,56";"31,00";"1979";"Bohrverfahren nicht bekannt"
"7835BG010175";"München [München (Stadt)]";"7835";"München";"520,27";"16,90";"1978";"Bohrverfahren nicht bekannt"
"7835BG010177";"München [München (Stadt)]";"7835";"München";"519,49";"27,90";"1975";"Bohrverfahren nicht bekannt"
"7835BG010179";"München [München (Stadt)]";"7835";"München";"519,29";"25,20";"1975";"Bohrverfahren nicht bekannt"
"7835BG009502";"München [München (Stadt)]";"7835";"München";"520,26";"31,20";"1978";"Bohrverfahren nicht bekannt"
"7835BG010141";"München [München (Stadt)]";"7835";"München";"517,48";"41,00";"1980";"Bohrverfahren nicht bekannt"
"7835BG010143";"München [München (Stadt)]";"7835";"München";"517,80";"43,00";"1980";"Bohrverfahren nicht bekannt"
"7835BG009470";"München [München (Stadt)]";"7835";"München";"518,95";"39,00";"1973";"Bohrverfahren nicht bekannt"
"7835BG009511";"München [München (Stadt)]";"7835";"München";"519,84";"12,20";"1978";"Bohrverfahren nicht bekannt"
"7835BG009513";"München [München (Stadt)]";"7835";"München";"519,51";"11,60";"1977";"Bohrverfahren nicht bekannt"
"7835BG010144";"München [München (Stadt)]";"7835";"München";"517,63";"37,00";"1975";"Bohrverfahren nicht bekannt"
"7835BG010145";"München [München (Stadt)]";"7835";"München";"515,47";"16,00";"1981";"Bohrverfahren nicht bekannt"
"7835BG009474";"München [München (Stadt)]";"7835";"München";"519,03";"11,30";"1978";"Bohrverfahren nicht bekannt"
"7835BG009517";"München [München (Stadt)]";"7835";"München";"520,47";"37,00";"1973";"Bohrverfahren nicht bekannt"
"7835BG009520";"München [München (Stadt)]";"7835";"München";"516,48";"26,00";"1979";"Bohrverfahren nicht bekannt"
"7835BG010117";"München [München (Stadt)]";"7835";"München";"515,45";"35,00";"1977";"Bohrverfahren nicht bekannt"
"7835BG010149";"München [München (Stadt)]";"7835";"München";"518,11";"32,30";"1975";"Bohrverfahren nicht bekannt"
"7835BG010118";"München [München (Stadt)]";"7835";"München";"514,96";"17,20";"1977";"Bohrverfahren nicht bekannt"
"7835BG010119";"München [München (Stadt)]";"7835";"München";"515,40";"32,00";"1977";"Bohrverfahren nicht bekannt"
"7835BG009524";"München [München (Stadt)]";"7835";"München";"519,29";"16,00";"1980";"Bohrverfahren nicht bekannt"
"7835BG010151";"München [München (Stadt)]";"7835";"München";"517,80";"35,00";"1977";"Bohrverfahren nicht bekannt"
"7835BG010152";"München [München (Stadt)]";"7835";"München";"518,77";"35,00";"1976";"Bohrverfahren nicht bekannt"
"7835BG009484";"München [München (Stadt)]";"7835";"München";"519,33";"25,00";"1973";"Bohrverfahren nicht bekannt"
"7835BG009528";"München [München (Stadt)]";"7835";"München";"516,50";"24,00";"1973";"Bohrverfahren nicht bekannt"
"7835BG010121";"München [München (Stadt)]";"7835";"München";"515,81";"36,00";"1976";"Bohrverfahren nicht bekannt"
"7835BG010122";"München [München (Stadt)]";"7835";"München";"515,43";"38,00";"1982";"Bohrverfahren nicht bekannt"
"7835BG010123";"München [München (Stadt)]";"7835";"München";"515,67";"33,40";"1977";"Bohrverfahren nicht bekannt"
"7835BG010125";"München [München (Stadt)]";"7835";"München";"515,78";"33,00";"1977";"Bohrverfahren nicht bekannt"
"7835BG010126";"München [München (Stadt)]";"7835";"München";"515,51";"36,00";"1982";"Bohrverfahren nicht bekannt"
"7835BG010153";"München [München (Stadt)]";"7835";"München";"518,82";"36,80";"1979";"Bohrverfahren nicht bekannt"
"7835BG010155";"München [München (Stadt)]";"7835";"München";"519,39";"38,00";"1978";"Bohrverfahren nicht bekannt"
"7835BG010128";"München [München (Stadt)]";"7835";"München";"515,60";"35,00";"1981";"Bohrverfahren nicht bekannt"
"7835BG010129";"München [München (Stadt)]";"7835";"München";"516,73";"35,00";"1977";"Bohrverfahren nicht bekannt"
"7835BG010130";"München [München (Stadt)]";"7835";"München";"516,67";"34,00";"1977";"Bohrverfahren nicht bekannt"
"7835BG007661";"München [München (Stadt)]";"7835";"München";"520,21";"12,00";"1968";"Bohrverfahren nicht bekannt"
"7835BG007663";"München [München (Stadt)]";"7835";"München";"519,90";"18,60";"1972";"Bohrverfahren nicht bekannt"
"7835BG007664";"München [München (Stadt)]";"7835";"München";"519,86";"36,00";"1984";"Bohrverfahren nicht bekannt"
"7835BG007665";"München [München (Stadt)]";"7835";"München";"518,72";"38,00";"1984";"Bohrverfahren nicht bekannt"
"7835BG007667";"München [München (Stadt)]";"7835";"München";"519,98";"8,20";"1967";"Bohrverfahren nicht bekannt"
"7835BG007668";"München [München (Stadt)]";"7835";"München";"519,68";"9,50";"1968";"Bohrverfahren nicht bekannt"
"7835BG007670";"München [München (Stadt)]";"7835";"München";"518,14";"28,50";"1974";"Bohrverfahren nicht bekannt"
"7835BG007671";"München [München (Stadt)]";"7835";"München";"518,86";"8,00";"1967";"Bohrverfahren nicht bekannt"
"7835BG007672";"München [München (Stadt)]";"7835";"München";"519,19";"15,40";"1967";"Bohrverfahren nicht bekannt"
"7835BG007674";"München [München (Stadt)]";"7835";"München";"518,68";"10,50";"1967";"Bohrverfahren nicht bekannt"
"7835BG007750";"München [München (Stadt)]";"7835";"München";"513,28";"25,30";"1975";"Bohrverfahren nicht bekannt"
"7835BG007752";"München [München (Stadt)]";"7835";"München";"512,06";"24,00";"1975";"Bohrverfahren nicht bekannt"
"7835BG007753";"München [München (Stadt)]";"7835";"München";"512,20";"24,70";"1965";"Bohrverfahren nicht bekannt"
"7835BG010181";"München [München (Stadt)]";"7835";"München";"519,46";"30,20";"1977";"Bohrverfahren nicht bekannt"
"7835BG010182";"München [München (Stadt)]";"7835";"München";"519,99";"16,40";"1980";"Bohrverfahren nicht bekannt"
"7835BG010188";"München [München (Stadt)]";"7835";"München";"519,22";"15,80";"1982";"Bohrverfahren nicht bekannt"
"7835BG010189";"München [München (Stadt)]";"7835";"München";"519,38";"33,00";"1977";"Bohrverfahren nicht bekannt"
"7835BG010190";"München [München (Stadt)]";"7835";"München";"519,27";"35,00";"1975";"Bohrverfahren nicht bekannt"
"7835BG010192";"München [München (Stadt)]";"7835";"München";"519,65";"33,40";"1977";"Bohrverfahren nicht bekannt"
"7835BG007780";"München [München (Stadt)]";"7835";"München";"517,40";"7,50";"1976";"Bohrverfahren nicht bekannt"
"7835BG007781";"München [München (Stadt)]";"7835";"München";"512,30";"21,80";"1975";"Bohrverfahren nicht bekannt"
"7835BG010193";"München [München (Stadt)]";"7835";"München";"519,71";"35,60";"1975";"Bohrverfahren nicht bekannt"
"7835BG010194";"München [München (Stadt)]";"7835";"München";"520,03";"24,00";"1975";"Bohrverfahren nicht bekannt"
"7835BG007782";"München [München (Stadt)]";"7835";"München";"512,30";"22,00";"1975";"Bohrverfahren nicht bekannt"
"7835BG010197";"München [München (Stadt)]";"7835";"München";"520,32";"25,00";"1975";"Bohrverfahren nicht bekannt"
"7835BG007791";"München [München (Stadt)]";"7835";"München";"518,69";"12,00";"1988";"Bohrverfahren nicht bekannt"
"7835BG007792";"München [München (Stadt)]";"7835";"München";"518,20";"12,00";"1975";"Bohrverfahren nicht bekannt"
"7835BG007839";"München [München (Stadt)]";"7835";"München";"519,61";"34,50";"1968";"Bohrverfahren nicht bekannt"
"7835BG007840";"München [München (Stadt)]";"7835";"München";"519,50";"34,50";"1968";"Bohrverfahren nicht bekannt"
"7835BG008111";"München [München (Stadt)]";"7835";"München";"514,70";"11,20";"1980";"wechselnde Bohrverfahren"
"7835BG008112";"München [München (Stadt)]";"7835";"München";"515,30";"11,30";"1981";"Bohrverfahren nicht bekannt"
"7835BG007738";"München [München (Stadt)]";"7835";"München";"516,00";"26,70";"1975";"Bohrverfahren nicht bekannt"
"7835BG007740";"München [München (Stadt)]";"7835";"München";"519,57";"40,50";"1976";"Bohrverfahren nicht bekannt"
"7835BG007742";"München [München (Stadt)]";"7835";"München";"520,09";"40,31";"1975";"Bohrverfahren nicht bekannt"
"7835BG007743";"München [München (Stadt)]";"7835";"München";"517,40";"28,25";"1965";"Bohrverfahren nicht bekannt"
"7835BG007745";"München [München (Stadt)]";"7835";"München";"517,26";"35,70";"1965";"Bohrverfahren nicht bekannt"
"7835BG007746";"München [München (Stadt)]";"7835";"München";"517,04";"30,70";"1965";"Bohrverfahren nicht bekannt"
"7835BG007748";"München [München (Stadt)]";"7835";"München";"517,22";"40,50";"1965";"Bohrverfahren nicht bekannt"
"7835BG007837";"München [München (Stadt)]";"7835";"München";"518,24";"34,50";"1969";"Bohrverfahren nicht bekannt"
"7835BG007749";"München [München (Stadt)]";"7835";"München";"516,72";"34,15";"1976";"Bohrverfahren nicht bekannt"
"7835BG007849";"München [München (Stadt)]";"7835";"München";"520,88";"17,00";"1967";"Bohrverfahren nicht bekannt"
"7835BG008189";"München [München (Stadt)]";"7835";"München";"516,42";"13,00";"1971";"Bohrverfahren nicht bekannt"
"7835BG008108";"München [München (Stadt)]";"7835";"München";"514,70";"12,00";"1981";"Bohrverfahren nicht bekannt"
"7835BG017223";"München [München (Stadt)]";"7835";"München";"514,70";"11,20";"1980";"wechselnde Bohrverfahren"
"7835BG007778";"München [München (Stadt)]";"7835";"München";"520,37";"15,00";"1976";"Bohrverfahren nicht bekannt"
"7835BG007779";"München [München (Stadt)]";"7835";"München";"520,20";"16,85";"1976";"Bohrverfahren nicht bekannt"
"7835BG007783";"München [München (Stadt)]";"7835";"München";"512,72";"9,00";"1975";"Bohrverfahren nicht bekannt"
"7835BG007838";"München [München (Stadt)]";"7835";"München";"519,98";"37,50";"1968";"Bohrverfahren nicht bekannt"
"7835BG007841";"München [München (Stadt)]";"7835";"München";"519,58";"35,00";"1968";"Bohrverfahren nicht bekannt"
"7835BG007848";"München [München (Stadt)]";"7835";"München";"516,33";"13,00";"1939";"Bohrverfahren nicht bekannt"
"7835BG007858";"München [München (Stadt)]";"7835";"München";"513,65";"11,00";"1989";"Bohrverfahren nicht bekannt"
"7835BG008892";"München [München (Stadt)]";"7835";"München";"517,49";"25,70";"1968";"Bohrverfahren nicht bekannt"
"7835BG010424";"München [München (Stadt)]";"7835";"München";"520,35";"17,00";"1983";"Bohrverfahren nicht bekannt"
"7835BG007741";"München [München (Stadt)]";"7835";"München";"518,37";"31,50";"1975";"Bohrverfahren nicht bekannt"
"7835BG007744";"München [München (Stadt)]";"7835";"München";"517,36";"29,00";"1975";"Bohrverfahren nicht bekannt"
"7835BG007747";"München [München (Stadt)]";"7835";"München";"517,12";"33,80";"1965";"Bohrverfahren nicht bekannt"
"7835BG007751";"München [München (Stadt)]";"7835";"München";"512,96";"40,00";"1965";"Rammkernbohrung"
"7835BG009079";"München [München (Stadt)]";"7835";"München";"515,75";"20,00";"1958";"Bohrverfahren nicht bekannt"
"7835BG009092";"München [München (Stadt)]";"7835";"München";"515,43";"6,00";"1957";"Bohrverfahren nicht bekannt"
"7835BG009093";"München [München (Stadt)]";"7835";"München";"515,59";"8,00";"1958";"Bohrverfahren nicht bekannt"
"7835BG009094";"München [München (Stadt)]";"7835";"München";"516,16";"6,50";"1957";"Bohrverfahren nicht bekannt"
"7835BG009096";"München [München (Stadt)]";"7835";"München";"517,09";"9,40";"1957";"Bohrverfahren nicht bekannt"
"7835BG009100";"München [München (Stadt)]";"7835";"München";"516,62";"7,50";"1957";"Bohrverfahren nicht bekannt"
"7835BG009745";"München [München (Stadt)]";"7835";"München";"517,83";"20,50";"1973";"Bohrverfahren nicht bekannt"
"7835BG010602";"München [München (Stadt)]";"7835";"München";"517,63";"36,00";"1973";"Bohrverfahren nicht bekannt"
"7835BG010605";"München [München (Stadt)]";"7835";"München";"517,43";"30,00";"1970";"Bohrverfahren nicht bekannt"
"7835BG010609";"München [München (Stadt)]";"7835";"München";"517,03";"30,00";"1970";"Bohrverfahren nicht bekannt"
"7835BG010613";"München [München (Stadt)]";"7835";"München";"517,99";"17,00";"1970";"Bohrverfahren nicht bekannt"
"7835BG010621";"München [München (Stadt)]";"7835";"München";"518,98";"54,00";"1970";"Bohrverfahren nicht bekannt"
"7835BG010624";"München [München (Stadt)]";"7835";"München";"519,15";"33,00";"1973";"Bohrverfahren nicht bekannt"
"7835BG010628";"München [München (Stadt)]";"7835";"München";"520,04";"33,00";"1970";"Bohrverfahren nicht bekannt"
"7835BG010632";"München [München (Stadt)]";"7835";"München";"519,52";"16,50";"1970";"Bohrverfahren nicht bekannt"
"7835BG008588";"München [München (Stadt)]";"7835";"München";"514,39";"8,60";"1965";"Bohrverfahren nicht bekannt"
"7835BG009759";"München [München (Stadt)]";"7835";"München";"517,73";"23,10";"1978";"Bohrverfahren nicht bekannt"
"7835BG009770";"München [München (Stadt)]";"7835";"München";"518,42";"20,00";"1979";"Bohrverfahren nicht bekannt"
"7835BG008592";"München [München (Stadt)]";"7835";"München";"515,58";"22,00";"1966";"Bohrverfahren nicht bekannt"
"7835BG009229";"München [München (Stadt)]";"7835";"München";"515,59";"25,00";"1957";"Bohrverfahren nicht bekannt"
"7835BG009233";"München [München (Stadt)]";"7835";"München";"514,39";"9,00";"1957";"Bohrverfahren nicht bekannt"
"7835BG009244";"München [München (Stadt)]";"7835";"München";"518,79";"25,00";"1958";"Bohrverfahren nicht bekannt"
"7835BG009248";"München [München (Stadt)]";"7835";"München";"515,74";"16,00";"1957";"Bohrverfahren nicht bekannt"
"7835BG009252";"München [München (Stadt)]";"7835";"München";"514,59";"16,00";"1957";"Bohrverfahren nicht bekannt"
"7835BG009256";"München [München (Stadt)]";"7835";"München";"515,44";"16,00";"1957";"Bohrverfahren nicht bekannt"
"7835BG009259";"München [München (Stadt)]";"7835";"München";"520,33";"20,00";"1959";"Bohrverfahren nicht bekannt"
"7835BG009263";"München [München (Stadt)]";"7835";"München";"517,65";"20,00";"1958";"Bohrverfahren nicht bekannt"
"7835BG009266";"München [München (Stadt)]";"7835";"München";"520,19";"22,00";"1963";"Bohrverfahren nicht bekannt"
"7835BG009267";"München [München (Stadt)]";"7835";"München";"519,99";"15,00";"1957";"Bohrverfahren nicht bekannt"
"7835BG009268";"München [München (Stadt)]";"7835";"München";"520,60";"25,00";"1957";"Bohrverfahren nicht bekannt"
"7835BG010114";"München [München (Stadt)]";"7835";"München";"515,45";"38,00";"1981";"Bohrverfahren nicht bekannt"
"7835BG010636";"München [München (Stadt)]";"7835";"München";"519,64";"35,00";"1970";"Bohrverfahren nicht bekannt"
"7835BG010638";"München [München (Stadt)]";"7835";"München";"519,96";"35,00";"1970";"Bohrverfahren nicht bekannt"
"7835BG010640";"München [München (Stadt)]";"7835";"München";"519,92";"35,00";"1972";"Bohrverfahren nicht bekannt"
"7835BG010644";"München [München (Stadt)]";"7835";"München";"518,69";"16,50";"1973";"Bohrverfahren nicht bekannt"
"7835BG010647";"München [München (Stadt)]";"7835";"München";"519,45";"34,10";"1978";"Bohrverfahren nicht bekannt"
"7835BG010651";"München [München (Stadt)]";"7835";"München";"518,65";"32,00";"1970";"Bohrverfahren nicht bekannt"
"7835BG010655";"München [München (Stadt)]";"7835";"München";"520,18";"16,50";"1975";"Bohrverfahren nicht bekannt"
"7835BG010659";"München [München (Stadt)]";"7835";"München";"519,03";"41,80";"1975";"Bohrverfahren nicht bekannt"
"7835BG010666";"München [München (Stadt)]";"7835";"München";"516,53";"13,50";"1971";"Bohrverfahren nicht bekannt"
"7835BG010670";"München [München (Stadt)]";"7835";"München";"520,24";"32,00";"1978";"Bohrverfahren nicht bekannt"
"7835BG010674";"München [München (Stadt)]";"7835";"München";"515,50";"34,00";"1970";"Bohrverfahren nicht bekannt"
"7835BG008595";"München [München (Stadt)]";"7835";"München";"515,62";"24,20";"1969";"Bohrverfahren nicht bekannt"
"7835BG008599";"München [München (Stadt)]";"7835";"München";"515,73";"18,50";"1969";"Bohrverfahren nicht bekannt"
"7835BG008603";"München [München (Stadt)]";"7835";"München";"515,56";"15,20";"1969";"Bohrverfahren nicht bekannt"
"7835BG008604";"München [München (Stadt)]";"7835";"München";"516,80";"13,40";"1965";"Bohrverfahren nicht bekannt"
"7835BG008605";"München [München (Stadt)]";"7835";"München";"515,47";"24,00";"1969";"Bohrverfahren nicht bekannt"
"7835BG008606";"München [München (Stadt)]";"7835";"München";"515,11";"15,30";"1969";"Bohrverfahren nicht bekannt"
"7835BG008608";"München [München (Stadt)]";"7835";"München";"515,55";"28,40";"1965";"Bohrverfahren nicht bekannt"
"7835BG008622";"München [München (Stadt)]";"7835";"München";"516,25";"28,50";"1965";"Bohrverfahren nicht bekannt"
"7835BG008625";"München [München (Stadt)]";"7835";"München";"516,21";"11,10";"1965";"Greiferbohrung"
"7835BG008629";"München [München (Stadt)]";"7835";"München";"515,49";"14,60";"1969";"Bohrverfahren nicht bekannt"
"7835BG008633";"München [München (Stadt)]";"7835";"München";"515,51";"17,15";"1967";"Bohrverfahren nicht bekannt"
"7835BG008637";"München [München (Stadt)]";"7835";"München";"514,00";"19,50";"1969";"Bohrverfahren nicht bekannt"
"7835BG008640";"München [München (Stadt)]";"7835";"München";"517,13";"24,00";"1969";"Bohrverfahren nicht bekannt"
"7835BG009271";"München [München (Stadt)]";"7835";"München";"519,59";"18,00";"1957";"Bohrverfahren nicht bekannt"
"7835BG009275";"München [München (Stadt)]";"7835";"München";"518,15";"15,00";"1957";"Bohrverfahren nicht bekannt"
"7835BG009278";"München [München (Stadt)]";"7835";"München";"517,42";"19,00";"1957";"Bohrverfahren nicht bekannt"
"7835BG009282";"München [München (Stadt)]";"7835";"München";"516,26";"20,00";"1959";"Bohrverfahren nicht bekannt"
"7835BG009286";"München [München (Stadt)]";"7835";"München";"520,02";"20,00";"1958";"Bohrverfahren nicht bekannt"
"7835BG009290";"München [München (Stadt)]";"7835";"München";"514,13";"8,00";"1982";"Bohrverfahren nicht bekannt"
"7835BG009475";"München [München (Stadt)]";"7835";"München";"516,63";"36,30";"1973";"Bohrverfahren nicht bekannt"
"7835BG009483";"München [München (Stadt)]";"7835";"München";"517,43";"24,00";"1986";"Bohrverfahren nicht bekannt"
"7835BG010124";"München [München (Stadt)]";"7835";"München";"515,61";"35,00";"1981";"Bohrverfahren nicht bekannt"
"7835BG010127";"München [München (Stadt)]";"7835";"München";"516,65";"32,50";"1977";"Bohrverfahren nicht bekannt"
"7835BG010135";"München [München (Stadt)]";"7835";"München";"517,33";"40,00";"1976";"Bohrverfahren nicht bekannt"
"7835BG010146";"München [München (Stadt)]";"7835";"München";"517,61";"36,00";"1977";"Bohrverfahren nicht bekannt"
"7835BG010150";"München [München (Stadt)]";"7835";"München";"516,59";"16,00";"1981";"Bohrverfahren nicht bekannt"
"7835BG010154";"München [München (Stadt)]";"7835";"München";"519,15";"38,00";"1978";"Bohrverfahren nicht bekannt"
"7835BG010156";"München [München (Stadt)]";"7835";"München";"519,75";"38,50";"1978";"Bohrverfahren nicht bekannt"
"7835BG010157";"München [München (Stadt)]";"7835";"München";"519,34";"28,00";"1975";"Bohrverfahren nicht bekannt"
"7835BG010158";"München [München (Stadt)]";"7835";"München";"519,26";"39,20";"1978";"Bohrverfahren nicht bekannt"
"7835BG010161";"München [München (Stadt)]";"7835";"München";"520,84";"17,20";"1979";"Bohrverfahren nicht bekannt"
"7835BG007662";"München [München (Stadt)]";"7835";"München";"521,00";"10,30";"1969";"Bohrverfahren nicht bekannt"
"7835BG008644";"München [München (Stadt)]";"7835";"München";"520,26";"25,00";"1965";"Bohrverfahren nicht bekannt"
"7835BG008648";"München [München (Stadt)]";"7835";"München";"518,03";"10,20";"1965";"Bohrverfahren nicht bekannt"
"7835BG008652";"München [München (Stadt)]";"7835";"München";"520,17";"25,00";"1965";"Bohrverfahren nicht bekannt"
"7835BG008655";"München [München (Stadt)]";"7835";"München";"516,12";"36,50";"1969";"Bohrverfahren nicht bekannt"
"7835BG008658";"München [München (Stadt)]";"7835";"München";"514,51";"13,50";"1970";"Bohrverfahren nicht bekannt"
"7835BG008659";"München [München (Stadt)]";"7835";"München";"514,89";"20,00";"1970";"Bohrverfahren nicht bekannt"
"7835BG008660";"München [München (Stadt)]";"7835";"München";"520,70";"18,00";"1997";"Bohrverfahren nicht bekannt"
"7835BG008662";"München [München (Stadt)]";"7835";"München";"516,81";"34,50";"1967";"Bohrverfahren nicht bekannt"
"7835BG008666";"München [München (Stadt)]";"7835";"München";"521,06";"9,00";"1964";"Bohrverfahren nicht bekannt"
"7835BG009661";"München [München (Stadt)]";"7835";"München";"516,43";"37,00";"1973";"Bohrverfahren nicht bekannt"
"7835BG009681";"München [München (Stadt)]";"7835";"München";"517,01";"21,00";"1979";"Bohrverfahren nicht bekannt"
"7835BG009519";"München [München (Stadt)]";"7835";"München";"519,06";"10,90";"1977";"Bohrverfahren nicht bekannt"
"7835BG010165";"München [München (Stadt)]";"7835";"München";"520,69";"16,35";"1979";"Bohrverfahren nicht bekannt"
"7835BG010168";"München [München (Stadt)]";"7835";"München";"519,94";"34,90";"1975";"Bohrverfahren nicht bekannt"
"7835BG010172";"München [München (Stadt)]";"7835";"München";"519,97";"30,00";"1977";"Bohrverfahren nicht bekannt"
"7835BG010180";"München [München (Stadt)]";"7835";"München";"518,17";"16,87";"1980";"Bohrverfahren nicht bekannt"
"7835BG010183";"München [München (Stadt)]";"7835";"München";"519,58";"17,19";"1980";"Bohrverfahren nicht bekannt"
"7835BG010191";"München [München (Stadt)]";"7835";"München";"519,27";"14,50";"1977";"Bohrverfahren nicht bekannt"
"7835BG010378";"München [München (Stadt)]";"7835";"München";"519,65";"17,00";"1978";"Bohrverfahren nicht bekannt"
"7835BG010379";"München [München (Stadt)]";"7835";"München";"501,54";"17,00";"1983";"Bohrverfahren nicht bekannt"
"7835BG007666";"München [München (Stadt)]";"7835";"München";"520,11";"9,00";"1967";"Bohrverfahren nicht bekannt"
"7835BG007669";"München [München (Stadt)]";"7835";"München";"519,82";"14,50";"1967";"Bohrverfahren nicht bekannt"
"7835BG007673";"München [München (Stadt)]";"7835";"München";"519,09";"14,00";"1967";"Bohrverfahren nicht bekannt"
"7835BG008884";"München [München (Stadt)]";"7835";"München";"520,08";"20,00";"1968";"Bohrverfahren nicht bekannt"
"7835BG010988";"München [München (Stadt)]";"7835";"München";"515,39";"12,10";"1978";"Bohrverfahren nicht bekannt"
"7835BG010991";"München [München (Stadt)]";"7835";"München";"520,36";"17,70";"1974";"Bohrverfahren nicht bekannt"
"7835BG010992";"München [München (Stadt)]";"7835";"München";"520,70";"18,50";"1978";"Bohrverfahren nicht bekannt"
"7835BG010993";"München [München (Stadt)]";"7835";"München";"519,97";"18,00";"1978";"Bohrverfahren nicht bekannt"
"7835BG010996";"München [München (Stadt)]";"7835";"München";"520,08";"18,30";"1978";"Bohrverfahren nicht bekannt"
"7835BG010999";"München [München (Stadt)]";"7835";"München";"520,05";"17,60";"1978";"Bohrverfahren nicht bekannt"
"7835BG011003";"München [München (Stadt)]";"7835";"München";"515,69";"12,00";"1982";"Bohrverfahren nicht bekannt"
"7835BG011414";"München [München (Stadt)]";"7835";"München";"518,80";"15,50";"1975";"Bohrverfahren nicht bekannt"
"7835BG011415";"München [München (Stadt)]";"7835";"München";"517,73";"15,50";"1975";"Bohrverfahren nicht bekannt"
"7835BG012090";"München [München (Stadt)]";"7835";"München";"516,20";"12,00";"";"Bohrverfahren nicht bekannt"
"7835BG012101";"München [München (Stadt)]";"7835";"München";"515,30";"10,00";"";"Bohrverfahren nicht bekannt"
"7835BG012444";"München [München (Stadt)]";"7835";"München";"512,40";"14,00";"";"Bohrverfahren nicht bekannt"
"7835BG011895";"München [München (Stadt)]";"7835";"München";"517,30";"13,20";"";"Bohrverfahren nicht bekannt"
"7835BG012470";"München [München (Stadt)]";"7835";"München";"514,60";"10,00";"";"Bohrverfahren nicht bekannt"
"7835BG012471";"München [München (Stadt)]";"7835";"München";"514,60";"10,00";"";"Bohrverfahren nicht bekannt"
"7835BG012851";"München [München (Stadt)]";"7835";"München";"517,50";"18,00";"";"Bohrverfahren nicht bekannt"
"7835BG011041";"München [München (Stadt)]";"7835";"München";"516,51";"7,20";"1990";"Bohrverfahren nicht bekannt"
"7835BG011042";"München [München (Stadt)]";"7835";"München";"516,80";"11,70";"1990";"Bohrverfahren nicht bekannt"
"7835BG009104";"München [München (Stadt)]";"7835";"München";"516,71";"7,00";"1957";"Bohrverfahren nicht bekannt"
"7835BG009107";"München [München (Stadt)]";"7835";"München";"516,90";"9,00";"1958";"Bohrverfahren nicht bekannt"
"7835BG010885";"München [München (Stadt)]";"7835";"München";"517,77";"38,00";"1979";"Bohrverfahren nicht bekannt"
"7835BG011067";"München [München (Stadt)]";"7835";"München";"517,31";"15,30";"1981";"Bohrverfahren nicht bekannt"
"7835BG011935";"München [München (Stadt)]";"7835";"München";"518,20";"25,00";"";"Bohrverfahren nicht bekannt"
"7835BG009122";"München [München (Stadt)]";"7835";"München";"515,95";"22,80";"1957";"Bohrverfahren nicht bekannt"
"7835BG009126";"München [München (Stadt)]";"7835";"München";"516,59";"11,00";"1957";"Bohrverfahren nicht bekannt"
"7835BG009130";"München [München (Stadt)]";"7835";"München";"519,50";"16,50";"1957";"Bohrverfahren nicht bekannt"
"7835BG009133";"München [München (Stadt)]";"7835";"München";"518,59";"11,00";"1957";"Bohrverfahren nicht bekannt"
"7835BG009134";"München [München (Stadt)]";"7835";"München";"519,59";"9,50";"1957";"Bohrverfahren nicht bekannt"
"7835BG009135";"München [München (Stadt)]";"7835";"München";"520,02";"9,20";"1957";"Bohrverfahren nicht bekannt"
"7835BG009138";"München [München (Stadt)]";"7835";"München";"516,69";"7,50";"1957";"Bohrverfahren nicht bekannt"
"7835BG009789";"München [München (Stadt)]";"7835";"München";"517,17";"10,30";"1980";"Bohrverfahren nicht bekannt"
"7835BG012304";"München [München (Stadt)]";"7835";"München";"519,00";"15,00";"";"Bohrverfahren nicht bekannt"
"7835BG012310";"München [München (Stadt)]";"7835";"München";"521,10";"12,00";"";"Bohrverfahren nicht bekannt"
"7835BG011940";"München [München (Stadt)]";"7835";"München";"519,80";"17,00";"";"Bohrverfahren nicht bekannt"
"7835BG011946";"München [München (Stadt)]";"7835";"München";"518,40";"12,00";"";"Bohrverfahren nicht bekannt"
"7835BG011957";"München [München (Stadt)]";"7835";"München";"515,80";"15,00";"";"Bohrverfahren nicht bekannt"
"7835BG011960";"München [München (Stadt)]";"7835";"München";"516,30";"12,00";"";"Bohrverfahren nicht bekannt"
"7835BG011961";"München [München (Stadt)]";"7835";"München";"515,80";"8,00";"";"Bohrverfahren nicht bekannt"
"7835BG012328";"München [München (Stadt)]";"7835";"München";"515,80";"12,30";"";"Bohrverfahren nicht bekannt"
"7835BG013058";"München [München (Stadt)]";"7835";"München";"518,70";"20,00";"";"Bohrverfahren nicht bekannt"
"7835BG013069";"München [München (Stadt)]";"7835";"München";"521,40";"25,00";"";"Bohrverfahren nicht bekannt"
"7835BG013070";"München [München (Stadt)]";"7835";"München";"521,40";"25,00";"";"Bohrverfahren nicht bekannt"
"7835BG013080";"München [München (Stadt)]";"7835";"München";"520,10";"20,00";"";"Bohrverfahren nicht bekannt"
"7835BG013086";"München [München (Stadt)]";"7835";"München";"519,50";"20,00";"";"Bohrverfahren nicht bekannt"
"7835BG010887";"München [München (Stadt)]";"7835";"München";"517,34";"12,00";"1977";"Bohrverfahren nicht bekannt"
"7835BG010888";"München [München (Stadt)]";"7835";"München";"516,41";"25,00";"1977";"Bohrverfahren nicht bekannt"
"7835BG010896";"München [München (Stadt)]";"7835";"München";"519,17";"17,30";"1980";"Bohrverfahren nicht bekannt"
"7835BG011101";"München [München (Stadt)]";"7835";"München";"515,50";"28,20";"1973";"Bohrverfahren nicht bekannt"
"7835BG009145";"München [München (Stadt)]";"7835";"München";"517,76";"9,00";"1957";"Bohrverfahren nicht bekannt"
"7835BG009149";"München [München (Stadt)]";"7835";"München";"516,59";"10,00";"1958";"Bohrverfahren nicht bekannt"
"7835BG009153";"München [München (Stadt)]";"7835";"München";"518,23";"20,00";"1958";"Bohrverfahren nicht bekannt"
"7835BG009160";"München [München (Stadt)]";"7835";"München";"511,81";"8,00";"1957";"Bohrverfahren nicht bekannt"
"7835BG011107";"München [München (Stadt)]";"7835";"München";"516,31";"35,50";"1973";"Bohrverfahren nicht bekannt"
"7835BG011119";"München [München (Stadt)]";"7835";"München";"515,70";"35,00";"1970";"Bohrverfahren nicht bekannt"
"7835BG011126";"München [München (Stadt)]";"7835";"München";"516,67";"35,00";"1973";"Bohrverfahren nicht bekannt"
"7835BG011988";"München [München (Stadt)]";"7835";"München";"513,70";"20,00";"";"Bohrverfahren nicht bekannt"
"7835BG009164";"München [München (Stadt)]";"7835";"München";"516,60";"6,50";"1957";"Bohrverfahren nicht bekannt"
"7835BG009168";"München [München (Stadt)]";"7835";"München";"519,51";"19,50";"1957";"Bohrverfahren nicht bekannt"
"7835BG009172";"München [München (Stadt)]";"7835";"München";"517,64";"20,00";"1958";"Bohrverfahren nicht bekannt"
"7835BG009175";"München [München (Stadt)]";"7835";"München";"516,72";"10,00";"1958";"Bohrverfahren nicht bekannt"
"7835BG009179";"München [München (Stadt)]";"7835";"München";"517,69";"15,00";"1957";"Bohrverfahren nicht bekannt"
"7835BG009180";"München [München (Stadt)]";"7835";"München";"517,99";"16,00";"1957";"Bohrverfahren nicht bekannt"
"7835BG009181";"München [München (Stadt)]";"7835";"München";"519,64";"17,00";"1957";"Bohrverfahren nicht bekannt"
"7835BG012338";"München [München (Stadt)]";"7835";"München";"519,30";"12,00";"";"Bohrverfahren nicht bekannt"
"7835BG011999";"München [München (Stadt)]";"7835";"München";"515,50";"20,00";"";"Bohrverfahren nicht bekannt"
"7835BG012010";"München [München (Stadt)]";"7835";"München";"515,50";"15,00";"";"Bohrverfahren nicht bekannt"
"7835BG012015";"München [München (Stadt)]";"7835";"München";"517,50";"12,00";"";"Bohrverfahren nicht bekannt"
"7835BG012016";"München [München (Stadt)]";"7835";"München";"517,00";"12,00";"";"Bohrverfahren nicht bekannt"
"7835BG012021";"München [München (Stadt)]";"7835";"München";"515,10";"15,00";"";"Bohrverfahren nicht bekannt"
"7835BG010522";"München [München (Stadt)]";"7835";"München";"519,95";"8,00";"1981";"Bohrverfahren nicht bekannt"
"7835BG012384";"München [München (Stadt)]";"7835";"München";"520,20";"19,64";"";"Bohrverfahren nicht bekannt"
"7835BG013129";"München [München (Stadt)]";"7835";"München";"516,20";"12,00";"";"Bohrverfahren nicht bekannt"
"7835BG012545";"München [München (Stadt)]";"7835";"München";"517,00";"15,00";"";"Bohrverfahren nicht bekannt"
"7835BG013355";"München [München (Stadt)]";"7835";"München";"516,86";"33,40";"2002";"Bohrverfahren nicht bekannt"
"7835BG013358";"München [München (Stadt)]";"7835";"München";"516,28";"19,80";"2002";"Rotationskernbohrung"
"7835BG008500";"München [München (Stadt)]";"7835";"München";"516,88";"33,10";"2002";"Bohrverfahren nicht bekannt"
"7835BG008501";"München [München (Stadt)]";"7835";"München";"516,95";"33,30";"2002";"Bohrverfahren nicht bekannt"
"7835BG008503";"München [München (Stadt)]";"7835";"München";"516,75";"33,70";"2002";"Rotationskernbohrung"
"7835BG009191";"München [München (Stadt)]";"7835";"München";"514,86";"10,30";"1957";"Bohrverfahren nicht bekannt"
"7835BG009194";"München [München (Stadt)]";"7835";"München";"513,51";"8,50";"1957";"Bohrverfahren nicht bekannt"
"7835BG009198";"München [München (Stadt)]";"7835";"München";"518,19";"10,00";"1957";"Bohrverfahren nicht bekannt"
"7835BG010962";"München [München (Stadt)]";"7835";"München";"516,37";"11,60";"1980";"Bohrverfahren nicht bekannt"
"7835BG010965";"München [München (Stadt)]";"7835";"München";"520,23";"35,00";"1968";"Bohrverfahren nicht bekannt"
"7835BG012026";"München [München (Stadt)]";"7835";"München";"516,30";"12,00";"";"Bohrverfahren nicht bekannt"
"7835BG012032";"München [München (Stadt)]";"7835";"München";"515,60";"15,00";"";"Bohrverfahren nicht bekannt"
"7835BG009202";"München [München (Stadt)]";"7835";"München";"519,35";"15,00";"1958";"Bohrverfahren nicht bekannt"
"7835BG009206";"München [München (Stadt)]";"7835";"München";"519,13";"10,00";"1957";"Bohrverfahren nicht bekannt"
"7835BG009210";"München [München (Stadt)]";"7835";"München";"519,94";"10,00";"1957";"Bohrverfahren nicht bekannt"
"7835BG009221";"München [München (Stadt)]";"7835";"München";"513,72";"20,00";"1958";"Bohrverfahren nicht bekannt"
"7835BG009225";"München [München (Stadt)]";"7835";"München";"519,92";"20,20";"1963";"Bohrverfahren nicht bekannt"
"7835BG009226";"München [München (Stadt)]";"7835";"München";"520,31";"20,00";"1963";"Bohrverfahren nicht bekannt"
"7835BG009227";"München [München (Stadt)]";"7835";"München";"520,66";"20,00";"1963";"Bohrverfahren nicht bekannt"
"7835BG012390";"München [München (Stadt)]";"7835";"München";"519,90";"10,00";"";"Bohrverfahren nicht bekannt"
"7835BG012043";"München [München (Stadt)]";"7835";"München";"521,40";"20,00";"";"Bohrverfahren nicht bekannt"
"7835BG012118";"München [München (Stadt)]";"7835";"München";"514,20";"11,00";"";"Bohrverfahren nicht bekannt"
"7835BG012135";"München [München (Stadt)]";"7835";"München";"516,60";"15,50";"";"Bohrverfahren nicht bekannt"
"7835BG012146";"München [München (Stadt)]";"7835";"München";"515,50";"25,50";"";"Bohrverfahren nicht bekannt"
"7835BG012863";"München [München (Stadt)]";"7835";"München";"517,00";"18,00";"";"Bohrverfahren nicht bekannt"
"7835BG012868";"München [München (Stadt)]";"7835";"München";"518,20";"25,00";"";"Bohrverfahren nicht bekannt"
"7835BG012874";"München [München (Stadt)]";"7835";"München";"517,40";"21,70";"";"Bohrverfahren nicht bekannt"
"7835BG012884";"München [München (Stadt)]";"7835";"München";"516,60";"25,00";"";"Bohrverfahren nicht bekannt"
"7835BG012885";"München [München (Stadt)]";"7835";"München";"516,60";"20,00";"";"Bohrverfahren nicht bekannt"
"7835BG012895";"München [München (Stadt)]";"7835";"München";"516,60";"14,90";"";"Bohrverfahren nicht bekannt"
"7835BG012195";"München [München (Stadt)]";"7835";"München";"509,10";"22,20";"";"Bohrverfahren nicht bekannt"
"7835BG012196";"München [München (Stadt)]";"7835";"München";"509,20";"21,70";"";"Bohrverfahren nicht bekannt"
"7835BG012901";"München [München (Stadt)]";"7835";"München";"518,10";"25,00";"";"Bohrverfahren nicht bekannt"
"7835BG012906";"München [München (Stadt)]";"7835";"München";"506,20";"20,00";"";"Bohrverfahren nicht bekannt"
"7835BG012918";"München [München (Stadt)]";"7835";"München";"517,50";"12,00";"";"Bohrverfahren nicht bekannt"
"7835BG012923";"München [München (Stadt)]";"7835";"München";"515,20";"14,60";"";"Bohrverfahren nicht bekannt"
"7835BG011360";"München [München (Stadt)]";"7835";"München";"518,69";"34,50";"1968";"Bohrverfahren nicht bekannt"
"7835BG011361";"München [München (Stadt)]";"7835";"München";"519,27";"34,50";"1968";"Bohrverfahren nicht bekannt"
"7835BG011362";"München [München (Stadt)]";"7835";"München";"519,32";"34,50";"1968";"Bohrverfahren nicht bekannt"
"7835BG011363";"München [München (Stadt)]";"7835";"München";"517,53";"35,00";"1968";"Bohrverfahren nicht bekannt"
"7835BG011366";"München [München (Stadt)]";"7835";"München";"519,06";"16,00";"1975";"Bohrverfahren nicht bekannt"
"7835BG011380";"München [München (Stadt)]";"7835";"München";"518,34";"31,20";"1992";"Bohrverfahren nicht bekannt"
"7835BG011387";"München [München (Stadt)]";"7835";"München";"516,03";"13,70";"1989";"Bohrverfahren nicht bekannt"
"7835BG011394";"München [München (Stadt)]";"7835";"München";"517,31";"16,00";"1988";"Bohrverfahren nicht bekannt"
"7835BG012206";"München [München (Stadt)]";"7835";"München";"515,30";"20,00";"";"Bohrverfahren nicht bekannt"
"7835BG012223";"München [München (Stadt)]";"7835";"München";"514,80";"20,60";"";"Bohrverfahren nicht bekannt"
"7835BG012228";"München [München (Stadt)]";"7835";"München";"515,50";"14,90";"";"Bohrverfahren nicht bekannt"
"7835BG017258";"München [München (Stadt)]";"7835";"München";"516,66";"36,40";"2002";"Rotationskernbohrung"
"7835BG007557";"München [München (Stadt)]";"7835";"München";"517,00";"8,00";"1941";"Bohrverfahren nicht bekannt"
"7835BG007561";"München [München (Stadt)]";"7835";"München";"515,91";"34,00";"1967";"Bohrverfahren nicht bekannt"
"7835BG001711";"München [München (Stadt)]";"7835";"München";"515,10";"10,40";"";"Bohrverfahren nicht bekannt"
"7835BG001714";"München [München (Stadt)]";"7835";"München";"514,90";"10,12";"";"Bohrverfahren nicht bekannt"
"7835BG000753";"München [München (Stadt)]";"7835";"München";"516,80";"14,45";"";"Bohrverfahren nicht bekannt"
"7835BG000784";"München [München (Stadt)]";"7835";"München";"515,20";"12,60";"";"Bohrverfahren nicht bekannt"
"7835BG002083";"München [München (Stadt)]";"7835";"München";"516,60";"13,00";"";"Bohrverfahren nicht bekannt"
"7835BG002093";"München [München (Stadt)]";"7835";"München";"516,80";"15,00";"";"Bohrverfahren nicht bekannt"
"7835BG002099";"München [München (Stadt)]";"7835";"München";"516,60";"10,50";"";"Bohrverfahren nicht bekannt"
"7835BG002929";"München [München (Stadt)]";"7835";"München";"514,20";"20,00";"";"Bohrverfahren nicht bekannt"
"7835BG002933";"München [München (Stadt)]";"7835";"München";"515,20";"22,70";"";"Bohrverfahren nicht bekannt"
"7835BG002934";"München [München (Stadt)]";"7835";"München";"515,60";"22,00";"";"Bohrverfahren nicht bekannt"
"7835BG002935";"München [München (Stadt)]";"7835";"München";"515,60";"22,00";"";"Bohrverfahren nicht bekannt"
"7835BG002936";"München [München (Stadt)]";"7835";"München";"515,50";"22,00";"";"Bohrverfahren nicht bekannt"
"7835BG002939";"München [München (Stadt)]";"7835";"München";"514,90";"8,50";"";"Bohrverfahren nicht bekannt"
"7835BG002942";"München [München (Stadt)]";"7835";"München";"515,40";"24,00";"";"Bohrverfahren nicht bekannt"
"7835BG002946";"München [München (Stadt)]";"7835";"München";"515,55";"11,80";"";"Bohrverfahren nicht bekannt"
"7835BG002970";"München [München (Stadt)]";"7835";"München";"515,50";"25,00";"";"Bohrverfahren nicht bekannt"
"7835BG002974";"München [München (Stadt)]";"7835";"München";"515,90";"27,00";"";"Bohrverfahren nicht bekannt"
"7835BG002978";"München [München (Stadt)]";"7835";"München";"515,80";"30,60";"";"Bohrverfahren nicht bekannt"
"7835BG002981";"München [München (Stadt)]";"7835";"München";"515,50";"35,00";"";"Bohrverfahren nicht bekannt"
"7835BG002985";"München [München (Stadt)]";"7835";"München";"515,80";"35,00";"";"Bohrverfahren nicht bekannt"
"7835BG000805";"München [München (Stadt)]";"7835";"München";"515,17";"13,40";"";"Bohrverfahren nicht bekannt"
"7835BG000825";"München [München (Stadt)]";"7835";"München";"516,67";"5,87";"";"Bohrverfahren nicht bekannt"
"7835BG000859";"München [München (Stadt)]";"7835";"München";"517,45";"8,67";"";"Bohrverfahren nicht bekannt"
"7835BG001846";"München [München (Stadt)]";"7835";"München";"518,30";"15,00";"";"Bohrverfahren nicht bekannt"
"7835BG001850";"München [München (Stadt)]";"7835";"München";"518,30";"14,50";"";"Bohrverfahren nicht bekannt"
"7835BG002989";"München [München (Stadt)]";"7835";"München";"516,60";"35,10";"";"Bohrverfahren nicht bekannt"
"7835BG002993";"München [München (Stadt)]";"7835";"München";"515,50";"30,00";"";"Bohrverfahren nicht bekannt"
"7835BG002996";"München [München (Stadt)]";"7835";"München";"514,60";"26,00";"";"Bohrverfahren nicht bekannt"
"7835BG003000";"München [München (Stadt)]";"7835";"München";"517,50";"25,00";"";"Bohrverfahren nicht bekannt"
"7835BG003004";"München [München (Stadt)]";"7835";"München";"520,40";"25,00";"";"Bohrverfahren nicht bekannt"
"7835BG003005";"München [München (Stadt)]";"7835";"München";"520,50";"25,00";"";"Bohrverfahren nicht bekannt"
"7835BG003006";"München [München (Stadt)]";"7835";"München";"520,50";"25,00";"";"Bohrverfahren nicht bekannt"
"7835BG000930";"München [München (Stadt)]";"7835";"München";"520,09";"14,00";"";"Bohrverfahren nicht bekannt"
"7835BG002816";"München [München (Stadt)]";"7835";"München";"516,62";"34,00";"";"Bohrverfahren nicht bekannt"
"7835BG002820";"München [München (Stadt)]";"7835";"München";"516,87";"34,00";"";"Bohrverfahren nicht bekannt"
"7835BG002823";"München [München (Stadt)]";"7835";"München";"516,23";"36,50";"";"Bohrverfahren nicht bekannt"
"7835BG002827";"München [München (Stadt)]";"7835";"München";"517,02";"33,70";"";"Bohrverfahren nicht bekannt"
"7835BG002831";"München [München (Stadt)]";"7835";"München";"516,23";"36,50";"";"Bohrverfahren nicht bekannt"
"7835BG002835";"München [München (Stadt)]";"7835";"München";"516,25";"32,80";"";"Bohrverfahren nicht bekannt"
"7835BG002839";"München [München (Stadt)]";"7835";"München";"516,64";"36,50";"";"Bohrverfahren nicht bekannt"
"7835BG002842";"München [München (Stadt)]";"7835";"München";"516,50";"32,00";"";"Bohrverfahren nicht bekannt"
"7835BG000656";"München [München (Stadt)]";"7835";"München";"515,60";"6,00";"";"Bohrverfahren nicht bekannt"
"7835BG000686";"München [München (Stadt)]";"7835";"München";"517,50";"18,40";"";"Bohrverfahren nicht bekannt"
"7835BG000693";"München [München (Stadt)]";"7835";"München";"520,20";"6,50";"";"Bohrverfahren nicht bekannt"
"7835BG000941";"München [München (Stadt)]";"7835";"München";"517,60";"10,20";"";"Bohrverfahren nicht bekannt"
"7835BG000942";"München [München (Stadt)]";"7835";"München";"520,50";"16,50";"";"Bohrverfahren nicht bekannt"
"7835BG000953";"München [München (Stadt)]";"7835";"München";"519,75";"17,10";"";"Bohrverfahren nicht bekannt"
"7835BG004200";"München [München (Stadt)]";"7835";"München";"514,70";"20,00";"";"Bohrverfahren nicht bekannt"
"7835BG004204";"München [München (Stadt)]";"7835";"München";"513,50";"16,00";"1957";"Bohrverfahren nicht bekannt"
"7835BG004207";"München [München (Stadt)]";"7835";"München";"515,10";"12,00";"1957";"Bohrverfahren nicht bekannt"
"7835BG004211";"München [München (Stadt)]";"7835";"München";"514,70";"20,00";"";"Bohrverfahren nicht bekannt"
"7835BG004215";"München [München (Stadt)]";"7835";"München";"520,10";"20,00";"";"Bohrverfahren nicht bekannt"
"7835BG004219";"München [München (Stadt)]";"7835";"München";"517,80";"15,00";"";"Bohrverfahren nicht bekannt"
"7835BG004223";"München [München (Stadt)]";"7835";"München";"518,70";"20,00";"";"Bohrverfahren nicht bekannt"
"7835BG004226";"München [München (Stadt)]";"7835";"München";"518,20";"15,00";"";"Bohrverfahren nicht bekannt"
"7835BG004230";"München [München (Stadt)]";"7835";"München";"516,40";"15,00";"1957";"Bohrverfahren nicht bekannt"
"7835BG004234";"München [München (Stadt)]";"7835";"München";"517,20";"18,00";"";"Bohrverfahren nicht bekannt"
"7835BG004238";"München [München (Stadt)]";"7835";"München";"515,60";"18,00";"";"Bohrverfahren nicht bekannt"
"7835BG007130";"München [München (Stadt)]";"7835";"München";"519,50";"39,50";"";"Bohrverfahren nicht bekannt"
"7835BG007134";"München [München (Stadt)]";"7835";"München";"519,80";"39,00";"";"Bohrverfahren nicht bekannt"
"7835BG007138";"München [München (Stadt)]";"7835";"München";"519,90";"13,55";"";"Bohrverfahren nicht bekannt"
"7835BG007141";"München [München (Stadt)]";"7835";"München";"519,30";"17,65";"";"Bohrverfahren nicht bekannt"
"7835BG007142";"München [München (Stadt)]";"7835";"München";"520,00";"19,20";"";"Bohrverfahren nicht bekannt"
"7835BG007143";"München [München (Stadt)]";"7835";"München";"520,00";"30,40";"";"Bohrverfahren nicht bekannt"
"7835BG007144";"München [München (Stadt)]";"7835";"München";"520,10";"19,00";"";"Bohrverfahren nicht bekannt"
"7835BG007147";"München [München (Stadt)]";"7835";"München";"520,00";"18,00";"";"Bohrverfahren nicht bekannt"
"7835BG007150";"München [München (Stadt)]";"7835";"München";"520,00";"18,00";"";"Bohrverfahren nicht bekannt"
"7835BG007154";"München [München (Stadt)]";"7835";"München";"519,30";"35,90";"";"Bohrverfahren nicht bekannt"
"7835BG007158";"München [München (Stadt)]";"7835";"München";"519,20";"38,00";"";"Bohrverfahren nicht bekannt"
"7835BG007162";"München [München (Stadt)]";"7835";"München";"519,00";"18,80";"";"Bohrverfahren nicht bekannt"
"7835BG007166";"München [München (Stadt)]";"7835";"München";"520,00";"18,70";"";"Bohrverfahren nicht bekannt"
"7835BG003912";"München [München (Stadt)]";"7835";"München";"512,30";"20,00";"";"Bohrverfahren nicht bekannt"
"7835BG003940";"München [München (Stadt)]";"7835";"München";"514,40";"12,00";"";"Bohrverfahren nicht bekannt"
"7835BG003943";"München [München (Stadt)]";"7835";"München";"519,80";"30,00";"";"Bohrverfahren nicht bekannt"
"7835BG003947";"München [München (Stadt)]";"7835";"München";"519,80";"20,00";"";"Bohrverfahren nicht bekannt"
"7835BG004249";"München [München (Stadt)]";"7835";"München";"516,60";"20,00";"";"Bohrverfahren nicht bekannt"
"7835BG005323";"München [München (Stadt)]";"7835";"München";"520,00";"18,10";"";"Bohrverfahren nicht bekannt"
"7835BG005357";"München [München (Stadt)]";"7835";"München";"516,70";"12,30";"";"Bohrverfahren nicht bekannt"
"7835BG000218";"München [München (Stadt)]";"7835";"München";"520,40";"18,30";"";"Bohrverfahren nicht bekannt"
"7835BG003950";"München [München (Stadt)]";"7835";"München";"520,00";"20,00";"";"Bohrverfahren nicht bekannt"
"7835BG003953";"München [München (Stadt)]";"7835";"München";"520,50";"18,00";"";"Bohrverfahren nicht bekannt"
"7835BG003970";"München [München (Stadt)]";"7835";"München";"512,40";"20,00";"";"Bohrverfahren nicht bekannt"
"7835BG003974";"München [München (Stadt)]";"7835";"München";"519,80";"30,00";"";"Bohrverfahren nicht bekannt"
"7835BG003977";"München [München (Stadt)]";"7835";"München";"519,40";"17,00";"";"Bohrverfahren nicht bekannt"
"7835BG003980";"München [München (Stadt)]";"7835";"München";"520,80";"18,00";"";"Bohrverfahren nicht bekannt"
"7835BG005359";"München [München (Stadt)]";"7835";"München";"519,90";"17,00";"";"Bohrverfahren nicht bekannt"
"7835BG005366";"München [München (Stadt)]";"7835";"München";"520,20";"17,50";"";"Bohrverfahren nicht bekannt"
"7835BG005370";"München [München (Stadt)]";"7835";"München";"520,20";"16,70";"";"Bohrverfahren nicht bekannt"
"7835BG005382";"München [München (Stadt)]";"7835";"München";"519,80";"17,50";"";"Bohrverfahren nicht bekannt"
"7835BG000219";"München [München (Stadt)]";"7835";"München";"520,40";"21,20";"";"Bohrverfahren nicht bekannt"
"7835BG000223";"München [München (Stadt)]";"7835";"München";"521,10";"26,50";"";"Bohrverfahren nicht bekannt"
"7835BG000226";"München [München (Stadt)]";"7835";"München";"518,10";"27,60";"";"Bohrverfahren nicht bekannt"
"7835BG000230";"München [München (Stadt)]";"7835";"München";"517,60";"22,70";"";"Bohrverfahren nicht bekannt"
"7835BG000233";"München [München (Stadt)]";"7835";"München";"518,20";"22,00";"";"Bohrverfahren nicht bekannt"
"7835BG000237";"München [München (Stadt)]";"7835";"München";"519,00";"21,60";"";"Bohrverfahren nicht bekannt"
"7835BG005091";"München [München (Stadt)]";"7835";"München";"518,20";"24,50";"";"Bohrverfahren nicht bekannt"
"7835BG005099";"München [München (Stadt)]";"7835";"München";"519,60";"10,70";"";"Bohrverfahren nicht bekannt"
"7835BG007169";"München [München (Stadt)]";"7835";"München";"519,90";"18,20";"";"Bohrverfahren nicht bekannt"
"7835BG007173";"München [München (Stadt)]";"7835";"München";"519,30";"35,90";"";"Bohrverfahren nicht bekannt"
"7835BG007177";"München [München (Stadt)]";"7835";"München";"490,90";"6,80";"";"Bohrverfahren nicht bekannt"
"7835BG007181";"München [München (Stadt)]";"7835";"München";"519,40";"43,50";"";"Bohrverfahren nicht bekannt"
"7835BG007185";"München [München (Stadt)]";"7835";"München";"520,20";"39,50";"";"Bohrverfahren nicht bekannt"
"7835BG007189";"München [München (Stadt)]";"7835";"München";"519,40";"35,50";"";"Bohrverfahren nicht bekannt"
"7835BG007193";"München [München (Stadt)]";"7835";"München";"519,20";"43,10";"";"Bohrverfahren nicht bekannt"
"7835BG004322";"München [München (Stadt)]";"7835";"München";"520,00";"28,00";"";"Bohrverfahren nicht bekannt"
"7835BG005385";"München [München (Stadt)]";"7835";"München";"520,30";"17,40";"";"Bohrverfahren nicht bekannt"
"7835BG005393";"München [München (Stadt)]";"7835";"München";"519,70";"17,00";"";"Bohrverfahren nicht bekannt"
"7835BG005397";"München [München (Stadt)]";"7835";"München";"519,80";"15,50";"";"Bohrverfahren nicht bekannt"
"7835BG007196";"München [München (Stadt)]";"7835";"München";"519,20";"35,00";"";"Bohrverfahren nicht bekannt"
"7835BG007200";"München [München (Stadt)]";"7835";"München";"520,00";"35,00";"";"Bohrverfahren nicht bekannt"
"7835BG007204";"München [München (Stadt)]";"7835";"München";"519,30";"35,50";"";"Bohrverfahren nicht bekannt"
"7835BG007207";"München [München (Stadt)]";"7835";"München";"519,40";"35,10";"";"Bohrverfahren nicht bekannt"
"7835BG007208";"München [München (Stadt)]";"7835";"München";"516,20";"34,10";"";"Bohrverfahren nicht bekannt"
"7835BG007209";"München [München (Stadt)]";"7835";"München";"519,70";"33,70";"";"Bohrverfahren nicht bekannt"
"7835BG003990";"München [München (Stadt)]";"7835";"München";"520,20";"30,00";"";"Bohrverfahren nicht bekannt"
"7835BG004001";"München [München (Stadt)]";"7835";"München";"519,60";"30,50";"";"Bohrverfahren nicht bekannt"
"7835BG004004";"München [München (Stadt)]";"7835";"München";"519,80";"16,50";"";"Bohrverfahren nicht bekannt"
"7835BG004007";"München [München (Stadt)]";"7835";"München";"520,80";"16,00";"";"Bohrverfahren nicht bekannt"
"7835BG004011";"München [München (Stadt)]";"7835";"München";"520,20";"30,00";"";"Bohrverfahren nicht bekannt"
"7835BG004014";"München [München (Stadt)]";"7835";"München";"519,70";"13,00";"";"Bohrverfahren nicht bekannt"
"7835BG004018";"München [München (Stadt)]";"7835";"München";"520,80";"10,00";"";"Bohrverfahren nicht bekannt"
"7835BG000240";"München [München (Stadt)]";"7835";"München";"520,00";"22,00";"";"Bohrverfahren nicht bekannt"
"7835BG000244";"München [München (Stadt)]";"7835";"München";"519,10";"31,50";"";"Bohrverfahren nicht bekannt"
"7835BG000247";"München [München (Stadt)]";"7835";"München";"518,40";"23,90";"";"Bohrverfahren nicht bekannt"
"7835BG000251";"München [München (Stadt)]";"7835";"München";"519,20";"25,30";"";"Bohrverfahren nicht bekannt"
"7835BG000254";"München [München (Stadt)]";"7835";"München";"519,50";"27,55";"";"Bohrverfahren nicht bekannt"
"7835BG000258";"München [München (Stadt)]";"7835";"München";"519,30";"45,33";"";"Bohrverfahren nicht bekannt"
"7835BG000261";"München [München (Stadt)]";"7835";"München";"519,60";"45,75";"";"Bohrverfahren nicht bekannt"
"7835BG000265";"München [München (Stadt)]";"7835";"München";"517,60";"38,00";"";"Bohrverfahren nicht bekannt"
"7835BG000268";"München [München (Stadt)]";"7835";"München";"517,50";"40,00";"";"Bohrverfahren nicht bekannt"
"7835BG000271";"München [München (Stadt)]";"7835";"München";"517,60";"31,13";"";"Bohrverfahren nicht bekannt"
"7835BG000275";"München [München (Stadt)]";"7835";"München";"517,10";"32,50";"";"Bohrverfahren nicht bekannt"
"7835BG000278";"München [München (Stadt)]";"7835";"München";"516,60";"27,00";"";"Bohrverfahren nicht bekannt"
"7835BG000282";"München [München (Stadt)]";"7835";"München";"516,00";"40,70";"";"Bohrverfahren nicht bekannt"
"7835BG000285";"München [München (Stadt)]";"7835";"München";"515,40";"27,20";"";"Bohrverfahren nicht bekannt"
"7835BG000287";"München [München (Stadt)]";"7835";"München";"514,50";"26,00";"";"Bohrverfahren nicht bekannt"
"7835BG000288";"München [München (Stadt)]";"7835";"München";"513,60";"25,25";"";"Bohrverfahren nicht bekannt"
"7835BG000289";"München [München (Stadt)]";"7835";"München";"512,60";"24,50";"";"Bohrverfahren nicht bekannt"
"7835BG004024";"München [München (Stadt)]";"7835";"München";"519,60";"13,00";"";"Bohrverfahren nicht bekannt"
"7835BG004027";"München [München (Stadt)]";"7835";"München";"521,00";"17,00";"";"Bohrverfahren nicht bekannt"
"7835BG004031";"München [München (Stadt)]";"7835";"München";"519,70";"13,00";"";"Bohrverfahren nicht bekannt"
"7835BG004034";"München [München (Stadt)]";"7835";"München";"520,90";"17,00";"";"Bohrverfahren nicht bekannt"
"7835BG004038";"München [München (Stadt)]";"7835";"München";"521,00";"17,00";"";"Bohrverfahren nicht bekannt"
"7835BG004041";"München [München (Stadt)]";"7835";"München";"520,90";"17,00";"";"Bohrverfahren nicht bekannt"
"7835BG004044";"München [München (Stadt)]";"7835";"München";"520,95";"16,90";"";"Bohrverfahren nicht bekannt"
"7835BG004045";"München [München (Stadt)]";"7835";"München";"519,20";"17,00";"";"Bohrverfahren nicht bekannt"
"7835BG004046";"München [München (Stadt)]";"7835";"München";"519,80";"13,00";"";"Bohrverfahren nicht bekannt"
"7835BG004047";"München [München (Stadt)]";"7835";"München";"520,60";"18,00";"";"Bohrverfahren nicht bekannt"
"7835BG004048";"München [München (Stadt)]";"7835";"München";"519,20";"13,00";"";"Bohrverfahren nicht bekannt"
"7835BG004051";"München [München (Stadt)]";"7835";"München";"519,60";"11,00";"";"Bohrverfahren nicht bekannt"
"7835BG005103";"München [München (Stadt)]";"7835";"München";"519,30";"10,30";"";"Bohrverfahren nicht bekannt"
"7835BG000290";"München [München (Stadt)]";"7835";"München";"512,20";"24,00";"";"Bohrverfahren nicht bekannt"
"7835BG005144";"München [München (Stadt)]";"7835";"München";"519,70";"30,00";"";"Bohrverfahren nicht bekannt"
"7835BG005148";"München [München (Stadt)]";"7835";"München";"509,30";"12,00";"";"Bohrverfahren nicht bekannt"
"7835BG005151";"München [München (Stadt)]";"7835";"München";"520,10";"19,10";"";"Bohrverfahren nicht bekannt"
"7835BG005155";"München [München (Stadt)]";"7835";"München";"519,50";"19,70";"";"Bohrverfahren nicht bekannt"
"7835BG001081";"München [München (Stadt)]";"7835";"München";"517,00";"17,00";"";"Bohrverfahren nicht bekannt"
"7835BG002420";"München [München (Stadt)]";"7835";"München";"519,80";"16,50";"";"Bohrverfahren nicht bekannt"
"7835BG002170";"München [München (Stadt)]";"7835";"München";"519,60";"8,00";"";"Bohrverfahren nicht bekannt"
"7835BG002171";"München [München (Stadt)]";"7835";"München";"519,80";"8,00";"";"Bohrverfahren nicht bekannt"
"7835BG004054";"München [München (Stadt)]";"7835";"München";"519,70";"9,00";"";"Bohrverfahren nicht bekannt"
"7835BG004083";"München [München (Stadt)]";"7835";"München";"515,80";"20,00";"";"Bohrverfahren nicht bekannt"
"7835BG000314";"München [München (Stadt)]";"7835";"München";"507,40";"21,20";"";"Bohrverfahren nicht bekannt"
"7835BG000620";"München [München (Stadt)]";"7835";"München";"515,60";"9,30";"";"Bohrverfahren nicht bekannt"
"7835BG000630";"München [München (Stadt)]";"7835";"München";"515,60";"6,00";"";"Bohrverfahren nicht bekannt"
"7835BG000653";"München [München (Stadt)]";"7835";"München";"514,60";"12,45";"";"Bohrverfahren nicht bekannt"
"7835BG000654";"München [München (Stadt)]";"7835";"München";"518,20";"6,50";"";"Bohrverfahren nicht bekannt"
"7835BG000655";"München [München (Stadt)]";"7835";"München";"519,20";"6,00";"";"Bohrverfahren nicht bekannt"
"7835BG004102";"München [München (Stadt)]";"7835";"München";"517,30";"20,00";"";"Bohrverfahren nicht bekannt"
"7835BG004106";"München [München (Stadt)]";"7835";"München";"517,30";"15,00";"";"Bohrverfahren nicht bekannt"
"7835BG004110";"München [München (Stadt)]";"7835";"München";"517,90";"20,00";"";"Bohrverfahren nicht bekannt"
"7835BG001141";"München [München (Stadt)]";"7835";"München";"519,90";"16,20";"";"Bohrverfahren nicht bekannt"
"7835BG001411";"München [München (Stadt)]";"7835";"München";"521,00";"15,21";"";"Bohrverfahren nicht bekannt"
"7835BG001432";"München [München (Stadt)]";"7835";"München";"516,00";"11,55";"";"Bohrverfahren nicht bekannt"
"7835BG007046";"München [München (Stadt)]";"7835";"München";"516,90";"23,30";"";"Bohrverfahren nicht bekannt"
"7835BG007050";"München [München (Stadt)]";"7835";"München";"516,60";"34,00";"";"Bohrverfahren nicht bekannt"
"7835BG007054";"München [München (Stadt)]";"7835";"München";"515,40";"36,50";"";"Bohrverfahren nicht bekannt"
"7835BG007058";"München [München (Stadt)]";"7835";"München";"516,20";"31,00";"";"Bohrverfahren nicht bekannt"
"7835BG007062";"München [München (Stadt)]";"7835";"München";"516,10";"25,00";"";"Bohrverfahren nicht bekannt"
"7835BG007065";"München [München (Stadt)]";"7835";"München";"516,20";"27,60";"";"Bohrverfahren nicht bekannt"
"7835BG007077";"München [München (Stadt)]";"7835";"München";"516,70";"10,50";"";"Bohrverfahren nicht bekannt"
"7835BG007081";"München [München (Stadt)]";"7835";"München";"516,80";"8,00";"";"Bohrverfahren nicht bekannt"
"7835BG007082";"München [München (Stadt)]";"7835";"München";"516,40";"30,60";"";"Bohrverfahren nicht bekannt"
"7835BG007084";"München [München (Stadt)]";"7835";"München";"516,70";"12,10";"";"Bohrverfahren nicht bekannt"
"7835BG007088";"München [München (Stadt)]";"7835";"München";"493,30";"13,40";"";"Bohrverfahren nicht bekannt"
"7835BG007092";"München [München (Stadt)]";"7835";"München";"493,90";"15,00";"";"Bohrverfahren nicht bekannt"
"7835BG007096";"München [München (Stadt)]";"7835";"München";"493,20";"13,00";"";"Bohrverfahren nicht bekannt"
"7835BG007099";"München [München (Stadt)]";"7835";"München";"493,20";"15,00";"";"Bohrverfahren nicht bekannt"
"7835BG007103";"München [München (Stadt)]";"7835";"München";"493,30";"15,00";"";"Bohrverfahren nicht bekannt"
"7835BG007107";"München [München (Stadt)]";"7835";"München";"519,90";"17,70";"";"Bohrverfahren nicht bekannt"
"7835BG003848";"München [München (Stadt)]";"7835";"München";"520,30";"20,00";"";"Bohrverfahren nicht bekannt"
"7835BG003851";"München [München (Stadt)]";"7835";"München";"514,80";"12,00";"";"Bohrverfahren nicht bekannt"
"7835BG003854";"München [München (Stadt)]";"7835";"München";"515,70";"12,00";"";"Bohrverfahren nicht bekannt"
"7835BG003858";"München [München (Stadt)]";"7835";"München";"516,60";"12,00";"";"Bohrverfahren nicht bekannt"
"7835BG004133";"München [München (Stadt)]";"7835";"München";"519,30";"20,00";"";"Bohrverfahren nicht bekannt"
"7835BG004137";"München [München (Stadt)]";"7835";"München";"520,00";"16,00";"";"Bohrverfahren nicht bekannt"
"7835BG004141";"München [München (Stadt)]";"7835";"München";"517,00";"20,00";"";"Bohrverfahren nicht bekannt"
"7835BG004145";"München [München (Stadt)]";"7835";"München";"517,00";"20,00";"";"Bohrverfahren nicht bekannt"
"7835BG004148";"München [München (Stadt)]";"7835";"München";"513,40";"20,00";"1958";"Bohrverfahren nicht bekannt"
"7835BG004152";"München [München (Stadt)]";"7835";"München";"513,90";"20,00";"";"Bohrverfahren nicht bekannt"
"7835BG000399";"München [München (Stadt)]";"7835";"München";"517,90";"9,50";"";"Bohrverfahren nicht bekannt"
"7835BG003865";"München [München (Stadt)]";"7835";"München";"518,60";"12,00";"";"Bohrverfahren nicht bekannt"
"7835BG003868";"München [München (Stadt)]";"7835";"München";"520,70";"18,00";"";"Bohrverfahren nicht bekannt"
"7835BG003871";"München [München (Stadt)]";"7835";"München";"520,00";"12,00";"";"Bohrverfahren nicht bekannt"
"7835BG003875";"München [München (Stadt)]";"7835";"München";"520,20";"12,00";"";"Bohrverfahren nicht bekannt"
"7835BG003878";"München [München (Stadt)]";"7835";"München";"520,50";"12,00";"";"Bohrverfahren nicht bekannt"
"7835BG003881";"München [München (Stadt)]";"7835";"München";"521,00";"12,00";"";"Bohrverfahren nicht bekannt"
"7835BG003909";"München [München (Stadt)]";"7835";"München";"515,20";"20,00";"";"Bohrverfahren nicht bekannt"
"7835BG004174";"München [München (Stadt)]";"7835";"München";"512,60";"15,00";"";"Bohrverfahren nicht bekannt"
"7835BG004178";"München [München (Stadt)]";"7835";"München";"512,20";"20,00";"";"Bohrverfahren nicht bekannt"
"7835BG004182";"München [München (Stadt)]";"7835";"München";"514,70";"20,00";"";"Bohrverfahren nicht bekannt"
"7835BG004185";"München [München (Stadt)]";"7835";"München";"519,60";"30,30";"";"Bohrverfahren nicht bekannt"
"7835BG004189";"München [München (Stadt)]";"7835";"München";"514,50";"20,00";"";"Bohrverfahren nicht bekannt"
"7835BG004196";"München [München (Stadt)]";"7835";"München";"516,30";"20,00";"";"Bohrverfahren nicht bekannt"
"7835BG004197";"München [München (Stadt)]";"7835";"München";"517,50";"20,00";"";"Bohrverfahren nicht bekannt"
"7835BG004198";"München [München (Stadt)]";"7835";"München";"516,40";"20,00";"";"Bohrverfahren nicht bekannt"
"7835BG005244";"München [München (Stadt)]";"7835";"München";"518,50";"36,00";"";"Bohrverfahren nicht bekannt"
"7835BG005248";"München [München (Stadt)]";"7835";"München";"518,10";"36,80";"";"Bohrverfahren nicht bekannt"
"7835BG005252";"München [München (Stadt)]";"7835";"München";"520,70";"31,00";"";"Bohrverfahren nicht bekannt"
"7835BG005256";"München [München (Stadt)]";"7835";"München";"516,90";"12,00";"";"Bohrverfahren nicht bekannt"
"7835BG005259";"München [München (Stadt)]";"7835";"München";"520,80";"17,40";"";"Bohrverfahren nicht bekannt"
"7835BG005263";"München [München (Stadt)]";"7835";"München";"520,60";"17,10";"";"Bohrverfahren nicht bekannt"
"7835BG005267";"München [München (Stadt)]";"7835";"München";"520,40";"17,00";"";"Bohrverfahren nicht bekannt"
"7835BG005271";"München [München (Stadt)]";"7835";"München";"520,80";"17,70";"";"Bohrverfahren nicht bekannt"
"7835BG005275";"München [München (Stadt)]";"7835";"München";"520,50";"17,20";"";"Bohrverfahren nicht bekannt"
"7835BG005278";"München [München (Stadt)]";"7835";"München";"520,20";"17,00";"";"Bohrverfahren nicht bekannt"
"7835BG005282";"München [München (Stadt)]";"7835";"München";"520,40";"17,30";"";"Bohrverfahren nicht bekannt"
"7835BG005284";"München [München (Stadt)]";"7835";"München";"520,60";"18,00";"";"Bohrverfahren nicht bekannt"
"7835BG005285";"München [München (Stadt)]";"7835";"München";"521,00";"18,20";"";"Bohrverfahren nicht bekannt"
"7835BG005286";"München [München (Stadt)]";"7835";"München";"520,40";"16,00";"";"Bohrverfahren nicht bekannt"
"7835BG005288";"München [München (Stadt)]";"7835";"München";"518,80";"37,40";"";"Bohrverfahren nicht bekannt"
"7835BG005292";"München [München (Stadt)]";"7835";"München";"520,60";"17,20";"";"Bohrverfahren nicht bekannt"
"7835BG002248";"München [München (Stadt)]";"7835";"München";"514,90";"18,40";"";"Bohrverfahren nicht bekannt"
"7835BG002282";"München [München (Stadt)]";"7835";"München";"516,10";"10,00";"";"Bohrverfahren nicht bekannt"
"7835BG007111";"München [München (Stadt)]";"7835";"München";"520,10";"24,80";"";"Bohrverfahren nicht bekannt"
"7835BG007115";"München [München (Stadt)]";"7835";"München";"511,80";"7,80";"";"Bohrverfahren nicht bekannt"
"7835BG007119";"München [München (Stadt)]";"7835";"München";"520,20";"17,00";"";"Bohrverfahren nicht bekannt"
"7835BG007122";"München [München (Stadt)]";"7835";"München";"519,80";"23,10";"";"Bohrverfahren nicht bekannt"
"7835BG007126";"München [München (Stadt)]";"7835";"München";"520,40";"39,50";"";"Bohrverfahren nicht bekannt"
"7835BG006546";"München [München (Stadt)]";"7835";"München";"516,90";"14,80";"";"Bohrverfahren nicht bekannt"
"7835BG006550";"München [München (Stadt)]";"7835";"München";"516,20";"14,40";"";"Bohrverfahren nicht bekannt"
"7835BG006554";"München [München (Stadt)]";"7835";"München";"516,40";"14,40";"";"Bohrverfahren nicht bekannt"
"7835BG006558";"München [München (Stadt)]";"7835";"München";"515,80";"13,30";"";"Bohrverfahren nicht bekannt"
"7835BG006559";"München [München (Stadt)]";"7835";"München";"515,70";"14,00";"";"Bohrverfahren nicht bekannt"
"7835BG006560";"München [München (Stadt)]";"7835";"München";"515,60";"19,00";"";"Bohrverfahren nicht bekannt"
"7835BG006561";"München [München (Stadt)]";"7835";"München";"515,70";"13,20";"";"Bohrverfahren nicht bekannt"
"7835BG006564";"München [München (Stadt)]";"7835";"München";"516,00";"13,00";"";"Bohrverfahren nicht bekannt"
"7835BG006568";"München [München (Stadt)]";"7835";"München";"513,00";"10,20";"";"Bohrverfahren nicht bekannt"
"7835BG006571";"München [München (Stadt)]";"7835";"München";"515,40";"12,80";"";"Bohrverfahren nicht bekannt"
"7835BG006575";"München [München (Stadt)]";"7835";"München";"515,20";"14,50";"";"Bohrverfahren nicht bekannt"
"7835BG006579";"München [München (Stadt)]";"7835";"München";"520,50";"18,00";"";"Bohrverfahren nicht bekannt"
"7835BG006582";"München [München (Stadt)]";"7835";"München";"519,70";"18,00";"";"Bohrverfahren nicht bekannt"
"7835BG006586";"München [München (Stadt)]";"7835";"München";"519,00";"16,50";"";"Bohrverfahren nicht bekannt"
"7835BG006590";"München [München (Stadt)]";"7835";"München";"518,40";"16,00";"";"Bohrverfahren nicht bekannt"
"7835BG006594";"München [München (Stadt)]";"7835";"München";"520,50";"17,50";"";"Bohrverfahren nicht bekannt"
"7835BG006597";"München [München (Stadt)]";"7835";"München";"519,80";"27,50";"";"Bohrverfahren nicht bekannt"
"7835BG006601";"München [München (Stadt)]";"7835";"München";"519,30";"17,80";"";"Bohrverfahren nicht bekannt"
"7835BG006605";"München [München (Stadt)]";"7835";"München";"518,60";"16,00";"";"Bohrverfahren nicht bekannt"
"7835BG005441";"München [München (Stadt)]";"7835";"München";"519,60";"18,50";"";"Bohrverfahren nicht bekannt"
"7835BG005445";"München [München (Stadt)]";"7835";"München";"519,90";"18,80";"";"Bohrverfahren nicht bekannt"
"7835BG005449";"München [München (Stadt)]";"7835";"München";"519,80";"18,40";"";"Bohrverfahren nicht bekannt"
"7835BG006460";"München [München (Stadt)]";"7835";"München";"515,80";"10,30";"";"Bohrverfahren nicht bekannt"
"7835BG006464";"München [München (Stadt)]";"7835";"München";"517,10";"8,00";"";"Bohrverfahren nicht bekannt"
"7835BG006468";"München [München (Stadt)]";"7835";"München";"517,30";"14,60";"";"Bohrverfahren nicht bekannt"
"7835BG006471";"München [München (Stadt)]";"7835";"München";"520,50";"15,70";"";"Bohrverfahren nicht bekannt"
"7835BG003524";"München [München (Stadt)]";"7835";"München";"516,90";"15,00";"";"Bohrverfahren nicht bekannt"
"7835BG003527";"München [München (Stadt)]";"7835";"München";"516,80";"15,00";"";"Bohrverfahren nicht bekannt"
"7835BG003530";"München [München (Stadt)]";"7835";"München";"517,30";"17,00";"";"Bohrverfahren nicht bekannt"
"7835BG003534";"München [München (Stadt)]";"7835";"München";"517,10";"17,00";"";"Bohrverfahren nicht bekannt"
"7835BG003537";"München [München (Stadt)]";"7835";"München";"517,30";"11,00";"";"Bohrverfahren nicht bekannt"
"7835BG003540";"München [München (Stadt)]";"7835";"München";"517,00";"20,00";"";"Bohrverfahren nicht bekannt"
"7835BG003541";"München [München (Stadt)]";"7835";"München";"516,90";"15,00";"";"Bohrverfahren nicht bekannt"
"7835BG003542";"München [München (Stadt)]";"7835";"München";"516,80";"15,00";"";"Bohrverfahren nicht bekannt"
"7835BG003543";"München [München (Stadt)]";"7835";"München";"517,00";"15,00";"";"Bohrverfahren nicht bekannt"
"7835BG003544";"München [München (Stadt)]";"7835";"München";"516,90";"20,00";"";"Bohrverfahren nicht bekannt"
"7835BG004349";"München [München (Stadt)]";"7835";"München";"515,80";"15,30";"";"Bohrverfahren nicht bekannt"
"7835BG004368";"München [München (Stadt)]";"7835";"München";"508,90";"11,50";"";"Bohrverfahren nicht bekannt"
"7835BG004386";"München [München (Stadt)]";"7835";"München";"520,20";"16,50";"";"Bohrverfahren nicht bekannt"
"7835BG004390";"München [München (Stadt)]";"7835";"München";"515,60";"11,70";"";"Bohrverfahren nicht bekannt"
"7835BG004394";"München [München (Stadt)]";"7835";"München";"519,60";"19,50";"";"Bohrverfahren nicht bekannt"
"7835BG005516";"München [München (Stadt)]";"7835";"München";"513,80";"7,20";"";"Bohrverfahren nicht bekannt"
"7835BG006475";"München [München (Stadt)]";"7835";"München";"516,90";"13,50";"";"Bohrverfahren nicht bekannt"
"7835BG006479";"München [München (Stadt)]";"7835";"München";"517,40";"22,50";"";"Bohrverfahren nicht bekannt"
"7835BG006483";"München [München (Stadt)]";"7835";"München";"517,30";"15,00";"";"Bohrverfahren nicht bekannt"
"7835BG006486";"München [München (Stadt)]";"7835";"München";"517,00";"14,70";"";"Bohrverfahren nicht bekannt"
"7835BG006490";"München [München (Stadt)]";"7835";"München";"517,40";"19,70";"";"Bohrverfahren nicht bekannt"
"7835BG006493";"München [München (Stadt)]";"7835";"München";"517,30";"15,20";"";"Bohrverfahren nicht bekannt"
"7835BG006494";"München [München (Stadt)]";"7835";"München";"517,10";"12,60";"";"Bohrverfahren nicht bekannt"
"7835BG006495";"München [München (Stadt)]";"7835";"München";"517,10";"17,10";"";"Bohrverfahren nicht bekannt"
"7835BG006498";"München [München (Stadt)]";"7835";"München";"520,20";"26,80";"";"Bohrverfahren nicht bekannt"
"7835BG006501";"München [München (Stadt)]";"7835";"München";"518,80";"16,50";"";"Bohrverfahren nicht bekannt"
"7835BG006505";"München [München (Stadt)]";"7835";"München";"518,40";"24,00";"";"Bohrverfahren nicht bekannt"
"7835BG006509";"München [München (Stadt)]";"7835";"München";"517,30";"13,80";"";"Bohrverfahren nicht bekannt"
"7835BG006513";"München [München (Stadt)]";"7835";"München";"516,60";"14,40";"";"Bohrverfahren nicht bekannt"
"7835BG006998";"München [München (Stadt)]";"7835";"München";"516,90";"21,10";"";"Bohrverfahren nicht bekannt"
"7835BG007002";"München [München (Stadt)]";"7835";"München";"516,20";"12,20";"";"Bohrverfahren nicht bekannt"
"7835BG007005";"München [München (Stadt)]";"7835";"München";"516,40";"12,70";"";"Bohrverfahren nicht bekannt"
"7835BG007009";"München [München (Stadt)]";"7835";"München";"516,80";"11,70";"";"Bohrverfahren nicht bekannt"
"7835BG007013";"München [München (Stadt)]";"7835";"München";"516,10";"8,20";"";"Bohrverfahren nicht bekannt"
"7835BG007017";"München [München (Stadt)]";"7835";"München";"518,80";"15,70";"";"Bohrverfahren nicht bekannt"
"7835BG007019";"München [München (Stadt)]";"7835";"München";"517,10";"11,60";"";"Bohrverfahren nicht bekannt"
"7835BG007020";"München [München (Stadt)]";"7835";"München";"516,20";"12,40";"";"Bohrverfahren nicht bekannt"
"7835BG007021";"München [München (Stadt)]";"7835";"München";"519,30";"15,80";"";"Bohrverfahren nicht bekannt"
"7835BG007024";"München [München (Stadt)]";"7835";"München";"516,20";"10,40";"";"Bohrverfahren nicht bekannt"
"7835BG007028";"München [München (Stadt)]";"7835";"München";"516,90";"21,50";"";"Bohrverfahren nicht bekannt"
"7835BG007031";"München [München (Stadt)]";"7835";"München";"518,40";"15,00";"";"Bohrverfahren nicht bekannt"
"7835BG007035";"München [München (Stadt)]";"7835";"München";"517,00";"6,00";"";"Bohrverfahren nicht bekannt"
"7835BG007039";"München [München (Stadt)]";"7835";"München";"518,30";"36,50";"";"Bohrverfahren nicht bekannt"
"7835BG007043";"München [München (Stadt)]";"7835";"München";"516,50";"23,00";"";"Bohrverfahren nicht bekannt"
"7835BG006516";"München [München (Stadt)]";"7835";"München";"516,00";"13,80";"";"Bohrverfahren nicht bekannt"
"7835BG006520";"München [München (Stadt)]";"7835";"München";"515,80";"15,30";"";"Bohrverfahren nicht bekannt"
"7835BG006524";"München [München (Stadt)]";"7835";"München";"515,80";"22,90";"";"Bohrverfahren nicht bekannt"
"7835BG006528";"München [München (Stadt)]";"7835";"München";"514,10";"11,00";"";"Bohrverfahren nicht bekannt"
"7835BG006531";"München [München (Stadt)]";"7835";"München";"515,40";"22,50";"";"Bohrverfahren nicht bekannt"
"7835BG006535";"München [München (Stadt)]";"7835";"München";"515,20";"13,80";"";"Bohrverfahren nicht bekannt"
"7835BG006539";"München [München (Stadt)]";"7835";"München";"519,40";"17,50";"";"Bohrverfahren nicht bekannt"
"7835BG003603";"München [München (Stadt)]";"7835";"München";"517,00";"25,00";"";"Bohrverfahren nicht bekannt"
"7835BG003604";"München [München (Stadt)]";"7835";"München";"516,80";"25,00";"";"Bohrverfahren nicht bekannt"
"7835BG003615";"München [München (Stadt)]";"7835";"München";"519,50";"20,00";"";"Bohrverfahren nicht bekannt"
"7835BG003618";"München [München (Stadt)]";"7835";"München";"517,30";"20,00";"";"Bohrverfahren nicht bekannt"
"7835BG003622";"München [München (Stadt)]";"7835";"München";"516,30";"20,00";"";"Bohrverfahren nicht bekannt"
"7835BG003625";"München [München (Stadt)]";"7835";"München";"514,40";"18,85";"";"Bohrverfahren nicht bekannt"
"7835BG005519";"München [München (Stadt)]";"7835";"München";"515,60";"32,70";"";"Bohrverfahren nicht bekannt"
"7835BG005523";"München [München (Stadt)]";"7835";"München";"515,40";"17,50";"";"Bohrverfahren nicht bekannt"
"7835BG005527";"München [München (Stadt)]";"7835";"München";"518,40";"8,30";"";"Bohrverfahren nicht bekannt"
"7835BG005531";"München [München (Stadt)]";"7835";"München";"517,00";"38,00";"";"Bohrverfahren nicht bekannt"
"7835BG005534";"München [München (Stadt)]";"7835";"München";"516,60";"33,00";"";"Bohrverfahren nicht bekannt"
"7835BG005549";"München [München (Stadt)]";"7835";"München";"517,60";"38,50";"";"Bohrverfahren nicht bekannt"
"7835BG005553";"München [München (Stadt)]";"7835";"München";"515,80";"15,00";"";"Bohrverfahren nicht bekannt"
"7835BG005561";"München [München (Stadt)]";"7835";"München";"515,60";"25,00";"";"Bohrverfahren nicht bekannt"
"7835BG005564";"München [München (Stadt)]";"7835";"München";"517,00";"31,00";"";"Bohrverfahren nicht bekannt"
"7835BG007515";"München [München (Stadt)]";"7835";"München";"516,45";"34,50";"";"Bohrverfahren nicht bekannt"
"7835BG007530";"München [München (Stadt)]";"7835";"München";"515,50";"6,50";"";"Bohrverfahren nicht bekannt"
"7835BG015004";"München [München (Stadt)]";"7835";"München";"515,00";"15,00";"1965";"Rammkernbohrung"
"7835BG017470";"München [München (Stadt)]";"7835";"München";"517,00";"70,00";"2006";"Bohrverfahren nicht bekannt"
"7835BG000964";"München [München (Stadt)]";"7835";"München";"517,67";"12,00";"";"Bohrverfahren nicht bekannt"
"7835BG000651";"München [München (Stadt)]";"7835";"München";"515,50";"5,20";"";"Bohrverfahren nicht bekannt"
"7835BG000652";"München [München (Stadt)]";"7835";"München";"517,00";"7,00";"";"Bohrverfahren nicht bekannt"
"7835BG000657";"München [München (Stadt)]";"7835";"München";"516,20";"6,00";"";"Bohrverfahren nicht bekannt"
"7835BG000674";"München [München (Stadt)]";"7835";"München";"517,98";"5,50";"";"Bohrverfahren nicht bekannt"
"7835BG000816";"München [München (Stadt)]";"7835";"München";"516,40";"16,20";"";"Bohrverfahren nicht bekannt"
"7835BG001412";"München [München (Stadt)]";"7835";"München";"521,00";"18,31";"";"Bohrverfahren nicht bekannt"
"7835BG000824";"München [München (Stadt)]";"7835";"München";"519,09";"6,80";"";"Bohrverfahren nicht bekannt"
"7835BG001296";"München [München (Stadt)]";"7835";"München";"518,00";"38,00";"";"Bohrverfahren nicht bekannt"
"7835BG001298";"München [München (Stadt)]";"7835";"München";"520,00";"90,00";"";"Bohrverfahren nicht bekannt"
"7835BG000220";"München [München (Stadt)]";"7835";"München";"520,90";"25,00";"";"Bohrverfahren nicht bekannt"
"7835BG000221";"München [München (Stadt)]";"7835";"München";"521,00";"26,50";"";"Bohrverfahren nicht bekannt"
"7835BG000222";"München [München (Stadt)]";"7835";"München";"521,00";"27,06";"";"Bohrverfahren nicht bekannt"
"7835BG000224";"München [München (Stadt)]";"7835";"München";"517,00";"21,70";"";"Bohrverfahren nicht bekannt"
"7835BG000225";"München [München (Stadt)]";"7835";"München";"521,10";"28,40";"";"Bohrverfahren nicht bekannt"
"7835BG000227";"München [München (Stadt)]";"7835";"München";"520,60";"25,00";"";"Bohrverfahren nicht bekannt"
"7835BG000228";"München [München (Stadt)]";"7835";"München";"518,20";"20,00";"";"Bohrverfahren nicht bekannt"
"7835BG000229";"München [München (Stadt)]";"7835";"München";"518,10";"12,20";"";"Bohrverfahren nicht bekannt"
"7835BG000231";"München [München (Stadt)]";"7835";"München";"517,20";"22,00";"";"Bohrverfahren nicht bekannt"
"7835BG000232";"München [München (Stadt)]";"7835";"München";"517,30";"22,50";"";"Bohrverfahren nicht bekannt"
"7835BG000234";"München [München (Stadt)]";"7835";"München";"518,40";"22,30";"";"Bohrverfahren nicht bekannt"
"7835BG000235";"München [München (Stadt)]";"7835";"München";"518,80";"25,75";"";"Bohrverfahren nicht bekannt"
"7835BG000236";"München [München (Stadt)]";"7835";"München";"519,60";"22,50";"";"Bohrverfahren nicht bekannt"
"7835BG000238";"München [München (Stadt)]";"7835";"München";"519,90";"21,80";"";"Bohrverfahren nicht bekannt"
"7835BG000239";"München [München (Stadt)]";"7835";"München";"520,00";"21,80";"";"Bohrverfahren nicht bekannt"
"7835BG000241";"München [München (Stadt)]";"7835";"München";"519,20";"30,35";"";"Bohrverfahren nicht bekannt"
"7835BG000242";"München [München (Stadt)]";"7835";"München";"519,20";"40,45";"";"Bohrverfahren nicht bekannt"
"7835BG000243";"München [München (Stadt)]";"7835";"München";"518,90";"22,00";"";"Bohrverfahren nicht bekannt"
"7835BG000826";"München [München (Stadt)]";"7835";"München";"516,71";"7,14";"";"Bohrverfahren nicht bekannt"
"7835BG001438";"München [München (Stadt)]";"7835";"München";"515,50";"6,80";"";"Bohrverfahren nicht bekannt"
"7835BG001446";"München [München (Stadt)]";"7835";"München";"518,13";"6,80";"";"Bohrverfahren nicht bekannt"
"7835BG000245";"München [München (Stadt)]";"7835";"München";"518,80";"23,04";"";"Bohrverfahren nicht bekannt"
"7835BG000246";"München [München (Stadt)]";"7835";"München";"518,80";"22,75";"";"Bohrverfahren nicht bekannt"
"7835BG000248";"München [München (Stadt)]";"7835";"München";"518,60";"13,05";"";"Bohrverfahren nicht bekannt"
"7835BG000249";"München [München (Stadt)]";"7835";"München";"519,00";"24,20";"";"Bohrverfahren nicht bekannt"
"7835BG000694";"München [München (Stadt)]";"7835";"München";"520,94";"7,20";"";"Bohrverfahren nicht bekannt"
"7835BG000695";"München [München (Stadt)]";"7835";"München";"520,56";"6,60";"";"Bohrverfahren nicht bekannt"
"7835BG000703";"München [München (Stadt)]";"7835";"München";"520,48";"6,50";"";"Bohrverfahren nicht bekannt"
"7835BG000708";"München [München (Stadt)]";"7835";"München";"517,70";"18,29";"";"Bohrverfahren nicht bekannt"
"7835BG000828";"München [München (Stadt)]";"7835";"München";"517,26";"5,22";"";"Bohrverfahren nicht bekannt"
"7835BG000833";"München [München (Stadt)]";"7835";"München";"515,30";"8,35";"";"Bohrverfahren nicht bekannt"
"7835BG000834";"München [München (Stadt)]";"7835";"München";"515,72";"12,20";"";"Bohrverfahren nicht bekannt"
"7835BG000844";"München [München (Stadt)]";"7835";"München";"514,91";"11,07";"";"Bohrverfahren nicht bekannt"
"7835BG000858";"München [München (Stadt)]";"7835";"München";"516,88";"5,90";"";"Bohrverfahren nicht bekannt"
"7835BG001431";"München [München (Stadt)]";"7835";"München";"517,00";"11,13";"";"Bohrverfahren nicht bekannt"
"7835BG001433";"München [München (Stadt)]";"7835";"München";"517,40";"10,40";"";"Bohrverfahren nicht bekannt"
"7835BG001092";"München [München (Stadt)]";"7835";"München";"512,54";"12,00";"";"Bohrverfahren nicht bekannt"
"7835BG001332";"München [München (Stadt)]";"7835";"München";"518,80";"6,75";"";"Bohrverfahren nicht bekannt"
"7835BG000250";"München [München (Stadt)]";"7835";"München";"520,00";"33,22";"";"Bohrverfahren nicht bekannt"
"7835BG000252";"München [München (Stadt)]";"7835";"München";"519,50";"26,00";"";"Bohrverfahren nicht bekannt"
"7835BG000253";"München [München (Stadt)]";"7835";"München";"519,60";"26,85";"";"Bohrverfahren nicht bekannt"
"7835BG000255";"München [München (Stadt)]";"7835";"München";"520,20";"30,30";"";"Bohrverfahren nicht bekannt"
"7835BG000256";"München [München (Stadt)]";"7835";"München";"520,50";"45,60";"";"Bohrverfahren nicht bekannt"
"7835BG000257";"München [München (Stadt)]";"7835";"München";"519,80";"30,00";"";"Bohrverfahren nicht bekannt"
"7835BG000259";"München [München (Stadt)]";"7835";"München";"520,20";"50,00";"";"Bohrverfahren nicht bekannt"
"7835BG000260";"München [München (Stadt)]";"7835";"München";"519,60";"35,45";"";"Bohrverfahren nicht bekannt"
"7835BG000262";"München [München (Stadt)]";"7835";"München";"518,70";"30,00";"";"Bohrverfahren nicht bekannt"
"7835BG000263";"München [München (Stadt)]";"7835";"München";"520,30";"7,05";"";"Bohrverfahren nicht bekannt"
"7835BG000264";"München [München (Stadt)]";"7835";"München";"517,80";"26,70";"";"Bohrverfahren nicht bekannt"
"7835BG000266";"München [München (Stadt)]";"7835";"München";"517,70";"28,10";"";"Bohrverfahren nicht bekannt"
"7835BG000267";"München [München (Stadt)]";"7835";"München";"517,50";"28,50";"";"Bohrverfahren nicht bekannt"
"7835BG000269";"München [München (Stadt)]";"7835";"München";"517,50";"29,19";"";"Bohrverfahren nicht bekannt"
"7835BG000270";"München [München (Stadt)]";"7835";"München";"517,40";"28,45";"";"Bohrverfahren nicht bekannt"
"7835BG000272";"München [München (Stadt)]";"7835";"München";"517,30";"36,50";"";"Bohrverfahren nicht bekannt"
"7835BG000273";"München [München (Stadt)]";"7835";"München";"517,10";"34,10";"";"Bohrverfahren nicht bekannt"
"7835BG000274";"München [München (Stadt)]";"7835";"München";"516,80";"31,70";"";"Bohrverfahren nicht bekannt"
"7835BG000276";"München [München (Stadt)]";"7835";"München";"516,90";"33,00";"";"Bohrverfahren nicht bekannt"
"7835BG000397";"München [München (Stadt)]";"7835";"München";"516,40";"10,25";"";"Bohrverfahren nicht bekannt"
"7835BG000398";"München [München (Stadt)]";"7835";"München";"518,80";"35,80";"";"Bohrverfahren nicht bekannt"
"7835BG000400";"München [München (Stadt)]";"7835";"München";"517,60";"39,00";"";"Bohrverfahren nicht bekannt"
"7835BG000401";"München [München (Stadt)]";"7835";"München";"517,20";"8,20";"";"Bohrverfahren nicht bekannt"
"7835BG000402";"München [München (Stadt)]";"7835";"München";"516,90";"8,10";"";"Bohrverfahren nicht bekannt"
"7835BG000418";"München [München (Stadt)]";"7835";"München";"516,80";"11,30";"";"Bohrverfahren nicht bekannt"
"7835BG000419";"München [München (Stadt)]";"7835";"München";"518,70";"12,00";"";"Bohrverfahren nicht bekannt"
"7835BG000277";"München [München (Stadt)]";"7835";"München";"517,00";"33,75";"";"Bohrverfahren nicht bekannt"
"7835BG000279";"München [München (Stadt)]";"7835";"München";"516,20";"27,00";"";"Bohrverfahren nicht bekannt"
"7835BG000280";"München [München (Stadt)]";"7835";"München";"516,30";"40,00";"";"Bohrverfahren nicht bekannt"
"7835BG000281";"München [München (Stadt)]";"7835";"München";"515,90";"35,03";"";"Bohrverfahren nicht bekannt"
"7835BG000283";"München [München (Stadt)]";"7835";"München";"515,70";"27,00";"";"Bohrverfahren nicht bekannt"
"7835BG000719";"München [München (Stadt)]";"7835";"München";"515,70";"15,45";"";"Bohrverfahren nicht bekannt"
"7835BG000726";"München [München (Stadt)]";"7835";"München";"519,31";"5,90";"";"Bohrverfahren nicht bekannt"
"7835BG000742";"München [München (Stadt)]";"7835";"München";"515,32";"12,95";"";"Bohrverfahren nicht bekannt"
"7835BG000877";"München [München (Stadt)]";"7835";"München";"518,00";"13,38";"";"Bohrverfahren nicht bekannt"
"7835BG000888";"München [München (Stadt)]";"7835";"München";"517,27";"9,35";"";"Bohrverfahren nicht bekannt"
"7835BG001131";"München [München (Stadt)]";"7835";"München";"514,73";"11,50";"";"Bohrverfahren nicht bekannt"
"7835BG000284";"München [München (Stadt)]";"7835";"München";"515,90";"26,30";"";"Bohrverfahren nicht bekannt"
"7835BG000286";"München [München (Stadt)]";"7835";"München";"515,00";"27,17";"";"Bohrverfahren nicht bekannt"
"7835BG000291";"München [München (Stadt)]";"7835";"München";"511,10";"40,00";"";"Bohrverfahren nicht bekannt"
"7835BG000615";"München [München (Stadt)]";"7835";"München";"520,00";"212,00";"";"Bohrverfahren nicht bekannt"
"7835BG000629";"München [München (Stadt)]";"7835";"München";"514,80";"6,60";"";"Bohrverfahren nicht bekannt"
"7835BG000631";"München [München (Stadt)]";"7835";"München";"514,80";"10,64";"";"Bohrverfahren nicht bekannt"
"7835BG000632";"München [München (Stadt)]";"7835";"München";"516,38";"5,00";"";"Bohrverfahren nicht bekannt"
"7835BG000634";"München [München (Stadt)]";"7835";"München";"517,11";"6,00";"";"Bohrverfahren nicht bekannt"
"7835BG000773";"München [München (Stadt)]";"7835";"München";"515,93";"15,25";"";"Bohrverfahren nicht bekannt"
"7835BG000908";"München [München (Stadt)]";"7835";"München";"515,94";"10,00";"";"Bohrverfahren nicht bekannt"
"7835BG000642";"München [München (Stadt)]";"7835";"München";"514,00";"10,70";"";"Bohrverfahren nicht bekannt"
"7835BG001155";"München [München (Stadt)]";"7835";"München";"517,26";"14,80";"";"Bohrverfahren nicht bekannt"
"7835BG001516";"München [München (Stadt)]";"7835";"München";"487,40";"14,90";"";"Bohrverfahren nicht bekannt"
"7835BG001959";"München [München (Stadt)]";"7835";"München";"516,40";"12,00";"";"Bohrverfahren nicht bekannt"
"7835BG002092";"München [München (Stadt)]";"7835";"München";"516,20";"12,75";"";"Bohrverfahren nicht bekannt"
"7835BG002098";"München [München (Stadt)]";"7835";"München";"516,60";"10,50";"";"Bohrverfahren nicht bekannt"
"7835BG002814";"München [München (Stadt)]";"7835";"München";"515,99";"35,00";"";"Bohrverfahren nicht bekannt"
"7835BG002815";"München [München (Stadt)]";"7835";"München";"515,96";"38,50";"";"Bohrverfahren nicht bekannt"
"7835BG002817";"München [München (Stadt)]";"7835";"München";"516,62";"34,00";"";"Bohrverfahren nicht bekannt"
"7835BG002818";"München [München (Stadt)]";"7835";"München";"516,61";"33,50";"";"Bohrverfahren nicht bekannt"
"7835BG002819";"München [München (Stadt)]";"7835";"München";"515,69";"36,50";"";"Bohrverfahren nicht bekannt"
"7835BG002821";"München [München (Stadt)]";"7835";"München";"517,28";"34,00";"";"Bohrverfahren nicht bekannt"
"7835BG002824";"München [München (Stadt)]";"7835";"München";"516,85";"33,50";"";"Bohrverfahren nicht bekannt"
"7835BG001712";"München [München (Stadt)]";"7835";"München";"515,50";"10,07";"";"Bohrverfahren nicht bekannt"
"7835BG001713";"München [München (Stadt)]";"7835";"München";"515,60";"10,15";"";"Bohrverfahren nicht bekannt"
"7835BG001715";"München [München (Stadt)]";"7835";"München";"515,00";"10,10";"";"Bohrverfahren nicht bekannt"
"7835BG001716";"München [München (Stadt)]";"7835";"München";"514,80";"10,15";"";"Bohrverfahren nicht bekannt"
"7835BG001845";"München [München (Stadt)]";"7835";"München";"517,60";"15,00";"";"Bohrverfahren nicht bekannt"
"7835BG001847";"München [München (Stadt)]";"7835";"München";"518,20";"20,00";"";"Bohrverfahren nicht bekannt"
"7835BG001848";"München [München (Stadt)]";"7835";"München";"518,20";"19,00";"";"Bohrverfahren nicht bekannt"
"7835BG001849";"München [München (Stadt)]";"7835";"München";"518,30";"15,00";"";"Bohrverfahren nicht bekannt"
"7835BG001005";"München [München (Stadt)]";"7835";"München";"520,30";"16,40";"";"Bohrverfahren nicht bekannt"
"7835BG002825";"München [München (Stadt)]";"7835";"München";"517,03";"34,00";"";"Bohrverfahren nicht bekannt"
"7835BG002826";"München [München (Stadt)]";"7835";"München";"516,59";"34,00";"";"Bohrverfahren nicht bekannt"
"7835BG002828";"München [München (Stadt)]";"7835";"München";"515,54";"35,00";"";"Bohrverfahren nicht bekannt"
"7835BG002829";"München [München (Stadt)]";"7835";"München";"515,43";"35,00";"";"Bohrverfahren nicht bekannt"
"7835BG002830";"München [München (Stadt)]";"7835";"München";"515,63";"36,00";"";"Bohrverfahren nicht bekannt"
"7835BG002832";"München [München (Stadt)]";"7835";"München";"515,78";"33,50";"";"Bohrverfahren nicht bekannt"
"7835BG002833";"München [München (Stadt)]";"7835";"München";"515,91";"34,00";"";"Bohrverfahren nicht bekannt"
"7835BG002834";"München [München (Stadt)]";"7835";"München";"516,06";"34,00";"";"Bohrverfahren nicht bekannt"
"7835BG002836";"München [München (Stadt)]";"7835";"München";"516,39";"34,70";"";"Bohrverfahren nicht bekannt"
"7835BG002837";"München [München (Stadt)]";"7835";"München";"516,35";"36,50";"";"Bohrverfahren nicht bekannt"
"7835BG002838";"München [München (Stadt)]";"7835";"München";"516,62";"36,00";"";"Bohrverfahren nicht bekannt"
"7835BG002840";"München [München (Stadt)]";"7835";"München";"516,65";"36,00";"";"Bohrverfahren nicht bekannt"
"7835BG002841";"München [München (Stadt)]";"7835";"München";"516,81";"34,50";"";"Bohrverfahren nicht bekannt"
"7835BG002843";"München [München (Stadt)]";"7835";"München";"515,69";"34,80";"";"Bohrverfahren nicht bekannt"
"7835BG002153";"München [München (Stadt)]";"7835";"München";"513,20";"10,00";"";"Bohrverfahren nicht bekannt"
"7835BG001033";"München [München (Stadt)]";"7835";"München";"519,65";"14,80";"";"Bohrverfahren nicht bekannt"
"7835BG001043";"München [München (Stadt)]";"7835";"München";"517,49";"16,20";"";"Bohrverfahren nicht bekannt"
"7835BG002084";"München [München (Stadt)]";"7835";"München";"516,70";"13,00";"";"Bohrverfahren nicht bekannt"
"7835BG002085";"München [München (Stadt)]";"7835";"München";"516,10";"13,00";"";"Bohrverfahren nicht bekannt"
"7835BG002087";"München [München (Stadt)]";"7835";"München";"515,80";"16,00";"";"Bohrverfahren nicht bekannt"
"7835BG002281";"München [München (Stadt)]";"7835";"München";"515,80";"10,00";"";"Bohrverfahren nicht bekannt"
"7835BG004131";"München [München (Stadt)]";"7835";"München";"518,60";"20,50";"";"Bohrverfahren nicht bekannt"
"7835BG004225";"München [München (Stadt)]";"7835";"München";"519,20";"20,00";"";"Bohrverfahren nicht bekannt"
"7835BG004227";"München [München (Stadt)]";"7835";"München";"517,60";"15,00";"";"Bohrverfahren nicht bekannt"
"7835BG004228";"München [München (Stadt)]";"7835";"München";"519,50";"18,00";"";"Bohrverfahren nicht bekannt"
"7835BG004229";"München [München (Stadt)]";"7835";"München";"516,90";"15,00";"";"Bohrverfahren nicht bekannt"
"7835BG004231";"München [München (Stadt)]";"7835";"München";"517,80";"15,00";"1957";"Bohrverfahren nicht bekannt"
"7835BG004232";"München [München (Stadt)]";"7835";"München";"517,90";"18,00";"";"Bohrverfahren nicht bekannt"
"7835BG003847";"München [München (Stadt)]";"7835";"München";"520,30";"20,00";"";"Bohrverfahren nicht bekannt"
"7835BG003849";"München [München (Stadt)]";"7835";"München";"514,10";"12,00";"";"Bohrverfahren nicht bekannt"
"7835BG003852";"München [München (Stadt)]";"7835";"München";"515,30";"12,00";"";"Bohrverfahren nicht bekannt"
"7835BG003978";"München [München (Stadt)]";"7835";"München";"519,00";"16,45";"";"Bohrverfahren nicht bekannt"
"7835BG003979";"München [München (Stadt)]";"7835";"München";"520,80";"17,50";"";"Bohrverfahren nicht bekannt"
"7835BG003981";"München [München (Stadt)]";"7835";"München";"520,90";"16,00";"";"Bohrverfahren nicht bekannt"
"7835BG003991";"München [München (Stadt)]";"7835";"München";"519,50";"30,00";"";"Bohrverfahren nicht bekannt"
"7835BG003992";"München [München (Stadt)]";"7835";"München";"520,80";"30,00";"";"Bohrverfahren nicht bekannt"
"7835BG003993";"München [München (Stadt)]";"7835";"München";"519,60";"13,00";"";"Bohrverfahren nicht bekannt"
"7835BG003995";"München [München (Stadt)]";"7835";"München";"520,70";"13,00";"";"Bohrverfahren nicht bekannt"
"7835BG004233";"München [München (Stadt)]";"7835";"München";"517,20";"18,00";"";"Bohrverfahren nicht bekannt"
"7835BG004235";"München [München (Stadt)]";"7835";"München";"517,30";"20,00";"";"Bohrverfahren nicht bekannt"
"7835BG004236";"München [München (Stadt)]";"7835";"München";"517,20";"20,00";"";"Bohrverfahren nicht bekannt"
"7835BG004237";"München [München (Stadt)]";"7835";"München";"516,80";"20,00";"";"Bohrverfahren nicht bekannt"
"7835BG004239";"München [München (Stadt)]";"7835";"München";"516,40";"20,00";"";"Bohrverfahren nicht bekannt"
"7835BG004240";"München [München (Stadt)]";"7835";"München";"516,20";"20,00";"";"Bohrverfahren nicht bekannt"
"7835BG004242";"München [München (Stadt)]";"7835";"München";"519,60";"20,00";"";"Bohrverfahren nicht bekannt"
"7835BG004243";"München [München (Stadt)]";"7835";"München";"519,20";"15,00";"";"Bohrverfahren nicht bekannt"
"7835BG004246";"München [München (Stadt)]";"7835";"München";"517,60";"20,00";"";"Bohrverfahren nicht bekannt"
"7835BG004247";"München [München (Stadt)]";"7835";"München";"519,80";"16,00";"";"Bohrverfahren nicht bekannt"
"7835BG002990";"München [München (Stadt)]";"7835";"München";"517,00";"35,20";"";"Bohrverfahren nicht bekannt"
"7835BG002991";"München [München (Stadt)]";"7835";"München";"517,20";"35,00";"";"Bohrverfahren nicht bekannt"
"7835BG002992";"München [München (Stadt)]";"7835";"München";"517,50";"35,00";"";"Bohrverfahren nicht bekannt"
"7835BG002994";"München [München (Stadt)]";"7835";"München";"515,80";"28,00";"";"Bohrverfahren nicht bekannt"
"7835BG002995";"München [München (Stadt)]";"7835";"München";"515,40";"27,40";"";"Bohrverfahren nicht bekannt"
"7835BG002997";"München [München (Stadt)]";"7835";"München";"514,50";"25,40";"";"Bohrverfahren nicht bekannt"
"7835BG002998";"München [München (Stadt)]";"7835";"München";"514,80";"25,70";"";"Bohrverfahren nicht bekannt"
"7835BG002999";"München [München (Stadt)]";"7835";"München";"516,50";"25,00";"";"Bohrverfahren nicht bekannt"
"7835BG003001";"München [München (Stadt)]";"7835";"München";"519,40";"25,00";"";"Bohrverfahren nicht bekannt"
"7835BG003002";"München [München (Stadt)]";"7835";"München";"520,30";"25,30";"";"Bohrverfahren nicht bekannt"
"7835BG003614";"München [München (Stadt)]";"7835";"München";"519,80";"20,00";"";"Bohrverfahren nicht bekannt"
"7835BG003616";"München [München (Stadt)]";"7835";"München";"519,60";"20,20";"";"Bohrverfahren nicht bekannt"
"7835BG003617";"München [München (Stadt)]";"7835";"München";"517,70";"20,00";"";"Bohrverfahren nicht bekannt"
"7835BG003619";"München [München (Stadt)]";"7835";"München";"517,20";"20,00";"";"Bohrverfahren nicht bekannt"
"7835BG003620";"München [München (Stadt)]";"7835";"München";"517,00";"20,00";"";"Bohrverfahren nicht bekannt"
"7835BG003621";"München [München (Stadt)]";"7835";"München";"517,00";"20,00";"";"Bohrverfahren nicht bekannt"
"7835BG003623";"München [München (Stadt)]";"7835";"München";"515,70";"20,00";"";"Bohrverfahren nicht bekannt"
"7835BG003626";"München [München (Stadt)]";"7835";"München";"513,40";"20,00";"";"Bohrverfahren nicht bekannt"
"7835BG003627";"München [München (Stadt)]";"7835";"München";"512,00";"20,00";"";"Bohrverfahren nicht bekannt"
"7835BG003003";"München [München (Stadt)]";"7835";"München";"520,50";"25,40";"";"Bohrverfahren nicht bekannt"
"7835BG003007";"München [München (Stadt)]";"7835";"München";"520,70";"25,00";"";"Bohrverfahren nicht bekannt"
"7835BG003008";"München [München (Stadt)]";"7835";"München";"520,80";"25,00";"";"Bohrverfahren nicht bekannt"
"7835BG004132";"München [München (Stadt)]";"7835";"München";"519,40";"20,00";"";"Bohrverfahren nicht bekannt"
"7835BG004134";"München [München (Stadt)]";"7835";"München";"519,20";"17,00";"1957";"Bohrverfahren nicht bekannt"
"7835BG004135";"München [München (Stadt)]";"7835";"München";"520,00";"15,00";"";"Bohrverfahren nicht bekannt"
"7835BG004136";"München [München (Stadt)]";"7835";"München";"519,70";"15,25";"";"Bohrverfahren nicht bekannt"
"7835BG004138";"München [München (Stadt)]";"7835";"München";"518,30";"20,00";"";"Bohrverfahren nicht bekannt"
"7835BG004139";"München [München (Stadt)]";"7835";"München";"517,00";"20,00";"1958";"Bohrverfahren nicht bekannt"
"7835BG004140";"München [München (Stadt)]";"7835";"München";"516,97";"20,00";"1958";"Bohrverfahren nicht bekannt"
"7835BG004142";"München [München (Stadt)]";"7835";"München";"517,50";"20,00";"";"Bohrverfahren nicht bekannt"
"7835BG004143";"München [München (Stadt)]";"7835";"München";"517,60";"20,00";"";"Bohrverfahren nicht bekannt"
"7835BG004144";"München [München (Stadt)]";"7835";"München";"517,90";"20,00";"";"Bohrverfahren nicht bekannt"
"7835BG004146";"München [München (Stadt)]";"7835";"München";"517,18";"20,00";"";"Bohrverfahren nicht bekannt"
"7835BG004147";"München [München (Stadt)]";"7835";"München";"517,00";"20,00";"";"Bohrverfahren nicht bekannt"
"7835BG004149";"München [München (Stadt)]";"7835";"München";"513,15";"20,00";"1958";"Bohrverfahren nicht bekannt"
"7835BG004150";"München [München (Stadt)]";"7835";"München";"512,70";"20,00";"";"Bohrverfahren nicht bekannt"
"7835BG004151";"München [München (Stadt)]";"7835";"München";"513,50";"20,00";"";"Bohrverfahren nicht bekannt"
"7835BG003853";"München [München (Stadt)]";"7835";"München";"515,60";"12,00";"";"Bohrverfahren nicht bekannt"
"7835BG003855";"München [München (Stadt)]";"7835";"München";"515,80";"12,00";"";"Bohrverfahren nicht bekannt"
"7835BG003856";"München [München (Stadt)]";"7835";"München";"516,20";"12,00";"";"Bohrverfahren nicht bekannt"
"7835BG003857";"München [München (Stadt)]";"7835";"München";"516,90";"12,00";"";"Bohrverfahren nicht bekannt"
"7835BG003859";"München [München (Stadt)]";"7835";"München";"516,70";"12,00";"";"Bohrverfahren nicht bekannt"
"7835BG003860";"München [München (Stadt)]";"7835";"München";"517,10";"12,00";"";"Bohrverfahren nicht bekannt"
"7835BG003862";"München [München (Stadt)]";"7835";"München";"517,30";"12,00";"";"Bohrverfahren nicht bekannt"
"7835BG003863";"München [München (Stadt)]";"7835";"München";"517,70";"12,00";"";"Bohrverfahren nicht bekannt"
"7835BG003996";"München [München (Stadt)]";"7835";"München";"520,90";"16,00";"";"Bohrverfahren nicht bekannt"
"7835BG004000";"München [München (Stadt)]";"7835";"München";"520,40";"30,00";"";"Bohrverfahren nicht bekannt"
"7835BG004002";"München [München (Stadt)]";"7835";"München";"520,70";"30,00";"";"Bohrverfahren nicht bekannt"
"7835BG004003";"München [München (Stadt)]";"7835";"München";"519,60";"17,00";"";"Bohrverfahren nicht bekannt"
"7835BG004005";"München [München (Stadt)]";"7835";"München";"520,80";"15,50";"";"Bohrverfahren nicht bekannt"
"7835BG004006";"München [München (Stadt)]";"7835";"München";"520,20";"11,10";"";"Bohrverfahren nicht bekannt"
"7835BG004012";"München [München (Stadt)]";"7835";"München";"519,60";"30,00";"";"Bohrverfahren nicht bekannt"
"7835BG004248";"München [München (Stadt)]";"7835";"München";"514,10";"7,00";"";"Bohrverfahren nicht bekannt"
"7835BG003864";"München [München (Stadt)]";"7835";"München";"518,10";"12,00";"";"Bohrverfahren nicht bekannt"
"7835BG003866";"München [München (Stadt)]";"7835";"München";"519,40";"18,00";"";"Bohrverfahren nicht bekannt"
"7835BG003867";"München [München (Stadt)]";"7835";"München";"519,60";"18,00";"";"Bohrverfahren nicht bekannt"
"7835BG003869";"München [München (Stadt)]";"7835";"München";"520,30";"26,80";"";"Bohrverfahren nicht bekannt"
"7835BG003870";"München [München (Stadt)]";"7835";"München";"520,40";"19,60";"";"Bohrverfahren nicht bekannt"
"7835BG003873";"München [München (Stadt)]";"7835";"München";"519,60";"12,00";"";"Bohrverfahren nicht bekannt"
"7835BG003874";"München [München (Stadt)]";"7835";"München";"519,70";"12,00";"";"Bohrverfahren nicht bekannt"
"7835BG003876";"München [München (Stadt)]";"7835";"München";"520,40";"12,00";"";"Bohrverfahren nicht bekannt"
"7835BG003877";"München [München (Stadt)]";"7835";"München";"520,40";"12,00";"";"Bohrverfahren nicht bekannt"
"7835BG003879";"München [München (Stadt)]";"7835";"München";"520,60";"13,30";"";"Bohrverfahren nicht bekannt"
"7835BG003880";"München [München (Stadt)]";"7835";"München";"520,80";"12,00";"";"Bohrverfahren nicht bekannt"
"7835BG004013";"München [München (Stadt)]";"7835";"München";"521,00";"30,00";"";"Bohrverfahren nicht bekannt"
"7835BG004015";"München [München (Stadt)]";"7835";"München";"519,80";"13,00";"";"Bohrverfahren nicht bekannt"
"7835BG004016";"München [München (Stadt)]";"7835";"München";"520,80";"17,00";"";"Bohrverfahren nicht bekannt"
"7835BG004017";"München [München (Stadt)]";"7835";"München";"520,80";"17,00";"";"Bohrverfahren nicht bekannt"
"7835BG004022";"München [München (Stadt)]";"7835";"München";"519,20";"30,00";"";"Bohrverfahren nicht bekannt"
"7835BG004023";"München [München (Stadt)]";"7835";"München";"520,70";"30,00";"";"Bohrverfahren nicht bekannt"
"7835BG004025";"München [München (Stadt)]";"7835";"München";"519,90";"13,00";"";"Bohrverfahren nicht bekannt"
"7835BG004026";"München [München (Stadt)]";"7835";"München";"520,70";"17,00";"";"Bohrverfahren nicht bekannt"
"7835BG002926";"München [München (Stadt)]";"7835";"München";"513,60";"20,00";"";"Bohrverfahren nicht bekannt"
"7835BG002928";"München [München (Stadt)]";"7835";"München";"514,10";"20,00";"";"Bohrverfahren nicht bekannt"
"7835BG002930";"München [München (Stadt)]";"7835";"München";"514,50";"20,00";"";"Bohrverfahren nicht bekannt"
"7835BG002931";"München [München (Stadt)]";"7835";"München";"514,40";"20,00";"";"Bohrverfahren nicht bekannt"
"7835BG002932";"München [München (Stadt)]";"7835";"München";"515,10";"21,00";"";"Bohrverfahren nicht bekannt"
"7835BG002937";"München [München (Stadt)]";"7835";"München";"515,50";"22,00";"";"Bohrverfahren nicht bekannt"
"7835BG002938";"München [München (Stadt)]";"7835";"München";"515,00";"8,50";"";"Bohrverfahren nicht bekannt"
"7835BG002940";"München [München (Stadt)]";"7835";"München";"514,80";"18,80";"";"Bohrverfahren nicht bekannt"
"7835BG002941";"München [München (Stadt)]";"7835";"München";"515,80";"39,60";"";"Bohrverfahren nicht bekannt"
"7835BG003525";"München [München (Stadt)]";"7835";"München";"516,90";"15,00";"";"Bohrverfahren nicht bekannt"
"7835BG003526";"München [München (Stadt)]";"7835";"München";"516,90";"15,00";"";"Bohrverfahren nicht bekannt"
"7835BG003528";"München [München (Stadt)]";"7835";"München";"517,40";"17,00";"";"Bohrverfahren nicht bekannt"
"7835BG003529";"München [München (Stadt)]";"7835";"München";"517,20";"17,00";"";"Bohrverfahren nicht bekannt"
"7835BG003531";"München [München (Stadt)]";"7835";"München";"517,00";"15,00";"";"Bohrverfahren nicht bekannt"
"7835BG003532";"München [München (Stadt)]";"7835";"München";"516,30";"17,00";"";"Bohrverfahren nicht bekannt"
"7835BG004030";"München [München (Stadt)]";"7835";"München";"518,50";"34,00";"";"Bohrverfahren nicht bekannt"
"7835BG004032";"München [München (Stadt)]";"7835";"München";"519,20";"17,00";"";"Bohrverfahren nicht bekannt"
"7835BG004033";"München [München (Stadt)]";"7835";"München";"520,80";"17,00";"";"Bohrverfahren nicht bekannt"
"7835BG004036";"München [München (Stadt)]";"7835";"München";"519,20";"17,00";"";"Bohrverfahren nicht bekannt"
"7835BG004037";"München [München (Stadt)]";"7835";"München";"519,40";"13,00";"";"Bohrverfahren nicht bekannt"
"7835BG004039";"München [München (Stadt)]";"7835";"München";"519,50";"13,00";"";"Bohrverfahren nicht bekannt"
"7835BG004040";"München [München (Stadt)]";"7835";"München";"519,60";"8,00";"";"Bohrverfahren nicht bekannt"
"7835BG004042";"München [München (Stadt)]";"7835";"München";"519,30";"13,00";"";"Bohrverfahren nicht bekannt"
"7835BG004043";"München [München (Stadt)]";"7835";"München";"519,70";"17,00";"";"Bohrverfahren nicht bekannt"
"7835BG004049";"München [München (Stadt)]";"7835";"München";"519,80";"13,00";"";"Bohrverfahren nicht bekannt"
"7835BG004050";"München [München (Stadt)]";"7835";"München";"520,90";"18,50";"";"Bohrverfahren nicht bekannt"
"7835BG004052";"München [München (Stadt)]";"7835";"München";"519,50";"17,00";"";"Bohrverfahren nicht bekannt"
"7835BG004053";"München [München (Stadt)]";"7835";"München";"519,60";"12,00";"";"Bohrverfahren nicht bekannt"
"7835BG004055";"München [München (Stadt)]";"7835";"München";"519,50";"12,00";"";"Bohrverfahren nicht bekannt"
"7835BG003911";"München [München (Stadt)]";"7835";"München";"513,30";"20,00";"";"Bohrverfahren nicht bekannt"
"7835BG003913";"München [München (Stadt)]";"7835";"München";"512,30";"20,00";"";"Bohrverfahren nicht bekannt"
"7835BG004056";"München [München (Stadt)]";"7835";"München";"519,60";"10,00";"";"Bohrverfahren nicht bekannt"
"7835BG004057";"München [München (Stadt)]";"7835";"München";"519,40";"9,00";"";"Bohrverfahren nicht bekannt"
"7835BG004320";"München [München (Stadt)]";"7835";"München";"515,40";"24,00";"";"Bohrverfahren nicht bekannt"
"7835BG004321";"München [München (Stadt)]";"7835";"München";"515,30";"20,00";"";"Bohrverfahren nicht bekannt"
"7835BG004323";"München [München (Stadt)]";"7835";"München";"491,40";"15,70";"";"Bohrverfahren nicht bekannt"
"7835BG004324";"München [München (Stadt)]";"7835";"München";"513,40";"7,00";"";"Bohrverfahren nicht bekannt"
"7835BG004325";"München [München (Stadt)]";"7835";"München";"513,60";"9,00";"";"Bohrverfahren nicht bekannt"
"7835BG004254";"München [München (Stadt)]";"7835";"München";"515,50";"25,00";"";"Bohrverfahren nicht bekannt"
"7835BG002943";"München [München (Stadt)]";"7835";"München";"515,30";"22,00";"";"Bohrverfahren nicht bekannt"
"7835BG002944";"München [München (Stadt)]";"7835";"München";"515,40";"23,00";"";"Bohrverfahren nicht bekannt"
"7835BG002945";"München [München (Stadt)]";"7835";"München";"515,00";"23,00";"";"Bohrverfahren nicht bekannt"
"7835BG002947";"München [München (Stadt)]";"7835";"München";"515,30";"23,00";"";"Bohrverfahren nicht bekannt"
"7835BG002948";"München [München (Stadt)]";"7835";"München";"515,00";"23,00";"";"Bohrverfahren nicht bekannt"
"7835BG004328";"München [München (Stadt)]";"7835";"München";"520,00";"21,40";"";"Bohrverfahren nicht bekannt"
"7835BG004339";"München [München (Stadt)]";"7835";"München";"515,80";"16,00";"";"Bohrverfahren nicht bekannt"
"7835BG003533";"München [München (Stadt)]";"7835";"München";"517,40";"17,00";"";"Bohrverfahren nicht bekannt"
"7835BG003535";"München [München (Stadt)]";"7835";"München";"517,20";"17,00";"";"Bohrverfahren nicht bekannt"
"7835BG003536";"München [München (Stadt)]";"7835";"München";"517,10";"17,00";"";"Bohrverfahren nicht bekannt"
"7835BG003538";"München [München (Stadt)]";"7835";"München";"517,30";"10,50";"";"Bohrverfahren nicht bekannt"
"7835BG003539";"München [München (Stadt)]";"7835";"München";"516,90";"15,00";"";"Bohrverfahren nicht bekannt"
"7835BG004082";"München [München (Stadt)]";"7835";"München";"515,80";"25,00";"";"Bohrverfahren nicht bekannt"
"7835BG004084";"München [München (Stadt)]";"7835";"München";"515,20";"21,10";"";"Bohrverfahren nicht bekannt"
"7835BG003941";"München [München (Stadt)]";"7835";"München";"515,60";"12,00";"";"Bohrverfahren nicht bekannt"
"7835BG003942";"München [München (Stadt)]";"7835";"München";"519,10";"20,00";"";"Bohrverfahren nicht bekannt"
"7835BG003944";"München [München (Stadt)]";"7835";"München";"518,50";"18,00";"";"Bohrverfahren nicht bekannt"
"7835BG003945";"München [München (Stadt)]";"7835";"München";"520,60";"30,00";"";"Bohrverfahren nicht bekannt"
"7835BG003946";"München [München (Stadt)]";"7835";"München";"520,20";"20,00";"";"Bohrverfahren nicht bekannt"
"7835BG003948";"München [München (Stadt)]";"7835";"München";"519,60";"20,00";"";"Bohrverfahren nicht bekannt"
"7835BG003949";"München [München (Stadt)]";"7835";"München";"519,70";"20,00";"";"Bohrverfahren nicht bekannt"
"7835BG003951";"München [München (Stadt)]";"7835";"München";"520,40";"20,00";"";"Bohrverfahren nicht bekannt"
"7835BG003952";"München [München (Stadt)]";"7835";"München";"520,50";"18,00";"";"Bohrverfahren nicht bekannt"
"7835BG003954";"München [München (Stadt)]";"7835";"München";"520,70";"18,00";"";"Bohrverfahren nicht bekannt"
"7835BG003955";"München [München (Stadt)]";"7835";"München";"520,90";"18,00";"";"Bohrverfahren nicht bekannt"
"7835BG004096";"München [München (Stadt)]";"7835";"München";"516,50";"20,00";"";"Bohrverfahren nicht bekannt"
"7835BG004097";"München [München (Stadt)]";"7835";"München";"516,50";"20,00";"";"Bohrverfahren nicht bekannt"
"7835BG004340";"München [München (Stadt)]";"7835";"München";"514,00";"8,00";"";"Bohrverfahren nicht bekannt"
"7835BG004344";"München [München (Stadt)]";"7835";"München";"519,80";"16,50";"";"Bohrverfahren nicht bekannt"
"7835BG004347";"München [München (Stadt)]";"7835";"München";"510,90";"25,00";"";"Bohrverfahren nicht bekannt"
"7835BG002968";"München [München (Stadt)]";"7835";"München";"515,20";"23,00";"";"Bohrverfahren nicht bekannt"
"7835BG002969";"München [München (Stadt)]";"7835";"München";"515,30";"29,70";"";"Bohrverfahren nicht bekannt"
"7835BG002971";"München [München (Stadt)]";"7835";"München";"515,50";"25,00";"";"Bohrverfahren nicht bekannt"
"7835BG002972";"München [München (Stadt)]";"7835";"München";"516,20";"27,00";"";"Bohrverfahren nicht bekannt"
"7835BG002973";"München [München (Stadt)]";"7835";"München";"515,40";"26,00";"";"Bohrverfahren nicht bekannt"
"7835BG002975";"München [München (Stadt)]";"7835";"München";"515,70";"27,00";"";"Bohrverfahren nicht bekannt"
"7835BG002976";"München [München (Stadt)]";"7835";"München";"515,70";"28,00";"";"Bohrverfahren nicht bekannt"
"7835BG002977";"München [München (Stadt)]";"7835";"München";"515,80";"28,00";"";"Bohrverfahren nicht bekannt"
"7835BG002979";"München [München (Stadt)]";"7835";"München";"516,80";"35,00";"";"Bohrverfahren nicht bekannt"
"7835BG002980";"München [München (Stadt)]";"7835";"München";"515,40";"29,70";"";"Bohrverfahren nicht bekannt"
"7835BG002982";"München [München (Stadt)]";"7835";"München";"516,30";"35,00";"";"Bohrverfahren nicht bekannt"
"7835BG002983";"München [München (Stadt)]";"7835";"München";"516,20";"35,00";"";"Bohrverfahren nicht bekannt"
"7835BG002984";"München [München (Stadt)]";"7835";"München";"516,70";"35,00";"";"Bohrverfahren nicht bekannt"
"7835BG002986";"München [München (Stadt)]";"7835";"München";"516,70";"35,00";"";"Bohrverfahren nicht bekannt"
"7835BG002988";"München [München (Stadt)]";"7835";"München";"516,70";"35,00";"";"Bohrverfahren nicht bekannt"
"7835BG003968";"München [München (Stadt)]";"7835";"München";"515,00";"20,00";"";"Bohrverfahren nicht bekannt"
"7835BG003969";"München [München (Stadt)]";"7835";"München";"512,30";"20,00";"";"Bohrverfahren nicht bekannt"
"7835BG003975";"München [München (Stadt)]";"7835";"München";"518,30";"30,00";"";"Bohrverfahren nicht bekannt"
"7835BG003976";"München [München (Stadt)]";"7835";"München";"520,90";"30,00";"";"Bohrverfahren nicht bekannt"
"7835BG004099";"München [München (Stadt)]";"7835";"München";"517,00";"20,00";"";"Bohrverfahren nicht bekannt"
"7835BG004100";"München [München (Stadt)]";"7835";"München";"517,00";"20,00";"";"Bohrverfahren nicht bekannt"
"7835BG004101";"München [München (Stadt)]";"7835";"München";"517,20";"20,00";"";"Bohrverfahren nicht bekannt"
"7835BG004103";"München [München (Stadt)]";"7835";"München";"517,60";"20,00";"";"Bohrverfahren nicht bekannt"
"7835BG004104";"München [München (Stadt)]";"7835";"München";"517,90";"20,00";"";"Bohrverfahren nicht bekannt"
"7835BG004105";"München [München (Stadt)]";"7835";"München";"518,10";"20,00";"";"Bohrverfahren nicht bekannt"
"7835BG004107";"München [München (Stadt)]";"7835";"München";"517,40";"20,00";"";"Bohrverfahren nicht bekannt"
"7835BG004108";"München [München (Stadt)]";"7835";"München";"517,40";"20,00";"";"Bohrverfahren nicht bekannt"
"7835BG004109";"München [München (Stadt)]";"7835";"München";"518,70";"20,00";"";"Bohrverfahren nicht bekannt"
"7835BG005241";"München [München (Stadt)]";"7835";"München";"502,80";"15,60";"";"Bohrverfahren nicht bekannt"
"7835BG005242";"München [München (Stadt)]";"7835";"München";"519,30";"8,80";"1910";"Bohrverfahren nicht bekannt"
"7835BG005243";"München [München (Stadt)]";"7835";"München";"520,40";"16,80";"";"Bohrverfahren nicht bekannt"
"7835BG005245";"München [München (Stadt)]";"7835";"München";"520,80";"17,20";"";"Bohrverfahren nicht bekannt"
"7835BG005246";"München [München (Stadt)]";"7835";"München";"501,60";"12,60";"";"Bohrverfahren nicht bekannt"
"7835BG005247";"München [München (Stadt)]";"7835";"München";"518,30";"14,70";"";"Bohrverfahren nicht bekannt"
"7835BG005249";"München [München (Stadt)]";"7835";"München";"520,80";"17,60";"";"Bohrverfahren nicht bekannt"
"7835BG005250";"München [München (Stadt)]";"7835";"München";"521,00";"33,00";"";"Bohrverfahren nicht bekannt"
"7835BG005361";"München [München (Stadt)]";"7835";"München";"519,70";"17,50";"";"Bohrverfahren nicht bekannt"
"7835BG005363";"München [München (Stadt)]";"7835";"München";"519,80";"18,30";"";"Bohrverfahren nicht bekannt"
"7835BG005367";"München [München (Stadt)]";"7835";"München";"520,00";"20,00";"";"Bohrverfahren nicht bekannt"
"7835BG005368";"München [München (Stadt)]";"7835";"München";"520,00";"16,20";"";"Bohrverfahren nicht bekannt"
"7835BG005369";"München [München (Stadt)]";"7835";"München";"520,00";"17,10";"";"Bohrverfahren nicht bekannt"
"7835BG005371";"München [München (Stadt)]";"7835";"München";"519,90";"23,50";"";"Bohrverfahren nicht bekannt"
"7835BG005373";"München [München (Stadt)]";"7835";"München";"516,70";"13,00";"";"Bohrverfahren nicht bekannt"
"7835BG005375";"München [München (Stadt)]";"7835";"München";"516,70";"12,00";"";"Bohrverfahren nicht bekannt"
"7835BG005251";"München [München (Stadt)]";"7835";"München";"519,60";"15,90";"";"Bohrverfahren nicht bekannt"
"7835BG005253";"München [München (Stadt)]";"7835";"München";"520,60";"17,20";"";"Bohrverfahren nicht bekannt"
"7835BG005254";"München [München (Stadt)]";"7835";"München";"520,60";"29,00";"";"Bohrverfahren nicht bekannt"
"7835BG005255";"München [München (Stadt)]";"7835";"München";"520,70";"17,20";"";"Bohrverfahren nicht bekannt"
"7835BG004399";"München [München (Stadt)]";"7835";"München";"519,70";"32,00";"";"Bohrverfahren nicht bekannt"
"7835BG004400";"München [München (Stadt)]";"7835";"München";"519,90";"39,50";"";"Bohrverfahren nicht bekannt"
"7835BG005143";"München [München (Stadt)]";"7835";"München";"519,80";"30,00";"";"Bohrverfahren nicht bekannt"
"7835BG005145";"München [München (Stadt)]";"7835";"München";"519,50";"30,00";"";"Bohrverfahren nicht bekannt"
"7835BG005146";"München [München (Stadt)]";"7835";"München";"519,70";"30,00";"";"Bohrverfahren nicht bekannt"
"7835BG005147";"München [München (Stadt)]";"7835";"München";"519,70";"28,00";"";"Bohrverfahren nicht bekannt"
"7835BG005149";"München [München (Stadt)]";"7835";"München";"509,20";"12,50";"";"Bohrverfahren nicht bekannt"
"7835BG005150";"München [München (Stadt)]";"7835";"München";"508,80";"11,10";"";"Bohrverfahren nicht bekannt"
"7835BG005152";"München [München (Stadt)]";"7835";"München";"519,80";"17,40";"";"Bohrverfahren nicht bekannt"
"7835BG005153";"München [München (Stadt)]";"7835";"München";"519,80";"17,40";"";"Bohrverfahren nicht bekannt"
"7835BG005154";"München [München (Stadt)]";"7835";"München";"519,60";"20,10";"";"Bohrverfahren nicht bekannt"
"7835BG005257";"München [München (Stadt)]";"7835";"München";"520,60";"16,90";"";"Bohrverfahren nicht bekannt"
"7835BG005258";"München [München (Stadt)]";"7835";"München";"520,60";"17,10";"";"Bohrverfahren nicht bekannt"
"7835BG005260";"München [München (Stadt)]";"7835";"München";"520,60";"17,00";"";"Bohrverfahren nicht bekannt"
"7835BG005261";"München [München (Stadt)]";"7835";"München";"520,50";"17,00";"";"Bohrverfahren nicht bekannt"
"7835BG005262";"München [München (Stadt)]";"7835";"München";"520,50";"17,00";"";"Bohrverfahren nicht bekannt"
"7835BG005264";"München [München (Stadt)]";"7835";"München";"520,60";"16,90";"";"Bohrverfahren nicht bekannt"
"7835BG005265";"München [München (Stadt)]";"7835";"München";"519,30";"39,00";"";"Bohrverfahren nicht bekannt"
"7835BG005266";"München [München (Stadt)]";"7835";"München";"520,60";"16,63";"";"Bohrverfahren nicht bekannt"
"7835BG005268";"München [München (Stadt)]";"7835";"München";"520,50";"17,10";"";"Bohrverfahren nicht bekannt"
"7835BG005269";"München [München (Stadt)]";"7835";"München";"520,50";"17,30";"";"Bohrverfahren nicht bekannt"
"7835BG005270";"München [München (Stadt)]";"7835";"München";"520,30";"17,00";"";"Bohrverfahren nicht bekannt"
"7835BG005272";"München [München (Stadt)]";"7835";"München";"520,50";"17,20";"";"Bohrverfahren nicht bekannt"
"7835BG005273";"München [München (Stadt)]";"7835";"München";"520,50";"17,30";"";"Bohrverfahren nicht bekannt"
"7835BG005274";"München [München (Stadt)]";"7835";"München";"520,20";"17,20";"";"Bohrverfahren nicht bekannt"
"7835BG005276";"München [München (Stadt)]";"7835";"München";"520,20";"17,10";"";"Bohrverfahren nicht bekannt"
"7835BG005277";"München [München (Stadt)]";"7835";"München";"519,40";"36,00";"";"Bohrverfahren nicht bekannt"
"7835BG005279";"München [München (Stadt)]";"7835";"München";"520,50";"17,30";"";"Bohrverfahren nicht bekannt"
"7835BG005377";"München [München (Stadt)]";"7835";"München";"516,70";"13,20";"";"Bohrverfahren nicht bekannt"
"7835BG005379";"München [München (Stadt)]";"7835";"München";"520,00";"17,30";"";"Bohrverfahren nicht bekannt"
"7835BG005383";"München [München (Stadt)]";"7835";"München";"519,90";"17,50";"";"Bohrverfahren nicht bekannt"
"7835BG005387";"München [München (Stadt)]";"7835";"München";"517,60";"15,30";"";"Bohrverfahren nicht bekannt"
"7835BG005388";"München [München (Stadt)]";"7835";"München";"519,80";"17,60";"";"Bohrverfahren nicht bekannt"
"7835BG005390";"München [München (Stadt)]";"7835";"München";"519,70";"17,70";"";"Bohrverfahren nicht bekannt"
"7835BG005395";"München [München (Stadt)]";"7835";"München";"519,70";"17,00";"";"Bohrverfahren nicht bekannt"
"7835BG005399";"München [München (Stadt)]";"7835";"München";"519,90";"15,00";"";"Bohrverfahren nicht bekannt"
"7835BG005403";"München [München (Stadt)]";"7835";"München";"519,80";"19,50";"";"Bohrverfahren nicht bekannt"
"7835BG005507";"München [München (Stadt)]";"7835";"München";"519,70";"9,20";"";"Bohrverfahren nicht bekannt"
"7835BG005510";"München [München (Stadt)]";"7835";"München";"519,70";"16,80";"";"Bohrverfahren nicht bekannt"
"7835BG005511";"München [München (Stadt)]";"7835";"München";"520,00";"16,20";"";"Bohrverfahren nicht bekannt"
"7835BG005513";"München [München (Stadt)]";"7835";"München";"513,80";"5,45";"";"Bohrverfahren nicht bekannt"
"7835BG005514";"München [München (Stadt)]";"7835";"München";"514,00";"5,74";"";"Bohrverfahren nicht bekannt"
"7835BG005515";"München [München (Stadt)]";"7835";"München";"513,60";"7,06";"";"Bohrverfahren nicht bekannt"
"7835BG005517";"München [München (Stadt)]";"7835";"München";"513,80";"7,20";"";"Bohrverfahren nicht bekannt"
"7835BG005518";"München [München (Stadt)]";"7835";"München";"515,50";"30,00";"";"Bohrverfahren nicht bekannt"
"7835BG005520";"München [München (Stadt)]";"7835";"München";"517,40";"43,30";"";"Bohrverfahren nicht bekannt"
"7835BG005521";"München [München (Stadt)]";"7835";"München";"517,70";"44,90";"";"Bohrverfahren nicht bekannt"
"7835BG005522";"München [München (Stadt)]";"7835";"München";"515,40";"15,00";"";"Bohrverfahren nicht bekannt"
"7835BG005524";"München [München (Stadt)]";"7835";"München";"515,60";"17,00";"";"Bohrverfahren nicht bekannt"
"7835BG005525";"München [München (Stadt)]";"7835";"München";"515,90";"17,00";"";"Bohrverfahren nicht bekannt"
"7835BG005526";"München [München (Stadt)]";"7835";"München";"517,90";"7,80";"";"Bohrverfahren nicht bekannt"
"7835BG005280";"München [München (Stadt)]";"7835";"München";"520,20";"17,00";"";"Bohrverfahren nicht bekannt"
"7835BG005281";"München [München (Stadt)]";"7835";"München";"520,20";"17,00";"";"Bohrverfahren nicht bekannt"
"7835BG005283";"München [München (Stadt)]";"7835";"München";"520,80";"17,40";"";"Bohrverfahren nicht bekannt"
"7835BG005287";"München [München (Stadt)]";"7835";"München";"520,50";"16,20";"";"Bohrverfahren nicht bekannt"
"7835BG004175";"München [München (Stadt)]";"7835";"München";"512,60";"20,00";"";"Bohrverfahren nicht bekannt"
"7835BG004176";"München [München (Stadt)]";"7835";"München";"512,20";"15,00";"";"Bohrverfahren nicht bekannt"
"7835BG004177";"München [München (Stadt)]";"7835";"München";"512,10";"20,00";"";"Bohrverfahren nicht bekannt"
"7835BG004180";"München [München (Stadt)]";"7835";"München";"519,80";"20,00";"";"Bohrverfahren nicht bekannt"
"7835BG004181";"München [München (Stadt)]";"7835";"München";"520,90";"20,00";"";"Bohrverfahren nicht bekannt"
"7835BG004183";"München [München (Stadt)]";"7835";"München";"514,70";"20,00";"";"Bohrverfahren nicht bekannt"
"7835BG004184";"München [München (Stadt)]";"7835";"München";"520,40";"20,70";"";"Bohrverfahren nicht bekannt"
"7835BG005529";"München [München (Stadt)]";"7835";"München";"517,60";"36,00";"";"Bohrverfahren nicht bekannt"
"7835BG004190";"München [München (Stadt)]";"7835";"München";"515,60";"20,00";"";"Bohrverfahren nicht bekannt"
"7835BG004191";"München [München (Stadt)]";"7835";"München";"515,00";"20,00";"";"Bohrverfahren nicht bekannt"
"7835BG005289";"München [München (Stadt)]";"7835";"München";"520,60";"17,00";"";"Bohrverfahren nicht bekannt"
"7835BG005290";"München [München (Stadt)]";"7835";"München";"520,80";"17,00";"";"Bohrverfahren nicht bekannt"
"7835BG005291";"München [München (Stadt)]";"7835";"München";"520,80";"17,00";"";"Bohrverfahren nicht bekannt"
"7835BG005295";"München [München (Stadt)]";"7835";"München";"519,80";"16,70";"";"Bohrverfahren nicht bekannt"
"7835BG005304";"München [München (Stadt)]";"7835";"München";"519,70";"27,70";"";"Bohrverfahren nicht bekannt"
"7835BG005310";"München [München (Stadt)]";"7835";"München";"519,70";"15,70";"";"Bohrverfahren nicht bekannt"
"7835BG005530";"München [München (Stadt)]";"7835";"München";"517,30";"38,00";"";"Bohrverfahren nicht bekannt"
"7835BG005532";"München [München (Stadt)]";"7835";"München";"516,50";"32,00";"";"Bohrverfahren nicht bekannt"
"7835BG005533";"München [München (Stadt)]";"7835";"München";"516,60";"15,00";"";"Bohrverfahren nicht bekannt"
"7835BG005535";"München [München (Stadt)]";"7835";"München";"516,50";"15,00";"";"Bohrverfahren nicht bekannt"
"7835BG005541";"München [München (Stadt)]";"7835";"München";"517,40";"38,00";"";"Bohrverfahren nicht bekannt"
"7835BG005548";"München [München (Stadt)]";"7835";"München";"517,60";"38,00";"";"Bohrverfahren nicht bekannt"
"7835BG005550";"München [München (Stadt)]";"7835";"München";"518,10";"19,00";"";"Bohrverfahren nicht bekannt"
"7835BG005551";"München [München (Stadt)]";"7835";"München";"517,60";"41,50";"";"Bohrverfahren nicht bekannt"
"7835BG005552";"München [München (Stadt)]";"7835";"München";"512,40";"21,00";"";"Bohrverfahren nicht bekannt"
"7835BG005554";"München [München (Stadt)]";"7835";"München";"514,90";"41,00";"";"Bohrverfahren nicht bekannt"
"7835BG005555";"München [München (Stadt)]";"7835";"München";"515,10";"41,65";"";"Bohrverfahren nicht bekannt"
"7835BG005313";"München [München (Stadt)]";"7835";"München";"519,50";"18,50";"";"Bohrverfahren nicht bekannt"
"7835BG004199";"München [München (Stadt)]";"7835";"München";"514,60";"20,00";"";"Bohrverfahren nicht bekannt"
"7835BG004201";"München [München (Stadt)]";"7835";"München";"514,50";"19,50";"1957";"Bohrverfahren nicht bekannt"
"7835BG004202";"München [München (Stadt)]";"7835";"München";"514,10";"16,00";"1957";"Bohrverfahren nicht bekannt"
"7835BG004203";"München [München (Stadt)]";"7835";"München";"513,30";"15,00";"";"Bohrverfahren nicht bekannt"
"7835BG004205";"München [München (Stadt)]";"7835";"München";"515,80";"25,00";"";"Bohrverfahren nicht bekannt"
"7835BG004206";"München [München (Stadt)]";"7835";"München";"515,90";"18,00";"";"Bohrverfahren nicht bekannt"
"7835BG004208";"München [München (Stadt)]";"7835";"München";"520,90";"23,00";"";"Bohrverfahren nicht bekannt"
"7835BG004209";"München [München (Stadt)]";"7835";"München";"519,60";"22,00";"";"Bohrverfahren nicht bekannt"
"7835BG004210";"München [München (Stadt)]";"7835";"München";"519,80";"20,00";"";"Bohrverfahren nicht bekannt"
"7835BG004212";"München [München (Stadt)]";"7835";"München";"517,60";"20,00";"";"Bohrverfahren nicht bekannt"
"7835BG004213";"München [München (Stadt)]";"7835";"München";"517,80";"20,00";"";"Bohrverfahren nicht bekannt"
"7835BG004214";"München [München (Stadt)]";"7835";"München";"515,70";"20,00";"";"Bohrverfahren nicht bekannt"
"7835BG004216";"München [München (Stadt)]";"7835";"München";"517,00";"20,00";"";"Bohrverfahren nicht bekannt"
"7835BG004217";"München [München (Stadt)]";"7835";"München";"516,80";"20,00";"";"Bohrverfahren nicht bekannt"
"7835BG004218";"München [München (Stadt)]";"7835";"München";"517,00";"15,00";"";"Bohrverfahren nicht bekannt"
"7835BG005086";"München [München (Stadt)]";"7835";"München";"519,60";"10,90";"";"Bohrverfahren nicht bekannt"
"7835BG005087";"München [München (Stadt)]";"7835";"München";"520,00";"29,30";"";"Bohrverfahren nicht bekannt"
"7835BG005089";"München [München (Stadt)]";"7835";"München";"519,10";"24,00";"";"Bohrverfahren nicht bekannt"
"7835BG005090";"München [München (Stadt)]";"7835";"München";"518,50";"10,40";"";"Bohrverfahren nicht bekannt"
"7835BG005092";"München [München (Stadt)]";"7835";"München";"517,60";"25,00";"";"Bohrverfahren nicht bekannt"
"7835BG005093";"München [München (Stadt)]";"7835";"München";"517,10";"22,20";"";"Bohrverfahren nicht bekannt"
"7835BG005094";"München [München (Stadt)]";"7835";"München";"516,60";"22,80";"";"Bohrverfahren nicht bekannt"
"7835BG005096";"München [München (Stadt)]";"7835";"München";"518,80";"10,40";"";"Bohrverfahren nicht bekannt"
"7835BG005097";"München [München (Stadt)]";"7835";"München";"516,50";"24,00";"";"Bohrverfahren nicht bekannt"
"7835BG005098";"München [München (Stadt)]";"7835";"München";"520,00";"12,50";"";"Bohrverfahren nicht bekannt"
"7835BG005100";"München [München (Stadt)]";"7835";"München";"520,20";"11,00";"";"Bohrverfahren nicht bekannt"
"7835BG005101";"München [München (Stadt)]";"7835";"München";"519,80";"11,00";"";"Bohrverfahren nicht bekannt"
"7835BG004220";"München [München (Stadt)]";"7835";"München";"519,40";"20,00";"";"Bohrverfahren nicht bekannt"
"7835BG004221";"München [München (Stadt)]";"7835";"München";"519,40";"25,00";"";"Bohrverfahren nicht bekannt"
"7835BG004222";"München [München (Stadt)]";"7835";"München";"520,40";"25,00";"";"Bohrverfahren nicht bekannt"
"7835BG004224";"München [München (Stadt)]";"7835";"München";"518,00";"20,00";"";"Bohrverfahren nicht bekannt"
"7835BG005322";"München [München (Stadt)]";"7835";"München";"519,60";"15,50";"";"Bohrverfahren nicht bekannt"
"7835BG005442";"München [München (Stadt)]";"7835";"München";"519,60";"19,50";"";"Bohrverfahren nicht bekannt"
"7835BG005443";"München [München (Stadt)]";"7835";"München";"519,60";"16,00";"";"Bohrverfahren nicht bekannt"
"7835BG005446";"München [München (Stadt)]";"7835";"München";"519,90";"16,50";"";"Bohrverfahren nicht bekannt"
"7835BG005448";"München [München (Stadt)]";"7835";"München";"517,90";"14,10";"";"Bohrverfahren nicht bekannt"
"7835BG005458";"München [München (Stadt)]";"7835";"München";"519,60";"16,10";"";"Bohrverfahren nicht bekannt"
"7835BG005459";"München [München (Stadt)]";"7835";"München";"519,60";"16,00";"";"Bohrverfahren nicht bekannt"
"7835BG005562";"München [München (Stadt)]";"7835";"München";"515,70";"19,90";"";"Bohrverfahren nicht bekannt"
"7835BG004367";"München [München (Stadt)]";"7835";"München";"519,90";"32,00";"";"Bohrverfahren nicht bekannt"
"7835BG004369";"München [München (Stadt)]";"7835";"München";"520,10";"37,00";"";"Bohrverfahren nicht bekannt"
"7835BG004370";"München [München (Stadt)]";"7835";"München";"520,10";"31,50";"";"Bohrverfahren nicht bekannt"
"7835BG004372";"München [München (Stadt)]";"7835";"München";"519,40";"34,00";"";"Bohrverfahren nicht bekannt"
"7835BG004373";"München [München (Stadt)]";"7835";"München";"520,10";"35,00";"";"Bohrverfahren nicht bekannt"
"7835BG004374";"München [München (Stadt)]";"7835";"München";"519,20";"32,00";"";"Bohrverfahren nicht bekannt"
"7835BG004383";"München [München (Stadt)]";"7835";"München";"520,30";"22,50";"";"Bohrverfahren nicht bekannt"
"7835BG004384";"München [München (Stadt)]";"7835";"München";"517,70";"35,00";"";"Bohrverfahren nicht bekannt"
"7835BG004385";"München [München (Stadt)]";"7835";"München";"519,20";"14,50";"";"Bohrverfahren nicht bekannt"
"7835BG004389";"München [München (Stadt)]";"7835";"München";"516,30";"12,60";"";"Bohrverfahren nicht bekannt"
"7835BG004391";"München [München (Stadt)]";"7835";"München";"515,20";"11,50";"";"Bohrverfahren nicht bekannt"
"7835BG004392";"München [München (Stadt)]";"7835";"München";"519,20";"15,70";"";"Bohrverfahren nicht bekannt"
"7835BG004393";"München [München (Stadt)]";"7835";"München";"516,70";"13,00";"";"Bohrverfahren nicht bekannt"
"7835BG004395";"München [München (Stadt)]";"7835";"München";"519,20";"12,75";"";"Bohrverfahren nicht bekannt"
"7835BG005102";"München [München (Stadt)]";"7835";"München";"519,30";"11,00";"";"Bohrverfahren nicht bekannt"
"7835BG005104";"München [München (Stadt)]";"7835";"München";"518,80";"10,80";"";"Bohrverfahren nicht bekannt"
"7835BG007030";"München [München (Stadt)]";"7835";"München";"518,80";"15,50";"";"Bohrverfahren nicht bekannt"
"7835BG007032";"München [München (Stadt)]";"7835";"München";"518,30";"14,60";"";"Bohrverfahren nicht bekannt"
"7835BG007033";"München [München (Stadt)]";"7835";"München";"516,80";"11,00";"";"Bohrverfahren nicht bekannt"
"7835BG007034";"München [München (Stadt)]";"7835";"München";"516,80";"11,00";"";"Bohrverfahren nicht bekannt"
"7835BG007036";"München [München (Stadt)]";"7835";"München";"517,20";"28,00";"";"Bohrverfahren nicht bekannt"
"7835BG007159";"München [München (Stadt)]";"7835";"München";"519,30";"36,40";"";"Bohrverfahren nicht bekannt"
"7835BG007160";"München [München (Stadt)]";"7835";"München";"520,30";"39,50";"";"Bohrverfahren nicht bekannt"
"7835BG007161";"München [München (Stadt)]";"7835";"München";"520,10";"18,20";"";"Bohrverfahren nicht bekannt"
"7835BG007163";"München [München (Stadt)]";"7835";"München";"520,00";"18,90";"";"Bohrverfahren nicht bekannt"
"7835BG007164";"München [München (Stadt)]";"7835";"München";"520,00";"34,00";"";"Bohrverfahren nicht bekannt"
"7835BG007165";"München [München (Stadt)]";"7835";"München";"520,10";"18,10";"";"Bohrverfahren nicht bekannt"
"7835BG007167";"München [München (Stadt)]";"7835";"München";"520,00";"18,20";"";"Bohrverfahren nicht bekannt"
"7835BG007168";"München [München (Stadt)]";"7835";"München";"519,90";"34,00";"";"Bohrverfahren nicht bekannt"
"7835BG007170";"München [München (Stadt)]";"7835";"München";"520,10";"35,50";"";"Bohrverfahren nicht bekannt"
"7835BG007171";"München [München (Stadt)]";"7835";"München";"519,40";"34,90";"";"Bohrverfahren nicht bekannt"
"7835BG007172";"München [München (Stadt)]";"7835";"München";"519,20";"35,80";"";"Bohrverfahren nicht bekannt"
"7835BG007174";"München [München (Stadt)]";"7835";"München";"519,60";"33,30";"";"Bohrverfahren nicht bekannt"
"7835BG007175";"München [München (Stadt)]";"7835";"München";"489,40";"4,40";"";"Bohrverfahren nicht bekannt"
"7835BG007176";"München [München (Stadt)]";"7835";"München";"519,30";"37,80";"";"Bohrverfahren nicht bekannt"
"7835BG007178";"München [München (Stadt)]";"7835";"München";"519,20";"35,70";"";"Bohrverfahren nicht bekannt"
"7835BG007179";"München [München (Stadt)]";"7835";"München";"519,40";"35,80";"";"Bohrverfahren nicht bekannt"
"7835BG007180";"München [München (Stadt)]";"7835";"München";"519,10";"35,10";"";"Bohrverfahren nicht bekannt"
"7835BG007182";"München [München (Stadt)]";"7835";"München";"519,30";"39,80";"";"Bohrverfahren nicht bekannt"
"7835BG007183";"München [München (Stadt)]";"7835";"München";"519,50";"33,00";"";"Bohrverfahren nicht bekannt"
"7835BG007184";"München [München (Stadt)]";"7835";"München";"519,60";"40,00";"";"Bohrverfahren nicht bekannt"
"7835BG007186";"München [München (Stadt)]";"7835";"München";"519,40";"34,50";"";"Bohrverfahren nicht bekannt"
"7835BG006465";"München [München (Stadt)]";"7835";"München";"519,10";"15,80";"";"Bohrverfahren nicht bekannt"
"7835BG006466";"München [München (Stadt)]";"7835";"München";"519,40";"6,00";"";"Bohrverfahren nicht bekannt"
"7835BG006467";"München [München (Stadt)]";"7835";"München";"518,00";"14,70";"";"Bohrverfahren nicht bekannt"
"7835BG006469";"München [München (Stadt)]";"7835";"München";"516,00";"12,30";"";"Bohrverfahren nicht bekannt"
"7835BG006470";"München [München (Stadt)]";"7835";"München";"516,70";"13,00";"";"Bohrverfahren nicht bekannt"
"7835BG006472";"München [München (Stadt)]";"7835";"München";"515,20";"6,20";"";"Bohrverfahren nicht bekannt"
"7835BG006591";"München [München (Stadt)]";"7835";"München";"518,10";"18,30";"";"Bohrverfahren nicht bekannt"
"7835BG006592";"München [München (Stadt)]";"7835";"München";"520,60";"18,80";"";"Bohrverfahren nicht bekannt"
"7835BG006593";"München [München (Stadt)]";"7835";"München";"520,60";"18,40";"";"Bohrverfahren nicht bekannt"
"7835BG006595";"München [München (Stadt)]";"7835";"München";"520,40";"18,20";"";"Bohrverfahren nicht bekannt"
"7835BG006596";"München [München (Stadt)]";"7835";"München";"520,30";"26,40";"";"Bohrverfahren nicht bekannt"
"7835BG006598";"München [München (Stadt)]";"7835";"München";"519,80";"18,00";"";"Bohrverfahren nicht bekannt"
"7835BG006599";"München [München (Stadt)]";"7835";"München";"519,90";"18,50";"";"Bohrverfahren nicht bekannt"
"7835BG006600";"München [München (Stadt)]";"7835";"München";"519,70";"18,00";"";"Bohrverfahren nicht bekannt"
"7835BG006602";"München [München (Stadt)]";"7835";"München";"518,90";"16,70";"";"Bohrverfahren nicht bekannt"
"7835BG006603";"München [München (Stadt)]";"7835";"München";"518,90";"16,90";"";"Bohrverfahren nicht bekannt"
"7835BG006604";"München [München (Stadt)]";"7835";"München";"518,40";"15,50";"";"Bohrverfahren nicht bekannt"
"7835BG007037";"München [München (Stadt)]";"7835";"München";"518,10";"38,00";"";"Bohrverfahren nicht bekannt"
"7835BG007038";"München [München (Stadt)]";"7835";"München";"518,00";"38,00";"";"Bohrverfahren nicht bekannt"
"7835BG007040";"München [München (Stadt)]";"7835";"München";"516,60";"26,60";"";"Bohrverfahren nicht bekannt"
"7835BG007041";"München [München (Stadt)]";"7835";"München";"519,10";"37,10";"";"Bohrverfahren nicht bekannt"
"7835BG007042";"München [München (Stadt)]";"7835";"München";"519,20";"36,40";"";"Bohrverfahren nicht bekannt"
"7835BG007044";"München [München (Stadt)]";"7835";"München";"516,10";"26,00";"";"Bohrverfahren nicht bekannt"
"7835BG007045";"München [München (Stadt)]";"7835";"München";"517,00";"30,20";"";"Bohrverfahren nicht bekannt"
"7835BG007047";"München [München (Stadt)]";"7835";"München";"516,80";"23,00";"";"Bohrverfahren nicht bekannt"
"7835BG007048";"München [München (Stadt)]";"7835";"München";"516,70";"35,60";"";"Bohrverfahren nicht bekannt"
"7835BG007049";"München [München (Stadt)]";"7835";"München";"515,10";"25,40";"";"Bohrverfahren nicht bekannt"
"7835BG007051";"München [München (Stadt)]";"7835";"München";"517,10";"35,00";"";"Bohrverfahren nicht bekannt"
"7835BG007052";"München [München (Stadt)]";"7835";"München";"516,80";"36,00";"";"Bohrverfahren nicht bekannt"
"7835BG007053";"München [München (Stadt)]";"7835";"München";"516,90";"37,00";"";"Bohrverfahren nicht bekannt"
"7835BG007055";"München [München (Stadt)]";"7835";"München";"517,80";"38,00";"";"Bohrverfahren nicht bekannt"
"7835BG007056";"München [München (Stadt)]";"7835";"München";"516,30";"30,70";"";"Bohrverfahren nicht bekannt"
"7835BG007057";"München [München (Stadt)]";"7835";"München";"518,30";"37,60";"";"Bohrverfahren nicht bekannt"
"7835BG007059";"München [München (Stadt)]";"7835";"München";"519,20";"29,10";"";"Bohrverfahren nicht bekannt"
"7835BG006473";"München [München (Stadt)]";"7835";"München";"515,40";"6,00";"";"Bohrverfahren nicht bekannt"
"7835BG006474";"München [München (Stadt)]";"7835";"München";"516,00";"12,30";"";"Bohrverfahren nicht bekannt"
"7835BG006476";"München [München (Stadt)]";"7835";"München";"515,80";"6,50";"";"Bohrverfahren nicht bekannt"
"7835BG006477";"München [München (Stadt)]";"7835";"München";"515,40";"6,50";"";"Bohrverfahren nicht bekannt"
"7835BG006478";"München [München (Stadt)]";"7835";"München";"517,70";"15,60";"";"Bohrverfahren nicht bekannt"
"7835BG006480";"München [München (Stadt)]";"7835";"München";"517,50";"15,60";"";"Bohrverfahren nicht bekannt"
"7835BG006481";"München [München (Stadt)]";"7835";"München";"517,60";"15,70";"";"Bohrverfahren nicht bekannt"
"7835BG006482";"München [München (Stadt)]";"7835";"München";"517,40";"15,65";"";"Bohrverfahren nicht bekannt"
"7835BG006484";"München [München (Stadt)]";"7835";"München";"517,30";"15,30";"";"Bohrverfahren nicht bekannt"
"7835BG006485";"München [München (Stadt)]";"7835";"München";"517,00";"15,00";"";"Bohrverfahren nicht bekannt"
"7835BG006487";"München [München (Stadt)]";"7835";"München";"517,60";"15,80";"";"Bohrverfahren nicht bekannt"
"7835BG006488";"München [München (Stadt)]";"7835";"München";"517,30";"3,00";"";"Bohrverfahren nicht bekannt"
"7835BG006489";"München [München (Stadt)]";"7835";"München";"517,30";"15,60";"";"Bohrverfahren nicht bekannt"
"7835BG006491";"München [München (Stadt)]";"7835";"München";"517,40";"15,30";"";"Bohrverfahren nicht bekannt"
"7835BG006492";"München [München (Stadt)]";"7835";"München";"517,20";"19,00";"";"Bohrverfahren nicht bekannt"
"7835BG006496";"München [München (Stadt)]";"7835";"München";"516,60";"23,00";"";"Bohrverfahren nicht bekannt"
"7835BG006606";"München [München (Stadt)]";"7835";"München";"518,10";"16,30";"";"Bohrverfahren nicht bekannt"
"7835BG007187";"München [München (Stadt)]";"7835";"München";"519,30";"34,80";"";"Bohrverfahren nicht bekannt"
"7835BG007188";"München [München (Stadt)]";"7835";"München";"519,40";"35,20";"";"Bohrverfahren nicht bekannt"
"7835BG007190";"München [München (Stadt)]";"7835";"München";"519,40";"35,00";"";"Bohrverfahren nicht bekannt"
"7835BG007191";"München [München (Stadt)]";"7835";"München";"519,20";"34,10";"";"Bohrverfahren nicht bekannt"
"7835BG007192";"München [München (Stadt)]";"7835";"München";"519,80";"37,20";"";"Bohrverfahren nicht bekannt"
"7835BG007194";"München [München (Stadt)]";"7835";"München";"519,40";"44,00";"";"Bohrverfahren nicht bekannt"
"7835BG007060";"München [München (Stadt)]";"7835";"München";"518,80";"36,50";"";"Bohrverfahren nicht bekannt"
"7835BG007061";"München [München (Stadt)]";"7835";"München";"519,40";"35,60";"";"Bohrverfahren nicht bekannt"
"7835BG007063";"München [München (Stadt)]";"7835";"München";"516,40";"26,00";"";"Bohrverfahren nicht bekannt"
"7835BG007064";"München [München (Stadt)]";"7835";"München";"516,30";"27,00";"";"Bohrverfahren nicht bekannt"
"7835BG007066";"München [München (Stadt)]";"7835";"München";"515,90";"29,00";"";"Bohrverfahren nicht bekannt"
"7835BG007195";"München [München (Stadt)]";"7835";"München";"519,10";"36,00";"";"Bohrverfahren nicht bekannt"
"7835BG007197";"München [München (Stadt)]";"7835";"München";"519,00";"38,30";"";"Bohrverfahren nicht bekannt"
"7835BG007198";"München [München (Stadt)]";"7835";"München";"516,40";"31,00";"";"Bohrverfahren nicht bekannt"
"7835BG007199";"München [München (Stadt)]";"7835";"München";"519,50";"40,00";"";"Bohrverfahren nicht bekannt"
"7835BG007201";"München [München (Stadt)]";"7835";"München";"517,00";"27,30";"";"Bohrverfahren nicht bekannt"
"7835BG007202";"München [München (Stadt)]";"7835";"München";"520,10";"39,00";"";"Bohrverfahren nicht bekannt"
"7835BG007203";"München [München (Stadt)]";"7835";"München";"519,40";"36,90";"";"Bohrverfahren nicht bekannt"
"7835BG007205";"München [München (Stadt)]";"7835";"München";"519,40";"16,30";"";"Bohrverfahren nicht bekannt"
"7835BG007206";"München [München (Stadt)]";"7835";"München";"519,50";"28,80";"";"Bohrverfahren nicht bekannt"
"7835BG007210";"München [München (Stadt)]";"7835";"München";"519,20";"35,10";"";"Bohrverfahren nicht bekannt"
"7835BG006497";"München [München (Stadt)]";"7835";"München";"519,50";"17,80";"";"Bohrverfahren nicht bekannt"
"7835BG006499";"München [München (Stadt)]";"7835";"München";"519,50";"18,20";"";"Bohrverfahren nicht bekannt"
"7835BG006500";"München [München (Stadt)]";"7835";"München";"518,90";"17,30";"";"Bohrverfahren nicht bekannt"
"7835BG006502";"München [München (Stadt)]";"7835";"München";"518,80";"16,60";"";"Bohrverfahren nicht bekannt"
"7835BG006503";"München [München (Stadt)]";"7835";"München";"518,60";"15,20";"";"Bohrverfahren nicht bekannt"
"7835BG006504";"München [München (Stadt)]";"7835";"München";"518,60";"15,20";"";"Bohrverfahren nicht bekannt"
"7835BG006506";"München [München (Stadt)]";"7835";"München";"517,60";"15,10";"";"Bohrverfahren nicht bekannt"
"7835BG006507";"München [München (Stadt)]";"7835";"München";"517,40";"16,30";"";"Bohrverfahren nicht bekannt"
"7835BG006508";"München [München (Stadt)]";"7835";"München";"517,40";"15,20";"";"Bohrverfahren nicht bekannt"
"7835BG006510";"München [München (Stadt)]";"7835";"München";"517,00";"14,60";"";"Bohrverfahren nicht bekannt"
"7835BG006511";"München [München (Stadt)]";"7835";"München";"517,10";"14,40";"";"Bohrverfahren nicht bekannt"
"7835BG006512";"München [München (Stadt)]";"7835";"München";"516,90";"14,40";"";"Bohrverfahren nicht bekannt"
"7835BG006514";"München [München (Stadt)]";"7835";"München";"516,60";"25,00";"";"Bohrverfahren nicht bekannt"
"7835BG006515";"München [München (Stadt)]";"7835";"München";"516,20";"13,80";"";"Bohrverfahren nicht bekannt"
"7835BG006517";"München [München (Stadt)]";"7835";"München";"515,90";"14,10";"";"Bohrverfahren nicht bekannt"
"7835BG006518";"München [München (Stadt)]";"7835";"München";"515,90";"18,00";"";"Bohrverfahren nicht bekannt"
"7835BG006519";"München [München (Stadt)]";"7835";"München";"515,80";"13,00";"";"Bohrverfahren nicht bekannt"
"7835BG006521";"München [München (Stadt)]";"7835";"München";"515,60";"14,80";"";"Bohrverfahren nicht bekannt"
"7835BG006522";"München [München (Stadt)]";"7835";"München";"515,60";"14,50";"";"Bohrverfahren nicht bekannt"
"7835BG006523";"München [München (Stadt)]";"7835";"München";"512,40";"10,00";"";"Bohrverfahren nicht bekannt"
"7835BG006525";"München [München (Stadt)]";"7835";"München";"512,80";"9,90";"";"Bohrverfahren nicht bekannt"
"7835BG006526";"München [München (Stadt)]";"7835";"München";"512,80";"10,40";"";"Bohrverfahren nicht bekannt"
"7835BG006527";"München [München (Stadt)]";"7835";"München";"514,90";"10,80";"";"Bohrverfahren nicht bekannt"
"7835BG006529";"München [München (Stadt)]";"7835";"München";"515,60";"12,90";"";"Bohrverfahren nicht bekannt"
"7835BG006530";"München [München (Stadt)]";"7835";"München";"515,30";"12,80";"";"Bohrverfahren nicht bekannt"
"7835BG006532";"München [München (Stadt)]";"7835";"München";"515,30";"13,80";"";"Bohrverfahren nicht bekannt"
"7835BG006533";"München [München (Stadt)]";"7835";"München";"512,80";"12,30";"";"Bohrverfahren nicht bekannt"
"7835BG006534";"München [München (Stadt)]";"7835";"München";"512,60";"11,70";"";"Bohrverfahren nicht bekannt"
"7835BG006536";"München [München (Stadt)]";"7835";"München";"512,70";"9,00";"";"Bohrverfahren nicht bekannt"
"7835BG006537";"München [München (Stadt)]";"7835";"München";"520,00";"17,80";"";"Bohrverfahren nicht bekannt"
"7835BG006538";"München [München (Stadt)]";"7835";"München";"519,80";"17,90";"";"Bohrverfahren nicht bekannt"
"7835BG006540";"München [München (Stadt)]";"7835";"München";"518,90";"25,00";"";"Bohrverfahren nicht bekannt"
"7835BG006541";"München [München (Stadt)]";"7835";"München";"518,90";"17,30";"";"Bohrverfahren nicht bekannt"
"7835BG006542";"München [München (Stadt)]";"7835";"München";"518,70";"24,40";"";"Bohrverfahren nicht bekannt"
"7835BG006544";"München [München (Stadt)]";"7835";"München";"519,10";"16,70";"";"Bohrverfahren nicht bekannt"
"7835BG006545";"München [München (Stadt)]";"7835";"München";"517,90";"14,30";"";"Bohrverfahren nicht bekannt"
"7835BG006547";"München [München (Stadt)]";"7835";"München";"516,70";"14,70";"";"Bohrverfahren nicht bekannt"
"7835BG006548";"München [München (Stadt)]";"7835";"München";"516,80";"25,00";"";"Bohrverfahren nicht bekannt"
"7835BG006549";"München [München (Stadt)]";"7835";"München";"516,30";"16,50";"";"Bohrverfahren nicht bekannt"
"7835BG006551";"München [München (Stadt)]";"7835";"München";"516,40";"14,50";"";"Bohrverfahren nicht bekannt"
"7835BG006552";"München [München (Stadt)]";"7835";"München";"516,30";"14,50";"";"Bohrverfahren nicht bekannt"
"7835BG006553";"München [München (Stadt)]";"7835";"München";"516,30";"14,40";"";"Bohrverfahren nicht bekannt"
"7835BG006555";"München [München (Stadt)]";"7835";"München";"516,20";"13,80";"";"Bohrverfahren nicht bekannt"
"7835BG006556";"München [München (Stadt)]";"7835";"München";"516,00";"13,80";"";"Bohrverfahren nicht bekannt"
"7835BG007127";"München [München (Stadt)]";"7835";"München";"519,80";"39,50";"";"Bohrverfahren nicht bekannt"
"7835BG007128";"München [München (Stadt)]";"7835";"München";"519,40";"39,50";"";"Bohrverfahren nicht bekannt"
"7835BG007129";"München [München (Stadt)]";"7835";"München";"519,30";"39,50";"";"Bohrverfahren nicht bekannt"
"7835BG007131";"München [München (Stadt)]";"7835";"München";"519,80";"39,50";"";"Bohrverfahren nicht bekannt"
"7835BG006999";"München [München (Stadt)]";"7835";"München";"517,00";"12,80";"";"Bohrverfahren nicht bekannt"
"7835BG007000";"München [München (Stadt)]";"7835";"München";"516,90";"13,00";"";"Bohrverfahren nicht bekannt"
"7835BG007001";"München [München (Stadt)]";"7835";"München";"516,70";"12,00";"";"Bohrverfahren nicht bekannt"
"7835BG007003";"München [München (Stadt)]";"7835";"München";"516,30";"12,00";"";"Bohrverfahren nicht bekannt"
"7835BG007132";"München [München (Stadt)]";"7835";"München";"519,90";"38,50";"";"Bohrverfahren nicht bekannt"
"7835BG007133";"München [München (Stadt)]";"7835";"München";"519,80";"37,50";"";"Bohrverfahren nicht bekannt"
"7835BG007135";"München [München (Stadt)]";"7835";"München";"519,90";"36,00";"";"Bohrverfahren nicht bekannt"
"7835BG007136";"München [München (Stadt)]";"7835";"München";"519,40";"39,50";"";"Bohrverfahren nicht bekannt"
"7835BG007137";"München [München (Stadt)]";"7835";"München";"519,40";"24,40";"";"Bohrverfahren nicht bekannt"
"7835BG007139";"München [München (Stadt)]";"7835";"München";"520,00";"14,05";"";"Bohrverfahren nicht bekannt"
"7835BG007140";"München [München (Stadt)]";"7835";"München";"520,00";"14,50";"";"Bohrverfahren nicht bekannt"
"7835BG007145";"München [München (Stadt)]";"7835";"München";"520,10";"18,40";"";"Bohrverfahren nicht bekannt"
"7835BG007146";"München [München (Stadt)]";"7835";"München";"520,10";"18,40";"";"Bohrverfahren nicht bekannt"
"7835BG007148";"München [München (Stadt)]";"7835";"München";"520,00";"17,70";"";"Bohrverfahren nicht bekannt"
"7835BG007149";"München [München (Stadt)]";"7835";"München";"519,90";"18,00";"";"Bohrverfahren nicht bekannt"
"7835BG007151";"München [München (Stadt)]";"7835";"München";"515,60";"29,50";"";"Bohrverfahren nicht bekannt"
"7835BG007152";"München [München (Stadt)]";"7835";"München";"519,40";"35,10";"";"Bohrverfahren nicht bekannt"
"7835BG007153";"München [München (Stadt)]";"7835";"München";"519,40";"16,40";"";"Bohrverfahren nicht bekannt"
"7835BG007155";"München [München (Stadt)]";"7835";"München";"519,40";"16,50";"";"Bohrverfahren nicht bekannt"
"7835BG007156";"München [München (Stadt)]";"7835";"München";"519,30";"34,80";"";"Bohrverfahren nicht bekannt"
"7835BG007157";"München [München (Stadt)]";"7835";"München";"519,30";"37,20";"";"Bohrverfahren nicht bekannt"
"7835BG006557";"München [München (Stadt)]";"7835";"München";"515,80";"13,70";"";"Bohrverfahren nicht bekannt"
"7835BG006562";"München [München (Stadt)]";"7835";"München";"512,40";"9,90";"";"Bohrverfahren nicht bekannt"
"7835BG006563";"München [München (Stadt)]";"7835";"München";"512,50";"9,50";"";"Bohrverfahren nicht bekannt"
"7835BG006565";"München [München (Stadt)]";"7835";"München";"515,80";"13,30";"";"Bohrverfahren nicht bekannt"
"7835BG006566";"München [München (Stadt)]";"7835";"München";"515,50";"12,90";"";"Bohrverfahren nicht bekannt"
"7835BG006567";"München [München (Stadt)]";"7835";"München";"516,30";"13,40";"";"Bohrverfahren nicht bekannt"
"7835BG006569";"München [München (Stadt)]";"7835";"München";"515,50";"23,00";"";"Bohrverfahren nicht bekannt"
"7835BG006458";"München [München (Stadt)]";"7835";"München";"515,60";"10,30";"";"Bohrverfahren nicht bekannt"
"7835BG006459";"München [München (Stadt)]";"7835";"München";"515,80";"8,30";"";"Bohrverfahren nicht bekannt"
"7835BG006461";"München [München (Stadt)]";"7835";"München";"515,90";"12,30";"";"Bohrverfahren nicht bekannt"
"7835BG006462";"München [München (Stadt)]";"7835";"München";"515,70";"6,50";"";"Bohrverfahren nicht bekannt"
"7835BG006463";"München [München (Stadt)]";"7835";"München";"515,30";"25,00";"";"Bohrverfahren nicht bekannt"
"7835BG006570";"München [München (Stadt)]";"7835";"München";"515,30";"14,10";"";"Bohrverfahren nicht bekannt"
"7835BG006572";"München [München (Stadt)]";"7835";"München";"515,40";"12,50";"";"Bohrverfahren nicht bekannt"
"7835BG006573";"München [München (Stadt)]";"7835";"München";"515,30";"12,00";"";"Bohrverfahren nicht bekannt"
"7835BG006574";"München [München (Stadt)]";"7835";"München";"515,30";"25,00";"";"Bohrverfahren nicht bekannt"
"7835BG006576";"München [München (Stadt)]";"7835";"München";"520,50";"17,60";"";"Bohrverfahren nicht bekannt"
"7835BG006577";"München [München (Stadt)]";"7835";"München";"520,60";"18,20";"";"Bohrverfahren nicht bekannt"
"7835BG006578";"München [München (Stadt)]";"7835";"München";"520,60";"26,00";"";"Bohrverfahren nicht bekannt"
"7835BG006580";"München [München (Stadt)]";"7835";"München";"520,40";"18,20";"";"Bohrverfahren nicht bekannt"
"7835BG006581";"München [München (Stadt)]";"7835";"München";"520,20";"17,90";"";"Bohrverfahren nicht bekannt"
"7835BG006583";"München [München (Stadt)]";"7835";"München";"519,60";"18,20";"";"Bohrverfahren nicht bekannt"
"7835BG006584";"München [München (Stadt)]";"7835";"München";"519,40";"25,00";"";"Bohrverfahren nicht bekannt"
"7835BG006585";"München [München (Stadt)]";"7835";"München";"519,40";"16,90";"";"Bohrverfahren nicht bekannt"
"7835BG006587";"München [München (Stadt)]";"7835";"München";"518,80";"16,30";"";"Bohrverfahren nicht bekannt"
"7835BG006588";"München [München (Stadt)]";"7835";"München";"518,60";"25,00";"";"Bohrverfahren nicht bekannt"
"7835BG006589";"München [München (Stadt)]";"7835";"München";"518,40";"15,80";"";"Bohrverfahren nicht bekannt"
"7835BG007004";"München [München (Stadt)]";"7835";"München";"516,10";"12,80";"";"Bohrverfahren nicht bekannt"
"7835BG007006";"München [München (Stadt)]";"7835";"München";"516,10";"12,00";"";"Bohrverfahren nicht bekannt"
"7835BG007007";"München [München (Stadt)]";"7835";"München";"516,70";"11,00";"";"Bohrverfahren nicht bekannt"
"7835BG007008";"München [München (Stadt)]";"7835";"München";"516,80";"11,00";"";"Bohrverfahren nicht bekannt"
"7835BG007010";"München [München (Stadt)]";"7835";"München";"516,90";"12,00";"";"Bohrverfahren nicht bekannt"
"7835BG007011";"München [München (Stadt)]";"7835";"München";"516,20";"8,60";"";"Bohrverfahren nicht bekannt"
"7835BG007012";"München [München (Stadt)]";"7835";"München";"516,20";"8,40";"";"Bohrverfahren nicht bekannt"
"7835BG007014";"München [München (Stadt)]";"7835";"München";"516,20";"9,00";"";"Bohrverfahren nicht bekannt"
"7835BG007015";"München [München (Stadt)]";"7835";"München";"516,30";"9,20";"";"Bohrverfahren nicht bekannt"
"7835BG007016";"München [München (Stadt)]";"7835";"München";"516,90";"11,80";"";"Bohrverfahren nicht bekannt"
"7835BG007018";"München [München (Stadt)]";"7835";"München";"517,20";"12,60";"";"Bohrverfahren nicht bekannt"
"7835BG007022";"München [München (Stadt)]";"7835";"München";"519,20";"14,00";"";"Bohrverfahren nicht bekannt"
"7835BG007023";"München [München (Stadt)]";"7835";"München";"519,50";"18,00";"";"Bohrverfahren nicht bekannt"
"7835BG007025";"München [München (Stadt)]";"7835";"München";"516,10";"11,00";"";"Bohrverfahren nicht bekannt"
"7835BG007026";"München [München (Stadt)]";"7835";"München";"516,20";"11,00";"";"Bohrverfahren nicht bekannt"
"7835BG007027";"München [München (Stadt)]";"7835";"München";"516,30";"10,50";"";"Bohrverfahren nicht bekannt"
"7835BG007029";"München [München (Stadt)]";"7835";"München";"518,40";"14,70";"";"Bohrverfahren nicht bekannt"
"7835BG007532";"München [München (Stadt)]";"7835";"München";"516,00";"26,80";"";"Bohrverfahren nicht bekannt"
"7835BG007067";"München [München (Stadt)]";"7835";"München";"515,90";"31,40";"";"Bohrverfahren nicht bekannt"
"7835BG007068";"München [München (Stadt)]";"7835";"München";"515,50";"32,10";"";"Bohrverfahren nicht bekannt"
"7835BG007075";"München [München (Stadt)]";"7835";"München";"519,40";"35,40";"";"Bohrverfahren nicht bekannt"
"7835BG007076";"München [München (Stadt)]";"7835";"München";"519,20";"35,50";"";"Bohrverfahren nicht bekannt"
"7835BG007078";"München [München (Stadt)]";"7835";"München";"516,90";"12,10";"";"Bohrverfahren nicht bekannt"
"7835BG007079";"München [München (Stadt)]";"7835";"München";"516,70";"12,10";"";"Bohrverfahren nicht bekannt"
"7835BG007083";"München [München (Stadt)]";"7835";"München";"515,90";"12,80";"";"Bohrverfahren nicht bekannt"
"7835BG007085";"München [München (Stadt)]";"7835";"München";"493,10";"14,50";"";"Bohrverfahren nicht bekannt"
"7835BG007086";"München [München (Stadt)]";"7835";"München";"493,10";"13,20";"";"Bohrverfahren nicht bekannt"
"7835BG007087";"München [München (Stadt)]";"7835";"München";"493,30";"13,00";"";"Bohrverfahren nicht bekannt"
"7835BG007089";"München [München (Stadt)]";"7835";"München";"493,30";"13,00";"";"Bohrverfahren nicht bekannt"
"7835BG007090";"München [München (Stadt)]";"7835";"München";"493,30";"14,90";"";"Bohrverfahren nicht bekannt"
"7835BG007091";"München [München (Stadt)]";"7835";"München";"493,20";"12,80";"";"Bohrverfahren nicht bekannt"
"7835BG007093";"München [München (Stadt)]";"7835";"München";"493,20";"13,00";"";"Bohrverfahren nicht bekannt"
"7835BG007094";"München [München (Stadt)]";"7835";"München";"493,40";"13,00";"";"Bohrverfahren nicht bekannt"
"7835BG007095";"München [München (Stadt)]";"7835";"München";"493,30";"13,00";"";"Bohrverfahren nicht bekannt"
"7835BG007097";"München [München (Stadt)]";"7835";"München";"493,20";"13,00";"";"Bohrverfahren nicht bekannt"
"7835BG007098";"München [München (Stadt)]";"7835";"München";"493,20";"13,00";"";"Bohrverfahren nicht bekannt"
"7835BG007100";"München [München (Stadt)]";"7835";"München";"493,70";"15,00";"";"Bohrverfahren nicht bekannt"
"7835BG007101";"München [München (Stadt)]";"7835";"München";"493,20";"15,00";"";"Bohrverfahren nicht bekannt"
"7835BG007102";"München [München (Stadt)]";"7835";"München";"493,30";"13,00";"";"Bohrverfahren nicht bekannt"
"7835BG007104";"München [München (Stadt)]";"7835";"München";"493,90";"15,00";"";"Bohrverfahren nicht bekannt"
"7835BG007105";"München [München (Stadt)]";"7835";"München";"511,70";"6,90";"";"Bohrverfahren nicht bekannt"
"7835BG007106";"München [München (Stadt)]";"7835";"München";"519,80";"29,50";"";"Bohrverfahren nicht bekannt"
"7835BG007108";"München [München (Stadt)]";"7835";"München";"519,90";"18,20";"";"Bohrverfahren nicht bekannt"
"7835BG007109";"München [München (Stadt)]";"7835";"München";"520,40";"17,70";"";"Bohrverfahren nicht bekannt"
"7835BG007110";"München [München (Stadt)]";"7835";"München";"520,30";"28,00";"";"Bohrverfahren nicht bekannt"
"7835BG007112";"München [München (Stadt)]";"7835";"München";"520,10";"25,70";"";"Bohrverfahren nicht bekannt"
"7835BG007113";"München [München (Stadt)]";"7835";"München";"519,40";"15,50";"";"Bohrverfahren nicht bekannt"
"7835BG007114";"München [München (Stadt)]";"7835";"München";"511,80";"7,40";"";"Bohrverfahren nicht bekannt"
"7835BG007116";"München [München (Stadt)]";"7835";"München";"511,60";"7,50";"";"Bohrverfahren nicht bekannt"
"7835BG007117";"München [München (Stadt)]";"7835";"München";"511,90";"7,80";"";"Bohrverfahren nicht bekannt"
"7835BG007118";"München [München (Stadt)]";"7835";"München";"520,00";"16,50";"";"Bohrverfahren nicht bekannt"
"7835BG007120";"München [München (Stadt)]";"7835";"München";"519,80";"16,60";"";"Bohrverfahren nicht bekannt"
"7835BG007121";"München [München (Stadt)]";"7835";"München";"519,80";"24,40";"";"Bohrverfahren nicht bekannt"
"7835BG007123";"München [München (Stadt)]";"7835";"München";"519,90";"14,00";"";"Bohrverfahren nicht bekannt"
"7835BG007124";"München [München (Stadt)]";"7835";"München";"519,70";"15,90";"";"Bohrverfahren nicht bekannt"
"7835BG007125";"München [München (Stadt)]";"7835";"München";"519,80";"16,20";"";"Bohrverfahren nicht bekannt"
"7835BG007514";"München [München (Stadt)]";"7835";"München";"516,23";"38,20";"";"Bohrverfahren nicht bekannt"
"7835BG007516";"München [München (Stadt)]";"7835";"München";"515,91";"34,50";"";"Bohrverfahren nicht bekannt"
"7835BG007517";"München [München (Stadt)]";"7835";"München";"516,12";"34,00";"";"Bohrverfahren nicht bekannt"
"7835BG007518";"München [München (Stadt)]";"7835";"München";"516,42";"38,00";"";"Bohrverfahren nicht bekannt"
"7835BG007524";"München [München (Stadt)]";"7835";"München";"520,50";"17,00";"";"Bohrverfahren nicht bekannt"
"7835BG007525";"München [München (Stadt)]";"7835";"München";"515,40";"13,50";"";"Bohrverfahren nicht bekannt"
"7835BG007531";"München [München (Stadt)]";"7835";"München";"516,30";"13,70";"";"Bohrverfahren nicht bekannt"
"7835BG003994";"München [München (Stadt)]";"7835";"München";"519,80";"16,00";"";"Bohrverfahren nicht bekannt"
"7835BG004098";"München [München (Stadt)]";"7835";"München";"516,70";"20,00";"";"Bohrverfahren nicht bekannt"
"7835BG007080";"München [München (Stadt)]";"7835";"München";"516,70";"12,10";"";"Bohrverfahren nicht bekannt"
"7835BG006543";"München [München (Stadt)]";"7835";"München";"518,60";"16,80";"";"Bohrverfahren nicht bekannt"
"7835BG007526";"München [München (Stadt)]";"7835";"München";"515,80";"17,60";"";"Bohrverfahren nicht bekannt"
"7835BG007550";"München [München (Stadt)]";"7835";"München";"520,00";"186,00";"1975";"Bohrverfahren nicht bekannt"
"7835BG007546";"München [München (Stadt)]";"7835";"München";"522,00";"226,00";"1987";"Bohrverfahren nicht bekannt"
"7835BG007540";"München [München (Stadt)]";"7835";"München";"519,20";"221,00";"1986";"Bohrverfahren nicht bekannt"
"7835BG015971";"München [München (Stadt)]";"7835";"München";"508,89";"24,00";"1980";"Bohrverfahren nicht bekannt"
"7835BG015973";"München [München (Stadt)]";"7835";"München";"515,82";"37,00";"1982";"Bohrverfahren nicht bekannt"
"7835BG015109";"München [München (Stadt)]";"7835";"München";"515,85";"15,30";"1975";"Bohrverfahren nicht bekannt"
"7835BG015103";"München [München (Stadt)]";"7835";"München";"518,00";"8,00";"1932";"Bohrverfahren nicht bekannt"
"7835BG015125";"München [München (Stadt)]";"7835";"München";"520,52";"223,00";"1991";"Bohrverfahren nicht bekannt"
"7835BG015033";"München [München (Stadt)]";"7835";"München";"517,00";"17,50";"";"Bohrverfahren nicht bekannt"
"7835BG015164";"München [München (Stadt)]";"7835";"München";"517,00";"6,00";"1971";"Bohrverfahren nicht bekannt"
"7835BG015024";"München [München (Stadt)]";"7835";"München";"516,00";"12,00";"1968";"Bohrverfahren nicht bekannt"
"7835BG015240";"München [München (Stadt)]";"7835";"München";"519,00";"6,51";"";"Bohrverfahren nicht bekannt"
"7835BG015393";"München [München (Stadt)]";"7835";"München";"528,34";"12,40";"";"Bohrverfahren nicht bekannt"
"7835BG015124";"München [München (Stadt)]";"7835";"München";"519,20";"225,00";"1974";"Bohrverfahren nicht bekannt"
"7835BG015243";"München [München (Stadt)]";"7835";"München";"514,00";"12,20";"";"Bohrverfahren nicht bekannt"
"7835BG015081";"München [München (Stadt)]";"7835";"München";"519,00";"10,00";"1964";"Bohrverfahren nicht bekannt"
"7835BG015231";"München [München (Stadt)]";"7835";"München";"514,00";"17,00";"";"Bohrverfahren nicht bekannt"
"7835BG016889";"München [München (Stadt)]";"7835";"München";"518,82";"35,20";"2014";"Bohrverfahren nicht bekannt"
"7835BG015551";"München [München (Stadt)]";"7835";"München";"515,70";"11,20";"";"Greiferbohrung"
"7835BG015462";"München [München (Stadt)]";"7835";"München";"520,00";"20,00";"";"Rammkernbohrung"
"7835BG015588";"München [München (Stadt)]";"7835";"München";"515,00";"8,00";"";"Bohrverfahren nicht bekannt"
"7835BG015574";"München [München (Stadt)]";"7835";"München";"521,00";"15,00";"";"Bohrverfahren nicht bekannt"
"7835BG015575";"München [München (Stadt)]";"7835";"München";"520,70";"15,00";"";"Bohrverfahren nicht bekannt"
"7835BG015576";"München [München (Stadt)]";"7835";"München";"518,80";"8,00";"";"Bohrverfahren nicht bekannt"
"7835BG015573";"München [München (Stadt)]";"7835";"München";"520,40";"15,00";"";"Bohrverfahren nicht bekannt"
"7835BG015972";"München [München (Stadt)]";"7835";"München";"508,89";"24,00";"1980";"Bohrverfahren nicht bekannt"
"7835BG015585";"München [München (Stadt)]";"7835";"München";"515,00";"9,00";"";"Bohrverfahren nicht bekannt"
"7835BG015578";"München [München (Stadt)]";"7835";"München";"520,60";"8,00";"";"Bohrverfahren nicht bekannt"
"7835BG015567";"München [München (Stadt)]";"7835";"München";"516,20";"16,50";"";"Bohrverfahren nicht bekannt"
"7835BG015584";"München [München (Stadt)]";"7835";"München";"515,00";"9,00";"";"Bohrverfahren nicht bekannt"
"7835BG015566";"München [München (Stadt)]";"7835";"München";"517,40";"9,50";"";"Bohrverfahren nicht bekannt"
"7835BG015586";"München [München (Stadt)]";"7835";"München";"515,00";"8,00";"";"Bohrverfahren nicht bekannt"
"7835BG015587";"München [München (Stadt)]";"7835";"München";"515,00";"7,00";"";"Bohrverfahren nicht bekannt"
"7835BG015569";"München [München (Stadt)]";"7835";"München";"515,20";"15,00";"";"Bohrverfahren nicht bekannt"
"7835BG015508";"München [München (Stadt)]";"7835";"München";"517,60";"10,00";"";"Bohrverfahren nicht bekannt"
"7835BG015580";"München [München (Stadt)]";"7835";"München";"515,00";"7,30";"";"Bohrverfahren nicht bekannt"
"7835BG015565";"München [München (Stadt)]";"7835";"München";"517,30";"9,00";"";"Bohrverfahren nicht bekannt"
"7835BG015499";"München [München (Stadt)]";"7835";"München";"519,80";"12,00";"";"Bohrverfahren nicht bekannt"
"7835BG015581";"München [München (Stadt)]";"7835";"München";"515,00";"7,50";"";"Bohrverfahren nicht bekannt"
"7835BG015577";"München [München (Stadt)]";"7835";"München";"518,50";"8,00";"";"Bohrverfahren nicht bekannt"
"7835BG015582";"München [München (Stadt)]";"7835";"München";"515,00";"7,20";"";"Bohrverfahren nicht bekannt"
"7835BG015568";"München [München (Stadt)]";"7835";"München";"514,90";"15,00";"";"Bohrverfahren nicht bekannt"
"7835BG015583";"München [München (Stadt)]";"7835";"München";"515,00";"7,00";"";"Bohrverfahren nicht bekannt"
"7835BG015976";"München [München (Stadt)]";"7835";"München";"515,94";"16,89";"1982";"Bohrverfahren nicht bekannt"
"7835BG008624";"München [München (Stadt)]";"7835";"München";"516,17";"35,00";"1965";"Greiferbohrung"
"7835BG017003";"München [München (Stadt)]";"7835";"München";"515,39";"70,00";"2004";"Bohrverfahren nicht bekannt"
"7835BG015563";"München [München (Stadt)]";"7835";"München";"516,20";"13,00";"";"Bohrverfahren nicht bekannt"
"7835BG015564";"München [München (Stadt)]";"7835";"München";"516,60";"13,80";"";"Bohrverfahren nicht bekannt"
"7835BG015579";"München [München (Stadt)]";"7835";"München";"515,00";"10,60";"";"Bohrverfahren nicht bekannt"
"7835BG015552";"München [München (Stadt)]";"7835";"München";"516,10";"10,00";"";"Greiferbohrung"
"7835BG016940";"München [München (Stadt)]";"7835";"München";"521,50";"70,00";"2004";"Bohrverfahren nicht bekannt"
"7835BG016942";"München [München (Stadt)]";"7835";"München";"519,64";"54,00";"2004";"Bohrverfahren nicht bekannt"
"7835BG015553";"München [München (Stadt)]";"7835";"München";"515,60";"10,00";"";"Greiferbohrung"
"7835BG015500";"München [München (Stadt)]";"7835";"München";"519,80";"10,20";"";"Bohrverfahren nicht bekannt"
"7835BG015507";"München [München (Stadt)]";"7835";"München";"517,70";"10,00";"";"Bohrverfahren nicht bekannt"
"";"";"";"";"";"";"";""
"";"";"";"";"";"";"";""
"7835BG015550";"München [München (Stadt)]";"7835";"München";"515,80";"12,60";"";"Greiferbohrung"
"7835BG015501";"München [München (Stadt)]";"7835";"München";"519,80";"10,00";"";"Bohrverfahren nicht bekannt"
"7835BG015464";"München [München (Stadt)]";"7835";"München";"514,40";"22,20";"";"Rammkernbohrung"
"7835BG015549";"München [München (Stadt)]";"7835";"München";"515,70";"15,00";"";"Greiferbohrung"
"7835BG016965";"München [München (Stadt)]";"7835";"München";"518,99";"54,00";"2004";"Bohrverfahren nicht bekannt"
"7835BG016964";"München [München (Stadt)]";"7835";"München";"519,64";"54,00";"2004";"Bohrverfahren nicht bekannt"
"";"";"";"";"";"";"";""
"";"";"";"";"";"";"";""
"7835BG015465";"München [München (Stadt)]";"7835";"München";"514,60";"25,00";"";"Rammkernbohrung"
"7835BG015463";"München [München (Stadt)]";"7835";"München";"515,00";"7,50";"";"Rammkernbohrung"
"";"";"";"";"";"";"";""
"";"";"";"";"";"";"";""
"7835BG015788";"München [München (Stadt)]";"7835";"München";"520,00";"146,70";"1966";"Bohrverfahren nicht bekannt"
"7835BG016941";"München [München (Stadt)]";"7835";"München";"521,50";"70,00";"2004";"Bohrverfahren nicht bekannt"
"";"";"";"";"";"";"";""
"7835BG015772";"München [München (Stadt)]";"7835";"München";"517,00";"245,50";"1959";"Bohrverfahren nicht bekannt"
"";"";"";"";"";"";"";""
"7835BG015889";"München [München (Stadt)]";"7835";"München";"517,04";"30,70";"1965";"Bohrverfahren nicht bekannt"
"7835BG016165";"München [München (Stadt)]";"7835";"München";"520,76";"19,00";"1970";"Bohrverfahren nicht bekannt"
"7835BG015948";"München [München (Stadt)]";"7835";"München";"515,45";"35,00";"1977";"Bohrverfahren nicht bekannt"
"7835BG015962";"München [München (Stadt)]";"7835";"München";"521,00";"99,00";"2011";"Rammkernbohrung"
"7835BG015877";"München [München (Stadt)]";"7835";"München";"514,00";"137,00";"1972";"Bohrverfahren nicht bekannt"
"7835BG016885";"München [München (Stadt)]";"7835";"München";"520,40";"35,00";"2014";"Bohrverfahren nicht bekannt"
"7835BG016886";"München [München (Stadt)]";"7835";"München";"520,44";"35,00";"2014";"Bohrverfahren nicht bekannt"
"7835BG015902";"München [München (Stadt)]";"7835";"München";"519,98";"37,50";"1968";"Bohrverfahren nicht bekannt"
"7835BG015903";"München [München (Stadt)]";"7835";"München";"519,98";"37,50";"1968";"Bohrverfahren nicht bekannt"
"7835BG015954";"München [München (Stadt)]";"7835";"München";"519,97";"30,00";"1977";"Bohrverfahren nicht bekannt"
"7835BG015925";"München [München (Stadt)]";"7835";"München";"517,00";"12,00";"";"Bohrverfahren nicht bekannt"
"7835BG015890";"München [München (Stadt)]";"7835";"München";"517,12";"34,30";"1965";"Bohrverfahren nicht bekannt"
"7835BG016891";"München [München (Stadt)]";"7835";"München";"518,82";"35,20";"2014";"Bohrverfahren nicht bekannt"
"7835BG015893";"München [München (Stadt)]";"7835";"München";"512,96";"40,00";"1965";"Bohrverfahren nicht bekannt"
"7835BG015950";"München [München (Stadt)]";"7835";"München";"515,81";"36,00";"1976";"Bohrverfahren nicht bekannt"
"7835BG015891";"München [München (Stadt)]";"7835";"München";"517,22";"40,50";"1965";"Bohrverfahren nicht bekannt"
"7835BG016170";"München [München (Stadt)]";"7835";"München";"517,27";"13,00";"1991";"Bohrverfahren nicht bekannt"
"7835BG015885";"München [München (Stadt)]";"7835";"München";"519,86";"36,00";"1984";"Bohrverfahren nicht bekannt"
"7835BG016256";"München [München (Stadt)]";"7835";"München";"519,24";"14,70";"1973";"Bohrverfahren nicht bekannt"
"7835BG016538";"München [München (Stadt)]";"7835";"München";"516,75";"33,70";"2002";"Rotationskernbohrung"
"7835BG016252";"München [München (Stadt)]";"7835";"München";"519,35";"60,20";"1970";"Bohrverfahren nicht bekannt"
"7835BG015892";"München [München (Stadt)]";"7835";"München";"512,96";"40,00";"1965";"Bohrverfahren nicht bekannt"
"7835BG015741";"München [München (Stadt)]";"7835";"München";"520,00";"78,00";"1954";"Trockenbohrung"
"7835BG016994";"München [München (Stadt)]";"7835";"München";"517,15";"62,00";"2004";"Bohrverfahren nicht bekannt"
"7835BG016991";"München [München (Stadt)]";"7835";"München";"518,99";"54,00";"2004";"Bohrverfahren nicht bekannt"
"7835BG015886";"München [München (Stadt)]";"7835";"München";"518,72";"38,00";"1984";"Bohrverfahren nicht bekannt"
"7835BG015888";"München [München (Stadt)]";"7835";"München";"517,26";"35,70";"1965";"Bohrverfahren nicht bekannt"
"7835BG015904";"München [München (Stadt)]";"7835";"München";"519,61";"34,50";"1968";"Bohrverfahren nicht bekannt"
"7835BG015905";"München [München (Stadt)]";"7835";"München";"519,50";"34,50";"1968";"Bohrverfahren nicht bekannt"
"7835BG015956";"München [München (Stadt)]";"7835";"München";"519,27";"35,00";"1975";"Bohrverfahren nicht bekannt"
"7835BG015955";"München [München (Stadt)]";"7835";"München";"519,27";"35,00";"1975";"Bohrverfahren nicht bekannt"
"7835BG016253";"München [München (Stadt)]";"7835";"München";"518,98";"54,00";"1970";"Bohrverfahren nicht bekannt"
"7835BG016993";"München [München (Stadt)]";"7835";"München";"517,15";"62,00";"2004";"Bohrverfahren nicht bekannt"
"7835BG017002";"München [München (Stadt)]";"7835";"München";"515,39";"70,00";"2004";"Bohrverfahren nicht bekannt"
"7835BG015957";"München [München (Stadt)]";"7835";"München";"520,32";"25,00";"1975";"Bohrverfahren nicht bekannt"
"7835BG016273";"München [München (Stadt)]";"7835";"München";"515,70";"35,00";"1970";"Bohrverfahren nicht bekannt"
"7835BG015952";"München [München (Stadt)]";"7835";"München";"515,78";"33,00";"1977";"Bohrverfahren nicht bekannt"
"7835BG016251";"München [München (Stadt)]";"7835";"München";"519,95";"59,00";"1970";"Bohrverfahren nicht bekannt"
"7835BG016892";"München [München (Stadt)]";"7835";"München";"518,73";"35,00";"2014";"Bohrverfahren nicht bekannt"
"7835BG015951";"München [München (Stadt)]";"7835";"München";"515,61";"35,00";"1981";"Bohrverfahren nicht bekannt"
"7835BG015953";"München [München (Stadt)]";"7835";"München";"518,77";"35,00";"1976";"Bohrverfahren nicht bekannt"
"7835BG016294";"München [München (Stadt)]";"7835";"München";"519,27";"34,50";"1968";"Bohrverfahren nicht bekannt"
"7835BG016271";"München [München (Stadt)]";"7835";"München";"515,70";"35,00";"1970";"Bohrverfahren nicht bekannt"
"7835BG016893";"München [München (Stadt)]";"7835";"München";"518,73";"35,00";"2014";"Bohrverfahren nicht bekannt"
"7835BG015949";"München [München (Stadt)]";"7835";"München";"515,45";"35,00";"1977";"Bohrverfahren nicht bekannt"
"7835BG016537";"München [München (Stadt)]";"7835";"München";"516,75";"33,70";"2002";"Rotationskernbohrung"
"7835BG016254";"München [München (Stadt)]";"7835";"München";"519,64";"35,00";"1970";"Bohrverfahren nicht bekannt"
"7835BG015901";"München [München (Stadt)]";"7835";"München";"518,24";"34,50";"1968";"Bohrverfahren nicht bekannt"
"7835BG016258";"München [München (Stadt)]";"7835";"München";"519,31";"35,50";"1975";"Bohrverfahren nicht bekannt"
"7835BG016888";"München [München (Stadt)]";"7835";"München";"520,05";"35,10";"2014";"Bohrverfahren nicht bekannt"
"7835BG016023";"München [München (Stadt)]";"7835";"München";"516,00";"99,00";"2015";"Spülbohrung, drehend"
"7835BG016260";"München [München (Stadt)]";"7835";"München";"519,24";"35,80";"1975";"Bohrverfahren nicht bekannt"
"7835BG016268";"München [München (Stadt)]";"7835";"München";"516,41";"25,00";"1977";"Bohrverfahren nicht bekannt"
"7835BG016887";"München [München (Stadt)]";"7835";"München";"520,05";"35,10";"2014";"Bohrverfahren nicht bekannt"
"7835BG016272";"München [München (Stadt)]";"7835";"München";"515,70";"35,00";"1970";"Bohrverfahren nicht bekannt"
"7835BG016255";"München [München (Stadt)]";"7835";"München";"519,96";"35,00";"1970";"Bohrverfahren nicht bekannt"
"7835BG016257";"München [München (Stadt)]";"7835";"München";"518,36";"17,00";"1973";"Bohrverfahren nicht bekannt"
"7835BG016894";"München [München (Stadt)]";"7835";"München";"520,30";"11,00";"2014";"Bohrverfahren nicht bekannt"
"7835BG016539";"München [München (Stadt)]";"7835";"München";"516,31";"35,00";"1965";"Greiferbohrung"
"7835BG016904";"München [München (Stadt)]";"7835";"München";"521,50";"70,00";"2004";"Bohrverfahren nicht bekannt"
"7835BG016902";"München [München (Stadt)]";"7835";"München";"520,53";"53,00";"2004";"Bohrverfahren nicht bekannt"
"7835BG016753";"München [München (Stadt)]";"7835";"München";"518,10";"42,40";"2016";"Rammkernbohrung"
"7835BG016793";"München [München (Stadt)]";"7835";"München";"512,67";"20,00";"1965";"Bohrverfahren nicht bekannt"
"7835BG016655";"München [München (Stadt)]";"7835";"München";"516,28";"19,80";"2002";"Rotationskernbohrung"
"7835BG017092";"München [München (Stadt)]";"7835";"München";"520,53";"53,00";"2004";"Bohrverfahren nicht bekannt"
"7835BG017004";"München [München (Stadt)]";"7835";"München";"515,39";"70,00";"2004";"Bohrverfahren nicht bekannt"
"7835BG016903";"München [München (Stadt)]";"7835";"München";"520,53";"53,00";"2004";"Bohrverfahren nicht bekannt"
"7835BG017099";"München [München (Stadt)]";"7835";"München";"519,46";"56,00";"2005";"Bohrverfahren nicht bekannt"
"7835BG016800";"München [München (Stadt)]";"7835";"München";"518,62";"16,50";"1973";"Bohrverfahren nicht bekannt"
"7835BG017180";"München [München (Stadt)]";"7835";"München";"517,43";"60,00";"2005";"Bohrverfahren nicht bekannt"
"7835BG017093";"München [München (Stadt)]";"7835";"München";"520,53";"53,00";"2004";"Bohrverfahren nicht bekannt"
"7835BG016844";"München [München (Stadt)]";"7835";"München";"516,19";"16,00";"1982";"Bohrverfahren nicht bekannt"
"7835BG017147";"München [München (Stadt)]";"7835";"München";"521,37";"50,00";"2005";"Bohrverfahren nicht bekannt"
"7835BG017107";"München [München (Stadt)]";"7835";"München";"516,50";"60,00";"2005";"Bohrverfahren nicht bekannt"
"7835BG017105";"München [München (Stadt)]";"7835";"München";"516,50";"60,00";"2005";"Bohrverfahren nicht bekannt"
"7835BG016901";"München [München (Stadt)]";"7835";"München";"520,53";"53,00";"2004";"Bohrverfahren nicht bekannt"
"7835BG017102";"München [München (Stadt)]";"7835";"München";"515,94";"70,50";"2005";"Bohrverfahren nicht bekannt"
"7835BG017114";"München [München (Stadt)]";"7835";"München";"512,72";"70,00";"2005";"Bohrverfahren nicht bekannt"
"7835BG017112";"München [München (Stadt)]";"7835";"München";"512,72";"70,00";"2005";"Bohrverfahren nicht bekannt"
"7835BG017116";"München [München (Stadt)]";"7835";"München";"516,40";"70,00";"2005";"Bohrverfahren nicht bekannt"
"7835BG016966";"München [München (Stadt)]";"7835";"München";"518,99";"54,00";"2004";"Bohrverfahren nicht bekannt"
"7835BG016992";"München [München (Stadt)]";"7835";"München";"517,15";"62,00";"2004";"Bohrverfahren nicht bekannt"
"7835BG017148";"München [München (Stadt)]";"7835";"München";"519,04";"59,00";"2005";"Bohrverfahren nicht bekannt"
"7835BG017104";"München [München (Stadt)]";"7835";"München";"515,94";"70,50";"2005";"Bohrverfahren nicht bekannt"
"7835BG017457";"München [München (Stadt)]";"7835";"München";"516,30";"58,00";"2004";"Bohrverfahren nicht bekannt"
"7835BG017101";"München [München (Stadt)]";"7835";"München";"519,04";"59,00";"2005";"Bohrverfahren nicht bekannt"
"7835BG017324";"München [München (Stadt)]";"7835";"München";"518,90";"6,00";"2017";"Rammkernbohrung"
"7835BG017095";"München [München (Stadt)]";"7835";"München";"521,37";"50,00";"2005";"Bohrverfahren nicht bekannt"
"7835BG017466";"München [München (Stadt)]";"7835";"München";"520,49";"70,00";"2005";"Bohrverfahren nicht bekannt"
"7835BG017323";"München [München (Stadt)]";"7835";"München";"516,50";"4,00";"2017";"Rammkernbohrung"
"7835BG017094";"München [München (Stadt)]";"7835";"München";"521,37";"50,00";"2005";"Bohrverfahren nicht bekannt"
"7835BG017347";"München [München (Stadt)]";"7835";"München";"517,00";"13,00";"2016";"Rammkernbohrung"
"7835BG017097";"München [München (Stadt)]";"7835";"München";"519,46";"56,00";"2005";"Bohrverfahren nicht bekannt"
"7835BG017096";"München [München (Stadt)]";"7835";"München";"520,53";"35,40";"2005";"Bohrverfahren nicht bekannt"
"7835BG017098";"München [München (Stadt)]";"7835";"München";"519,46";"56,00";"2005";"Bohrverfahren nicht bekannt"
"7835BG017106";"München [München (Stadt)]";"7835";"München";"516,50";"60,00";"2005";"Bohrverfahren nicht bekannt"
"";"";"";"";"";"";"";""
"7835BG017103";"München [München (Stadt)]";"7835";"München";"515,94";"70,50";"2005";"Bohrverfahren nicht bekannt"
"7835BG017146";"München [München (Stadt)]";"7835";"München";"520,53";"53,00";"2004";"Bohrverfahren nicht bekannt"
"7835BG017348";"München [München (Stadt)]";"7835";"München";"518,00";"3,00";"2016";"Greiferbohrung"
"7835BG017113";"München [München (Stadt)]";"7835";"München";"512,72";"70,00";"2005";"Bohrverfahren nicht bekannt"
"7835BG017377";"München [München (Stadt)]";"7835";"München";"519,30";"9,40";"2017";"Bohrverfahren mit durchgehendem Gewinn gekernter Probe"
"7835BG017100";"München [München (Stadt)]";"7835";"München";"519,04";"59,00";"2005";"Bohrverfahren nicht bekannt"
"7835BG015115";"München [München (Stadt)]";"7835";"München";"512,00";"2,00";"";"Bohrverfahren nicht bekannt"
"7835BG009289";"München [München (Stadt)]";"7835";"München";"517,17";"14,00";"1991";"Bohrverfahren nicht bekannt"
"7835BG010186";"München [München (Stadt)]";"7835";"München";"519,19";"27,15";"1975";"Bohrverfahren nicht bekannt"
"7835BG017464";"München [München (Stadt)]";"7835";"München";"521,49";"45,40";"2004";"Bohrverfahren nicht bekannt"
"7835BG017471";"München [München (Stadt)]";"7835";"München";"516,82";"70,30";"2006";"Bohrverfahren nicht bekannt"
"7835BG017346";"München [München (Stadt)]";"7835";"München";"517,00";"13,00";"2016";"Rammkernbohrung"
"7835BG017115";"München [München (Stadt)]";"7835";"München";"516,40";"70,00";"2005";"Bohrverfahren nicht bekannt"
"7835BG017468";"München [München (Stadt)]";"7835";"München";"512,45";"35,00";"2006";"Bohrverfahren nicht bekannt"
"7835BG017463";"München [München (Stadt)]";"7835";"München";"521,49";"45,70";"2004";"Bohrverfahren nicht bekannt"
"7835BG017652";"München [München (Stadt)]";"7835";"München";"517,40";"25,00";"2018";"Bohrverfahren nicht bekannt"
"7835BG017117";"München [München (Stadt)]";"7835";"München";"516,40";"70,00";"2005";"Bohrverfahren nicht bekannt"
"7835BG017614";"München [München (Stadt)]";"7835";"München";"500,40";"9,80";"";"Bohrverfahren nicht bekannt"
"7835BG017613";"München [München (Stadt)]";"7835";"München";"500,40";"12,80";"";"Bohrverfahren nicht bekannt"
"7835BG017612";"München [München (Stadt)]";"7835";"München";"500,50";"12,20";"";"Bohrverfahren nicht bekannt"
"7835BG017325";"München [München (Stadt)]";"7835";"München";"520,00";"9,80";"2017";"Rammkernbohrung"
"7835BG017458";"München [München (Stadt)]";"7835";"München";"516,30";"58,00";"2004";"Bohrverfahren nicht bekannt"
"7835BG017459";"München [München (Stadt)]";"7835";"München";"516,30";"58,00";"2004";"Bohrverfahren nicht bekannt"
"";"";"";"";"";"";"";""
"7835BG017651";"München [München (Stadt)]";"7835";"München";"517,20";"25,00";"2018";"Bohrverfahren nicht bekannt"
"";"";"";"";"";"";"";""
"7835BG017793";"München [München (Stadt)]";"7835";"München";"520,17";"5,00";"2017";"Bohrverfahren mit durchgehendem Gewinn gekernter Probe"
"7835BG017794";"München [München (Stadt)]";"7835";"München";"520,01";"5,00";"2017";"Bohrverfahren mit durchgehendem Gewinn gekernter Probe"
"7835BG010646";"München [München (Stadt)]";"7835";"München";"519,24";"14,70";"1973";"Bohrverfahren nicht bekannt"
"7835BG008651";"München [München (Stadt)]";"7835";"München";"515,83";"36,50";"1969";"Bohrverfahren nicht bekannt"
"";"";"";"";"";"";"";""
"";"";"";"";"";"";"";""
"";"";"";"";"";"";"";""
"7835BG017469";"München [München (Stadt)]";"7835";"München";"512,45";"35,00";"2006";"Bohrverfahren nicht bekannt"
"7835BG017465";"München [München (Stadt)]";"7835";"München";"520,49";"70,00";"2005";"Bohrverfahren nicht bekannt"
"7835BG017467";"München [München (Stadt)]";"7835";"München";"520,49";"70,00";"2005";"Bohrverfahren nicht bekannt"
"7835BG017653";"München [München (Stadt)]";"7835";"München";"517,80";"25,00";"2018";"Bohrverfahren nicht bekannt"
"";"";"";"";"";"";"";""
"";"";"";"";"";"";"";""
"";"";"";"";"";"";"";""
"7835BG017637";"München [München (Stadt)]";"7835";"München";"516,49";"29,97";"2002";"Bohrverfahren nicht bekannt"
"";"";"";"";"";"";"";""
"7835BG010608";"München [München (Stadt)]";"7835";"München";"517,66";"30,00";"1970";"Bohrverfahren nicht bekannt"
"7835BG009279";"München [München (Stadt)]";"7835";"München";"517,35";"18,00";"1957";"Bohrverfahren nicht bekannt"
"7835BG017638";"München [München (Stadt)]";"7835";"München";"516,49";"29,97";"2002";"Bohrverfahren nicht bekannt"
"7835BG010147";"München [München (Stadt)]";"7835";"München";"515,56";"16,00";"1981";"Bohrverfahren nicht bekannt"
"7835BG010184";"München [München (Stadt)]";"7835";"München";"518,38";"30,00";"1980";"Bohrverfahren nicht bekannt"
"7835BG017991";"München [München (Stadt)]";"7835";"München";"520,14";"77,00";"2018";"wechselnde Bohrverfahren"
"";"";"";"";"";"";"";""
"7835BG017990";"München [München (Stadt)]";"7835";"München";"520,69";"60,00";"2018";"wechselnde Bohrverfahren"
"";"";"";"";"";"";"";""
"";"";"";"";"";"";"";""
"7835BG017657";"München [München (Stadt)]";"7835";"München";"517,22";"6,50";"2017";"Rammkernbohrung"
"7835BG017658";"München [München (Stadt)]";"7835";"München";"524,58";"6,50";"2017";"Rammkernbohrung"
"7835BG017585";"München [München (Stadt)]";"7835";"München";"515,50";"5,00";"2017";"Bohrverfahren nicht bekannt"
"7835BG017631";"München [München (Stadt)]";"7835";"München";"491,30";"15,70";"";"Bohrverfahren nicht bekannt"
"7835BG017630";"München [München (Stadt)]";"7835";"München";"491,90";"15,70";"";"Bohrverfahren nicht bekannt"
"7835BG017629";"München [München (Stadt)]";"7835";"München";"501,50";"12,50";"";"Bohrverfahren nicht bekannt"
"7835BG017628";"München [München (Stadt)]";"7835";"München";"498,50";"2,25";"";"Bohrverfahren nicht bekannt"
"7835BG017627";"München [München (Stadt)]";"7835";"München";"499,25";"13,60";"";"Bohrverfahren nicht bekannt"
"7835BG017624";"München [München (Stadt)]";"7835";"München";"500,50";"20,60";"";"Bohrverfahren nicht bekannt"
"7835BG017625";"München [München (Stadt)]";"7835";"München";"498,50";"16,70";"";"Bohrverfahren nicht bekannt"
"7835BG017626";"München [München (Stadt)]";"7835";"München";"498,50";"16,50";"";"Bohrverfahren nicht bekannt"
"7835BG010617";"München [München (Stadt)]";"7835";"München";"519,24";"40,00";"1970";"Bohrverfahren nicht bekannt"
"7835BG017623";"München [München (Stadt)]";"7835";"München";"498,50";"16,50";"";"Bohrverfahren nicht bekannt"
"7835BG017622";"München [München (Stadt)]";"7835";"München";"501,50";"18,40";"";"Bohrverfahren nicht bekannt"
"7835BG017620";"München [München (Stadt)]";"7835";"München";"501,50";"18,50";"";"Bohrverfahren nicht bekannt"
"7835BG017619";"München [München (Stadt)]";"7835";"München";"498,50";"14,90";"";"Bohrverfahren nicht bekannt"
"7835BG017618";"München [München (Stadt)]";"7835";"München";"498,50";"14,70";"";"Bohrverfahren nicht bekannt"
"7835BG017616";"München [München (Stadt)]";"7835";"München";"500,50";"50,00";"";"Bohrverfahren nicht bekannt"
"7835BG017617";"München [München (Stadt)]";"7835";"München";"499,65";"16,50";"";"Bohrverfahren nicht bekannt"
"7835BG010663";"München [München (Stadt)]";"7835";"München";"519,28";"42,50";"1976";"Bohrverfahren nicht bekannt"
"7835BG011951";"München [München (Stadt)]";"7835";"München";"516,80";"15,00";"";"Bohrverfahren nicht bekannt"
"";"";"";"";"";"";"";""
"";"";"";"";"";"";"";""
"7835BG010178";"München [München (Stadt)]";"7835";"München";"520,85";"17,00";"1979";"Bohrverfahren nicht bekannt"
"7835BG010142";"München [München (Stadt)]";"7835";"München";"517,72";"38,50";"1976";"Bohrverfahren nicht bekannt"
"7835BG010187";"München [München (Stadt)]";"7835";"München";"520,40";"17,30";"1982";"Bohrverfahren nicht bekannt"
"7835BG011063";"München [München (Stadt)]";"7835";"München";"517,58";"13,70";"1979";"Bohrverfahren nicht bekannt"
"";"";"";"";"";"";"";""
"";"";"";"";"";"";"";""
"";"";"";"";"";"";"";""
"";"";"";"";"";"";"";""
"";"";"";"";"";"";"";""
"";"";"";"";"";"";"";""
"";"";"";"";"";"";"";""
"";"";"";"";"";"";"";""
"";"";"";"";"";"";"";""
"";"";"";"";"";"";"";""
"";"";"";"";"";"";"";""
"";"";"";"";"";"";"";""
"";"";"";"";"";"";"";""
"";"";"";"";"";"";"";""
"";"";"";"";"";"";"";""
"";"";"";"";"";"";"";""
"";"";"";"";"";"";"";""
"";"";"";"";"";"";"";""
"";"";"";"";"";"";"";""
"7835BG018209";"München [München (Stadt)]";"7835";"München";"520,00";"30,80";"1993";"Bohrverfahren nicht bekannt"
"7835BG018208";"München [München (Stadt)]";"7835";"München";"520,00";"24,40";"1993";"Bohrverfahren nicht bekannt"
"";"";"";"";"";"";"";""
"";"";"";"";"";"";"";""
"";"";"";"";"";"";"";""
"";"";"";"";"";"";"";""
"";"";"";"";"";"";"";""
"7835BG015104";"München [München (Stadt)]";"7835";"München";"516,00";"10,30";"";"Bohrverfahren nicht bekannt"
"";"";"";"";"";"";"";""
"";"";"";"";"";"";"";""
"";"";"";"";"";"";"";""
"7835BG018276";"München [München (Stadt)]";"7835";"München";"515,53";"8,40";"2005";"Bohrverfahren nicht bekannt"
"";"";"";"";"";"";"";""
"";"";"";"";"";"";"";""
"";"";"";"";"";"";"";""
"";"";"";"";"";"";"";""
"";"";"";"";"";"";"";""
"";"";"";"";"";"";"";""
"";"";"";"";"";"";"";""
"";"";"";"";"";"";"";""
"";"";"";"";"";"";"";""
"";"";"";"";"";"";"";""
"";"";"";"";"";"";"";""
"";"";"";"";"";"";"";""
"7835BG018051";"München [München (Stadt)]";"7835";"München";"516,03";"61,00";"2018";"Greiferbohrung"
"";"";"";"";"";"";"";""
"";"";"";"";"";"";"";""
"";"";"";"";"";"";"";""
"";"";"";"";"";"";"";""
"";"";"";"";"";"";"";""
"";"";"";"";"";"";"";""
"7835BG018278";"München [München (Stadt)]";"7835";"München";"515,47";"8,00";"2005";"Bohrverfahren nicht bekannt"
"7835BG018207";"München [München (Stadt)]";"7835";"München";"520,00";"15,65";"1993";"Bohrverfahren nicht bekannt"
"7835BG018277";"München [München (Stadt)]";"7835";"München";"515,57";"14,00";"2005";"Bohrverfahren nicht bekannt"
"";"";"";"";"";"";"";""
"";"";"";"";"";"";"";""
"";"";"";"";"";"";"";""
"";"";"";"";"";"";"";""
"";"";"";"";"";"";"";""
"7835BG018845";"München [München (Stadt)]";"7835";"München";"524,50";"75,20";"1932";"Bohrverfahren nicht bekannt"
"";"";"";"";"";"";"";""
"";"";"";"";"";"";"";""
"";"";"";"";"";"";"";""
"";"";"";"";"";"";"";""
"7835BG018886";"München [München (Stadt)]";"7835";"München";"519,30";"45,60";"1968";"Bohrverfahren nicht bekannt"
"7835BG007739";"München [München (Stadt)]";"7835";"München";"521,05";"25,73";"1975";"Bohrverfahren nicht bekannt"
"7835BG018864";"München [München (Stadt)]";"7835";"München";"513,00";"80,00";"1951";"Bohrverfahren nicht bekannt"
"7835BG018943";"München [München (Stadt)]";"7835";"München";"517,00";"129,00";"1974";"Bohrverfahren mit durchgehendem Gewinn gekernter Probe"
"7835BG009106";"München [München (Stadt)]";"7835";"München";"516,71";"7,00";"1957";"Bohrverfahren nicht bekannt"
"";"";"";"";"";"";"";""
"";"";"";"";"";"";"";""
"";"";"";"";"";"";"";""
"";"";"";"";"";"";"";""
"";"";"";"";"";"";"";""
"";"";"";"";"";"";"";""
"";"";"";"";"";"";"";""
"7835BG018944";"München [München (Stadt)]";"7835";"München";"517,00";"129,00";"1974";"Bohrverfahren nicht bekannt"
"7835BG018888";"München [München (Stadt)]";"7835";"München";"516,00";"88,50";"1969";"Bohrverfahren nicht bekannt"
"";"";"";"";"";"";"";""
"";"";"";"";"";"";"";""
