stage,source_file,source_row,borehole_id,field,issue_code,severity,observed_value,reference_value,residual,threshold,neighbour_count,action,review_status
raw,<LOCAL_WORKSPACE>\GRID_D22_GitHub\data\real_munich\data\bohrungen_epsg25832_shp\bohrungen_stammdaten.csv,1993.0,,record,missing_borehole_id,warning,,,,,,flag_for_review,pending
raw,<LOCAL_WORKSPACE>\GRID_D22_GitHub\data\real_munich\data\bohrungen_epsg25832_shp\bohrungen_stammdaten.csv,1994.0,,record,missing_borehole_id,warning,,,,,,flag_for_review,pending
raw,<LOCAL_WORKSPACE>\GRID_D22_GitHub\data\real_munich\data\bohrungen_epsg25832_shp\bohrungen_stammdaten.csv,2001.0,,record,missing_borehole_id,warning,,,,,,flag_for_review,pending
raw,<LOCAL_WORKSPACE>\GRID_D22_GitHub\data\real_munich\data\bohrungen_epsg25832_shp\bohrungen_stammdaten.csv,2002.0,,record,missing_borehole_id,warning,,,,,,flag_for_review,pending
raw,<LOCAL_WORKSPACE>\GRID_D22_GitHub\data\real_munich\data\bohrungen_epsg25832_shp\bohrungen_stammdaten.csv,2005.0,,record,missing_borehole_id,warning,,,,,,flag_for_review,pending
raw,<LOCAL_WORKSPACE>\GRID_D22_GitHub\data\real_munich\data\bohrungen_epsg25832_shp\bohrungen_stammdaten.csv,2006.0,,record,missing_borehole_id,warning,,,,,,flag_for_review,pending
raw,<LOCAL_WORKSPACE>\GRID_D22_GitHub\data\real_munich\data\bohrungen_epsg25832_shp\bohrungen_stammdaten.csv,2009.0,,record,missing_borehole_id,warning,,,,,,flag_for_review,pending
raw,<LOCAL_WORKSPACE>\GRID_D22_GitHub\data\real_munich\data\bohrungen_epsg25832_shp\bohrungen_stammdaten.csv,2011.0,,record,missing_borehole_id,warning,,,,,,flag_for_review,pending
raw,<LOCAL_WORKSPACE>\GRID_D22_GitHub\data\real_munich\data\bohrungen_epsg25832_shp\bohrungen_stammdaten.csv,2108.0,,record,missing_borehole_id,warning,,,,,,flag_for_review,pending
raw,<LOCAL_WORKSPACE>\GRID_D22_GitHub\data\real_munich\data\bohrungen_epsg25832_shp\bohrungen_stammdaten.csv,2132.0,,record,missing_borehole_id,warning,,,,,,flag_for_review,pending
raw,<LOCAL_WORKSPACE>\GRID_D22_GitHub\data\real_munich\data\bohrungen_epsg25832_shp\bohrungen_stammdaten.csv,2134.0,,record,missing_borehole_id,warning,,,,,,flag_for_review,pending
raw,<LOCAL_WORKSPACE>\GRID_D22_GitHub\data\real_munich\data\bohrungen_epsg25832_shp\bohrungen_stammdaten.csv,2139.0,,record,missing_borehole_id,warning,,,,,,flag_for_review,pending
raw,<LOCAL_WORKSPACE>\GRID_D22_GitHub\data\real_munich\data\bohrungen_epsg25832_shp\bohrungen_stammdaten.csv,2140.0,,record,missing_borehole_id,warning,,,,,,flag_for_review,pending
raw,<LOCAL_WORKSPACE>\GRID_D22_GitHub\data\real_munich\data\bohrungen_epsg25832_shp\bohrungen_stammdaten.csv,2141.0,,record,missing_borehole_id,warning,,,,,,flag_for_review,pending
raw,<LOCAL_WORKSPACE>\GRID_D22_GitHub\data\real_munich\data\bohrungen_epsg25832_shp\bohrungen_stammdaten.csv,2146.0,,record,missing_borehole_id,warning,,,,,,flag_for_review,pending
raw,<LOCAL_WORKSPACE>\GRID_D22_GitHub\data\real_munich\data\bohrungen_epsg25832_shp\bohrungen_stammdaten.csv,2147.0,,record,missing_borehole_id,warning,,,,,,flag_for_review,pending
raw,<LOCAL_WORKSPACE>\GRID_D22_GitHub\data\real_munich\data\bohrungen_epsg25832_shp\bohrungen_stammdaten.csv,2148.0,,record,missing_borehole_id,warning,,,,,,flag_for_review,pending
raw,<LOCAL_WORKSPACE>\GRID_D22_GitHub\data\real_munich\data\bohrungen_epsg25832_shp\bohrungen_stammdaten.csv,2150.0,,record,missing_borehole_id,warning,,,,,,flag_for_review,pending
raw,<LOCAL_WORKSPACE>\GRID_D22_GitHub\data\real_munich\data\bohrungen_epsg25832_shp\bohrungen_stammdaten.csv,2157.0,,record,missing_borehole_id,warning,,,,,,flag_for_review,pending
raw,<LOCAL_WORKSPACE>\GRID_D22_GitHub\data\real_munich\data\bohrungen_epsg25832_shp\bohrungen_stammdaten.csv,2159.0,,record,missing_borehole_id,warning,,,,,,flag_for_review,pending
raw,<LOCAL_WORKSPACE>\GRID_D22_GitHub\data\real_munich\data\bohrungen_epsg25832_shp\bohrungen_stammdaten.csv,2160.0,,record,missing_borehole_id,warning,,,,,,flag_for_review,pending
raw,<LOCAL_WORKSPACE>\GRID_D22_GitHub\data\real_munich\data\bohrungen_epsg25832_shp\bohrungen_stammdaten.csv,2182.0,,record,missing_borehole_id,warning,,,,,,flag_for_review,pending
raw,<LOCAL_WORKSPACE>\GRID_D22_GitHub\data\real_munich\data\bohrungen_epsg25832_shp\bohrungen_stammdaten.csv,2183.0,,record,missing_borehole_id,warning,,,,,,flag_for_review,pending
raw,<LOCAL_WORKSPACE>\GRID_D22_GitHub\data\real_munich\data\bohrungen_epsg25832_shp\bohrungen_stammdaten.csv,2188.0,,record,missing_borehole_id,warning,,,,,,flag_for_review,pending
raw,<LOCAL_WORKSPACE>\GRID_D22_GitHub\data\real_munich\data\bohrungen_epsg25832_shp\bohrungen_stammdaten.csv,2189.0,,record,missing_borehole_id,warning,,,,,,flag_for_review,pending
raw,<LOCAL_WORKSPACE>\GRID_D22_GitHub\data\real_munich\data\bohrungen_epsg25832_shp\bohrungen_stammdaten.csv,2190.0,,record,missing_borehole_id,warning,,,,,,flag_for_review,pending
raw,<LOCAL_WORKSPACE>\GRID_D22_GitHub\data\real_munich\data\bohrungen_epsg25832_shp\bohrungen_stammdaten.csv,2191.0,,record,missing_borehole_id,warning,,,,,,flag_for_review,pending
raw,<LOCAL_WORKSPACE>\GRID_D22_GitHub\data\real_munich\data\bohrungen_epsg25832_shp\bohrungen_stammdaten.csv,2192.0,,record,missing_borehole_id,warning,,,,,,flag_for_review,pending
raw,<LOCAL_WORKSPACE>\GRID_D22_GitHub\data\real_munich\data\bohrungen_epsg25832_shp\bohrungen_stammdaten.csv,2193.0,,record,missing_borehole_id,warning,,,,,,flag_for_review,pending
raw,<LOCAL_WORKSPACE>\GRID_D22_GitHub\data\real_munich\data\bohrungen_epsg25832_shp\bohrungen_stammdaten.csv,2194.0,,record,missing_borehole_id,warning,,,,,,flag_for_review,pending
raw,<LOCAL_WORKSPACE>\GRID_D22_GitHub\data\real_munich\data\bohrungen_epsg25832_shp\bohrungen_stammdaten.csv,2195.0,,record,missing_borehole_id,warning,,,,,,flag_for_review,pending
raw,<LOCAL_WORKSPACE>\GRID_D22_GitHub\data\real_munich\data\bohrungen_epsg25832_shp\bohrungen_stammdaten.csv,2196.0,,record,missing_borehole_id,warning,,,,,,flag_for_review,pending
raw,<LOCAL_WORKSPACE>\GRID_D22_GitHub\data\real_munich\data\bohrungen_epsg25832_shp\bohrungen_stammdaten.csv,2197.0,,record,missing_borehole_id,warning,,,,,,flag_for_review,pending
raw,<LOCAL_WORKSPACE>\GRID_D22_GitHub\data\real_munich\data\bohrungen_epsg25832_shp\bohrungen_stammdaten.csv,2198.0,,record,missing_borehole_id,warning,,,,,,flag_for_review,pending
raw,<LOCAL_WORKSPACE>\GRID_D22_GitHub\data\real_munich\data\bohrungen_epsg25832_shp\bohrungen_stammdaten.csv,2199.0,,record,missing_borehole_id,warning,,,,,,flag_for_review,pending
raw,<LOCAL_WORKSPACE>\GRID_D22_GitHub\data\real_munich\data\bohrungen_epsg25832_shp\bohrungen_stammdaten.csv,2200.0,,record,missing_borehole_id,warning,,,,,,flag_for_review,pending
raw,<LOCAL_WORKSPACE>\GRID_D22_GitHub\data\real_munich\data\bohrungen_epsg25832_shp\bohrungen_stammdaten.csv,2201.0,,record,missing_borehole_id,warning,,,,,,flag_for_review,pending
raw,<LOCAL_WORKSPACE>\GRID_D22_GitHub\data\real_munich\data\bohrungen_epsg25832_shp\bohrungen_stammdaten.csv,2202.0,,record,missing_borehole_id,warning,,,,,,flag_for_review,pending
raw,<LOCAL_WORKSPACE>\GRID_D22_GitHub\data\real_munich\data\bohrungen_epsg25832_shp\bohrungen_stammdaten.csv,2203.0,,record,missing_borehole_id,warning,,,,,,flag_for_review,pending
raw,<LOCAL_WORKSPACE>\GRID_D22_GitHub\data\real_munich\data\bohrungen_epsg25832_shp\bohrungen_stammdaten.csv,2204.0,,record,missing_borehole_id,warning,,,,,,flag_for_review,pending
raw,<LOCAL_WORKSPACE>\GRID_D22_GitHub\data\real_munich\data\bohrungen_epsg25832_shp\bohrungen_stammdaten.csv,2205.0,,record,missing_borehole_id,warning,,,,,,flag_for_review,pending
raw,<LOCAL_WORKSPACE>\GRID_D22_GitHub\data\real_munich\data\bohrungen_epsg25832_shp\bohrungen_stammdaten.csv,2206.0,,record,missing_borehole_id,warning,,,,,,flag_for_review,pending
raw,<LOCAL_WORKSPACE>\GRID_D22_GitHub\data\real_munich\data\bohrungen_epsg25832_shp\bohrungen_stammdaten.csv,2209.0,,record,missing_borehole_id,warning,,,,,,flag_for_review,pending
raw,<LOCAL_WORKSPACE>\GRID_D22_GitHub\data\real_munich\data\bohrungen_epsg25832_shp\bohrungen_stammdaten.csv,2210.0,,record,missing_borehole_id,warning,,,,,,flag_for_review,pending
raw,<LOCAL_WORKSPACE>\GRID_D22_GitHub\data\real_munich\data\bohrungen_epsg25832_shp\bohrungen_stammdaten.csv,2211.0,,record,missing_borehole_id,warning,,,,,,flag_for_review,pending
raw,<LOCAL_WORKSPACE>\GRID_D22_GitHub\data\real_munich\data\bohrungen_epsg25832_shp\bohrungen_stammdaten.csv,2212.0,,record,missing_borehole_id,warning,,,,,,flag_for_review,pending
raw,<LOCAL_WORKSPACE>\GRID_D22_GitHub\data\real_munich\data\bohrungen_epsg25832_shp\bohrungen_stammdaten.csv,2213.0,,record,missing_borehole_id,warning,,,,,,flag_for_review,pending
raw,<LOCAL_WORKSPACE>\GRID_D22_GitHub\data\real_munich\data\bohrungen_epsg25832_shp\bohrungen_stammdaten.csv,2215.0,,record,missing_borehole_id,warning,,,,,,flag_for_review,pending
raw,<LOCAL_WORKSPACE>\GRID_D22_GitHub\data\real_munich\data\bohrungen_epsg25832_shp\bohrungen_stammdaten.csv,2216.0,,record,missing_borehole_id,warning,,,,,,flag_for_review,pending
raw,<LOCAL_WORKSPACE>\GRID_D22_GitHub\data\real_munich\data\bohrungen_epsg25832_shp\bohrungen_stammdaten.csv,2217.0,,record,missing_borehole_id,warning,,,,,,flag_for_review,pending
raw,<LOCAL_WORKSPACE>\GRID_D22_GitHub\data\real_munich\data\bohrungen_epsg25832_shp\bohrungen_stammdaten.csv,2219.0,,record,missing_borehole_id,warning,,,,,,flag_for_review,pending
raw,<LOCAL_WORKSPACE>\GRID_D22_GitHub\data\real_munich\data\bohrungen_epsg25832_shp\bohrungen_stammdaten.csv,2220.0,,record,missing_borehole_id,warning,,,,,,flag_for_review,pending
raw,<LOCAL_WORKSPACE>\GRID_D22_GitHub\data\real_munich\data\bohrungen_epsg25832_shp\bohrungen_stammdaten.csv,2221.0,,record,missing_borehole_id,warning,,,,,,flag_for_review,pending
raw,<LOCAL_WORKSPACE>\GRID_D22_GitHub\data\real_munich\data\bohrungen_epsg25832_shp\bohrungen_stammdaten.csv,2222.0,,record,missing_borehole_id,warning,,,,,,flag_for_review,pending
raw,<LOCAL_WORKSPACE>\GRID_D22_GitHub\data\real_munich\data\bohrungen_epsg25832_shp\bohrungen_stammdaten.csv,2223.0,,record,missing_borehole_id,warning,,,,,,flag_for_review,pending
raw,<LOCAL_WORKSPACE>\GRID_D22_GitHub\data\real_munich\data\bohrungen_epsg25832_shp\bohrungen_stammdaten.csv,2224.0,,record,missing_borehole_id,warning,,,,,,flag_for_review,pending
raw,<LOCAL_WORKSPACE>\GRID_D22_GitHub\data\real_munich\data\bohrungen_epsg25832_shp\bohrungen_stammdaten.csv,2225.0,,record,missing_borehole_id,warning,,,,,,flag_for_review,pending
raw,<LOCAL_WORKSPACE>\GRID_D22_GitHub\data\real_munich\data\bohrungen_epsg25832_shp\bohrungen_stammdaten.csv,2226.0,,record,missing_borehole_id,warning,,,,,,flag_for_review,pending
raw,<LOCAL_WORKSPACE>\GRID_D22_GitHub\data\real_munich\data\bohrungen_epsg25832_shp\bohrungen_stammdaten.csv,2227.0,,record,missing_borehole_id,warning,,,,,,flag_for_review,pending
raw,<LOCAL_WORKSPACE>\GRID_D22_GitHub\data\real_munich\data\bohrungen_epsg25832_shp\bohrungen_stammdaten.csv,2228.0,,record,missing_borehole_id,warning,,,,,,flag_for_review,pending
raw,<LOCAL_WORKSPACE>\GRID_D22_GitHub\data\real_munich\data\bohrungen_epsg25832_shp\bohrungen_stammdaten.csv,2229.0,,record,missing_borehole_id,warning,,,,,,flag_for_review,pending
raw,<LOCAL_WORKSPACE>\GRID_D22_GitHub\data\real_munich\data\bohrungen_epsg25832_shp\bohrungen_stammdaten.csv,2230.0,,record,missing_borehole_id,warning,,,,,,flag_for_review,pending
raw,<LOCAL_WORKSPACE>\GRID_D22_GitHub\data\real_munich\data\bohrungen_epsg25832_shp\bohrungen_stammdaten.csv,2232.0,,record,missing_borehole_id,warning,,,,,,flag_for_review,pending
raw,<LOCAL_WORKSPACE>\GRID_D22_GitHub\data\real_munich\data\bohrungen_epsg25832_shp\bohrungen_stammdaten.csv,2233.0,,record,missing_borehole_id,warning,,,,,,flag_for_review,pending
raw,<LOCAL_WORKSPACE>\GRID_D22_GitHub\data\real_munich\data\bohrungen_epsg25832_shp\bohrungen_stammdaten.csv,2234.0,,record,missing_borehole_id,warning,,,,,,flag_for_review,pending
raw,<LOCAL_WORKSPACE>\GRID_D22_GitHub\data\real_munich\data\bohrungen_epsg25832_shp\bohrungen_stammdaten.csv,2235.0,,record,missing_borehole_id,warning,,,,,,flag_for_review,pending
raw,<LOCAL_WORKSPACE>\GRID_D22_GitHub\data\real_munich\data\bohrungen_epsg25832_shp\bohrungen_stammdaten.csv,2236.0,,record,missing_borehole_id,warning,,,,,,flag_for_review,pending
raw,<LOCAL_WORKSPACE>\GRID_D22_GitHub\data\real_munich\data\bohrungen_epsg25832_shp\bohrungen_stammdaten.csv,2237.0,,record,missing_borehole_id,warning,,,,,,flag_for_review,pending
raw,<LOCAL_WORKSPACE>\GRID_D22_GitHub\data\real_munich\data\bohrungen_epsg25832_shp\bohrungen_stammdaten.csv,2241.0,,record,missing_borehole_id,warning,,,,,,flag_for_review,pending
raw,<LOCAL_WORKSPACE>\GRID_D22_GitHub\data\real_munich\data\bohrungen_epsg25832_shp\bohrungen_stammdaten.csv,2242.0,,record,missing_borehole_id,warning,,,,,,flag_for_review,pending
raw,<LOCAL_WORKSPACE>\GRID_D22_GitHub\data\real_munich\data\bohrungen_epsg25832_shp\bohrungen_stammdaten.csv,2243.0,,record,missing_borehole_id,warning,,,,,,flag_for_review,pending
raw,<LOCAL_WORKSPACE>\GRID_D22_GitHub\data\real_munich\data\bohrungen_epsg25832_shp\bohrungen_stammdaten.csv,2244.0,,record,missing_borehole_id,warning,,,,,,flag_for_review,pending
raw,<LOCAL_WORKSPACE>\GRID_D22_GitHub\data\real_munich\data\bohrungen_epsg25832_shp\bohrungen_stammdaten.csv,2245.0,,record,missing_borehole_id,warning,,,,,,flag_for_review,pending
raw,<LOCAL_WORKSPACE>\GRID_D22_GitHub\data\real_munich\data\bohrungen_epsg25832_shp\bohrungen_stammdaten.csv,2247.0,,record,missing_borehole_id,warning,,,,,,flag_for_review,pending
raw,<LOCAL_WORKSPACE>\GRID_D22_GitHub\data\real_munich\data\bohrungen_epsg25832_shp\bohrungen_stammdaten.csv,2248.0,,record,missing_borehole_id,warning,,,,,,flag_for_review,pending
raw,<LOCAL_WORKSPACE>\GRID_D22_GitHub\data\real_munich\data\bohrungen_epsg25832_shp\bohrungen_stammdaten.csv,2249.0,,record,missing_borehole_id,warning,,,,,,flag_for_review,pending
raw,<LOCAL_WORKSPACE>\GRID_D22_GitHub\data\real_munich\data\bohrungen_epsg25832_shp\bohrungen_stammdaten.csv,2250.0,,record,missing_borehole_id,warning,,,,,,flag_for_review,pending
raw,<LOCAL_WORKSPACE>\GRID_D22_GitHub\data\real_munich\data\bohrungen_epsg25832_shp\bohrungen_stammdaten.csv,2256.0,,record,missing_borehole_id,warning,,,,,,flag_for_review,pending
raw,<LOCAL_WORKSPACE>\GRID_D22_GitHub\data\real_munich\data\bohrungen_epsg25832_shp\bohrungen_stammdaten.csv,2257.0,,record,missing_borehole_id,warning,,,,,,flag_for_review,pending
raw,<LOCAL_WORKSPACE>\GRID_D22_GitHub\data\real_munich\data\bohrungen_epsg25832_shp\bohrungen_stammdaten.csv,2258.0,,record,missing_borehole_id,warning,,,,,,flag_for_review,pending
raw,<LOCAL_WORKSPACE>\GRID_D22_GitHub\data\real_munich\data\bohrungen_epsg25832_shp\bohrungen_stammdaten.csv,2259.0,,record,missing_borehole_id,warning,,,,,,flag_for_review,pending
raw,<LOCAL_WORKSPACE>\GRID_D22_GitHub\data\real_munich\data\bohrungen_epsg25832_shp\bohrungen_stammdaten.csv,2260.0,,record,missing_borehole_id,warning,,,,,,flag_for_review,pending
raw,<LOCAL_WORKSPACE>\GRID_D22_GitHub\data\real_munich\data\bohrungen_epsg25832_shp\bohrungen_stammdaten.csv,2261.0,,record,missing_borehole_id,warning,,,,,,flag_for_review,pending
raw,<LOCAL_WORKSPACE>\GRID_D22_GitHub\data\real_munich\data\bohrungen_epsg25832_shp\bohrungen_stammdaten.csv,2262.0,,record,missing_borehole_id,warning,,,,,,flag_for_review,pending
raw,<LOCAL_WORKSPACE>\GRID_D22_GitHub\data\real_munich\data\bohrungen_epsg25832_shp\bohrungen_stammdaten.csv,2265.0,,record,missing_borehole_id,warning,,,,,,flag_for_review,pending
raw,<LOCAL_WORKSPACE>\GRID_D22_GitHub\data\real_munich\data\bohrungen_epsg25832_shp\bohrungen_stammdaten.csv,2266.0,,record,missing_borehole_id,warning,,,,,,flag_for_review,pending
raw,<LOCAL_WORKSPACE>\GRID_D22_GitHub\data\real_munich\data\bohrungen_epsg25832_shp\bohrungen_stammdaten.csv,1993.0,,record,duplicate_record,warning,,,,,,flag_for_review,pending
raw,<LOCAL_WORKSPACE>\GRID_D22_GitHub\data\real_munich\data\bohrungen_epsg25832_shp\bohrungen_stammdaten.csv,1994.0,,record,duplicate_record,warning,,,,,,flag_for_review,pending
raw,<LOCAL_WORKSPACE>\GRID_D22_GitHub\data\real_munich\data\bohrungen_epsg25832_shp\bohrungen_stammdaten.csv,2001.0,,record,duplicate_record,warning,,,,,,flag_for_review,pending
raw,<LOCAL_WORKSPACE>\GRID_D22_GitHub\data\real_munich\data\bohrungen_epsg25832_shp\bohrungen_stammdaten.csv,2002.0,,record,duplicate_record,warning,,,,,,flag_for_review,pending
raw,<LOCAL_WORKSPACE>\GRID_D22_GitHub\data\real_munich\data\bohrungen_epsg25832_shp\bohrungen_stammdaten.csv,2005.0,,record,duplicate_record,warning,,,,,,flag_for_review,pending
raw,<LOCAL_WORKSPACE>\GRID_D22_GitHub\data\real_munich\data\bohrungen_epsg25832_shp\bohrungen_stammdaten.csv,2006.0,,record,duplicate_record,warning,,,,,,flag_for_review,pending
raw,<LOCAL_WORKSPACE>\GRID_D22_GitHub\data\real_munich\data\bohrungen_epsg25832_shp\bohrungen_stammdaten.csv,2009.0,,record,duplicate_record,warning,,,,,,flag_for_review,pending
raw,<LOCAL_WORKSPACE>\GRID_D22_GitHub\data\real_munich\data\bohrungen_epsg25832_shp\bohrungen_stammdaten.csv,2011.0,,record,duplicate_record,warning,,,,,,flag_for_review,pending
raw,<LOCAL_WORKSPACE>\GRID_D22_GitHub\data\real_munich\data\bohrungen_epsg25832_shp\bohrungen_stammdaten.csv,2108.0,,record,duplicate_record,warning,,,,,,flag_for_review,pending
raw,<LOCAL_WORKSPACE>\GRID_D22_GitHub\data\real_munich\data\bohrungen_epsg25832_shp\bohrungen_stammdaten.csv,2132.0,,record,duplicate_record,warning,,,,,,flag_for_review,pending
raw,<LOCAL_WORKSPACE>\GRID_D22_GitHub\data\real_munich\data\bohrungen_epsg25832_shp\bohrungen_stammdaten.csv,2134.0,,record,duplicate_record,warning,,,,,,flag_for_review,pending
raw,<LOCAL_WORKSPACE>\GRID_D22_GitHub\data\real_munich\data\bohrungen_epsg25832_shp\bohrungen_stammdaten.csv,2139.0,,record,duplicate_record,warning,,,,,,flag_for_review,pending
raw,<LOCAL_WORKSPACE>\GRID_D22_GitHub\data\real_munich\data\bohrungen_epsg25832_shp\bohrungen_stammdaten.csv,2140.0,,record,duplicate_record,warning,,,,,,flag_for_review,pending
raw,<LOCAL_WORKSPACE>\GRID_D22_GitHub\data\real_munich\data\bohrungen_epsg25832_shp\bohrungen_stammdaten.csv,2141.0,,record,duplicate_record,warning,,,,,,flag_for_review,pending
raw,<LOCAL_WORKSPACE>\GRID_D22_GitHub\data\real_munich\data\bohrungen_epsg25832_shp\bohrungen_stammdaten.csv,2146.0,,record,duplicate_record,warning,,,,,,flag_for_review,pending
raw,<LOCAL_WORKSPACE>\GRID_D22_GitHub\data\real_munich\data\bohrungen_epsg25832_shp\bohrungen_stammdaten.csv,2147.0,,record,duplicate_record,warning,,,,,,flag_for_review,pending
raw,<LOCAL_WORKSPACE>\GRID_D22_GitHub\data\real_munich\data\bohrungen_epsg25832_shp\bohrungen_stammdaten.csv,2148.0,,record,duplicate_record,warning,,,,,,flag_for_review,pending
raw,<LOCAL_WORKSPACE>\GRID_D22_GitHub\data\real_munich\data\bohrungen_epsg25832_shp\bohrungen_stammdaten.csv,2150.0,,record,duplicate_record,warning,,,,,,flag_for_review,pending
raw,<LOCAL_WORKSPACE>\GRID_D22_GitHub\data\real_munich\data\bohrungen_epsg25832_shp\bohrungen_stammdaten.csv,2157.0,,record,duplicate_record,warning,,,,,,flag_for_review,pending
raw,<LOCAL_WORKSPACE>\GRID_D22_GitHub\data\real_munich\data\bohrungen_epsg25832_shp\bohrungen_stammdaten.csv,2159.0,,record,duplicate_record,warning,,,,,,flag_for_review,pending
raw,<LOCAL_WORKSPACE>\GRID_D22_GitHub\data\real_munich\data\bohrungen_epsg25832_shp\bohrungen_stammdaten.csv,2160.0,,record,duplicate_record,warning,,,,,,flag_for_review,pending
raw,<LOCAL_WORKSPACE>\GRID_D22_GitHub\data\real_munich\data\bohrungen_epsg25832_shp\bohrungen_stammdaten.csv,2182.0,,record,duplicate_record,warning,,,,,,flag_for_review,pending
raw,<LOCAL_WORKSPACE>\GRID_D22_GitHub\data\real_munich\data\bohrungen_epsg25832_shp\bohrungen_stammdaten.csv,2183.0,,record,duplicate_record,warning,,,,,,flag_for_review,pending
raw,<LOCAL_WORKSPACE>\GRID_D22_GitHub\data\real_munich\data\bohrungen_epsg25832_shp\bohrungen_stammdaten.csv,2188.0,,record,duplicate_record,warning,,,,,,flag_for_review,pending
raw,<LOCAL_WORKSPACE>\GRID_D22_GitHub\data\real_munich\data\bohrungen_epsg25832_shp\bohrungen_stammdaten.csv,2189.0,,record,duplicate_record,warning,,,,,,flag_for_review,pending
raw,<LOCAL_WORKSPACE>\GRID_D22_GitHub\data\real_munich\data\bohrungen_epsg25832_shp\bohrungen_stammdaten.csv,2190.0,,record,duplicate_record,warning,,,,,,flag_for_review,pending
raw,<LOCAL_WORKSPACE>\GRID_D22_GitHub\data\real_munich\data\bohrungen_epsg25832_shp\bohrungen_stammdaten.csv,2191.0,,record,duplicate_record,warning,,,,,,flag_for_review,pending
raw,<LOCAL_WORKSPACE>\GRID_D22_GitHub\data\real_munich\data\bohrungen_epsg25832_shp\bohrungen_stammdaten.csv,2192.0,,record,duplicate_record,warning,,,,,,flag_for_review,pending
raw,<LOCAL_WORKSPACE>\GRID_D22_GitHub\data\real_munich\data\bohrungen_epsg25832_shp\bohrungen_stammdaten.csv,2193.0,,record,duplicate_record,warning,,,,,,flag_for_review,pending
raw,<LOCAL_WORKSPACE>\GRID_D22_GitHub\data\real_munich\data\bohrungen_epsg25832_shp\bohrungen_stammdaten.csv,2194.0,,record,duplicate_record,warning,,,,,,flag_for_review,pending
raw,<LOCAL_WORKSPACE>\GRID_D22_GitHub\data\real_munich\data\bohrungen_epsg25832_shp\bohrungen_stammdaten.csv,2195.0,,record,duplicate_record,warning,,,,,,flag_for_review,pending
raw,<LOCAL_WORKSPACE>\GRID_D22_GitHub\data\real_munich\data\bohrungen_epsg25832_shp\bohrungen_stammdaten.csv,2196.0,,record,duplicate_record,warning,,,,,,flag_for_review,pending
raw,<LOCAL_WORKSPACE>\GRID_D22_GitHub\data\real_munich\data\bohrungen_epsg25832_shp\bohrungen_stammdaten.csv,2197.0,,record,duplicate_record,warning,,,,,,flag_for_review,pending
raw,<LOCAL_WORKSPACE>\GRID_D22_GitHub\data\real_munich\data\bohrungen_epsg25832_shp\bohrungen_stammdaten.csv,2198.0,,record,duplicate_record,warning,,,,,,flag_for_review,pending
raw,<LOCAL_WORKSPACE>\GRID_D22_GitHub\data\real_munich\data\bohrungen_epsg25832_shp\bohrungen_stammdaten.csv,2199.0,,record,duplicate_record,warning,,,,,,flag_for_review,pending
raw,<LOCAL_WORKSPACE>\GRID_D22_GitHub\data\real_munich\data\bohrungen_epsg25832_shp\bohrungen_stammdaten.csv,2200.0,,record,duplicate_record,warning,,,,,,flag_for_review,pending
raw,<LOCAL_WORKSPACE>\GRID_D22_GitHub\data\real_munich\data\bohrungen_epsg25832_shp\bohrungen_stammdaten.csv,2201.0,,record,duplicate_record,warning,,,,,,flag_for_review,pending
raw,<LOCAL_WORKSPACE>\GRID_D22_GitHub\data\real_munich\data\bohrungen_epsg25832_shp\bohrungen_stammdaten.csv,2202.0,,record,duplicate_record,warning,,,,,,flag_for_review,pending
raw,<LOCAL_WORKSPACE>\GRID_D22_GitHub\data\real_munich\data\bohrungen_epsg25832_shp\bohrungen_stammdaten.csv,2203.0,,record,duplicate_record,warning,,,,,,flag_for_review,pending
raw,<LOCAL_WORKSPACE>\GRID_D22_GitHub\data\real_munich\data\bohrungen_epsg25832_shp\bohrungen_stammdaten.csv,2204.0,,record,duplicate_record,warning,,,,,,flag_for_review,pending
raw,<LOCAL_WORKSPACE>\GRID_D22_GitHub\data\real_munich\data\bohrungen_epsg25832_shp\bohrungen_stammdaten.csv,2205.0,,record,duplicate_record,warning,,,,,,flag_for_review,pending
raw,<LOCAL_WORKSPACE>\GRID_D22_GitHub\data\real_munich\data\bohrungen_epsg25832_shp\bohrungen_stammdaten.csv,2206.0,,record,duplicate_record,warning,,,,,,flag_for_review,pending
raw,<LOCAL_WORKSPACE>\GRID_D22_GitHub\data\real_munich\data\bohrungen_epsg25832_shp\bohrungen_stammdaten.csv,2209.0,,record,duplicate_record,warning,,,,,,flag_for_review,pending
raw,<LOCAL_WORKSPACE>\GRID_D22_GitHub\data\real_munich\data\bohrungen_epsg25832_shp\bohrungen_stammdaten.csv,2210.0,,record,duplicate_record,warning,,,,,,flag_for_review,pending
raw,<LOCAL_WORKSPACE>\GRID_D22_GitHub\data\real_munich\data\bohrungen_epsg25832_shp\bohrungen_stammdaten.csv,2211.0,,record,duplicate_record,warning,,,,,,flag_for_review,pending
raw,<LOCAL_WORKSPACE>\GRID_D22_GitHub\data\real_munich\data\bohrungen_epsg25832_shp\bohrungen_stammdaten.csv,2212.0,,record,duplicate_record,warning,,,,,,flag_for_review,pending
raw,<LOCAL_WORKSPACE>\GRID_D22_GitHub\data\real_munich\data\bohrungen_epsg25832_shp\bohrungen_stammdaten.csv,2213.0,,record,duplicate_record,warning,,,,,,flag_for_review,pending
raw,<LOCAL_WORKSPACE>\GRID_D22_GitHub\data\real_munich\data\bohrungen_epsg25832_shp\bohrungen_stammdaten.csv,2215.0,,record,duplicate_record,warning,,,,,,flag_for_review,pending
raw,<LOCAL_WORKSPACE>\GRID_D22_GitHub\data\real_munich\data\bohrungen_epsg25832_shp\bohrungen_stammdaten.csv,2216.0,,record,duplicate_record,warning,,,,,,flag_for_review,pending
raw,<LOCAL_WORKSPACE>\GRID_D22_GitHub\data\real_munich\data\bohrungen_epsg25832_shp\bohrungen_stammdaten.csv,2217.0,,record,duplicate_record,warning,,,,,,flag_for_review,pending
raw,<LOCAL_WORKSPACE>\GRID_D22_GitHub\data\real_munich\data\bohrungen_epsg25832_shp\bohrungen_stammdaten.csv,2219.0,,record,duplicate_record,warning,,,,,,flag_for_review,pending
raw,<LOCAL_WORKSPACE>\GRID_D22_GitHub\data\real_munich\data\bohrungen_epsg25832_shp\bohrungen_stammdaten.csv,2220.0,,record,duplicate_record,warning,,,,,,flag_for_review,pending
raw,<LOCAL_WORKSPACE>\GRID_D22_GitHub\data\real_munich\data\bohrungen_epsg25832_shp\bohrungen_stammdaten.csv,2221.0,,record,duplicate_record,warning,,,,,,flag_for_review,pending
raw,<LOCAL_WORKSPACE>\GRID_D22_GitHub\data\real_munich\data\bohrungen_epsg25832_shp\bohrungen_stammdaten.csv,2222.0,,record,duplicate_record,warning,,,,,,flag_for_review,pending
raw,<LOCAL_WORKSPACE>\GRID_D22_GitHub\data\real_munich\data\bohrungen_epsg25832_shp\bohrungen_stammdaten.csv,2223.0,,record,duplicate_record,warning,,,,,,flag_for_review,pending
raw,<LOCAL_WORKSPACE>\GRID_D22_GitHub\data\real_munich\data\bohrungen_epsg25832_shp\bohrungen_stammdaten.csv,2224.0,,record,duplicate_record,warning,,,,,,flag_for_review,pending
raw,<LOCAL_WORKSPACE>\GRID_D22_GitHub\data\real_munich\data\bohrungen_epsg25832_shp\bohrungen_stammdaten.csv,2225.0,,record,duplicate_record,warning,,,,,,flag_for_review,pending
raw,<LOCAL_WORKSPACE>\GRID_D22_GitHub\data\real_munich\data\bohrungen_epsg25832_shp\bohrungen_stammdaten.csv,2226.0,,record,duplicate_record,warning,,,,,,flag_for_review,pending
raw,<LOCAL_WORKSPACE>\GRID_D22_GitHub\data\real_munich\data\bohrungen_epsg25832_shp\bohrungen_stammdaten.csv,2227.0,,record,duplicate_record,warning,,,,,,flag_for_review,pending
raw,<LOCAL_WORKSPACE>\GRID_D22_GitHub\data\real_munich\data\bohrungen_epsg25832_shp\bohrungen_stammdaten.csv,2228.0,,record,duplicate_record,warning,,,,,,flag_for_review,pending
raw,<LOCAL_WORKSPACE>\GRID_D22_GitHub\data\real_munich\data\bohrungen_epsg25832_shp\bohrungen_stammdaten.csv,2229.0,,record,duplicate_record,warning,,,,,,flag_for_review,pending
raw,<LOCAL_WORKSPACE>\GRID_D22_GitHub\data\real_munich\data\bohrungen_epsg25832_shp\bohrungen_stammdaten.csv,2230.0,,record,duplicate_record,warning,,,,,,flag_for_review,pending
raw,<LOCAL_WORKSPACE>\GRID_D22_GitHub\data\real_munich\data\bohrungen_epsg25832_shp\bohrungen_stammdaten.csv,2232.0,,record,duplicate_record,warning,,,,,,flag_for_review,pending
raw,<LOCAL_WORKSPACE>\GRID_D22_GitHub\data\real_munich\data\bohrungen_epsg25832_shp\bohrungen_stammdaten.csv,2233.0,,record,duplicate_record,warning,,,,,,flag_for_review,pending
raw,<LOCAL_WORKSPACE>\GRID_D22_GitHub\data\real_munich\data\bohrungen_epsg25832_shp\bohrungen_stammdaten.csv,2234.0,,record,duplicate_record,warning,,,,,,flag_for_review,pending
raw,<LOCAL_WORKSPACE>\GRID_D22_GitHub\data\real_munich\data\bohrungen_epsg25832_shp\bohrungen_stammdaten.csv,2235.0,,record,duplicate_record,warning,,,,,,flag_for_review,pending
raw,<LOCAL_WORKSPACE>\GRID_D22_GitHub\data\real_munich\data\bohrungen_epsg25832_shp\bohrungen_stammdaten.csv,2236.0,,record,duplicate_record,warning,,,,,,flag_for_review,pending
raw,<LOCAL_WORKSPACE>\GRID_D22_GitHub\data\real_munich\data\bohrungen_epsg25832_shp\bohrungen_stammdaten.csv,2237.0,,record,duplicate_record,warning,,,,,,flag_for_review,pending
raw,<LOCAL_WORKSPACE>\GRID_D22_GitHub\data\real_munich\data\bohrungen_epsg25832_shp\bohrungen_stammdaten.csv,2241.0,,record,duplicate_record,warning,,,,,,flag_for_review,pending
raw,<LOCAL_WORKSPACE>\GRID_D22_GitHub\data\real_munich\data\bohrungen_epsg25832_shp\bohrungen_stammdaten.csv,2242.0,,record,duplicate_record,warning,,,,,,flag_for_review,pending
raw,<LOCAL_WORKSPACE>\GRID_D22_GitHub\data\real_munich\data\bohrungen_epsg25832_shp\bohrungen_stammdaten.csv,2243.0,,record,duplicate_record,warning,,,,,,flag_for_review,pending
raw,<LOCAL_WORKSPACE>\GRID_D22_GitHub\data\real_munich\data\bohrungen_epsg25832_shp\bohrungen_stammdaten.csv,2244.0,,record,duplicate_record,warning,,,,,,flag_for_review,pending
raw,<LOCAL_WORKSPACE>\GRID_D22_GitHub\data\real_munich\data\bohrungen_epsg25832_shp\bohrungen_stammdaten.csv,2245.0,,record,duplicate_record,warning,,,,,,flag_for_review,pending
raw,<LOCAL_WORKSPACE>\GRID_D22_GitHub\data\real_munich\data\bohrungen_epsg25832_shp\bohrungen_stammdaten.csv,2247.0,,record,duplicate_record,warning,,,,,,flag_for_review,pending
raw,<LOCAL_WORKSPACE>\GRID_D22_GitHub\data\real_munich\data\bohrungen_epsg25832_shp\bohrungen_stammdaten.csv,2248.0,,record,duplicate_record,warning,,,,,,flag_for_review,pending
raw,<LOCAL_WORKSPACE>\GRID_D22_GitHub\data\real_munich\data\bohrungen_epsg25832_shp\bohrungen_stammdaten.csv,2249.0,,record,duplicate_record,warning,,,,,,flag_for_review,pending
raw,<LOCAL_WORKSPACE>\GRID_D22_GitHub\data\real_munich\data\bohrungen_epsg25832_shp\bohrungen_stammdaten.csv,2250.0,,record,duplicate_record,warning,,,,,,flag_for_review,pending
raw,<LOCAL_WORKSPACE>\GRID_D22_GitHub\data\real_munich\data\bohrungen_epsg25832_shp\bohrungen_stammdaten.csv,2256.0,,record,duplicate_record,warning,,,,,,flag_for_review,pending
raw,<LOCAL_WORKSPACE>\GRID_D22_GitHub\data\real_munich\data\bohrungen_epsg25832_shp\bohrungen_stammdaten.csv,2257.0,,record,duplicate_record,warning,,,,,,flag_for_review,pending
raw,<LOCAL_WORKSPACE>\GRID_D22_GitHub\data\real_munich\data\bohrungen_epsg25832_shp\bohrungen_stammdaten.csv,2258.0,,record,duplicate_record,warning,,,,,,flag_for_review,pending
raw,<LOCAL_WORKSPACE>\GRID_D22_GitHub\data\real_munich\data\bohrungen_epsg25832_shp\bohrungen_stammdaten.csv,2259.0,,record,duplicate_record,warning,,,,,,flag_for_review,pending
raw,<LOCAL_WORKSPACE>\GRID_D22_GitHub\data\real_munich\data\bohrungen_epsg25832_shp\bohrungen_stammdaten.csv,2260.0,,record,duplicate_record,warning,,,,,,flag_for_review,pending
raw,<LOCAL_WORKSPACE>\GRID_D22_GitHub\data\real_munich\data\bohrungen_epsg25832_shp\bohrungen_stammdaten.csv,2261.0,,record,duplicate_record,warning,,,,,,flag_for_review,pending
raw,<LOCAL_WORKSPACE>\GRID_D22_GitHub\data\real_munich\data\bohrungen_epsg25832_shp\bohrungen_stammdaten.csv,2262.0,,record,duplicate_record,warning,,,,,,flag_for_review,pending
raw,<LOCAL_WORKSPACE>\GRID_D22_GitHub\data\real_munich\data\bohrungen_epsg25832_shp\bohrungen_stammdaten.csv,2265.0,,record,duplicate_record,warning,,,,,,flag_for_review,pending
raw,<LOCAL_WORKSPACE>\GRID_D22_GitHub\data\real_munich\data\bohrungen_epsg25832_shp\bohrungen_stammdaten.csv,2266.0,,record,duplicate_record,warning,,,,,,flag_for_review,pending
raw,<LOCAL_WORKSPACE>\GRID_D22_GitHub\data\real_munich\data\bohrungen_epsg25832_shp\bohrungen_stammdaten.csv,1993.0,7835BG018091,ObjektID,legacy_index_join_id_mismatch,warning,,,,,,legacy_excluded,pending
raw,<LOCAL_WORKSPACE>\GRID_D22_GitHub\data\real_munich\data\bohrungen_epsg25832_shp\bohrungen_stammdaten.csv,1994.0,7835BG018096,ObjektID,legacy_index_join_id_mismatch,warning,,,,,,legacy_excluded,pending
raw,<LOCAL_WORKSPACE>\GRID_D22_GitHub\data\real_munich\data\bohrungen_epsg25832_shp\bohrungen_stammdaten.csv,2001.0,7835BG018092,ObjektID,legacy_index_join_id_mismatch,warning,,,,,,legacy_excluded,pending
raw,<LOCAL_WORKSPACE>\GRID_D22_GitHub\data\real_munich\data\bohrungen_epsg25832_shp\bohrungen_stammdaten.csv,2002.0,7835BG018095,ObjektID,legacy_index_join_id_mismatch,warning,,,,,,legacy_excluded,pending
raw,<LOCAL_WORKSPACE>\GRID_D22_GitHub\data\real_munich\data\bohrungen_epsg25832_shp\bohrungen_stammdaten.csv,2005.0,7835BG018094,ObjektID,legacy_index_join_id_mismatch,warning,,,,,,legacy_excluded,pending
raw,<LOCAL_WORKSPACE>\GRID_D22_GitHub\data\real_munich\data\bohrungen_epsg25832_shp\bohrungen_stammdaten.csv,2006.0,7835BG018093,ObjektID,legacy_index_join_id_mismatch,warning,,,,,,legacy_excluded,pending
raw,<LOCAL_WORKSPACE>\GRID_D22_GitHub\data\real_munich\data\bohrungen_epsg25832_shp\bohrungen_stammdaten.csv,2009.0,7835BG018090,ObjektID,legacy_index_join_id_mismatch,warning,,,,,,legacy_excluded,pending
raw,<LOCAL_WORKSPACE>\GRID_D22_GitHub\data\real_munich\data\bohrungen_epsg25832_shp\bohrungen_stammdaten.csv,2011.0,7835BG017979,ObjektID,legacy_index_join_id_mismatch,warning,,,,,,legacy_excluded,pending
raw,<LOCAL_WORKSPACE>\GRID_D22_GitHub\data\real_munich\data\bohrungen_epsg25832_shp\bohrungen_stammdaten.csv,2108.0,7835BG018526,ObjektID,legacy_index_join_id_mismatch,warning,,,,,,legacy_excluded,pending
raw,<LOCAL_WORKSPACE>\GRID_D22_GitHub\data\real_munich\data\bohrungen_epsg25832_shp\bohrungen_stammdaten.csv,2132.0,7835BG017874,ObjektID,legacy_index_join_id_mismatch,warning,,,,,,legacy_excluded,pending
raw,<LOCAL_WORKSPACE>\GRID_D22_GitHub\data\real_munich\data\bohrungen_epsg25832_shp\bohrungen_stammdaten.csv,2134.0,7835BG017806,ObjektID,legacy_index_join_id_mismatch,warning,,,,,,legacy_excluded,pending
raw,<LOCAL_WORKSPACE>\GRID_D22_GitHub\data\real_munich\data\bohrungen_epsg25832_shp\bohrungen_stammdaten.csv,2139.0,7835BG017803,ObjektID,legacy_index_join_id_mismatch,warning,,,,,,legacy_excluded,pending
raw,<LOCAL_WORKSPACE>\GRID_D22_GitHub\data\real_munich\data\bohrungen_epsg25832_shp\bohrungen_stammdaten.csv,2140.0,7835BG017872,ObjektID,legacy_index_join_id_mismatch,warning,,,,,,legacy_excluded,pending
raw,<LOCAL_WORKSPACE>\GRID_D22_GitHub\data\real_munich\data\bohrungen_epsg25832_shp\bohrungen_stammdaten.csv,2141.0,7835BG017978,ObjektID,legacy_index_join_id_mismatch,warning,,,,,,legacy_excluded,pending
raw,<LOCAL_WORKSPACE>\GRID_D22_GitHub\data\real_munich\data\bohrungen_epsg25832_shp\bohrungen_stammdaten.csv,2146.0,7835BG017804,ObjektID,legacy_index_join_id_mismatch,warning,,,,,,legacy_excluded,pending
raw,<LOCAL_WORKSPACE>\GRID_D22_GitHub\data\real_munich\data\bohrungen_epsg25832_shp\bohrungen_stammdaten.csv,2147.0,7835BG017807,ObjektID,legacy_index_join_id_mismatch,warning,,,,,,legacy_excluded,pending
raw,<LOCAL_WORKSPACE>\GRID_D22_GitHub\data\real_munich\data\bohrungen_epsg25832_shp\bohrungen_stammdaten.csv,2148.0,7835BG017805,ObjektID,legacy_index_join_id_mismatch,warning,,,,,,legacy_excluded,pending
raw,<LOCAL_WORKSPACE>\GRID_D22_GitHub\data\real_munich\data\bohrungen_epsg25832_shp\bohrungen_stammdaten.csv,2150.0,7835BG017907,ObjektID,legacy_index_join_id_mismatch,warning,,,,,,legacy_excluded,pending
raw,<LOCAL_WORKSPACE>\GRID_D22_GitHub\data\real_munich\data\bohrungen_epsg25832_shp\bohrungen_stammdaten.csv,2157.0,7835BG017987,ObjektID,legacy_index_join_id_mismatch,warning,,,,,,legacy_excluded,pending
raw,<LOCAL_WORKSPACE>\GRID_D22_GitHub\data\real_munich\data\bohrungen_epsg25832_shp\bohrungen_stammdaten.csv,2159.0,7835BG017989,ObjektID,legacy_index_join_id_mismatch,warning,,,,,,legacy_excluded,pending
raw,<LOCAL_WORKSPACE>\GRID_D22_GitHub\data\real_munich\data\bohrungen_epsg25832_shp\bohrungen_stammdaten.csv,2160.0,7835BG017988,ObjektID,legacy_index_join_id_mismatch,warning,,,,,,legacy_excluded,pending
raw,<LOCAL_WORKSPACE>\GRID_D22_GitHub\data\real_munich\data\bohrungen_epsg25832_shp\bohrungen_stammdaten.csv,2182.0,7835BG017908,ObjektID,legacy_index_join_id_mismatch,warning,,,,,,legacy_excluded,pending
raw,<LOCAL_WORKSPACE>\GRID_D22_GitHub\data\real_munich\data\bohrungen_epsg25832_shp\bohrungen_stammdaten.csv,2183.0,7835BG018130,ObjektID,legacy_index_join_id_mismatch,warning,,,,,,legacy_excluded,pending
raw,<LOCAL_WORKSPACE>\GRID_D22_GitHub\data\real_munich\data\bohrungen_epsg25832_shp\bohrungen_stammdaten.csv,2188.0,7835BG018307,ObjektID,legacy_index_join_id_mismatch,warning,,,,,,legacy_excluded,pending
raw,<LOCAL_WORKSPACE>\GRID_D22_GitHub\data\real_munich\data\bohrungen_epsg25832_shp\bohrungen_stammdaten.csv,2189.0,7835BG018128,ObjektID,legacy_index_join_id_mismatch,warning,,,,,,legacy_excluded,pending
raw,<LOCAL_WORKSPACE>\GRID_D22_GitHub\data\real_munich\data\bohrungen_epsg25832_shp\bohrungen_stammdaten.csv,2190.0,7835BG018446,ObjektID,legacy_index_join_id_mismatch,warning,,,,,,legacy_excluded,pending
raw,<LOCAL_WORKSPACE>\GRID_D22_GitHub\data\real_munich\data\bohrungen_epsg25832_shp\bohrungen_stammdaten.csv,2191.0,7835BG018443,ObjektID,legacy_index_join_id_mismatch,warning,,,,,,legacy_excluded,pending
raw,<LOCAL_WORKSPACE>\GRID_D22_GitHub\data\real_munich\data\bohrungen_epsg25832_shp\bohrungen_stammdaten.csv,2192.0,7835BG018451,ObjektID,legacy_index_join_id_mismatch,warning,,,,,,legacy_excluded,pending
raw,<LOCAL_WORKSPACE>\GRID_D22_GitHub\data\real_munich\data\bohrungen_epsg25832_shp\bohrungen_stammdaten.csv,2193.0,7835BG018452,ObjektID,legacy_index_join_id_mismatch,warning,,,,,,legacy_excluded,pending
raw,<LOCAL_WORKSPACE>\GRID_D22_GitHub\data\real_munich\data\bohrungen_epsg25832_shp\bohrungen_stammdaten.csv,2194.0,7835BG018448,ObjektID,legacy_index_join_id_mismatch,warning,,,,,,legacy_excluded,pending
raw,<LOCAL_WORKSPACE>\GRID_D22_GitHub\data\real_munich\data\bohrungen_epsg25832_shp\bohrungen_stammdaten.csv,2195.0,7835BG018453,ObjektID,legacy_index_join_id_mismatch,warning,,,,,,legacy_excluded,pending
raw,<LOCAL_WORKSPACE>\GRID_D22_GitHub\data\real_munich\data\bohrungen_epsg25832_shp\bohrungen_stammdaten.csv,2196.0,7835BG018450,ObjektID,legacy_index_join_id_mismatch,warning,,,,,,legacy_excluded,pending
raw,<LOCAL_WORKSPACE>\GRID_D22_GitHub\data\real_munich\data\bohrungen_epsg25832_shp\bohrungen_stammdaten.csv,2197.0,7835BG018444,ObjektID,legacy_index_join_id_mismatch,warning,,,,,,legacy_excluded,pending
raw,<LOCAL_WORKSPACE>\GRID_D22_GitHub\data\real_munich\data\bohrungen_epsg25832_shp\bohrungen_stammdaten.csv,2198.0,7835BG018457,ObjektID,legacy_index_join_id_mismatch,warning,,,,,,legacy_excluded,pending
raw,<LOCAL_WORKSPACE>\GRID_D22_GitHub\data\real_munich\data\bohrungen_epsg25832_shp\bohrungen_stammdaten.csv,2199.0,7835BG018402,ObjektID,legacy_index_join_id_mismatch,warning,,,,,,legacy_excluded,pending
raw,<LOCAL_WORKSPACE>\GRID_D22_GitHub\data\real_munich\data\bohrungen_epsg25832_shp\bohrungen_stammdaten.csv,2200.0,7835BG018401,ObjektID,legacy_index_join_id_mismatch,warning,,,,,,legacy_excluded,pending
raw,<LOCAL_WORKSPACE>\GRID_D22_GitHub\data\real_munich\data\bohrungen_epsg25832_shp\bohrungen_stammdaten.csv,2201.0,7835BG018454,ObjektID,legacy_index_join_id_mismatch,warning,,,,,,legacy_excluded,pending
raw,<LOCAL_WORKSPACE>\GRID_D22_GitHub\data\real_munich\data\bohrungen_epsg25832_shp\bohrungen_stammdaten.csv,2202.0,7835BG018447,ObjektID,legacy_index_join_id_mismatch,warning,,,,,,legacy_excluded,pending
raw,<LOCAL_WORKSPACE>\GRID_D22_GitHub\data\real_munich\data\bohrungen_epsg25832_shp\bohrungen_stammdaten.csv,2203.0,7835BG018449,ObjektID,legacy_index_join_id_mismatch,warning,,,,,,legacy_excluded,pending
raw,<LOCAL_WORKSPACE>\GRID_D22_GitHub\data\real_munich\data\bohrungen_epsg25832_shp\bohrungen_stammdaten.csv,2204.0,7835BG018456,ObjektID,legacy_index_join_id_mismatch,warning,,,,,,legacy_excluded,pending
raw,<LOCAL_WORKSPACE>\GRID_D22_GitHub\data\real_munich\data\bohrungen_epsg25832_shp\bohrungen_stammdaten.csv,2205.0,7835BG018445,ObjektID,legacy_index_join_id_mismatch,warning,,,,,,legacy_excluded,pending
raw,<LOCAL_WORKSPACE>\GRID_D22_GitHub\data\real_munich\data\bohrungen_epsg25832_shp\bohrungen_stammdaten.csv,2206.0,7835BG018487,ObjektID,legacy_index_join_id_mismatch,warning,,,,,,legacy_excluded,pending
raw,<LOCAL_WORKSPACE>\GRID_D22_GitHub\data\real_munich\data\bohrungen_epsg25832_shp\bohrungen_stammdaten.csv,2209.0,7835BG018221,ObjektID,legacy_index_join_id_mismatch,warning,,,,,,legacy_excluded,pending
raw,<LOCAL_WORKSPACE>\GRID_D22_GitHub\data\real_munich\data\bohrungen_epsg25832_shp\bohrungen_stammdaten.csv,2210.0,7835BG018222,ObjektID,legacy_index_join_id_mismatch,warning,,,,,,legacy_excluded,pending
raw,<LOCAL_WORKSPACE>\GRID_D22_GitHub\data\real_munich\data\bohrungen_epsg25832_shp\bohrungen_stammdaten.csv,2211.0,7835BG018220,ObjektID,legacy_index_join_id_mismatch,warning,,,,,,legacy_excluded,pending
raw,<LOCAL_WORKSPACE>\GRID_D22_GitHub\data\real_munich\data\bohrungen_epsg25832_shp\bohrungen_stammdaten.csv,2212.0,7835BG018333,ObjektID,legacy_index_join_id_mismatch,warning,,,,,,legacy_excluded,pending
raw,<LOCAL_WORKSPACE>\GRID_D22_GitHub\data\real_munich\data\bohrungen_epsg25832_shp\bohrungen_stammdaten.csv,2213.0,7835BG018196,ObjektID,legacy_index_join_id_mismatch,warning,,,,,,legacy_excluded,pending
raw,<LOCAL_WORKSPACE>\GRID_D22_GitHub\data\real_munich\data\bohrungen_epsg25832_shp\bohrungen_stammdaten.csv,2215.0,7835BG018085,ObjektID,legacy_index_join_id_mismatch,warning,,,,,,legacy_excluded,pending
raw,<LOCAL_WORKSPACE>\GRID_D22_GitHub\data\real_munich\data\bohrungen_epsg25832_shp\bohrungen_stammdaten.csv,2216.0,7835BG018562,ObjektID,legacy_index_join_id_mismatch,warning,,,,,,legacy_excluded,pending
raw,<LOCAL_WORKSPACE>\GRID_D22_GitHub\data\real_munich\data\bohrungen_epsg25832_shp\bohrungen_stammdaten.csv,2217.0,7835BG018204,ObjektID,legacy_index_join_id_mismatch,warning,,,,,,legacy_excluded,pending
raw,<LOCAL_WORKSPACE>\GRID_D22_GitHub\data\real_munich\data\bohrungen_epsg25832_shp\bohrungen_stammdaten.csv,2219.0,7835BG018455,ObjektID,legacy_index_join_id_mismatch,warning,,,,,,legacy_excluded,pending
raw,<LOCAL_WORKSPACE>\GRID_D22_GitHub\data\real_munich\data\bohrungen_epsg25832_shp\bohrungen_stammdaten.csv,2220.0,7835BG019010,ObjektID,legacy_index_join_id_mismatch,warning,,,,,,legacy_excluded,pending
raw,<LOCAL_WORKSPACE>\GRID_D22_GitHub\data\real_munich\data\bohrungen_epsg25832_shp\bohrungen_stammdaten.csv,2221.0,7835BG018129,ObjektID,legacy_index_join_id_mismatch,warning,,,,,,legacy_excluded,pending
raw,<LOCAL_WORKSPACE>\GRID_D22_GitHub\data\real_munich\data\bohrungen_epsg25832_shp\bohrungen_stammdaten.csv,2222.0,7835BG018541,ObjektID,legacy_index_join_id_mismatch,warning,,,,,,legacy_excluded,pending
raw,<LOCAL_WORKSPACE>\GRID_D22_GitHub\data\real_munich\data\bohrungen_epsg25832_shp\bohrungen_stammdaten.csv,2223.0,7835BG018540,ObjektID,legacy_index_join_id_mismatch,warning,,,,,,legacy_excluded,pending
raw,<LOCAL_WORKSPACE>\GRID_D22_GitHub\data\real_munich\data\bohrungen_epsg25832_shp\bohrungen_stammdaten.csv,2224.0,7835BG018539,ObjektID,legacy_index_join_id_mismatch,warning,,,,,,legacy_excluded,pending
raw,<LOCAL_WORKSPACE>\GRID_D22_GitHub\data\real_munich\data\bohrungen_epsg25832_shp\bohrungen_stammdaten.csv,2225.0,7835BG018538,ObjektID,legacy_index_join_id_mismatch,warning,,,,,,legacy_excluded,pending
raw,<LOCAL_WORKSPACE>\GRID_D22_GitHub\data\real_munich\data\bohrungen_epsg25832_shp\bohrungen_stammdaten.csv,2226.0,7835BG018537,ObjektID,legacy_index_join_id_mismatch,warning,,,,,,legacy_excluded,pending
raw,<LOCAL_WORKSPACE>\GRID_D22_GitHub\data\real_munich\data\bohrungen_epsg25832_shp\bohrungen_stammdaten.csv,2227.0,7835BG018536,ObjektID,legacy_index_join_id_mismatch,warning,,,,,,legacy_excluded,pending
raw,<LOCAL_WORKSPACE>\GRID_D22_GitHub\data\real_munich\data\bohrungen_epsg25832_shp\bohrungen_stammdaten.csv,2228.0,7835BG018535,ObjektID,legacy_index_join_id_mismatch,warning,,,,,,legacy_excluded,pending
raw,<LOCAL_WORKSPACE>\GRID_D22_GitHub\data\real_munich\data\bohrungen_epsg25832_shp\bohrungen_stammdaten.csv,2229.0,7835BG018534,ObjektID,legacy_index_join_id_mismatch,warning,,,,,,legacy_excluded,pending
raw,<LOCAL_WORKSPACE>\GRID_D22_GitHub\data\real_munich\data\bohrungen_epsg25832_shp\bohrungen_stammdaten.csv,2230.0,7835BG018068,ObjektID,legacy_index_join_id_mismatch,warning,,,,,,legacy_excluded,pending
raw,<LOCAL_WORKSPACE>\GRID_D22_GitHub\data\real_munich\data\bohrungen_epsg25832_shp\bohrungen_stammdaten.csv,2232.0,7835BG018050,ObjektID,legacy_index_join_id_mismatch,warning,,,,,,legacy_excluded,pending
raw,<LOCAL_WORKSPACE>\GRID_D22_GitHub\data\real_munich\data\bohrungen_epsg25832_shp\bohrungen_stammdaten.csv,2233.0,7835BG018274,ObjektID,legacy_index_join_id_mismatch,warning,,,,,,legacy_excluded,pending
raw,<LOCAL_WORKSPACE>\GRID_D22_GitHub\data\real_munich\data\bohrungen_epsg25832_shp\bohrungen_stammdaten.csv,2234.0,7835BG018799,ObjektID,legacy_index_join_id_mismatch,warning,,,,,,legacy_excluded,pending
raw,<LOCAL_WORKSPACE>\GRID_D22_GitHub\data\real_munich\data\bohrungen_epsg25832_shp\bohrungen_stammdaten.csv,2235.0,7835BG018442,ObjektID,legacy_index_join_id_mismatch,warning,,,,,,legacy_excluded,pending
raw,<LOCAL_WORKSPACE>\GRID_D22_GitHub\data\real_munich\data\bohrungen_epsg25832_shp\bohrungen_stammdaten.csv,2236.0,7835BG018275,ObjektID,legacy_index_join_id_mismatch,warning,,,,,,legacy_excluded,pending
raw,<LOCAL_WORKSPACE>\GRID_D22_GitHub\data\real_munich\data\bohrungen_epsg25832_shp\bohrungen_stammdaten.csv,2237.0,7835BG018489,ObjektID,legacy_index_join_id_mismatch,warning,,,,,,legacy_excluded,pending
raw,<LOCAL_WORKSPACE>\GRID_D22_GitHub\data\real_munich\data\bohrungen_epsg25832_shp\bohrungen_stammdaten.csv,2241.0,7835BG018527,ObjektID,legacy_index_join_id_mismatch,warning,,,,,,legacy_excluded,pending
raw,<LOCAL_WORKSPACE>\GRID_D22_GitHub\data\real_munich\data\bohrungen_epsg25832_shp\bohrungen_stammdaten.csv,2242.0,7835BG018525,ObjektID,legacy_index_join_id_mismatch,warning,,,,,,legacy_excluded,pending
raw,<LOCAL_WORKSPACE>\GRID_D22_GitHub\data\real_munich\data\bohrungen_epsg25832_shp\bohrungen_stammdaten.csv,2243.0,7835BG018405,ObjektID,legacy_index_join_id_mismatch,warning,,,,,,legacy_excluded,pending
raw,<LOCAL_WORKSPACE>\GRID_D22_GitHub\data\real_munich\data\bohrungen_epsg25832_shp\bohrungen_stammdaten.csv,2244.0,7835BG018404,ObjektID,legacy_index_join_id_mismatch,warning,,,,,,legacy_excluded,pending
raw,<LOCAL_WORKSPACE>\GRID_D22_GitHub\data\real_munich\data\bohrungen_epsg25832_shp\bohrungen_stammdaten.csv,2245.0,7835BG018573,ObjektID,legacy_index_join_id_mismatch,warning,,,,,,legacy_excluded,pending
raw,<LOCAL_WORKSPACE>\GRID_D22_GitHub\data\real_munich\data\bohrungen_epsg25832_shp\bohrungen_stammdaten.csv,2247.0,7835BG018791,ObjektID,legacy_index_join_id_mismatch,warning,,,,,,legacy_excluded,pending
raw,<LOCAL_WORKSPACE>\GRID_D22_GitHub\data\real_munich\data\bohrungen_epsg25832_shp\bohrungen_stammdaten.csv,2248.0,7835BG018790,ObjektID,legacy_index_join_id_mismatch,warning,,,,,,legacy_excluded,pending
raw,<LOCAL_WORKSPACE>\GRID_D22_GitHub\data\real_munich\data\bohrungen_epsg25832_shp\bohrungen_stammdaten.csv,2249.0,7835BG018914,ObjektID,legacy_index_join_id_mismatch,warning,,,,,,legacy_excluded,pending
raw,<LOCAL_WORKSPACE>\GRID_D22_GitHub\data\real_munich\data\bohrungen_epsg25832_shp\bohrungen_stammdaten.csv,2250.0,7835BG018913,ObjektID,legacy_index_join_id_mismatch,warning,,,,,,legacy_excluded,pending
raw,<LOCAL_WORKSPACE>\GRID_D22_GitHub\data\real_munich\data\bohrungen_epsg25832_shp\bohrungen_stammdaten.csv,2256.0,7835BG018702,ObjektID,legacy_index_join_id_mismatch,warning,,,,,,legacy_excluded,pending
raw,<LOCAL_WORKSPACE>\GRID_D22_GitHub\data\real_munich\data\bohrungen_epsg25832_shp\bohrungen_stammdaten.csv,2257.0,7835BG018700,ObjektID,legacy_index_join_id_mismatch,warning,,,,,,legacy_excluded,pending
raw,<LOCAL_WORKSPACE>\GRID_D22_GitHub\data\real_munich\data\bohrungen_epsg25832_shp\bohrungen_stammdaten.csv,2258.0,7835BG018701,ObjektID,legacy_index_join_id_mismatch,warning,,,,,,legacy_excluded,pending
raw,<LOCAL_WORKSPACE>\GRID_D22_GitHub\data\real_munich\data\bohrungen_epsg25832_shp\bohrungen_stammdaten.csv,2259.0,7835BG018699,ObjektID,legacy_index_join_id_mismatch,warning,,,,,,legacy_excluded,pending
raw,<LOCAL_WORKSPACE>\GRID_D22_GitHub\data\real_munich\data\bohrungen_epsg25832_shp\bohrungen_stammdaten.csv,2260.0,7835BG018698,ObjektID,legacy_index_join_id_mismatch,warning,,,,,,legacy_excluded,pending
raw,<LOCAL_WORKSPACE>\GRID_D22_GitHub\data\real_munich\data\bohrungen_epsg25832_shp\bohrungen_stammdaten.csv,2261.0,7835BG018697,ObjektID,legacy_index_join_id_mismatch,warning,,,,,,legacy_excluded,pending
raw,<LOCAL_WORKSPACE>\GRID_D22_GitHub\data\real_munich\data\bohrungen_epsg25832_shp\bohrungen_stammdaten.csv,2262.0,7835BG018696,ObjektID,legacy_index_join_id_mismatch,warning,,,,,,legacy_excluded,pending
raw,<LOCAL_WORKSPACE>\GRID_D22_GitHub\data\real_munich\data\bohrungen_epsg25832_shp\bohrungen_stammdaten.csv,2265.0,7835BG018842,ObjektID,legacy_index_join_id_mismatch,warning,,,,,,legacy_excluded,pending
raw,<LOCAL_WORKSPACE>\GRID_D22_GitHub\data\real_munich\data\bohrungen_epsg25832_shp\bohrungen_stammdaten.csv,2266.0,7835BG019011,ObjektID,legacy_index_join_id_mismatch,warning,,,,,,legacy_excluded,pending
raw,<LOCAL_WORKSPACE>\GRID_D22_GitHub\data\real_munich\data\bohrungen_epsg25832_shp\bohrungen_stammdaten.csv,,7835BG017804,ObjektID,missing_collar_record,warning,,,,,,flag_for_review,pending
raw,<LOCAL_WORKSPACE>\GRID_D22_GitHub\data\real_munich\data\bohrungen_epsg25832_shp\bohrungen_stammdaten.csv,,7835BG018221,ObjektID,missing_collar_record,warning,,,,,,flag_for_review,pending
raw,<LOCAL_WORKSPACE>\GRID_D22_GitHub\data\real_munich\data\bohrungen_epsg25832_shp\bohrungen_stammdaten.csv,,7835BG018129,ObjektID,missing_collar_record,warning,,,,,,flag_for_review,pending
raw,<LOCAL_WORKSPACE>\GRID_D22_GitHub\data\real_munich\data\bohrungen_epsg25832_shp\bohrungen_stammdaten.csv,,7835BG018696,ObjektID,missing_collar_record,warning,,,,,,flag_for_review,pending
raw,<LOCAL_WORKSPACE>\GRID_D22_GitHub\data\real_munich\data\bohrungen_epsg25832_shp\bohrungen_stammdaten.csv,,7835BG018130,ObjektID,missing_collar_record,warning,,,,,,flag_for_review,pending
raw,<LOCAL_WORKSPACE>\GRID_D22_GitHub\data\real_munich\data\bohrungen_epsg25832_shp\bohrungen_stammdaten.csv,,7835BG018404,ObjektID,missing_collar_record,warning,,,,,,flag_for_review,pending
raw,<LOCAL_WORKSPACE>\GRID_D22_GitHub\data\real_munich\data\bohrungen_epsg25832_shp\bohrungen_stammdaten.csv,,7835BG018401,ObjektID,missing_collar_record,warning,,,,,,flag_for_review,pending
raw,<LOCAL_WORKSPACE>\GRID_D22_GitHub\data\real_munich\data\bohrungen_epsg25832_shp\bohrungen_stammdaten.csv,,7835BG018452,ObjektID,missing_collar_record,warning,,,,,,flag_for_review,pending
raw,<LOCAL_WORKSPACE>\GRID_D22_GitHub\data\real_munich\data\bohrungen_epsg25832_shp\bohrungen_stammdaten.csv,,7835BG018525,ObjektID,missing_collar_record,warning,,,,,,flag_for_review,pending
raw,<LOCAL_WORKSPACE>\GRID_D22_GitHub\data\real_munich\data\bohrungen_epsg25832_shp\bohrungen_stammdaten.csv,,7835BG018791,ObjektID,missing_collar_record,warning,,,,,,flag_for_review,pending
raw,<LOCAL_WORKSPACE>\GRID_D22_GitHub\data\real_munich\data\bohrungen_epsg25832_shp\bohrungen_stammdaten.csv,,7835BG017805,ObjektID,missing_collar_record,warning,,,,,,flag_for_review,pending
raw,<LOCAL_WORKSPACE>\GRID_D22_GitHub\data\real_munich\data\bohrungen_epsg25832_shp\bohrungen_stammdaten.csv,,7835BG017908,ObjektID,missing_collar_record,warning,,,,,,flag_for_review,pending
raw,<LOCAL_WORKSPACE>\GRID_D22_GitHub\data\real_munich\data\bohrungen_epsg25832_shp\bohrungen_stammdaten.csv,,7835BG018095,ObjektID,missing_collar_record,warning,,,,,,flag_for_review,pending
raw,<LOCAL_WORKSPACE>\GRID_D22_GitHub\data\real_munich\data\bohrungen_epsg25832_shp\bohrungen_stammdaten.csv,,7835BG018453,ObjektID,missing_collar_record,warning,,,,,,flag_for_review,pending
raw,<LOCAL_WORKSPACE>\GRID_D22_GitHub\data\real_munich\data\bohrungen_epsg25832_shp\bohrungen_stammdaten.csv,,7835BG018090,ObjektID,missing_collar_record,warning,,,,,,flag_for_review,pending
raw,<LOCAL_WORKSPACE>\GRID_D22_GitHub\data\real_munich\data\bohrungen_epsg25832_shp\bohrungen_stammdaten.csv,,7835BG018536,ObjektID,missing_collar_record,warning,,,,,,flag_for_review,pending
raw,<LOCAL_WORKSPACE>\GRID_D22_GitHub\data\real_munich\data\bohrungen_epsg25832_shp\bohrungen_stammdaten.csv,,7835BG017988,ObjektID,missing_collar_record,warning,,,,,,flag_for_review,pending
raw,<LOCAL_WORKSPACE>\GRID_D22_GitHub\data\real_munich\data\bohrungen_epsg25832_shp\bohrungen_stammdaten.csv,,7835BG018842,ObjektID,missing_collar_record,warning,,,,,,flag_for_review,pending
raw,<LOCAL_WORKSPACE>\GRID_D22_GitHub\data\real_munich\data\bohrungen_epsg25832_shp\bohrungen_stammdaten.csv,,7835BG018085,ObjektID,missing_collar_record,warning,,,,,,flag_for_review,pending
raw,<LOCAL_WORKSPACE>\GRID_D22_GitHub\data\real_munich\data\bohrungen_epsg25832_shp\bohrungen_stammdaten.csv,,7835BG018456,ObjektID,missing_collar_record,warning,,,,,,flag_for_review,pending
raw,<LOCAL_WORKSPACE>\GRID_D22_GitHub\data\real_munich\data\bohrungen_epsg25832_shp\bohrungen_stammdaten.csv,,7835BG018050,ObjektID,missing_collar_record,warning,,,,,,flag_for_review,pending
raw,<LOCAL_WORKSPACE>\GRID_D22_GitHub\data\real_munich\data\bohrungen_epsg25832_shp\bohrungen_stammdaten.csv,,7835BG018128,ObjektID,missing_collar_record,warning,,,,,,flag_for_review,pending
raw,<LOCAL_WORKSPACE>\GRID_D22_GitHub\data\real_munich\data\bohrungen_epsg25832_shp\bohrungen_stammdaten.csv,,7835BG017803,ObjektID,missing_collar_record,warning,,,,,,flag_for_review,pending
raw,<LOCAL_WORKSPACE>\GRID_D22_GitHub\data\real_munich\data\bohrungen_epsg25832_shp\bohrungen_stammdaten.csv,,7835BG017874,ObjektID,missing_collar_record,warning,,,,,,flag_for_review,pending
raw,<LOCAL_WORKSPACE>\GRID_D22_GitHub\data\real_munich\data\bohrungen_epsg25832_shp\bohrungen_stammdaten.csv,,7835BG018450,ObjektID,missing_collar_record,warning,,,,,,flag_for_review,pending
raw,<LOCAL_WORKSPACE>\GRID_D22_GitHub\data\real_munich\data\bohrungen_epsg25832_shp\bohrungen_stammdaten.csv,,7835BG018274,ObjektID,missing_collar_record,warning,,,,,,flag_for_review,pending
raw,<LOCAL_WORKSPACE>\GRID_D22_GitHub\data\real_munich\data\bohrungen_epsg25832_shp\bohrungen_stammdaten.csv,,7835BG018446,ObjektID,missing_collar_record,warning,,,,,,flag_for_review,pending
raw,<LOCAL_WORKSPACE>\GRID_D22_GitHub\data\real_munich\data\bohrungen_epsg25832_shp\bohrungen_stammdaten.csv,,7835BG018526,ObjektID,missing_collar_record,warning,,,,,,flag_for_review,pending
raw,<LOCAL_WORKSPACE>\GRID_D22_GitHub\data\real_munich\data\bohrungen_epsg25832_shp\bohrungen_stammdaten.csv,,7835BG017978,ObjektID,missing_collar_record,warning,,,,,,flag_for_review,pending
raw,<LOCAL_WORKSPACE>\GRID_D22_GitHub\data\real_munich\data\bohrungen_epsg25832_shp\bohrungen_stammdaten.csv,,7835BG017907,ObjektID,missing_collar_record,warning,,,,,,flag_for_review,pending
raw,<LOCAL_WORKSPACE>\GRID_D22_GitHub\data\real_munich\data\bohrungen_epsg25832_shp\bohrungen_stammdaten.csv,,7835BG018447,ObjektID,missing_collar_record,warning,,,,,,flag_for_review,pending
raw,<LOCAL_WORKSPACE>\GRID_D22_GitHub\data\real_munich\data\bohrungen_epsg25832_shp\bohrungen_stammdaten.csv,,7835BG018222,ObjektID,missing_collar_record,warning,,,,,,flag_for_review,pending
raw,<LOCAL_WORKSPACE>\GRID_D22_GitHub\data\real_munich\data\bohrungen_epsg25832_shp\bohrungen_stammdaten.csv,,7835BG018333,ObjektID,missing_collar_record,warning,,,,,,flag_for_review,pending
raw,<LOCAL_WORKSPACE>\GRID_D22_GitHub\data\real_munich\data\bohrungen_epsg25832_shp\bohrungen_stammdaten.csv,,7835BG018068,ObjektID,missing_collar_record,warning,,,,,,flag_for_review,pending
raw,<LOCAL_WORKSPACE>\GRID_D22_GitHub\data\real_munich\data\bohrungen_epsg25832_shp\bohrungen_stammdaten.csv,,7835BG018094,ObjektID,missing_collar_record,warning,,,,,,flag_for_review,pending
raw,<LOCAL_WORKSPACE>\GRID_D22_GitHub\data\real_munich\data\bohrungen_epsg25832_shp\bohrungen_stammdaten.csv,,7835BG018487,ObjektID,missing_collar_record,warning,,,,,,flag_for_review,pending
raw,<LOCAL_WORKSPACE>\GRID_D22_GitHub\data\real_munich\data\bohrungen_epsg25832_shp\bohrungen_stammdaten.csv,,7835BG018091,ObjektID,missing_collar_record,warning,,,,,,flag_for_review,pending
raw,<LOCAL_WORKSPACE>\GRID_D22_GitHub\data\real_munich\data\bohrungen_epsg25832_shp\bohrungen_stammdaten.csv,,7835BG019011,ObjektID,missing_collar_record,warning,,,,,,flag_for_review,pending
raw,<LOCAL_WORKSPACE>\GRID_D22_GitHub\data\real_munich\data\bohrungen_epsg25832_shp\bohrungen_stammdaten.csv,,7835BG018790,ObjektID,missing_collar_record,warning,,,,,,flag_for_review,pending
raw,<LOCAL_WORKSPACE>\GRID_D22_GitHub\data\real_munich\data\bohrungen_epsg25832_shp\bohrungen_stammdaten.csv,,7835BG018913,ObjektID,missing_collar_record,warning,,,,,,flag_for_review,pending
raw,<LOCAL_WORKSPACE>\GRID_D22_GitHub\data\real_munich\data\bohrungen_epsg25832_shp\bohrungen_stammdaten.csv,,7835BG018457,ObjektID,missing_collar_record,warning,,,,,,flag_for_review,pending
raw,<LOCAL_WORKSPACE>\GRID_D22_GitHub\data\real_munich\data\bohrungen_epsg25832_shp\bohrungen_stammdaten.csv,,7835BG018527,ObjektID,missing_collar_record,warning,,,,,,flag_for_review,pending
raw,<LOCAL_WORKSPACE>\GRID_D22_GitHub\data\real_munich\data\bohrungen_epsg25832_shp\bohrungen_stammdaten.csv,,7835BG018698,ObjektID,missing_collar_record,warning,,,,,,flag_for_review,pending
raw,<LOCAL_WORKSPACE>\GRID_D22_GitHub\data\real_munich\data\bohrungen_epsg25832_shp\bohrungen_stammdaten.csv,,7835BG018092,ObjektID,missing_collar_record,warning,,,,,,flag_for_review,pending
raw,<LOCAL_WORKSPACE>\GRID_D22_GitHub\data\real_munich\data\bohrungen_epsg25832_shp\bohrungen_stammdaten.csv,,7835BG018448,ObjektID,missing_collar_record,warning,,,,,,flag_for_review,pending
raw,<LOCAL_WORKSPACE>\GRID_D22_GitHub\data\real_munich\data\bohrungen_epsg25832_shp\bohrungen_stammdaten.csv,,7835BG018537,ObjektID,missing_collar_record,warning,,,,,,flag_for_review,pending
raw,<LOCAL_WORKSPACE>\GRID_D22_GitHub\data\real_munich\data\bohrungen_epsg25832_shp\bohrungen_stammdaten.csv,,7835BG018451,ObjektID,missing_collar_record,warning,,,,,,flag_for_review,pending
raw,<LOCAL_WORKSPACE>\GRID_D22_GitHub\data\real_munich\data\bohrungen_epsg25832_shp\bohrungen_stammdaten.csv,,7835BG017872,ObjektID,missing_collar_record,warning,,,,,,flag_for_review,pending
raw,<LOCAL_WORKSPACE>\GRID_D22_GitHub\data\real_munich\data\bohrungen_epsg25832_shp\bohrungen_stammdaten.csv,,7835BG017987,ObjektID,missing_collar_record,warning,,,,,,flag_for_review,pending
raw,<LOCAL_WORKSPACE>\GRID_D22_GitHub\data\real_munich\data\bohrungen_epsg25832_shp\bohrungen_stammdaten.csv,,7835BG017806,ObjektID,missing_collar_record,warning,,,,,,flag_for_review,pending
raw,<LOCAL_WORKSPACE>\GRID_D22_GitHub\data\real_munich\data\bohrungen_epsg25832_shp\bohrungen_stammdaten.csv,,7835BG018540,ObjektID,missing_collar_record,warning,,,,,,flag_for_review,pending
raw,<LOCAL_WORKSPACE>\GRID_D22_GitHub\data\real_munich\data\bohrungen_epsg25832_shp\bohrungen_stammdaten.csv,,7835BG018220,ObjektID,missing_collar_record,warning,,,,,,flag_for_review,pending
raw,<LOCAL_WORKSPACE>\GRID_D22_GitHub\data\real_munich\data\bohrungen_epsg25832_shp\bohrungen_stammdaten.csv,,7835BG017989,ObjektID,missing_collar_record,warning,,,,,,flag_for_review,pending
raw,<LOCAL_WORKSPACE>\GRID_D22_GitHub\data\real_munich\data\bohrungen_epsg25832_shp\bohrungen_stammdaten.csv,,7835BG018093,ObjektID,missing_collar_record,warning,,,,,,flag_for_review,pending
raw,<LOCAL_WORKSPACE>\GRID_D22_GitHub\data\real_munich\data\bohrungen_epsg25832_shp\bohrungen_stammdaten.csv,,7835BG018449,ObjektID,missing_collar_record,warning,,,,,,flag_for_review,pending
raw,<LOCAL_WORKSPACE>\GRID_D22_GitHub\data\real_munich\data\bohrungen_epsg25832_shp\bohrungen_stammdaten.csv,,7835BG017979,ObjektID,missing_collar_record,warning,,,,,,flag_for_review,pending
raw,<LOCAL_WORKSPACE>\GRID_D22_GitHub\data\real_munich\data\bohrungen_epsg25832_shp\bohrungen_stammdaten.csv,,7835BG018562,ObjektID,missing_collar_record,warning,,,,,,flag_for_review,pending
raw,<LOCAL_WORKSPACE>\GRID_D22_GitHub\data\real_munich\data\bohrungen_epsg25832_shp\bohrungen_stammdaten.csv,,7835BG018454,ObjektID,missing_collar_record,warning,,,,,,flag_for_review,pending
raw,<LOCAL_WORKSPACE>\GRID_D22_GitHub\data\real_munich\data\bohrungen_epsg25832_shp\bohrungen_stammdaten.csv,,7835BG018445,ObjektID,missing_collar_record,warning,,,,,,flag_for_review,pending
raw,<LOCAL_WORKSPACE>\GRID_D22_GitHub\data\real_munich\data\bohrungen_epsg25832_shp\bohrungen_stammdaten.csv,,7835BG018275,ObjektID,missing_collar_record,warning,,,,,,flag_for_review,pending
raw,<LOCAL_WORKSPACE>\GRID_D22_GitHub\data\real_munich\data\bohrungen_epsg25832_shp\bohrungen_stammdaten.csv,,7835BG018489,ObjektID,missing_collar_record,warning,,,,,,flag_for_review,pending
raw,<LOCAL_WORKSPACE>\GRID_D22_GitHub\data\real_munich\data\bohrungen_epsg25832_shp\bohrungen_stammdaten.csv,,7835BG018700,ObjektID,missing_collar_record,warning,,,,,,flag_for_review,pending
raw,<LOCAL_WORKSPACE>\GRID_D22_GitHub\data\real_munich\data\bohrungen_epsg25832_shp\bohrungen_stammdaten.csv,,7835BG018535,ObjektID,missing_collar_record,warning,,,,,,flag_for_review,pending
raw,<LOCAL_WORKSPACE>\GRID_D22_GitHub\data\real_munich\data\bohrungen_epsg25832_shp\bohrungen_stammdaten.csv,,7835BG018443,ObjektID,missing_collar_record,warning,,,,,,flag_for_review,pending
raw,<LOCAL_WORKSPACE>\GRID_D22_GitHub\data\real_munich\data\bohrungen_epsg25832_shp\bohrungen_stammdaten.csv,,7835BG018573,ObjektID,missing_collar_record,warning,,,,,,flag_for_review,pending
raw,<LOCAL_WORKSPACE>\GRID_D22_GitHub\data\real_munich\data\bohrungen_epsg25832_shp\bohrungen_stammdaten.csv,,7835BG017807,ObjektID,missing_collar_record,warning,,,,,,flag_for_review,pending
raw,<LOCAL_WORKSPACE>\GRID_D22_GitHub\data\real_munich\data\bohrungen_epsg25832_shp\bohrungen_stammdaten.csv,,7835BG018204,ObjektID,missing_collar_record,warning,,,,,,flag_for_review,pending
raw,<LOCAL_WORKSPACE>\GRID_D22_GitHub\data\real_munich\data\bohrungen_epsg25832_shp\bohrungen_stammdaten.csv,,7835BG018541,ObjektID,missing_collar_record,warning,,,,,,flag_for_review,pending
raw,<LOCAL_WORKSPACE>\GRID_D22_GitHub\data\real_munich\data\bohrungen_epsg25832_shp\bohrungen_stammdaten.csv,,7835BG018196,ObjektID,missing_collar_record,warning,,,,,,flag_for_review,pending
raw,<LOCAL_WORKSPACE>\GRID_D22_GitHub\data\real_munich\data\bohrungen_epsg25832_shp\bohrungen_stammdaten.csv,,7835BG018799,ObjektID,missing_collar_record,warning,,,,,,flag_for_review,pending
raw,<LOCAL_WORKSPACE>\GRID_D22_GitHub\data\real_munich\data\bohrungen_epsg25832_shp\bohrungen_stammdaten.csv,,7835BG018539,ObjektID,missing_collar_record,warning,,,,,,flag_for_review,pending
raw,<LOCAL_WORKSPACE>\GRID_D22_GitHub\data\real_munich\data\bohrungen_epsg25832_shp\bohrungen_stammdaten.csv,,7835BG018096,ObjektID,missing_collar_record,warning,,,,,,flag_for_review,pending
raw,<LOCAL_WORKSPACE>\GRID_D22_GitHub\data\real_munich\data\bohrungen_epsg25832_shp\bohrungen_stammdaten.csv,,7835BG018534,ObjektID,missing_collar_record,warning,,,,,,flag_for_review,pending
raw,<LOCAL_WORKSPACE>\GRID_D22_GitHub\data\real_munich\data\bohrungen_epsg25832_shp\bohrungen_stammdaten.csv,,7835BG018444,ObjektID,missing_collar_record,warning,,,,,,flag_for_review,pending
raw,<LOCAL_WORKSPACE>\GRID_D22_GitHub\data\real_munich\data\bohrungen_epsg25832_shp\bohrungen_stammdaten.csv,,7835BG019010,ObjektID,missing_collar_record,warning,,,,,,flag_for_review,pending
raw,<LOCAL_WORKSPACE>\GRID_D22_GitHub\data\real_munich\data\bohrungen_epsg25832_shp\bohrungen_stammdaten.csv,,7835BG018702,ObjektID,missing_collar_record,warning,,,,,,flag_for_review,pending
raw,<LOCAL_WORKSPACE>\GRID_D22_GitHub\data\real_munich\data\bohrungen_epsg25832_shp\bohrungen_stammdaten.csv,,7835BG018402,ObjektID,missing_collar_record,warning,,,,,,flag_for_review,pending
raw,<LOCAL_WORKSPACE>\GRID_D22_GitHub\data\real_munich\data\bohrungen_epsg25832_shp\bohrungen_stammdaten.csv,,7835BG018914,ObjektID,missing_collar_record,warning,,,,,,flag_for_review,pending
raw,<LOCAL_WORKSPACE>\GRID_D22_GitHub\data\real_munich\data\bohrungen_epsg25832_shp\bohrungen_stammdaten.csv,,7835BG018455,ObjektID,missing_collar_record,warning,,,,,,flag_for_review,pending
raw,<LOCAL_WORKSPACE>\GRID_D22_GitHub\data\real_munich\data\bohrungen_epsg25832_shp\bohrungen_stammdaten.csv,,7835BG018699,ObjektID,missing_collar_record,warning,,,,,,flag_for_review,pending
raw,<LOCAL_WORKSPACE>\GRID_D22_GitHub\data\real_munich\data\bohrungen_epsg25832_shp\bohrungen_stammdaten.csv,,7835BG018405,ObjektID,missing_collar_record,warning,,,,,,flag_for_review,pending
raw,<LOCAL_WORKSPACE>\GRID_D22_GitHub\data\real_munich\data\bohrungen_epsg25832_shp\bohrungen_stammdaten.csv,,7835BG018701,ObjektID,missing_collar_record,warning,,,,,,flag_for_review,pending
raw,<LOCAL_WORKSPACE>\GRID_D22_GitHub\data\real_munich\data\bohrungen_epsg25832_shp\bohrungen_stammdaten.csv,,7835BG018307,ObjektID,missing_collar_record,warning,,,,,,flag_for_review,pending
raw,<LOCAL_WORKSPACE>\GRID_D22_GitHub\data\real_munich\data\bohrungen_epsg25832_shp\bohrungen_stammdaten.csv,,7835BG018442,ObjektID,missing_collar_record,warning,,,,,,flag_for_review,pending
raw,<LOCAL_WORKSPACE>\GRID_D22_GitHub\data\real_munich\data\bohrungen_epsg25832_shp\bohrungen_stammdaten.csv,,7835BG018538,ObjektID,missing_collar_record,warning,,,,,,flag_for_review,pending
raw,<LOCAL_WORKSPACE>\GRID_D22_GitHub\data\real_munich\data\bohrungen_epsg25832_shp\bohrungen_stammdaten.csv,,7835BG018697,ObjektID,missing_collar_record,warning,,,,,,flag_for_review,pending
raw,<LOCAL_WORKSPACE>\GRID_D22_GitHub\data\real_munich\data\bohrungen_epsg25832_shp\bohrungen_schichten.csv,,7835BG017804,ObjektID,missing_layer_records,warning,,,,,,flag_for_review,pending
raw,<LOCAL_WORKSPACE>\GRID_D22_GitHub\data\real_munich\data\bohrungen_epsg25832_shp\bohrungen_schichten.csv,,7835BG018221,ObjektID,missing_layer_records,warning,,,,,,flag_for_review,pending
raw,<LOCAL_WORKSPACE>\GRID_D22_GitHub\data\real_munich\data\bohrungen_epsg25832_shp\bohrungen_schichten.csv,,7835BG018129,ObjektID,missing_layer_records,warning,,,,,,flag_for_review,pending
raw,<LOCAL_WORKSPACE>\GRID_D22_GitHub\data\real_munich\data\bohrungen_epsg25832_shp\bohrungen_schichten.csv,,7835BG017613,ObjektID,missing_layer_records,warning,,,,,,flag_for_review,pending
raw,<LOCAL_WORKSPACE>\GRID_D22_GitHub\data\real_munich\data\bohrungen_epsg25832_shp\bohrungen_schichten.csv,,7835BG018696,ObjektID,missing_layer_records,warning,,,,,,flag_for_review,pending
raw,<LOCAL_WORKSPACE>\GRID_D22_GitHub\data\real_munich\data\bohrungen_epsg25832_shp\bohrungen_schichten.csv,,7835BG015889,ObjektID,missing_layer_records,warning,,,,,,flag_for_review,pending
raw,<LOCAL_WORKSPACE>\GRID_D22_GitHub\data\real_munich\data\bohrungen_epsg25832_shp\bohrungen_schichten.csv,,7835BG017620,ObjektID,missing_layer_records,warning,,,,,,flag_for_review,pending
raw,<LOCAL_WORKSPACE>\GRID_D22_GitHub\data\real_munich\data\bohrungen_epsg25832_shp\bohrungen_schichten.csv,,7835BG015243,ObjektID,missing_layer_records,warning,,,,,,flag_for_review,pending
raw,<LOCAL_WORKSPACE>\GRID_D22_GitHub\data\real_munich\data\bohrungen_epsg25832_shp\bohrungen_schichten.csv,,7835BG017619,ObjektID,missing_layer_records,warning,,,,,,flag_for_review,pending
raw,<LOCAL_WORKSPACE>\GRID_D22_GitHub\data\real_munich\data\bohrungen_epsg25832_shp\bohrungen_schichten.csv,,7835BG018130,ObjektID,missing_layer_records,warning,,,,,,flag_for_review,pending
raw,<LOCAL_WORKSPACE>\GRID_D22_GitHub\data\real_munich\data\bohrungen_epsg25832_shp\bohrungen_schichten.csv,,7835BG018404,ObjektID,missing_layer_records,warning,,,,,,flag_for_review,pending
raw,<LOCAL_WORKSPACE>\GRID_D22_GitHub\data\real_munich\data\bohrungen_epsg25832_shp\bohrungen_schichten.csv,,7835BG015464,ObjektID,missing_layer_records,warning,,,,,,flag_for_review,pending
raw,<LOCAL_WORKSPACE>\GRID_D22_GitHub\data\real_munich\data\bohrungen_epsg25832_shp\bohrungen_schichten.csv,,7835BG015585,ObjektID,missing_layer_records,warning,,,,,,flag_for_review,pending
raw,<LOCAL_WORKSPACE>\GRID_D22_GitHub\data\real_munich\data\bohrungen_epsg25832_shp\bohrungen_schichten.csv,,7835BG018401,ObjektID,missing_layer_records,warning,,,,,,flag_for_review,pending
raw,<LOCAL_WORKSPACE>\GRID_D22_GitHub\data\real_munich\data\bohrungen_epsg25832_shp\bohrungen_schichten.csv,,7835BG018452,ObjektID,missing_layer_records,warning,,,,,,flag_for_review,pending
raw,<LOCAL_WORKSPACE>\GRID_D22_GitHub\data\real_munich\data\bohrungen_epsg25832_shp\bohrungen_schichten.csv,,7835BG018525,ObjektID,missing_layer_records,warning,,,,,,flag_for_review,pending
raw,<LOCAL_WORKSPACE>\GRID_D22_GitHub\data\real_munich\data\bohrungen_epsg25832_shp\bohrungen_schichten.csv,,7835BG018791,ObjektID,missing_layer_records,warning,,,,,,flag_for_review,pending
raw,<LOCAL_WORKSPACE>\GRID_D22_GitHub\data\real_munich\data\bohrungen_epsg25832_shp\bohrungen_schichten.csv,,7835BG015584,ObjektID,missing_layer_records,warning,,,,,,flag_for_review,pending
raw,<LOCAL_WORKSPACE>\GRID_D22_GitHub\data\real_munich\data\bohrungen_epsg25832_shp\bohrungen_schichten.csv,,7835BG017805,ObjektID,missing_layer_records,warning,,,,,,flag_for_review,pending
raw,<LOCAL_WORKSPACE>\GRID_D22_GitHub\data\real_munich\data\bohrungen_epsg25832_shp\bohrungen_schichten.csv,,7835BG017908,ObjektID,missing_layer_records,warning,,,,,,flag_for_review,pending
raw,<LOCAL_WORKSPACE>\GRID_D22_GitHub\data\real_munich\data\bohrungen_epsg25832_shp\bohrungen_schichten.csv,,7835BG016165,ObjektID,missing_layer_records,warning,,,,,,flag_for_review,pending
raw,<LOCAL_WORKSPACE>\GRID_D22_GitHub\data\real_munich\data\bohrungen_epsg25832_shp\bohrungen_schichten.csv,,7835BG018095,ObjektID,missing_layer_records,warning,,,,,,flag_for_review,pending
raw,<LOCAL_WORKSPACE>\GRID_D22_GitHub\data\real_munich\data\bohrungen_epsg25832_shp\bohrungen_schichten.csv,,7835BG018453,ObjektID,missing_layer_records,warning,,,,,,flag_for_review,pending
raw,<LOCAL_WORKSPACE>\GRID_D22_GitHub\data\real_munich\data\bohrungen_epsg25832_shp\bohrungen_schichten.csv,,7835BG017616,ObjektID,missing_layer_records,warning,,,,,,flag_for_review,pending
raw,<LOCAL_WORKSPACE>\GRID_D22_GitHub\data\real_munich\data\bohrungen_epsg25832_shp\bohrungen_schichten.csv,,7835BG018090,ObjektID,missing_layer_records,warning,,,,,,flag_for_review,pending
raw,<LOCAL_WORKSPACE>\GRID_D22_GitHub\data\real_munich\data\bohrungen_epsg25832_shp\bohrungen_schichten.csv,,7835BG015033,ObjektID,missing_layer_records,warning,,,,,,flag_for_review,pending
raw,<LOCAL_WORKSPACE>\GRID_D22_GitHub\data\real_munich\data\bohrungen_epsg25832_shp\bohrungen_schichten.csv,,7835BG018536,ObjektID,missing_layer_records,warning,,,,,,flag_for_review,pending
raw,<LOCAL_WORKSPACE>\GRID_D22_GitHub\data\real_munich\data\bohrungen_epsg25832_shp\bohrungen_schichten.csv,,7835BG017988,ObjektID,missing_layer_records,warning,,,,,,flag_for_review,pending
raw,<LOCAL_WORKSPACE>\GRID_D22_GitHub\data\real_munich\data\bohrungen_epsg25832_shp\bohrungen_schichten.csv,,7835BG015886,ObjektID,missing_layer_records,warning,,,,,,flag_for_review,pending
raw,<LOCAL_WORKSPACE>\GRID_D22_GitHub\data\real_munich\data\bohrungen_epsg25832_shp\bohrungen_schichten.csv,,7835BG018842,ObjektID,missing_layer_records,warning,,,,,,flag_for_review,pending
raw,<LOCAL_WORKSPACE>\GRID_D22_GitHub\data\real_munich\data\bohrungen_epsg25832_shp\bohrungen_schichten.csv,,7835BG018085,ObjektID,missing_layer_records,warning,,,,,,flag_for_review,pending
raw,<LOCAL_WORKSPACE>\GRID_D22_GitHub\data\real_munich\data\bohrungen_epsg25832_shp\bohrungen_schichten.csv,,7835BG018456,ObjektID,missing_layer_records,warning,,,,,,flag_for_review,pending
raw,<LOCAL_WORKSPACE>\GRID_D22_GitHub\data\real_munich\data\bohrungen_epsg25832_shp\bohrungen_schichten.csv,,7835BG018050,ObjektID,missing_layer_records,warning,,,,,,flag_for_review,pending
raw,<LOCAL_WORKSPACE>\GRID_D22_GitHub\data\real_munich\data\bohrungen_epsg25832_shp\bohrungen_schichten.csv,,7835BG015877,ObjektID,missing_layer_records,warning,,,,,,flag_for_review,pending
raw,<LOCAL_WORKSPACE>\GRID_D22_GitHub\data\real_munich\data\bohrungen_epsg25832_shp\bohrungen_schichten.csv,,7835BG018128,ObjektID,missing_layer_records,warning,,,,,,flag_for_review,pending
raw,<LOCAL_WORKSPACE>\GRID_D22_GitHub\data\real_munich\data\bohrungen_epsg25832_shp\bohrungen_schichten.csv,,7835BG017803,ObjektID,missing_layer_records,warning,,,,,,flag_for_review,pending
raw,<LOCAL_WORKSPACE>\GRID_D22_GitHub\data\real_munich\data\bohrungen_epsg25832_shp\bohrungen_schichten.csv,,7835BG017623,ObjektID,missing_layer_records,warning,,,,,,flag_for_review,pending
raw,<LOCAL_WORKSPACE>\GRID_D22_GitHub\data\real_munich\data\bohrungen_epsg25832_shp\bohrungen_schichten.csv,,7835BG017874,ObjektID,missing_layer_records,warning,,,,,,flag_for_review,pending
raw,<LOCAL_WORKSPACE>\GRID_D22_GitHub\data\real_munich\data\bohrungen_epsg25832_shp\bohrungen_schichten.csv,,7835BG017627,ObjektID,missing_layer_records,warning,,,,,,flag_for_review,pending
raw,<LOCAL_WORKSPACE>\GRID_D22_GitHub\data\real_munich\data\bohrungen_epsg25832_shp\bohrungen_schichten.csv,,7835BG015024,ObjektID,missing_layer_records,warning,,,,,,flag_for_review,pending
raw,<LOCAL_WORKSPACE>\GRID_D22_GitHub\data\real_munich\data\bohrungen_epsg25832_shp\bohrungen_schichten.csv,,7835BG017626,ObjektID,missing_layer_records,warning,,,,,,flag_for_review,pending
raw,<LOCAL_WORKSPACE>\GRID_D22_GitHub\data\real_munich\data\bohrungen_epsg25832_shp\bohrungen_schichten.csv,,7835BG018450,ObjektID,missing_layer_records,warning,,,,,,flag_for_review,pending
raw,<LOCAL_WORKSPACE>\GRID_D22_GitHub\data\real_munich\data\bohrungen_epsg25832_shp\bohrungen_schichten.csv,,7835BG018274,ObjektID,missing_layer_records,warning,,,,,,flag_for_review,pending
raw,<LOCAL_WORKSPACE>\GRID_D22_GitHub\data\real_munich\data\bohrungen_epsg25832_shp\bohrungen_schichten.csv,,7835BG018446,ObjektID,missing_layer_records,warning,,,,,,flag_for_review,pending
raw,<LOCAL_WORKSPACE>\GRID_D22_GitHub\data\real_munich\data\bohrungen_epsg25832_shp\bohrungen_schichten.csv,,7835BG015580,ObjektID,missing_layer_records,warning,,,,,,flag_for_review,pending
raw,<LOCAL_WORKSPACE>\GRID_D22_GitHub\data\real_munich\data\bohrungen_epsg25832_shp\bohrungen_schichten.csv,,7835BG018526,ObjektID,missing_layer_records,warning,,,,,,flag_for_review,pending
raw,<LOCAL_WORKSPACE>\GRID_D22_GitHub\data\real_munich\data\bohrungen_epsg25832_shp\bohrungen_schichten.csv,,7835BG017978,ObjektID,missing_layer_records,warning,,,,,,flag_for_review,pending
raw,<LOCAL_WORKSPACE>\GRID_D22_GitHub\data\real_munich\data\bohrungen_epsg25832_shp\bohrungen_schichten.csv,,7835BG017907,ObjektID,missing_layer_records,warning,,,,,,flag_for_review,pending
raw,<LOCAL_WORKSPACE>\GRID_D22_GitHub\data\real_munich\data\bohrungen_epsg25832_shp\bohrungen_schichten.csv,,7835BG018447,ObjektID,missing_layer_records,warning,,,,,,flag_for_review,pending
raw,<LOCAL_WORKSPACE>\GRID_D22_GitHub\data\real_munich\data\bohrungen_epsg25832_shp\bohrungen_schichten.csv,,7835BG018222,ObjektID,missing_layer_records,warning,,,,,,flag_for_review,pending
raw,<LOCAL_WORKSPACE>\GRID_D22_GitHub\data\real_munich\data\bohrungen_epsg25832_shp\bohrungen_schichten.csv,,7835BG018333,ObjektID,missing_layer_records,warning,,,,,,flag_for_review,pending
raw,<LOCAL_WORKSPACE>\GRID_D22_GitHub\data\real_munich\data\bohrungen_epsg25832_shp\bohrungen_schichten.csv,,7835BG018068,ObjektID,missing_layer_records,warning,,,,,,flag_for_review,pending
raw,<LOCAL_WORKSPACE>\GRID_D22_GitHub\data\real_munich\data\bohrungen_epsg25832_shp\bohrungen_schichten.csv,,7835BG018094,ObjektID,missing_layer_records,warning,,,,,,flag_for_review,pending
raw,<LOCAL_WORKSPACE>\GRID_D22_GitHub\data\real_munich\data\bohrungen_epsg25832_shp\bohrungen_schichten.csv,,7835BG015463,ObjektID,missing_layer_records,warning,,,,,,flag_for_review,pending
raw,<LOCAL_WORKSPACE>\GRID_D22_GitHub\data\real_munich\data\bohrungen_epsg25832_shp\bohrungen_schichten.csv,,7835BG018487,ObjektID,missing_layer_records,warning,,,,,,flag_for_review,pending
raw,<LOCAL_WORKSPACE>\GRID_D22_GitHub\data\real_munich\data\bohrungen_epsg25832_shp\bohrungen_schichten.csv,,7835BG015465,ObjektID,missing_layer_records,warning,,,,,,flag_for_review,pending
raw,<LOCAL_WORKSPACE>\GRID_D22_GitHub\data\real_munich\data\bohrungen_epsg25832_shp\bohrungen_schichten.csv,,7835BG017614,ObjektID,missing_layer_records,warning,,,,,,flag_for_review,pending
raw,<LOCAL_WORKSPACE>\GRID_D22_GitHub\data\real_munich\data\bohrungen_epsg25832_shp\bohrungen_schichten.csv,,7835BG018091,ObjektID,missing_layer_records,warning,,,,,,flag_for_review,pending
raw,<LOCAL_WORKSPACE>\GRID_D22_GitHub\data\real_munich\data\bohrungen_epsg25832_shp\bohrungen_schichten.csv,,7835BG019011,ObjektID,missing_layer_records,warning,,,,,,flag_for_review,pending
raw,<LOCAL_WORKSPACE>\GRID_D22_GitHub\data\real_munich\data\bohrungen_epsg25832_shp\bohrungen_schichten.csv,,7835BG018790,ObjektID,missing_layer_records,warning,,,,,,flag_for_review,pending
raw,<LOCAL_WORKSPACE>\GRID_D22_GitHub\data\real_munich\data\bohrungen_epsg25832_shp\bohrungen_schichten.csv,,7835BG015462,ObjektID,missing_layer_records,warning,,,,,,flag_for_review,pending
raw,<LOCAL_WORKSPACE>\GRID_D22_GitHub\data\real_munich\data\bohrungen_epsg25832_shp\bohrungen_schichten.csv,,7835BG018913,ObjektID,missing_layer_records,warning,,,,,,flag_for_review,pending
raw,<LOCAL_WORKSPACE>\GRID_D22_GitHub\data\real_munich\data\bohrungen_epsg25832_shp\bohrungen_schichten.csv,,7835BG018457,ObjektID,missing_layer_records,warning,,,,,,flag_for_review,pending
raw,<LOCAL_WORKSPACE>\GRID_D22_GitHub\data\real_munich\data\bohrungen_epsg25832_shp\bohrungen_schichten.csv,,7835BG018527,ObjektID,missing_layer_records,warning,,,,,,flag_for_review,pending
raw,<LOCAL_WORKSPACE>\GRID_D22_GitHub\data\real_munich\data\bohrungen_epsg25832_shp\bohrungen_schichten.csv,,7835BG018698,ObjektID,missing_layer_records,warning,,,,,,flag_for_review,pending
raw,<LOCAL_WORKSPACE>\GRID_D22_GitHub\data\real_munich\data\bohrungen_epsg25832_shp\bohrungen_schichten.csv,,7835BG018092,ObjektID,missing_layer_records,warning,,,,,,flag_for_review,pending
raw,<LOCAL_WORKSPACE>\GRID_D22_GitHub\data\real_munich\data\bohrungen_epsg25832_shp\bohrungen_schichten.csv,,7835BG015586,ObjektID,missing_layer_records,warning,,,,,,flag_for_review,pending
raw,<LOCAL_WORKSPACE>\GRID_D22_GitHub\data\real_munich\data\bohrungen_epsg25832_shp\bohrungen_schichten.csv,,7835BG018448,ObjektID,missing_layer_records,warning,,,,,,flag_for_review,pending
raw,<LOCAL_WORKSPACE>\GRID_D22_GitHub\data\real_munich\data\bohrungen_epsg25832_shp\bohrungen_schichten.csv,,7835BG015081,ObjektID,missing_layer_records,warning,,,,,,flag_for_review,pending
raw,<LOCAL_WORKSPACE>\GRID_D22_GitHub\data\real_munich\data\bohrungen_epsg25832_shp\bohrungen_schichten.csv,,7835BG018537,ObjektID,missing_layer_records,warning,,,,,,flag_for_review,pending
raw,<LOCAL_WORKSPACE>\GRID_D22_GitHub\data\real_munich\data\bohrungen_epsg25832_shp\bohrungen_schichten.csv,,7835BG018451,ObjektID,missing_layer_records,warning,,,,,,flag_for_review,pending
raw,<LOCAL_WORKSPACE>\GRID_D22_GitHub\data\real_munich\data\bohrungen_epsg25832_shp\bohrungen_schichten.csv,,7835BG015231,ObjektID,missing_layer_records,warning,,,,,,flag_for_review,pending
raw,<LOCAL_WORKSPACE>\GRID_D22_GitHub\data\real_munich\data\bohrungen_epsg25832_shp\bohrungen_schichten.csv,,7835BG017872,ObjektID,missing_layer_records,warning,,,,,,flag_for_review,pending
raw,<LOCAL_WORKSPACE>\GRID_D22_GitHub\data\real_munich\data\bohrungen_epsg25832_shp\bohrungen_schichten.csv,,7835BG017987,ObjektID,missing_layer_records,warning,,,,,,flag_for_review,pending
raw,<LOCAL_WORKSPACE>\GRID_D22_GitHub\data\real_munich\data\bohrungen_epsg25832_shp\bohrungen_schichten.csv,,7835BG017629,ObjektID,missing_layer_records,warning,,,,,,flag_for_review,pending
raw,<LOCAL_WORKSPACE>\GRID_D22_GitHub\data\real_munich\data\bohrungen_epsg25832_shp\bohrungen_schichten.csv,,7835BG015579,ObjektID,missing_layer_records,warning,,,,,,flag_for_review,pending
raw,<LOCAL_WORKSPACE>\GRID_D22_GitHub\data\real_munich\data\bohrungen_epsg25832_shp\bohrungen_schichten.csv,,7835BG017806,ObjektID,missing_layer_records,warning,,,,,,flag_for_review,pending
raw,<LOCAL_WORKSPACE>\GRID_D22_GitHub\data\real_munich\data\bohrungen_epsg25832_shp\bohrungen_schichten.csv,,7835BG015888,ObjektID,missing_layer_records,warning,,,,,,flag_for_review,pending
raw,<LOCAL_WORKSPACE>\GRID_D22_GitHub\data\real_munich\data\bohrungen_epsg25832_shp\bohrungen_schichten.csv,,7835BG017618,ObjektID,missing_layer_records,warning,,,,,,flag_for_review,pending
raw,<LOCAL_WORKSPACE>\GRID_D22_GitHub\data\real_munich\data\bohrungen_epsg25832_shp\bohrungen_schichten.csv,,7835BG018540,ObjektID,missing_layer_records,warning,,,,,,flag_for_review,pending
raw,<LOCAL_WORKSPACE>\GRID_D22_GitHub\data\real_munich\data\bohrungen_epsg25832_shp\bohrungen_schichten.csv,,7835BG015581,ObjektID,missing_layer_records,warning,,,,,,flag_for_review,pending
raw,<LOCAL_WORKSPACE>\GRID_D22_GitHub\data\real_munich\data\bohrungen_epsg25832_shp\bohrungen_schichten.csv,,7835BG018220,ObjektID,missing_layer_records,warning,,,,,,flag_for_review,pending
raw,<LOCAL_WORKSPACE>\GRID_D22_GitHub\data\real_munich\data\bohrungen_epsg25832_shp\bohrungen_schichten.csv,,7835BG017989,ObjektID,missing_layer_records,warning,,,,,,flag_for_review,pending
raw,<LOCAL_WORKSPACE>\GRID_D22_GitHub\data\real_munich\data\bohrungen_epsg25832_shp\bohrungen_schichten.csv,,7835BG018093,ObjektID,missing_layer_records,warning,,,,,,flag_for_review,pending
raw,<LOCAL_WORKSPACE>\GRID_D22_GitHub\data\real_munich\data\bohrungen_epsg25832_shp\bohrungen_schichten.csv,,7835BG018449,ObjektID,missing_layer_records,warning,,,,,,flag_for_review,pending
raw,<LOCAL_WORKSPACE>\GRID_D22_GitHub\data\real_munich\data\bohrungen_epsg25832_shp\bohrungen_schichten.csv,,7835BG017979,ObjektID,missing_layer_records,warning,,,,,,flag_for_review,pending
raw,<LOCAL_WORKSPACE>\GRID_D22_GitHub\data\real_munich\data\bohrungen_epsg25832_shp\bohrungen_schichten.csv,,7835BG015582,ObjektID,missing_layer_records,warning,,,,,,flag_for_review,pending
raw,<LOCAL_WORKSPACE>\GRID_D22_GitHub\data\real_munich\data\bohrungen_epsg25832_shp\bohrungen_schichten.csv,,7835BG018562,ObjektID,missing_layer_records,warning,,,,,,flag_for_review,pending
raw,<LOCAL_WORKSPACE>\GRID_D22_GitHub\data\real_munich\data\bohrungen_epsg25832_shp\bohrungen_schichten.csv,,7835BG018454,ObjektID,missing_layer_records,warning,,,,,,flag_for_review,pending
raw,<LOCAL_WORKSPACE>\GRID_D22_GitHub\data\real_munich\data\bohrungen_epsg25832_shp\bohrungen_schichten.csv,,7835BG015104,ObjektID,missing_layer_records,warning,,,,,,flag_for_review,pending
raw,<LOCAL_WORKSPACE>\GRID_D22_GitHub\data\real_munich\data\bohrungen_epsg25832_shp\bohrungen_schichten.csv,,7835BG018445,ObjektID,missing_layer_records,warning,,,,,,flag_for_review,pending
raw,<LOCAL_WORKSPACE>\GRID_D22_GitHub\data\real_munich\data\bohrungen_epsg25832_shp\bohrungen_schichten.csv,,7835BG015103,ObjektID,missing_layer_records,warning,,,,,,flag_for_review,pending
raw,<LOCAL_WORKSPACE>\GRID_D22_GitHub\data\real_munich\data\bohrungen_epsg25832_shp\bohrungen_schichten.csv,,7835BG018275,ObjektID,missing_layer_records,warning,,,,,,flag_for_review,pending
raw,<LOCAL_WORKSPACE>\GRID_D22_GitHub\data\real_munich\data\bohrungen_epsg25832_shp\bohrungen_schichten.csv,,7835BG018489,ObjektID,missing_layer_records,warning,,,,,,flag_for_review,pending
raw,<LOCAL_WORKSPACE>\GRID_D22_GitHub\data\real_munich\data\bohrungen_epsg25832_shp\bohrungen_schichten.csv,,7835BG018700,ObjektID,missing_layer_records,warning,,,,,,flag_for_review,pending
raw,<LOCAL_WORKSPACE>\GRID_D22_GitHub\data\real_munich\data\bohrungen_epsg25832_shp\bohrungen_schichten.csv,,7835BG018535,ObjektID,missing_layer_records,warning,,,,,,flag_for_review,pending
raw,<LOCAL_WORKSPACE>\GRID_D22_GitHub\data\real_munich\data\bohrungen_epsg25832_shp\bohrungen_schichten.csv,,7835BG015393,ObjektID,missing_layer_records,warning,,,,,,flag_for_review,pending
raw,<LOCAL_WORKSPACE>\GRID_D22_GitHub\data\real_munich\data\bohrungen_epsg25832_shp\bohrungen_schichten.csv,,7835BG017622,ObjektID,missing_layer_records,warning,,,,,,flag_for_review,pending
raw,<LOCAL_WORKSPACE>\GRID_D22_GitHub\data\real_munich\data\bohrungen_epsg25832_shp\bohrungen_schichten.csv,,7835BG018443,ObjektID,missing_layer_records,warning,,,,,,flag_for_review,pending
raw,<LOCAL_WORKSPACE>\GRID_D22_GitHub\data\real_munich\data\bohrungen_epsg25832_shp\bohrungen_schichten.csv,,7835BG018573,ObjektID,missing_layer_records,warning,,,,,,flag_for_review,pending
raw,<LOCAL_WORKSPACE>\GRID_D22_GitHub\data\real_munich\data\bohrungen_epsg25832_shp\bohrungen_schichten.csv,,7835BG017807,ObjektID,missing_layer_records,warning,,,,,,flag_for_review,pending
raw,<LOCAL_WORKSPACE>\GRID_D22_GitHub\data\real_munich\data\bohrungen_epsg25832_shp\bohrungen_schichten.csv,,7835BG018204,ObjektID,missing_layer_records,warning,,,,,,flag_for_review,pending
raw,<LOCAL_WORKSPACE>\GRID_D22_GitHub\data\real_munich\data\bohrungen_epsg25832_shp\bohrungen_schichten.csv,,7835BG018541,ObjektID,missing_layer_records,warning,,,,,,flag_for_review,pending
raw,<LOCAL_WORKSPACE>\GRID_D22_GitHub\data\real_munich\data\bohrungen_epsg25832_shp\bohrungen_schichten.csv,,7835BG015115,ObjektID,missing_layer_records,warning,,,,,,flag_for_review,pending
raw,<LOCAL_WORKSPACE>\GRID_D22_GitHub\data\real_munich\data\bohrungen_epsg25832_shp\bohrungen_schichten.csv,,7835BG018196,ObjektID,missing_layer_records,warning,,,,,,flag_for_review,pending
raw,<LOCAL_WORKSPACE>\GRID_D22_GitHub\data\real_munich\data\bohrungen_epsg25832_shp\bohrungen_schichten.csv,,7835BG015240,ObjektID,missing_layer_records,warning,,,,,,flag_for_review,pending
raw,<LOCAL_WORKSPACE>\GRID_D22_GitHub\data\real_munich\data\bohrungen_epsg25832_shp\bohrungen_schichten.csv,,7835BG018799,ObjektID,missing_layer_records,warning,,,,,,flag_for_review,pending
raw,<LOCAL_WORKSPACE>\GRID_D22_GitHub\data\real_munich\data\bohrungen_epsg25832_shp\bohrungen_schichten.csv,,7835BG018539,ObjektID,missing_layer_records,warning,,,,,,flag_for_review,pending
raw,<LOCAL_WORKSPACE>\GRID_D22_GitHub\data\real_munich\data\bohrungen_epsg25832_shp\bohrungen_schichten.csv,,7835BG018096,ObjektID,missing_layer_records,warning,,,,,,flag_for_review,pending
raw,<LOCAL_WORKSPACE>\GRID_D22_GitHub\data\real_munich\data\bohrungen_epsg25832_shp\bohrungen_schichten.csv,,7835BG018534,ObjektID,missing_layer_records,warning,,,,,,flag_for_review,pending
raw,<LOCAL_WORKSPACE>\GRID_D22_GitHub\data\real_munich\data\bohrungen_epsg25832_shp\bohrungen_schichten.csv,,7835BG017617,ObjektID,missing_layer_records,warning,,,,,,flag_for_review,pending
raw,<LOCAL_WORKSPACE>\GRID_D22_GitHub\data\real_munich\data\bohrungen_epsg25832_shp\bohrungen_schichten.csv,,7835BG017628,ObjektID,missing_layer_records,warning,,,,,,flag_for_review,pending
raw,<LOCAL_WORKSPACE>\GRID_D22_GitHub\data\real_munich\data\bohrungen_epsg25832_shp\bohrungen_schichten.csv,,7835BG018444,ObjektID,missing_layer_records,warning,,,,,,flag_for_review,pending
raw,<LOCAL_WORKSPACE>\GRID_D22_GitHub\data\real_munich\data\bohrungen_epsg25832_shp\bohrungen_schichten.csv,,7835BG019010,ObjektID,missing_layer_records,warning,,,,,,flag_for_review,pending
raw,<LOCAL_WORKSPACE>\GRID_D22_GitHub\data\real_munich\data\bohrungen_epsg25832_shp\bohrungen_schichten.csv,,7835BG018702,ObjektID,missing_layer_records,warning,,,,,,flag_for_review,pending
raw,<LOCAL_WORKSPACE>\GRID_D22_GitHub\data\real_munich\data\bohrungen_epsg25832_shp\bohrungen_schichten.csv,,7835BG018402,ObjektID,missing_layer_records,warning,,,,,,flag_for_review,pending
raw,<LOCAL_WORKSPACE>\GRID_D22_GitHub\data\real_munich\data\bohrungen_epsg25832_shp\bohrungen_schichten.csv,,7835BG018914,ObjektID,missing_layer_records,warning,,,,,,flag_for_review,pending
raw,<LOCAL_WORKSPACE>\GRID_D22_GitHub\data\real_munich\data\bohrungen_epsg25832_shp\bohrungen_schichten.csv,,7835BG018455,ObjektID,missing_layer_records,warning,,,,,,flag_for_review,pending
raw,<LOCAL_WORKSPACE>\GRID_D22_GitHub\data\real_munich\data\bohrungen_epsg25832_shp\bohrungen_schichten.csv,,7835BG018699,ObjektID,missing_layer_records,warning,,,,,,flag_for_review,pending
raw,<LOCAL_WORKSPACE>\GRID_D22_GitHub\data\real_munich\data\bohrungen_epsg25832_shp\bohrungen_schichten.csv,,7835BG018405,ObjektID,missing_layer_records,warning,,,,,,flag_for_review,pending
raw,<LOCAL_WORKSPACE>\GRID_D22_GitHub\data\real_munich\data\bohrungen_epsg25832_shp\bohrungen_schichten.csv,,7835BG018701,ObjektID,missing_layer_records,warning,,,,,,flag_for_review,pending
raw,<LOCAL_WORKSPACE>\GRID_D22_GitHub\data\real_munich\data\bohrungen_epsg25832_shp\bohrungen_schichten.csv,,7835BG015583,ObjektID,missing_layer_records,warning,,,,,,flag_for_review,pending
raw,<LOCAL_WORKSPACE>\GRID_D22_GitHub\data\real_munich\data\bohrungen_epsg25832_shp\bohrungen_schichten.csv,,7835BG017612,ObjektID,missing_layer_records,warning,,,,,,flag_for_review,pending
raw,<LOCAL_WORKSPACE>\GRID_D22_GitHub\data\real_munich\data\bohrungen_epsg25832_shp\bohrungen_schichten.csv,,7835BG015164,ObjektID,missing_layer_records,warning,,,,,,flag_for_review,pending
raw,<LOCAL_WORKSPACE>\GRID_D22_GitHub\data\real_munich\data\bohrungen_epsg25832_shp\bohrungen_schichten.csv,,7835BG018307,ObjektID,missing_layer_records,warning,,,,,,flag_for_review,pending
raw,<LOCAL_WORKSPACE>\GRID_D22_GitHub\data\real_munich\data\bohrungen_epsg25832_shp\bohrungen_schichten.csv,,7835BG018442,ObjektID,missing_layer_records,warning,,,,,,flag_for_review,pending
raw,<LOCAL_WORKSPACE>\GRID_D22_GitHub\data\real_munich\data\bohrungen_epsg25832_shp\bohrungen_schichten.csv,,7835BG017625,ObjektID,missing_layer_records,warning,,,,,,flag_for_review,pending
raw,<LOCAL_WORKSPACE>\GRID_D22_GitHub\data\real_munich\data\bohrungen_epsg25832_shp\bohrungen_schichten.csv,,7835BG018538,ObjektID,missing_layer_records,warning,,,,,,flag_for_review,pending
raw,<LOCAL_WORKSPACE>\GRID_D22_GitHub\data\real_munich\data\bohrungen_epsg25832_shp\bohrungen_schichten.csv,,7835BG018697,ObjektID,missing_layer_records,warning,,,,,,flag_for_review,pending
raw,<LOCAL_WORKSPACE>\GRID_D22_GitHub\data\real_munich\data\bohrungen_epsg25832_shp\bohrungen_stammdaten.csv,1993.0,7835BG018091,Ansatzhoeh,missing_or_nonnumeric_collar_elevation,warning,,,,"[400, 700]",,legacy_excluded,pending
raw,<LOCAL_WORKSPACE>\GRID_D22_GitHub\data\real_munich\data\bohrungen_epsg25832_shp\bohrungen_stammdaten.csv,1994.0,7835BG018096,Ansatzhoeh,missing_or_nonnumeric_collar_elevation,warning,,,,"[400, 700]",,legacy_excluded,pending
raw,<LOCAL_WORKSPACE>\GRID_D22_GitHub\data\real_munich\data\bohrungen_epsg25832_shp\bohrungen_stammdaten.csv,2001.0,7835BG018092,Ansatzhoeh,missing_or_nonnumeric_collar_elevation,warning,,,,"[400, 700]",,legacy_excluded,pending
raw,<LOCAL_WORKSPACE>\GRID_D22_GitHub\data\real_munich\data\bohrungen_epsg25832_shp\bohrungen_stammdaten.csv,2002.0,7835BG018095,Ansatzhoeh,missing_or_nonnumeric_collar_elevation,warning,,,,"[400, 700]",,legacy_excluded,pending
raw,<LOCAL_WORKSPACE>\GRID_D22_GitHub\data\real_munich\data\bohrungen_epsg25832_shp\bohrungen_stammdaten.csv,2005.0,7835BG018094,Ansatzhoeh,missing_or_nonnumeric_collar_elevation,warning,,,,"[400, 700]",,legacy_excluded,pending
raw,<LOCAL_WORKSPACE>\GRID_D22_GitHub\data\real_munich\data\bohrungen_epsg25832_shp\bohrungen_stammdaten.csv,2006.0,7835BG018093,Ansatzhoeh,missing_or_nonnumeric_collar_elevation,warning,,,,"[400, 700]",,legacy_excluded,pending
raw,<LOCAL_WORKSPACE>\GRID_D22_GitHub\data\real_munich\data\bohrungen_epsg25832_shp\bohrungen_stammdaten.csv,2009.0,7835BG018090,Ansatzhoeh,missing_or_nonnumeric_collar_elevation,warning,,,,"[400, 700]",,legacy_excluded,pending
raw,<LOCAL_WORKSPACE>\GRID_D22_GitHub\data\real_munich\data\bohrungen_epsg25832_shp\bohrungen_stammdaten.csv,2011.0,7835BG017979,Ansatzhoeh,missing_or_nonnumeric_collar_elevation,warning,,,,"[400, 700]",,legacy_excluded,pending
raw,<LOCAL_WORKSPACE>\GRID_D22_GitHub\data\real_munich\data\bohrungen_epsg25832_shp\bohrungen_stammdaten.csv,2108.0,7835BG018526,Ansatzhoeh,missing_or_nonnumeric_collar_elevation,warning,,,,"[400, 700]",,legacy_excluded,pending
raw,<LOCAL_WORKSPACE>\GRID_D22_GitHub\data\real_munich\data\bohrungen_epsg25832_shp\bohrungen_stammdaten.csv,2132.0,7835BG017874,Ansatzhoeh,missing_or_nonnumeric_collar_elevation,warning,,,,"[400, 700]",,legacy_excluded,pending
raw,<LOCAL_WORKSPACE>\GRID_D22_GitHub\data\real_munich\data\bohrungen_epsg25832_shp\bohrungen_stammdaten.csv,2134.0,7835BG017806,Ansatzhoeh,missing_or_nonnumeric_collar_elevation,warning,,,,"[400, 700]",,legacy_excluded,pending
raw,<LOCAL_WORKSPACE>\GRID_D22_GitHub\data\real_munich\data\bohrungen_epsg25832_shp\bohrungen_stammdaten.csv,2139.0,7835BG017803,Ansatzhoeh,missing_or_nonnumeric_collar_elevation,warning,,,,"[400, 700]",,legacy_excluded,pending
raw,<LOCAL_WORKSPACE>\GRID_D22_GitHub\data\real_munich\data\bohrungen_epsg25832_shp\bohrungen_stammdaten.csv,2140.0,7835BG017872,Ansatzhoeh,missing_or_nonnumeric_collar_elevation,warning,,,,"[400, 700]",,legacy_excluded,pending
raw,<LOCAL_WORKSPACE>\GRID_D22_GitHub\data\real_munich\data\bohrungen_epsg25832_shp\bohrungen_stammdaten.csv,2141.0,7835BG017978,Ansatzhoeh,missing_or_nonnumeric_collar_elevation,warning,,,,"[400, 700]",,legacy_excluded,pending
raw,<LOCAL_WORKSPACE>\GRID_D22_GitHub\data\real_munich\data\bohrungen_epsg25832_shp\bohrungen_stammdaten.csv,2146.0,7835BG017804,Ansatzhoeh,missing_or_nonnumeric_collar_elevation,warning,,,,"[400, 700]",,legacy_excluded,pending
raw,<LOCAL_WORKSPACE>\GRID_D22_GitHub\data\real_munich\data\bohrungen_epsg25832_shp\bohrungen_stammdaten.csv,2147.0,7835BG017807,Ansatzhoeh,missing_or_nonnumeric_collar_elevation,warning,,,,"[400, 700]",,legacy_excluded,pending
raw,<LOCAL_WORKSPACE>\GRID_D22_GitHub\data\real_munich\data\bohrungen_epsg25832_shp\bohrungen_stammdaten.csv,2148.0,7835BG017805,Ansatzhoeh,missing_or_nonnumeric_collar_elevation,warning,,,,"[400, 700]",,legacy_excluded,pending
raw,<LOCAL_WORKSPACE>\GRID_D22_GitHub\data\real_munich\data\bohrungen_epsg25832_shp\bohrungen_stammdaten.csv,2150.0,7835BG017907,Ansatzhoeh,missing_or_nonnumeric_collar_elevation,warning,,,,"[400, 700]",,legacy_excluded,pending
raw,<LOCAL_WORKSPACE>\GRID_D22_GitHub\data\real_munich\data\bohrungen_epsg25832_shp\bohrungen_stammdaten.csv,2157.0,7835BG017987,Ansatzhoeh,missing_or_nonnumeric_collar_elevation,warning,,,,"[400, 700]",,legacy_excluded,pending
raw,<LOCAL_WORKSPACE>\GRID_D22_GitHub\data\real_munich\data\bohrungen_epsg25832_shp\bohrungen_stammdaten.csv,2159.0,7835BG017989,Ansatzhoeh,missing_or_nonnumeric_collar_elevation,warning,,,,"[400, 700]",,legacy_excluded,pending
raw,<LOCAL_WORKSPACE>\GRID_D22_GitHub\data\real_munich\data\bohrungen_epsg25832_shp\bohrungen_stammdaten.csv,2160.0,7835BG017988,Ansatzhoeh,missing_or_nonnumeric_collar_elevation,warning,,,,"[400, 700]",,legacy_excluded,pending
raw,<LOCAL_WORKSPACE>\GRID_D22_GitHub\data\real_munich\data\bohrungen_epsg25832_shp\bohrungen_stammdaten.csv,2182.0,7835BG017908,Ansatzhoeh,missing_or_nonnumeric_collar_elevation,warning,,,,"[400, 700]",,legacy_excluded,pending
raw,<LOCAL_WORKSPACE>\GRID_D22_GitHub\data\real_munich\data\bohrungen_epsg25832_shp\bohrungen_stammdaten.csv,2183.0,7835BG018130,Ansatzhoeh,missing_or_nonnumeric_collar_elevation,warning,,,,"[400, 700]",,legacy_excluded,pending
raw,<LOCAL_WORKSPACE>\GRID_D22_GitHub\data\real_munich\data\bohrungen_epsg25832_shp\bohrungen_stammdaten.csv,2188.0,7835BG018307,Ansatzhoeh,missing_or_nonnumeric_collar_elevation,warning,,,,"[400, 700]",,legacy_excluded,pending
raw,<LOCAL_WORKSPACE>\GRID_D22_GitHub\data\real_munich\data\bohrungen_epsg25832_shp\bohrungen_stammdaten.csv,2189.0,7835BG018128,Ansatzhoeh,missing_or_nonnumeric_collar_elevation,warning,,,,"[400, 700]",,legacy_excluded,pending
raw,<LOCAL_WORKSPACE>\GRID_D22_GitHub\data\real_munich\data\bohrungen_epsg25832_shp\bohrungen_stammdaten.csv,2190.0,7835BG018446,Ansatzhoeh,missing_or_nonnumeric_collar_elevation,warning,,,,"[400, 700]",,legacy_excluded,pending
raw,<LOCAL_WORKSPACE>\GRID_D22_GitHub\data\real_munich\data\bohrungen_epsg25832_shp\bohrungen_stammdaten.csv,2191.0,7835BG018443,Ansatzhoeh,missing_or_nonnumeric_collar_elevation,warning,,,,"[400, 700]",,legacy_excluded,pending
raw,<LOCAL_WORKSPACE>\GRID_D22_GitHub\data\real_munich\data\bohrungen_epsg25832_shp\bohrungen_stammdaten.csv,2192.0,7835BG018451,Ansatzhoeh,missing_or_nonnumeric_collar_elevation,warning,,,,"[400, 700]",,legacy_excluded,pending
raw,<LOCAL_WORKSPACE>\GRID_D22_GitHub\data\real_munich\data\bohrungen_epsg25832_shp\bohrungen_stammdaten.csv,2193.0,7835BG018452,Ansatzhoeh,missing_or_nonnumeric_collar_elevation,warning,,,,"[400, 700]",,legacy_excluded,pending
raw,<LOCAL_WORKSPACE>\GRID_D22_GitHub\data\real_munich\data\bohrungen_epsg25832_shp\bohrungen_stammdaten.csv,2194.0,7835BG018448,Ansatzhoeh,missing_or_nonnumeric_collar_elevation,warning,,,,"[400, 700]",,legacy_excluded,pending
raw,<LOCAL_WORKSPACE>\GRID_D22_GitHub\data\real_munich\data\bohrungen_epsg25832_shp\bohrungen_stammdaten.csv,2195.0,7835BG018453,Ansatzhoeh,missing_or_nonnumeric_collar_elevation,warning,,,,"[400, 700]",,legacy_excluded,pending
raw,<LOCAL_WORKSPACE>\GRID_D22_GitHub\data\real_munich\data\bohrungen_epsg25832_shp\bohrungen_stammdaten.csv,2196.0,7835BG018450,Ansatzhoeh,missing_or_nonnumeric_collar_elevation,warning,,,,"[400, 700]",,legacy_excluded,pending
raw,<LOCAL_WORKSPACE>\GRID_D22_GitHub\data\real_munich\data\bohrungen_epsg25832_shp\bohrungen_stammdaten.csv,2197.0,7835BG018444,Ansatzhoeh,missing_or_nonnumeric_collar_elevation,warning,,,,"[400, 700]",,legacy_excluded,pending
raw,<LOCAL_WORKSPACE>\GRID_D22_GitHub\data\real_munich\data\bohrungen_epsg25832_shp\bohrungen_stammdaten.csv,2198.0,7835BG018457,Ansatzhoeh,missing_or_nonnumeric_collar_elevation,warning,,,,"[400, 700]",,legacy_excluded,pending
raw,<LOCAL_WORKSPACE>\GRID_D22_GitHub\data\real_munich\data\bohrungen_epsg25832_shp\bohrungen_stammdaten.csv,2199.0,7835BG018402,Ansatzhoeh,missing_or_nonnumeric_collar_elevation,warning,,,,"[400, 700]",,legacy_excluded,pending
raw,<LOCAL_WORKSPACE>\GRID_D22_GitHub\data\real_munich\data\bohrungen_epsg25832_shp\bohrungen_stammdaten.csv,2200.0,7835BG018401,Ansatzhoeh,missing_or_nonnumeric_collar_elevation,warning,,,,"[400, 700]",,legacy_excluded,pending
raw,<LOCAL_WORKSPACE>\GRID_D22_GitHub\data\real_munich\data\bohrungen_epsg25832_shp\bohrungen_stammdaten.csv,2201.0,7835BG018454,Ansatzhoeh,missing_or_nonnumeric_collar_elevation,warning,,,,"[400, 700]",,legacy_excluded,pending
raw,<LOCAL_WORKSPACE>\GRID_D22_GitHub\data\real_munich\data\bohrungen_epsg25832_shp\bohrungen_stammdaten.csv,2202.0,7835BG018447,Ansatzhoeh,missing_or_nonnumeric_collar_elevation,warning,,,,"[400, 700]",,legacy_excluded,pending
raw,<LOCAL_WORKSPACE>\GRID_D22_GitHub\data\real_munich\data\bohrungen_epsg25832_shp\bohrungen_stammdaten.csv,2203.0,7835BG018449,Ansatzhoeh,missing_or_nonnumeric_collar_elevation,warning,,,,"[400, 700]",,legacy_excluded,pending
raw,<LOCAL_WORKSPACE>\GRID_D22_GitHub\data\real_munich\data\bohrungen_epsg25832_shp\bohrungen_stammdaten.csv,2204.0,7835BG018456,Ansatzhoeh,missing_or_nonnumeric_collar_elevation,warning,,,,"[400, 700]",,legacy_excluded,pending
raw,<LOCAL_WORKSPACE>\GRID_D22_GitHub\data\real_munich\data\bohrungen_epsg25832_shp\bohrungen_stammdaten.csv,2205.0,7835BG018445,Ansatzhoeh,missing_or_nonnumeric_collar_elevation,warning,,,,"[400, 700]",,legacy_excluded,pending
raw,<LOCAL_WORKSPACE>\GRID_D22_GitHub\data\real_munich\data\bohrungen_epsg25832_shp\bohrungen_stammdaten.csv,2206.0,7835BG018487,Ansatzhoeh,missing_or_nonnumeric_collar_elevation,warning,,,,"[400, 700]",,legacy_excluded,pending
raw,<LOCAL_WORKSPACE>\GRID_D22_GitHub\data\real_munich\data\bohrungen_epsg25832_shp\bohrungen_stammdaten.csv,2209.0,7835BG018221,Ansatzhoeh,missing_or_nonnumeric_collar_elevation,warning,,,,"[400, 700]",,legacy_excluded,pending
raw,<LOCAL_WORKSPACE>\GRID_D22_GitHub\data\real_munich\data\bohrungen_epsg25832_shp\bohrungen_stammdaten.csv,2210.0,7835BG018222,Ansatzhoeh,missing_or_nonnumeric_collar_elevation,warning,,,,"[400, 700]",,legacy_excluded,pending
raw,<LOCAL_WORKSPACE>\GRID_D22_GitHub\data\real_munich\data\bohrungen_epsg25832_shp\bohrungen_stammdaten.csv,2211.0,7835BG018220,Ansatzhoeh,missing_or_nonnumeric_collar_elevation,warning,,,,"[400, 700]",,legacy_excluded,pending
raw,<LOCAL_WORKSPACE>\GRID_D22_GitHub\data\real_munich\data\bohrungen_epsg25832_shp\bohrungen_stammdaten.csv,2212.0,7835BG018333,Ansatzhoeh,missing_or_nonnumeric_collar_elevation,warning,,,,"[400, 700]",,legacy_excluded,pending
raw,<LOCAL_WORKSPACE>\GRID_D22_GitHub\data\real_munich\data\bohrungen_epsg25832_shp\bohrungen_stammdaten.csv,2213.0,7835BG018196,Ansatzhoeh,missing_or_nonnumeric_collar_elevation,warning,,,,"[400, 700]",,legacy_excluded,pending
raw,<LOCAL_WORKSPACE>\GRID_D22_GitHub\data\real_munich\data\bohrungen_epsg25832_shp\bohrungen_stammdaten.csv,2215.0,7835BG018085,Ansatzhoeh,missing_or_nonnumeric_collar_elevation,warning,,,,"[400, 700]",,legacy_excluded,pending
raw,<LOCAL_WORKSPACE>\GRID_D22_GitHub\data\real_munich\data\bohrungen_epsg25832_shp\bohrungen_stammdaten.csv,2216.0,7835BG018562,Ansatzhoeh,missing_or_nonnumeric_collar_elevation,warning,,,,"[400, 700]",,legacy_excluded,pending
raw,<LOCAL_WORKSPACE>\GRID_D22_GitHub\data\real_munich\data\bohrungen_epsg25832_shp\bohrungen_stammdaten.csv,2217.0,7835BG018204,Ansatzhoeh,missing_or_nonnumeric_collar_elevation,warning,,,,"[400, 700]",,legacy_excluded,pending
raw,<LOCAL_WORKSPACE>\GRID_D22_GitHub\data\real_munich\data\bohrungen_epsg25832_shp\bohrungen_stammdaten.csv,2219.0,7835BG018455,Ansatzhoeh,missing_or_nonnumeric_collar_elevation,warning,,,,"[400, 700]",,legacy_excluded,pending
raw,<LOCAL_WORKSPACE>\GRID_D22_GitHub\data\real_munich\data\bohrungen_epsg25832_shp\bohrungen_stammdaten.csv,2220.0,7835BG019010,Ansatzhoeh,missing_or_nonnumeric_collar_elevation,warning,,,,"[400, 700]",,legacy_excluded,pending
raw,<LOCAL_WORKSPACE>\GRID_D22_GitHub\data\real_munich\data\bohrungen_epsg25832_shp\bohrungen_stammdaten.csv,2221.0,7835BG018129,Ansatzhoeh,missing_or_nonnumeric_collar_elevation,warning,,,,"[400, 700]",,legacy_excluded,pending
raw,<LOCAL_WORKSPACE>\GRID_D22_GitHub\data\real_munich\data\bohrungen_epsg25832_shp\bohrungen_stammdaten.csv,2222.0,7835BG018541,Ansatzhoeh,missing_or_nonnumeric_collar_elevation,warning,,,,"[400, 700]",,legacy_excluded,pending
raw,<LOCAL_WORKSPACE>\GRID_D22_GitHub\data\real_munich\data\bohrungen_epsg25832_shp\bohrungen_stammdaten.csv,2223.0,7835BG018540,Ansatzhoeh,missing_or_nonnumeric_collar_elevation,warning,,,,"[400, 700]",,legacy_excluded,pending
raw,<LOCAL_WORKSPACE>\GRID_D22_GitHub\data\real_munich\data\bohrungen_epsg25832_shp\bohrungen_stammdaten.csv,2224.0,7835BG018539,Ansatzhoeh,missing_or_nonnumeric_collar_elevation,warning,,,,"[400, 700]",,legacy_excluded,pending
raw,<LOCAL_WORKSPACE>\GRID_D22_GitHub\data\real_munich\data\bohrungen_epsg25832_shp\bohrungen_stammdaten.csv,2225.0,7835BG018538,Ansatzhoeh,missing_or_nonnumeric_collar_elevation,warning,,,,"[400, 700]",,legacy_excluded,pending
raw,<LOCAL_WORKSPACE>\GRID_D22_GitHub\data\real_munich\data\bohrungen_epsg25832_shp\bohrungen_stammdaten.csv,2226.0,7835BG018537,Ansatzhoeh,missing_or_nonnumeric_collar_elevation,warning,,,,"[400, 700]",,legacy_excluded,pending
raw,<LOCAL_WORKSPACE>\GRID_D22_GitHub\data\real_munich\data\bohrungen_epsg25832_shp\bohrungen_stammdaten.csv,2227.0,7835BG018536,Ansatzhoeh,missing_or_nonnumeric_collar_elevation,warning,,,,"[400, 700]",,legacy_excluded,pending
raw,<LOCAL_WORKSPACE>\GRID_D22_GitHub\data\real_munich\data\bohrungen_epsg25832_shp\bohrungen_stammdaten.csv,2228.0,7835BG018535,Ansatzhoeh,missing_or_nonnumeric_collar_elevation,warning,,,,"[400, 700]",,legacy_excluded,pending
raw,<LOCAL_WORKSPACE>\GRID_D22_GitHub\data\real_munich\data\bohrungen_epsg25832_shp\bohrungen_stammdaten.csv,2229.0,7835BG018534,Ansatzhoeh,missing_or_nonnumeric_collar_elevation,warning,,,,"[400, 700]",,legacy_excluded,pending
raw,<LOCAL_WORKSPACE>\GRID_D22_GitHub\data\real_munich\data\bohrungen_epsg25832_shp\bohrungen_stammdaten.csv,2230.0,7835BG018068,Ansatzhoeh,missing_or_nonnumeric_collar_elevation,warning,,,,"[400, 700]",,legacy_excluded,pending
raw,<LOCAL_WORKSPACE>\GRID_D22_GitHub\data\real_munich\data\bohrungen_epsg25832_shp\bohrungen_stammdaten.csv,2232.0,7835BG018050,Ansatzhoeh,missing_or_nonnumeric_collar_elevation,warning,,,,"[400, 700]",,legacy_excluded,pending
raw,<LOCAL_WORKSPACE>\GRID_D22_GitHub\data\real_munich\data\bohrungen_epsg25832_shp\bohrungen_stammdaten.csv,2233.0,7835BG018274,Ansatzhoeh,missing_or_nonnumeric_collar_elevation,warning,,,,"[400, 700]",,legacy_excluded,pending
raw,<LOCAL_WORKSPACE>\GRID_D22_GitHub\data\real_munich\data\bohrungen_epsg25832_shp\bohrungen_stammdaten.csv,2234.0,7835BG018799,Ansatzhoeh,missing_or_nonnumeric_collar_elevation,warning,,,,"[400, 700]",,legacy_excluded,pending
raw,<LOCAL_WORKSPACE>\GRID_D22_GitHub\data\real_munich\data\bohrungen_epsg25832_shp\bohrungen_stammdaten.csv,2235.0,7835BG018442,Ansatzhoeh,missing_or_nonnumeric_collar_elevation,warning,,,,"[400, 700]",,legacy_excluded,pending
raw,<LOCAL_WORKSPACE>\GRID_D22_GitHub\data\real_munich\data\bohrungen_epsg25832_shp\bohrungen_stammdaten.csv,2236.0,7835BG018275,Ansatzhoeh,missing_or_nonnumeric_collar_elevation,warning,,,,"[400, 700]",,legacy_excluded,pending
raw,<LOCAL_WORKSPACE>\GRID_D22_GitHub\data\real_munich\data\bohrungen_epsg25832_shp\bohrungen_stammdaten.csv,2237.0,7835BG018489,Ansatzhoeh,missing_or_nonnumeric_collar_elevation,warning,,,,"[400, 700]",,legacy_excluded,pending
raw,<LOCAL_WORKSPACE>\GRID_D22_GitHub\data\real_munich\data\bohrungen_epsg25832_shp\bohrungen_stammdaten.csv,2241.0,7835BG018527,Ansatzhoeh,missing_or_nonnumeric_collar_elevation,warning,,,,"[400, 700]",,legacy_excluded,pending
raw,<LOCAL_WORKSPACE>\GRID_D22_GitHub\data\real_munich\data\bohrungen_epsg25832_shp\bohrungen_stammdaten.csv,2242.0,7835BG018525,Ansatzhoeh,missing_or_nonnumeric_collar_elevation,warning,,,,"[400, 700]",,legacy_excluded,pending
raw,<LOCAL_WORKSPACE>\GRID_D22_GitHub\data\real_munich\data\bohrungen_epsg25832_shp\bohrungen_stammdaten.csv,2243.0,7835BG018405,Ansatzhoeh,missing_or_nonnumeric_collar_elevation,warning,,,,"[400, 700]",,legacy_excluded,pending
raw,<LOCAL_WORKSPACE>\GRID_D22_GitHub\data\real_munich\data\bohrungen_epsg25832_shp\bohrungen_stammdaten.csv,2244.0,7835BG018404,Ansatzhoeh,missing_or_nonnumeric_collar_elevation,warning,,,,"[400, 700]",,legacy_excluded,pending
raw,<LOCAL_WORKSPACE>\GRID_D22_GitHub\data\real_munich\data\bohrungen_epsg25832_shp\bohrungen_stammdaten.csv,2245.0,7835BG018573,Ansatzhoeh,missing_or_nonnumeric_collar_elevation,warning,,,,"[400, 700]",,legacy_excluded,pending
raw,<LOCAL_WORKSPACE>\GRID_D22_GitHub\data\real_munich\data\bohrungen_epsg25832_shp\bohrungen_stammdaten.csv,2247.0,7835BG018791,Ansatzhoeh,missing_or_nonnumeric_collar_elevation,warning,,,,"[400, 700]",,legacy_excluded,pending
raw,<LOCAL_WORKSPACE>\GRID_D22_GitHub\data\real_munich\data\bohrungen_epsg25832_shp\bohrungen_stammdaten.csv,2248.0,7835BG018790,Ansatzhoeh,missing_or_nonnumeric_collar_elevation,warning,,,,"[400, 700]",,legacy_excluded,pending
raw,<LOCAL_WORKSPACE>\GRID_D22_GitHub\data\real_munich\data\bohrungen_epsg25832_shp\bohrungen_stammdaten.csv,2249.0,7835BG018914,Ansatzhoeh,missing_or_nonnumeric_collar_elevation,warning,,,,"[400, 700]",,legacy_excluded,pending
raw,<LOCAL_WORKSPACE>\GRID_D22_GitHub\data\real_munich\data\bohrungen_epsg25832_shp\bohrungen_stammdaten.csv,2250.0,7835BG018913,Ansatzhoeh,missing_or_nonnumeric_collar_elevation,warning,,,,"[400, 700]",,legacy_excluded,pending
raw,<LOCAL_WORKSPACE>\GRID_D22_GitHub\data\real_munich\data\bohrungen_epsg25832_shp\bohrungen_stammdaten.csv,2256.0,7835BG018702,Ansatzhoeh,missing_or_nonnumeric_collar_elevation,warning,,,,"[400, 700]",,legacy_excluded,pending
raw,<LOCAL_WORKSPACE>\GRID_D22_GitHub\data\real_munich\data\bohrungen_epsg25832_shp\bohrungen_stammdaten.csv,2257.0,7835BG018700,Ansatzhoeh,missing_or_nonnumeric_collar_elevation,warning,,,,"[400, 700]",,legacy_excluded,pending
raw,<LOCAL_WORKSPACE>\GRID_D22_GitHub\data\real_munich\data\bohrungen_epsg25832_shp\bohrungen_stammdaten.csv,2258.0,7835BG018701,Ansatzhoeh,missing_or_nonnumeric_collar_elevation,warning,,,,"[400, 700]",,legacy_excluded,pending
raw,<LOCAL_WORKSPACE>\GRID_D22_GitHub\data\real_munich\data\bohrungen_epsg25832_shp\bohrungen_stammdaten.csv,2259.0,7835BG018699,Ansatzhoeh,missing_or_nonnumeric_collar_elevation,warning,,,,"[400, 700]",,legacy_excluded,pending
raw,<LOCAL_WORKSPACE>\GRID_D22_GitHub\data\real_munich\data\bohrungen_epsg25832_shp\bohrungen_stammdaten.csv,2260.0,7835BG018698,Ansatzhoeh,missing_or_nonnumeric_collar_elevation,warning,,,,"[400, 700]",,legacy_excluded,pending
raw,<LOCAL_WORKSPACE>\GRID_D22_GitHub\data\real_munich\data\bohrungen_epsg25832_shp\bohrungen_stammdaten.csv,2261.0,7835BG018697,Ansatzhoeh,missing_or_nonnumeric_collar_elevation,warning,,,,"[400, 700]",,legacy_excluded,pending
raw,<LOCAL_WORKSPACE>\GRID_D22_GitHub\data\real_munich\data\bohrungen_epsg25832_shp\bohrungen_stammdaten.csv,2262.0,7835BG018696,Ansatzhoeh,missing_or_nonnumeric_collar_elevation,warning,,,,"[400, 700]",,legacy_excluded,pending
raw,<LOCAL_WORKSPACE>\GRID_D22_GitHub\data\real_munich\data\bohrungen_epsg25832_shp\bohrungen_stammdaten.csv,2265.0,7835BG018842,Ansatzhoeh,missing_or_nonnumeric_collar_elevation,warning,,,,"[400, 700]",,legacy_excluded,pending
raw,<LOCAL_WORKSPACE>\GRID_D22_GitHub\data\real_munich\data\bohrungen_epsg25832_shp\bohrungen_stammdaten.csv,2266.0,7835BG019011,Ansatzhoeh,missing_or_nonnumeric_collar_elevation,warning,,,,"[400, 700]",,legacy_excluded,pending
raw,<LOCAL_WORKSPACE>\GRID_D22_GitHub\data\real_munich\data\bohrungen_epsg25832_shp\bohrungen_stammdaten.csv,65.0,7835BG012904,Ansatzhoeh,spatial_residual_exceeds_threshold,warning,504.8,518.7025454545454,-13.902545454545418,10,55.0,flag_for_review,pending
raw,<LOCAL_WORKSPACE>\GRID_D22_GitHub\data\real_munich\data\bohrungen_epsg25832_shp\bohrungen_stammdaten.csv,721.0,7835BG010379,Ansatzhoeh,spatial_residual_exceeds_threshold,warning,501.54,517.3429712460064,-15.802971246006393,10,313.0,flag_for_review,pending
raw,<LOCAL_WORKSPACE>\GRID_D22_GitHub\data\real_munich\data\bohrungen_epsg25832_shp\bohrungen_stammdaten.csv,832.0,7835BG012906,Ansatzhoeh,spatial_residual_exceeds_threshold,warning,506.2,518.3927941176471,-12.19279411764711,10,68.0,flag_for_review,pending
raw,<LOCAL_WORKSPACE>\GRID_D22_GitHub\data\real_munich\data\bohrungen_epsg25832_shp\bohrungen_stammdaten.csv,948.0,7835BG007177,Ansatzhoeh,spatial_residual_exceeds_threshold,warning,490.9,518.7854166666666,-27.88541666666663,10,192.0,flag_for_review,pending
raw,<LOCAL_WORKSPACE>\GRID_D22_GitHub\data\real_munich\data\bohrungen_epsg25832_shp\bohrungen_stammdaten.csv,1033.0,7835BG007088,Ansatzhoeh,spatial_residual_exceeds_threshold,warning,493.3,517.5009734513275,-24.200973451327457,10,339.0,flag_for_review,pending
raw,<LOCAL_WORKSPACE>\GRID_D22_GitHub\data\real_munich\data\bohrungen_epsg25832_shp\bohrungen_stammdaten.csv,1034.0,7835BG007092,Ansatzhoeh,spatial_residual_exceeds_threshold,warning,493.9,517.4613897280967,-23.561389728096742,10,331.0,flag_for_review,pending
raw,<LOCAL_WORKSPACE>\GRID_D22_GitHub\data\real_munich\data\bohrungen_epsg25832_shp\bohrungen_stammdaten.csv,1035.0,7835BG007096,Ansatzhoeh,spatial_residual_exceeds_threshold,warning,493.2,517.3924778761062,-24.19247787610624,10,339.0,flag_for_review,pending
raw,<LOCAL_WORKSPACE>\GRID_D22_GitHub\data\real_munich\data\bohrungen_epsg25832_shp\bohrungen_stammdaten.csv,1036.0,7835BG007099,Ansatzhoeh,spatial_residual_exceeds_threshold,warning,493.2,517.3799109792285,-24.17991097922851,10,337.0,flag_for_review,pending
raw,<LOCAL_WORKSPACE>\GRID_D22_GitHub\data\real_munich\data\bohrungen_epsg25832_shp\bohrungen_stammdaten.csv,1037.0,7835BG007103,Ansatzhoeh,spatial_residual_exceeds_threshold,warning,493.3,517.4554782608697,-24.155478260869643,10,345.0,flag_for_review,pending
raw,<LOCAL_WORKSPACE>\GRID_D22_GitHub\data\real_munich\data\bohrungen_epsg25832_shp\bohrungen_stammdaten.csv,1281.0,7835BG001516,Ansatzhoeh,spatial_residual_exceeds_threshold,warning,487.4,517.3939616613418,-29.993961661341814,10,313.0,flag_for_review,pending
raw,<LOCAL_WORKSPACE>\GRID_D22_GitHub\data\real_munich\data\bohrungen_epsg25832_shp\bohrungen_stammdaten.csv,1456.0,7835BG004323,Ansatzhoeh,spatial_residual_exceeds_threshold,warning,491.4,517.5154166666667,-26.11541666666676,10,264.0,flag_for_review,pending
raw,<LOCAL_WORKSPACE>\GRID_D22_GitHub\data\real_munich\data\bohrungen_epsg25832_shp\bohrungen_stammdaten.csv,1518.0,7835BG005241,Ansatzhoeh,spatial_residual_exceeds_threshold,warning,502.8,516.7344054054054,-13.934405405405357,10,370.0,flag_for_review,pending
raw,<LOCAL_WORKSPACE>\GRID_D22_GitHub\data\real_munich\data\bohrungen_epsg25832_shp\bohrungen_stammdaten.csv,1522.0,7835BG005246,Ansatzhoeh,spatial_residual_exceeds_threshold,warning,501.6,516.6608659217878,-15.060865921787808,10,358.0,flag_for_review,pending
raw,<LOCAL_WORKSPACE>\GRID_D22_GitHub\data\real_munich\data\bohrungen_epsg25832_shp\bohrungen_stammdaten.csv,1693.0,7835BG007175,Ansatzhoeh,spatial_residual_exceeds_threshold,warning,489.4,518.7932291666666,-29.39322916666663,10,192.0,flag_for_review,pending
raw,<LOCAL_WORKSPACE>\GRID_D22_GitHub\data\real_munich\data\bohrungen_epsg25832_shp\bohrungen_stammdaten.csv,1895.0,7835BG007085,Ansatzhoeh,spatial_residual_exceeds_threshold,warning,493.1,517.4658841463414,-24.365884146341386,10,328.0,flag_for_review,pending
raw,<LOCAL_WORKSPACE>\GRID_D22_GitHub\data\real_munich\data\bohrungen_epsg25832_shp\bohrungen_stammdaten.csv,1896.0,7835BG007086,Ansatzhoeh,spatial_residual_exceeds_threshold,warning,493.1,517.4824464831804,-24.382446483180388,10,327.0,flag_for_review,pending
raw,<LOCAL_WORKSPACE>\GRID_D22_GitHub\data\real_munich\data\bohrungen_epsg25832_shp\bohrungen_stammdaten.csv,1897.0,7835BG007087,Ansatzhoeh,spatial_residual_exceeds_threshold,warning,493.3,517.4981981981982,-24.198198198198213,10,333.0,flag_for_review,pending
raw,<LOCAL_WORKSPACE>\GRID_D22_GitHub\data\real_munich\data\bohrungen_epsg25832_shp\bohrungen_stammdaten.csv,1898.0,7835BG007089,Ansatzhoeh,spatial_residual_exceeds_threshold,warning,493.3,517.4662241887905,-24.166224188790522,10,339.0,flag_for_review,pending
raw,<LOCAL_WORKSPACE>\GRID_D22_GitHub\data\real_munich\data\bohrungen_epsg25832_shp\bohrungen_stammdaten.csv,1899.0,7835BG007090,Ansatzhoeh,spatial_residual_exceeds_threshold,warning,493.3,517.4088988095239,-24.10889880952385,10,336.0,flag_for_review,pending
raw,<LOCAL_WORKSPACE>\GRID_D22_GitHub\data\real_munich\data\bohrungen_epsg25832_shp\bohrungen_stammdaten.csv,1900.0,7835BG007091,Ansatzhoeh,spatial_residual_exceeds_threshold,warning,493.2,517.4147462686566,-24.214746268656597,10,335.0,flag_for_review,pending
raw,<LOCAL_WORKSPACE>\GRID_D22_GitHub\data\real_munich\data\bohrungen_epsg25832_shp\bohrungen_stammdaten.csv,1901.0,7835BG007093,Ansatzhoeh,spatial_residual_exceeds_threshold,warning,493.2,517.480798816568,-24.28079881656805,10,338.0,flag_for_review,pending
raw,<LOCAL_WORKSPACE>\GRID_D22_GitHub\data\real_munich\data\bohrungen_epsg25832_shp\bohrungen_stammdaten.csv,1902.0,7835BG007094,Ansatzhoeh,spatial_residual_exceeds_threshold,warning,493.4,517.4601470588235,-24.06014705882353,10,340.0,flag_for_review,pending
raw,<LOCAL_WORKSPACE>\GRID_D22_GitHub\data\real_munich\data\bohrungen_epsg25832_shp\bohrungen_stammdaten.csv,1903.0,7835BG007095,Ansatzhoeh,spatial_residual_exceeds_threshold,warning,493.3,517.443411764706,-24.143411764705945,10,340.0,flag_for_review,pending
raw,<LOCAL_WORKSPACE>\GRID_D22_GitHub\data\real_munich\data\bohrungen_epsg25832_shp\bohrungen_stammdaten.csv,1904.0,7835BG007097,Ansatzhoeh,spatial_residual_exceeds_threshold,warning,493.2,517.3726686217009,-24.172668621700893,10,341.0,flag_for_review,pending
raw,<LOCAL_WORKSPACE>\GRID_D22_GitHub\data\real_munich\data\bohrungen_epsg25832_shp\bohrungen_stammdaten.csv,1905.0,7835BG007098,Ansatzhoeh,spatial_residual_exceeds_threshold,warning,493.2,517.5080733944955,-24.308073394495466,10,327.0,flag_for_review,pending
raw,<LOCAL_WORKSPACE>\GRID_D22_GitHub\data\real_munich\data\bohrungen_epsg25832_shp\bohrungen_stammdaten.csv,1906.0,7835BG007100,Ansatzhoeh,spatial_residual_exceeds_threshold,warning,493.7,517.5053495440729,-23.805349544072953,10,329.0,flag_for_review,pending
raw,<LOCAL_WORKSPACE>\GRID_D22_GitHub\data\real_munich\data\bohrungen_epsg25832_shp\bohrungen_stammdaten.csv,1907.0,7835BG007101,Ansatzhoeh,spatial_residual_exceeds_threshold,warning,493.2,517.4417313432835,-24.24173134328356,10,335.0,flag_for_review,pending
raw,<LOCAL_WORKSPACE>\GRID_D22_GitHub\data\real_munich\data\bohrungen_epsg25832_shp\bohrungen_stammdaten.csv,1908.0,7835BG007102,Ansatzhoeh,spatial_residual_exceeds_threshold,warning,493.3,517.472772861357,-24.172772861357032,10,339.0,flag_for_review,pending
raw,<LOCAL_WORKSPACE>\GRID_D22_GitHub\data\real_munich\data\bohrungen_epsg25832_shp\bohrungen_stammdaten.csv,1909.0,7835BG007104,Ansatzhoeh,spatial_residual_exceeds_threshold,warning,493.9,517.4613897280967,-23.561389728096742,10,331.0,flag_for_review,pending
raw,<LOCAL_WORKSPACE>\GRID_D22_GitHub\data\real_munich\data\bohrungen_epsg25832_shp\bohrungen_stammdaten.csv,2126.0,7835BG017614,Ansatzhoeh,spatial_residual_exceeds_threshold,warning,500.4,517.6532295719844,-17.253229571984434,10,257.0,flag_for_review,pending
raw,<LOCAL_WORKSPACE>\GRID_D22_GitHub\data\real_munich\data\bohrungen_epsg25832_shp\bohrungen_stammdaten.csv,2127.0,7835BG017613,Ansatzhoeh,spatial_residual_exceeds_threshold,warning,500.4,517.634274509804,-17.23427450980398,10,255.0,flag_for_review,pending
raw,<LOCAL_WORKSPACE>\GRID_D22_GitHub\data\real_munich\data\bohrungen_epsg25832_shp\bohrungen_stammdaten.csv,2128.0,7835BG017612,Ansatzhoeh,spatial_residual_exceeds_threshold,warning,500.5,517.4326141078839,-16.932614107883865,10,241.0,flag_for_review,pending
raw,<LOCAL_WORKSPACE>\GRID_D22_GitHub\data\real_munich\data\bohrungen_epsg25832_shp\bohrungen_stammdaten.csv,2164.0,7835BG017631,Ansatzhoeh,spatial_residual_exceeds_threshold,warning,491.3,517.5956457564577,-26.295645756457645,10,271.0,flag_for_review,pending
raw,<LOCAL_WORKSPACE>\GRID_D22_GitHub\data\real_munich\data\bohrungen_epsg25832_shp\bohrungen_stammdaten.csv,2165.0,7835BG017630,Ansatzhoeh,spatial_residual_exceeds_threshold,warning,491.9,517.5419850187267,-25.6419850187267,10,267.0,flag_for_review,pending
raw,<LOCAL_WORKSPACE>\GRID_D22_GitHub\data\real_munich\data\bohrungen_epsg25832_shp\bohrungen_stammdaten.csv,2166.0,7835BG017629,Ansatzhoeh,spatial_residual_exceeds_threshold,warning,501.5,516.7650000000001,-15.2650000000001,10,372.0,flag_for_review,pending
raw,<LOCAL_WORKSPACE>\GRID_D22_GitHub\data\real_munich\data\bohrungen_epsg25832_shp\bohrungen_stammdaten.csv,2167.0,7835BG017628,Ansatzhoeh,spatial_residual_exceeds_threshold,warning,498.5,517.8430491803279,-19.343049180327853,10,305.0,flag_for_review,pending
raw,<LOCAL_WORKSPACE>\GRID_D22_GitHub\data\real_munich\data\bohrungen_epsg25832_shp\bohrungen_stammdaten.csv,2168.0,7835BG017627,Ansatzhoeh,spatial_residual_exceeds_threshold,warning,499.25,517.7690671641792,-18.519067164179205,10,268.0,flag_for_review,pending
raw,<LOCAL_WORKSPACE>\GRID_D22_GitHub\data\real_munich\data\bohrungen_epsg25832_shp\bohrungen_stammdaten.csv,2169.0,7835BG017624,Ansatzhoeh,spatial_residual_exceeds_threshold,warning,500.5,517.4644583333334,-16.96445833333337,10,240.0,flag_for_review,pending
raw,<LOCAL_WORKSPACE>\GRID_D22_GitHub\data\real_munich\data\bohrungen_epsg25832_shp\bohrungen_stammdaten.csv,2170.0,7835BG017625,Ansatzhoeh,spatial_residual_exceeds_threshold,warning,498.5,517.810365448505,-19.310365448504967,10,301.0,flag_for_review,pending
raw,<LOCAL_WORKSPACE>\GRID_D22_GitHub\data\real_munich\data\bohrungen_epsg25832_shp\bohrungen_stammdaten.csv,2171.0,7835BG017626,Ansatzhoeh,spatial_residual_exceeds_threshold,warning,498.5,517.9014376996805,-19.401437699680514,10,313.0,flag_for_review,pending
raw,<LOCAL_WORKSPACE>\GRID_D22_GitHub\data\real_munich\data\bohrungen_epsg25832_shp\bohrungen_stammdaten.csv,2173.0,7835BG017623,Ansatzhoeh,spatial_residual_exceeds_threshold,warning,498.5,517.9679439252337,-19.467943925233726,10,321.0,flag_for_review,pending
raw,<LOCAL_WORKSPACE>\GRID_D22_GitHub\data\real_munich\data\bohrungen_epsg25832_shp\bohrungen_stammdaten.csv,2174.0,7835BG017622,Ansatzhoeh,spatial_residual_exceeds_threshold,warning,501.5,517.8602777777778,-16.36027777777781,10,288.0,flag_for_review,pending
raw,<LOCAL_WORKSPACE>\GRID_D22_GitHub\data\real_munich\data\bohrungen_epsg25832_shp\bohrungen_stammdaten.csv,2175.0,7835BG017620,Ansatzhoeh,spatial_residual_exceeds_threshold,warning,501.5,517.8769503546099,-16.376950354609903,10,282.0,flag_for_review,pending
raw,<LOCAL_WORKSPACE>\GRID_D22_GitHub\data\real_munich\data\bohrungen_epsg25832_shp\bohrungen_stammdaten.csv,2176.0,7835BG017619,Ansatzhoeh,spatial_residual_exceeds_threshold,warning,498.5,517.9140282685513,-19.414028268551306,10,283.0,flag_for_review,pending
raw,<LOCAL_WORKSPACE>\GRID_D22_GitHub\data\real_munich\data\bohrungen_epsg25832_shp\bohrungen_stammdaten.csv,2177.0,7835BG017618,Ansatzhoeh,spatial_residual_exceeds_threshold,warning,498.5,517.7690202702703,-19.26902027027029,10,296.0,flag_for_review,pending
raw,<LOCAL_WORKSPACE>\GRID_D22_GitHub\data\real_munich\data\bohrungen_epsg25832_shp\bohrungen_stammdaten.csv,2178.0,7835BG017616,Ansatzhoeh,spatial_residual_exceeds_threshold,warning,500.5,517.3375744680852,-16.837574468085222,10,235.0,flag_for_review,pending
raw,<LOCAL_WORKSPACE>\GRID_D22_GitHub\data\real_munich\data\bohrungen_epsg25832_shp\bohrungen_stammdaten.csv,2179.0,7835BG017617,Ansatzhoeh,spatial_residual_exceeds_threshold,warning,499.65,517.7057954545455,-18.055795454545546,10,264.0,flag_for_review,pending
raw,<LOCAL_WORKSPACE>\GRID_D22_GitHub\data\real_munich\data\bohrungen_epsg25832_shp\bohrungen.shp,0.0,7835BG015007,coordinates,outside_model_inside_legacy_buffer,info,,,,,,retain_for_conditioning,pending
raw,<LOCAL_WORKSPACE>\GRID_D22_GitHub\data\real_munich\data\bohrungen_epsg25832_shp\bohrungen.shp,1.0,7835BG015006,coordinates,outside_model_inside_legacy_buffer,info,,,,,,retain_for_conditioning,pending
raw,<LOCAL_WORKSPACE>\GRID_D22_GitHub\data\real_munich\data\bohrungen_epsg25832_shp\bohrungen.shp,2.0,7835BG015009,coordinates,outside_model_inside_legacy_buffer,info,,,,,,retain_for_conditioning,pending
raw,<LOCAL_WORKSPACE>\GRID_D22_GitHub\data\real_munich\data\bohrungen_epsg25832_shp\bohrungen.shp,3.0,7835BG015008,coordinates,outside_model_inside_legacy_buffer,info,,,,,,retain_for_conditioning,pending
raw,<LOCAL_WORKSPACE>\GRID_D22_GitHub\data\real_munich\data\bohrungen_epsg25832_shp\bohrungen.shp,4.0,7835BG013051,coordinates,outside_model_inside_legacy_buffer,info,,,,,,retain_for_conditioning,pending
raw,<LOCAL_WORKSPACE>\GRID_D22_GitHub\data\real_munich\data\bohrungen_epsg25832_shp\bohrungen.shp,6.0,7835BG013003,coordinates,outside_model_inside_legacy_buffer,info,,,,,,retain_for_conditioning,pending
raw,<LOCAL_WORKSPACE>\GRID_D22_GitHub\data\real_munich\data\bohrungen_epsg25832_shp\bohrungen.shp,7.0,7835BG013004,coordinates,outside_model_inside_legacy_buffer,info,,,,,,retain_for_conditioning,pending
raw,<LOCAL_WORKSPACE>\GRID_D22_GitHub\data\real_munich\data\bohrungen_epsg25832_shp\bohrungen.shp,8.0,7835BG013005,coordinates,outside_model_inside_legacy_buffer,info,,,,,,retain_for_conditioning,pending
raw,<LOCAL_WORKSPACE>\GRID_D22_GitHub\data\real_munich\data\bohrungen_epsg25832_shp\bohrungen.shp,9.0,7835BG013057,coordinates,outside_model_inside_legacy_buffer,info,,,,,,retain_for_conditioning,pending
raw,<LOCAL_WORKSPACE>\GRID_D22_GitHub\data\real_munich\data\bohrungen_epsg25832_shp\bohrungen.shp,11.0,7835BG013061,coordinates,outside_model_inside_legacy_buffer,info,,,,,,retain_for_conditioning,pending
raw,<LOCAL_WORKSPACE>\GRID_D22_GitHub\data\real_munich\data\bohrungen_epsg25832_shp\bohrungen.shp,12.0,7835BG013006,coordinates,outside_model_inside_legacy_buffer,info,,,,,,retain_for_conditioning,pending
raw,<LOCAL_WORKSPACE>\GRID_D22_GitHub\data\real_munich\data\bohrungen_epsg25832_shp\bohrungen.shp,16.0,7835BG013071,coordinates,outside_model_inside_legacy_buffer,info,,,,,,retain_for_conditioning,pending
raw,<LOCAL_WORKSPACE>\GRID_D22_GitHub\data\real_munich\data\bohrungen_epsg25832_shp\bohrungen.shp,17.0,7835BG013013,coordinates,outside_model_inside_legacy_buffer,info,,,,,,retain_for_conditioning,pending
raw,<LOCAL_WORKSPACE>\GRID_D22_GitHub\data\real_munich\data\bohrungen_epsg25832_shp\bohrungen.shp,18.0,7835BG013014,coordinates,outside_model_inside_legacy_buffer,info,,,,,,retain_for_conditioning,pending
raw,<LOCAL_WORKSPACE>\GRID_D22_GitHub\data\real_munich\data\bohrungen_epsg25832_shp\bohrungen.shp,19.0,7835BG013015,coordinates,outside_model_inside_legacy_buffer,info,,,,,,retain_for_conditioning,pending
raw,<LOCAL_WORKSPACE>\GRID_D22_GitHub\data\real_munich\data\bohrungen_epsg25832_shp\bohrungen.shp,20.0,7835BG012875,coordinates,outside_model_inside_legacy_buffer,info,,,,,,retain_for_conditioning,pending
raw,<LOCAL_WORKSPACE>\GRID_D22_GitHub\data\real_munich\data\bohrungen_epsg25832_shp\bohrungen.shp,21.0,7835BG012876,coordinates,outside_model_inside_legacy_buffer,info,,,,,,retain_for_conditioning,pending
raw,<LOCAL_WORKSPACE>\GRID_D22_GitHub\data\real_munich\data\bohrungen_epsg25832_shp\bohrungen.shp,22.0,7835BG012877,coordinates,outside_model_inside_legacy_buffer,info,,,,,,retain_for_conditioning,pending
raw,<LOCAL_WORKSPACE>\GRID_D22_GitHub\data\real_munich\data\bohrungen_epsg25832_shp\bohrungen.shp,23.0,7835BG013066,coordinates,outside_model_inside_legacy_buffer,info,,,,,,retain_for_conditioning,pending
raw,<LOCAL_WORKSPACE>\GRID_D22_GitHub\data\real_munich\data\bohrungen_epsg25832_shp\bohrungen.shp,24.0,7835BG013067,coordinates,outside_model_inside_legacy_buffer,info,,,,,,retain_for_conditioning,pending
raw,<LOCAL_WORKSPACE>\GRID_D22_GitHub\data\real_munich\data\bohrungen_epsg25832_shp\bohrungen.shp,25.0,7835BG013016,coordinates,outside_model_inside_legacy_buffer,info,,,,,,retain_for_conditioning,pending
raw,<LOCAL_WORKSPACE>\GRID_D22_GitHub\data\real_munich\data\bohrungen_epsg25832_shp\bohrungen.shp,26.0,7835BG013017,coordinates,outside_model_inside_legacy_buffer,info,,,,,,retain_for_conditioning,pending
raw,<LOCAL_WORKSPACE>\GRID_D22_GitHub\data\real_munich\data\bohrungen_epsg25832_shp\bohrungen.shp,27.0,7835BG012909,coordinates,outside_model_inside_legacy_buffer,info,,,,,,retain_for_conditioning,pending
raw,<LOCAL_WORKSPACE>\GRID_D22_GitHub\data\real_munich\data\bohrungen_epsg25832_shp\bohrungen.shp,28.0,7835BG012958,coordinates,outside_model_inside_legacy_buffer,info,,,,,,retain_for_conditioning,pending
raw,<LOCAL_WORKSPACE>\GRID_D22_GitHub\data\real_munich\data\bohrungen_epsg25832_shp\bohrungen.shp,29.0,7835BG012915,coordinates,outside_model_inside_legacy_buffer,info,,,,,,retain_for_conditioning,pending
raw,<LOCAL_WORKSPACE>\GRID_D22_GitHub\data\real_munich\data\bohrungen_epsg25832_shp\bohrungen.shp,30.0,7835BG012916,coordinates,outside_model_inside_legacy_buffer,info,,,,,,retain_for_conditioning,pending
raw,<LOCAL_WORKSPACE>\GRID_D22_GitHub\data\real_munich\data\bohrungen_epsg25832_shp\bohrungen.shp,31.0,7835BG012919,coordinates,outside_model_inside_legacy_buffer,info,,,,,,retain_for_conditioning,pending
raw,<LOCAL_WORKSPACE>\GRID_D22_GitHub\data\real_munich\data\bohrungen_epsg25832_shp\bohrungen.shp,32.0,7835BG012920,coordinates,outside_model_inside_legacy_buffer,info,,,,,,retain_for_conditioning,pending
raw,<LOCAL_WORKSPACE>\GRID_D22_GitHub\data\real_munich\data\bohrungen_epsg25832_shp\bohrungen.shp,33.0,7835BG012921,coordinates,outside_model_inside_legacy_buffer,info,,,,,,retain_for_conditioning,pending
raw,<LOCAL_WORKSPACE>\GRID_D22_GitHub\data\real_munich\data\bohrungen_epsg25832_shp\bohrungen.shp,34.0,7835BG012924,coordinates,outside_model_inside_legacy_buffer,info,,,,,,retain_for_conditioning,pending
raw,<LOCAL_WORKSPACE>\GRID_D22_GitHub\data\real_munich\data\bohrungen_epsg25832_shp\bohrungen.shp,35.0,7835BG012881,coordinates,outside_model_inside_legacy_buffer,info,,,,,,retain_for_conditioning,pending
raw,<LOCAL_WORKSPACE>\GRID_D22_GitHub\data\real_munich\data\bohrungen_epsg25832_shp\bohrungen.shp,36.0,7835BG012882,coordinates,outside_model_inside_legacy_buffer,info,,,,,,retain_for_conditioning,pending
raw,<LOCAL_WORKSPACE>\GRID_D22_GitHub\data\real_munich\data\bohrungen_epsg25832_shp\bohrungen.shp,37.0,7835BG012883,coordinates,outside_model_inside_legacy_buffer,info,,,,,,retain_for_conditioning,pending
raw,<LOCAL_WORKSPACE>\GRID_D22_GitHub\data\real_munich\data\bohrungen_epsg25832_shp\bohrungen.shp,38.0,7835BG012886,coordinates,outside_model_inside_legacy_buffer,info,,,,,,retain_for_conditioning,pending
raw,<LOCAL_WORKSPACE>\GRID_D22_GitHub\data\real_munich\data\bohrungen_epsg25832_shp\bohrungen.shp,43.0,7835BG012888,coordinates,outside_model_inside_legacy_buffer,info,,,,,,retain_for_conditioning,pending
raw,<LOCAL_WORKSPACE>\GRID_D22_GitHub\data\real_munich\data\bohrungen_epsg25832_shp\bohrungen.shp,47.0,7835BG012894,coordinates,outside_model_inside_legacy_buffer,info,,,,,,retain_for_conditioning,pending
raw,<LOCAL_WORKSPACE>\GRID_D22_GitHub\data\real_munich\data\bohrungen_epsg25832_shp\bohrungen.shp,48.0,7835BG013079,coordinates,outside_model_inside_legacy_buffer,info,,,,,,retain_for_conditioning,pending
raw,<LOCAL_WORKSPACE>\GRID_D22_GitHub\data\real_munich\data\bohrungen_epsg25832_shp\bohrungen.shp,49.0,7835BG013081,coordinates,outside_model_inside_legacy_buffer,info,,,,,,retain_for_conditioning,pending
raw,<LOCAL_WORKSPACE>\GRID_D22_GitHub\data\real_munich\data\bohrungen_epsg25832_shp\bohrungen.shp,50.0,7835BG013120,coordinates,outside_model_inside_legacy_buffer,info,,,,,,retain_for_conditioning,pending
raw,<LOCAL_WORKSPACE>\GRID_D22_GitHub\data\real_munich\data\bohrungen_epsg25832_shp\bohrungen.shp,51.0,7835BG013082,coordinates,outside_model_inside_legacy_buffer,info,,,,,,retain_for_conditioning,pending
raw,<LOCAL_WORKSPACE>\GRID_D22_GitHub\data\real_munich\data\bohrungen_epsg25832_shp\bohrungen.shp,52.0,7835BG013083,coordinates,outside_model_inside_legacy_buffer,info,,,,,,retain_for_conditioning,pending
raw,<LOCAL_WORKSPACE>\GRID_D22_GitHub\data\real_munich\data\bohrungen_epsg25832_shp\bohrungen.shp,53.0,7835BG013084,coordinates,outside_model_inside_legacy_buffer,info,,,,,,retain_for_conditioning,pending
raw,<LOCAL_WORKSPACE>\GRID_D22_GitHub\data\real_munich\data\bohrungen_epsg25832_shp\bohrungen.shp,54.0,7835BG013085,coordinates,outside_model_inside_legacy_buffer,info,,,,,,retain_for_conditioning,pending
raw,<LOCAL_WORKSPACE>\GRID_D22_GitHub\data\real_munich\data\bohrungen_epsg25832_shp\bohrungen.shp,55.0,7835BG013128,coordinates,outside_model_inside_legacy_buffer,info,,,,,,retain_for_conditioning,pending
raw,<LOCAL_WORKSPACE>\GRID_D22_GitHub\data\real_munich\data\bohrungen_epsg25832_shp\bohrungen.shp,56.0,7835BG012896,coordinates,outside_model_inside_legacy_buffer,info,,,,,,retain_for_conditioning,pending
raw,<LOCAL_WORKSPACE>\GRID_D22_GitHub\data\real_munich\data\bohrungen_epsg25832_shp\bohrungen.shp,57.0,7835BG012897,coordinates,outside_model_inside_legacy_buffer,info,,,,,,retain_for_conditioning,pending
raw,<LOCAL_WORKSPACE>\GRID_D22_GitHub\data\real_munich\data\bohrungen_epsg25832_shp\bohrungen.shp,58.0,7835BG012898,coordinates,outside_model_inside_legacy_buffer,info,,,,,,retain_for_conditioning,pending
raw,<LOCAL_WORKSPACE>\GRID_D22_GitHub\data\real_munich\data\bohrungen_epsg25832_shp\bohrungen.shp,59.0,7835BG012899,coordinates,outside_model_inside_legacy_buffer,info,,,,,,retain_for_conditioning,pending
raw,<LOCAL_WORKSPACE>\GRID_D22_GitHub\data\real_munich\data\bohrungen_epsg25832_shp\bohrungen.shp,60.0,7835BG012900,coordinates,outside_model_inside_legacy_buffer,info,,,,,,retain_for_conditioning,pending
raw,<LOCAL_WORKSPACE>\GRID_D22_GitHub\data\real_munich\data\bohrungen_epsg25832_shp\bohrungen.shp,61.0,7835BG012902,coordinates,outside_model_inside_legacy_buffer,info,,,,,,retain_for_conditioning,pending
raw,<LOCAL_WORKSPACE>\GRID_D22_GitHub\data\real_munich\data\bohrungen_epsg25832_shp\bohrungen.shp,62.0,7835BG012903,coordinates,outside_model_inside_legacy_buffer,info,,,,,,retain_for_conditioning,pending
raw,<LOCAL_WORKSPACE>\GRID_D22_GitHub\data\real_munich\data\bohrungen_epsg25832_shp\bohrungen.shp,63.0,7835BG012904,coordinates,outside_model_inside_legacy_buffer,info,,,,,,retain_for_conditioning,pending
raw,<LOCAL_WORKSPACE>\GRID_D22_GitHub\data\real_munich\data\bohrungen_epsg25832_shp\bohrungen.shp,64.0,7835BG013087,coordinates,outside_model_inside_legacy_buffer,info,,,,,,retain_for_conditioning,pending
raw,<LOCAL_WORKSPACE>\GRID_D22_GitHub\data\real_munich\data\bohrungen_epsg25832_shp\bohrungen.shp,65.0,7835BG013088,coordinates,outside_model_inside_legacy_buffer,info,,,,,,retain_for_conditioning,pending
raw,<LOCAL_WORKSPACE>\GRID_D22_GitHub\data\real_munich\data\bohrungen_epsg25832_shp\bohrungen.shp,66.0,7835BG013089,coordinates,outside_model_inside_legacy_buffer,info,,,,,,retain_for_conditioning,pending
raw,<LOCAL_WORKSPACE>\GRID_D22_GitHub\data\real_munich\data\bohrungen_epsg25832_shp\bohrungen.shp,67.0,7835BG013090,coordinates,outside_model_inside_legacy_buffer,info,,,,,,retain_for_conditioning,pending
raw,<LOCAL_WORKSPACE>\GRID_D22_GitHub\data\real_munich\data\bohrungen_epsg25832_shp\bohrungen.shp,68.0,7835BG013091,coordinates,outside_model_inside_legacy_buffer,info,,,,,,retain_for_conditioning,pending
raw,<LOCAL_WORKSPACE>\GRID_D22_GitHub\data\real_munich\data\bohrungen_epsg25832_shp\bohrungen.shp,69.0,7835BG013093,coordinates,outside_model_inside_legacy_buffer,info,,,,,,retain_for_conditioning,pending
raw,<LOCAL_WORKSPACE>\GRID_D22_GitHub\data\real_munich\data\bohrungen_epsg25832_shp\bohrungen.shp,70.0,7835BG012907,coordinates,outside_model_inside_legacy_buffer,info,,,,,,retain_for_conditioning,pending
raw,<LOCAL_WORKSPACE>\GRID_D22_GitHub\data\real_munich\data\bohrungen_epsg25832_shp\bohrungen.shp,71.0,7835BG012908,coordinates,outside_model_inside_legacy_buffer,info,,,,,,retain_for_conditioning,pending
raw,<LOCAL_WORKSPACE>\GRID_D22_GitHub\data\real_munich\data\bohrungen_epsg25832_shp\bohrungen.shp,72.0,7835BG012951,coordinates,outside_model_inside_legacy_buffer,info,,,,,,retain_for_conditioning,pending
raw,<LOCAL_WORKSPACE>\GRID_D22_GitHub\data\real_munich\data\bohrungen_epsg25832_shp\bohrungen.shp,73.0,7835BG012952,coordinates,outside_model_inside_legacy_buffer,info,,,,,,retain_for_conditioning,pending
raw,<LOCAL_WORKSPACE>\GRID_D22_GitHub\data\real_munich\data\bohrungen_epsg25832_shp\bohrungen.shp,74.0,7835BG012953,coordinates,outside_model_inside_legacy_buffer,info,,,,,,retain_for_conditioning,pending
raw,<LOCAL_WORKSPACE>\GRID_D22_GitHub\data\real_munich\data\bohrungen_epsg25832_shp\bohrungen.shp,75.0,7835BG013353,coordinates,outside_model_inside_legacy_buffer,info,,,,,,retain_for_conditioning,pending
raw,<LOCAL_WORKSPACE>\GRID_D22_GitHub\data\real_munich\data\bohrungen_epsg25832_shp\bohrungen.shp,76.0,7835BG013354,coordinates,outside_model_inside_legacy_buffer,info,,,,,,retain_for_conditioning,pending
raw,<LOCAL_WORKSPACE>\GRID_D22_GitHub\data\real_munich\data\bohrungen_epsg25832_shp\bohrungen.shp,77.0,7835BG013360,coordinates,outside_model_inside_legacy_buffer,info,,,,,,retain_for_conditioning,pending
raw,<LOCAL_WORKSPACE>\GRID_D22_GitHub\data\real_munich\data\bohrungen_epsg25832_shp\bohrungen.shp,80.0,7835BG011386,coordinates,outside_model_inside_legacy_buffer,info,,,,,,retain_for_conditioning,pending
raw,<LOCAL_WORKSPACE>\GRID_D22_GitHub\data\real_munich\data\bohrungen_epsg25832_shp\bohrungen.shp,84.0,7835BG011955,coordinates,outside_model_inside_legacy_buffer,info,,,,,,retain_for_conditioning,pending
raw,<LOCAL_WORKSPACE>\GRID_D22_GitHub\data\real_munich\data\bohrungen_epsg25832_shp\bohrungen.shp,85.0,7835BG011956,coordinates,outside_model_inside_legacy_buffer,info,,,,,,retain_for_conditioning,pending
raw,<LOCAL_WORKSPACE>\GRID_D22_GitHub\data\real_munich\data\bohrungen_epsg25832_shp\bohrungen.shp,86.0,7835BG011958,coordinates,outside_model_inside_legacy_buffer,info,,,,,,retain_for_conditioning,pending
raw,<LOCAL_WORKSPACE>\GRID_D22_GitHub\data\real_munich\data\bohrungen_epsg25832_shp\bohrungen.shp,87.0,7835BG011959,coordinates,outside_model_inside_legacy_buffer,info,,,,,,retain_for_conditioning,pending
raw,<LOCAL_WORKSPACE>\GRID_D22_GitHub\data\real_munich\data\bohrungen_epsg25832_shp\bohrungen.shp,88.0,7835BG011986,coordinates,outside_model_inside_legacy_buffer,info,,,,,,retain_for_conditioning,pending
raw,<LOCAL_WORKSPACE>\GRID_D22_GitHub\data\real_munich\data\bohrungen_epsg25832_shp\bohrungen.shp,89.0,7835BG011987,coordinates,outside_model_inside_legacy_buffer,info,,,,,,retain_for_conditioning,pending
raw,<LOCAL_WORKSPACE>\GRID_D22_GitHub\data\real_munich\data\bohrungen_epsg25832_shp\bohrungen.shp,90.0,7835BG011967,coordinates,outside_model_inside_legacy_buffer,info,,,,,,retain_for_conditioning,pending
raw,<LOCAL_WORKSPACE>\GRID_D22_GitHub\data\real_munich\data\bohrungen_epsg25832_shp\bohrungen.shp,91.0,7835BG011974,coordinates,outside_model_inside_legacy_buffer,info,,,,,,retain_for_conditioning,pending
raw,<LOCAL_WORKSPACE>\GRID_D22_GitHub\data\real_munich\data\bohrungen_epsg25832_shp\bohrungen.shp,92.0,7835BG011379,coordinates,outside_model_inside_legacy_buffer,info,,,,,,retain_for_conditioning,pending
raw,<LOCAL_WORKSPACE>\GRID_D22_GitHub\data\real_munich\data\bohrungen_epsg25832_shp\bohrungen.shp,95.0,7835BG011975,coordinates,outside_model_inside_legacy_buffer,info,,,,,,retain_for_conditioning,pending
raw,<LOCAL_WORKSPACE>\GRID_D22_GitHub\data\real_munich\data\bohrungen_epsg25832_shp\bohrungen.shp,96.0,7835BG011976,coordinates,outside_model_inside_legacy_buffer,info,,,,,,retain_for_conditioning,pending
raw,<LOCAL_WORKSPACE>\GRID_D22_GitHub\data\real_munich\data\bohrungen_epsg25832_shp\bohrungen.shp,97.0,7835BG011979,coordinates,outside_model_inside_legacy_buffer,info,,,,,,retain_for_conditioning,pending
raw,<LOCAL_WORKSPACE>\GRID_D22_GitHub\data\real_munich\data\bohrungen_epsg25832_shp\bohrungen.shp,98.0,7835BG011980,coordinates,outside_model_inside_legacy_buffer,info,,,,,,retain_for_conditioning,pending
raw,<LOCAL_WORKSPACE>\GRID_D22_GitHub\data\real_munich\data\bohrungen_epsg25832_shp\bohrungen.shp,99.0,7835BG011904,coordinates,outside_model_inside_legacy_buffer,info,,,,,,retain_for_conditioning,pending
raw,<LOCAL_WORKSPACE>\GRID_D22_GitHub\data\real_munich\data\bohrungen_epsg25832_shp\bohrungen.shp,100.0,7835BG011905,coordinates,outside_model_inside_legacy_buffer,info,,,,,,retain_for_conditioning,pending
raw,<LOCAL_WORKSPACE>\GRID_D22_GitHub\data\real_munich\data\bohrungen_epsg25832_shp\bohrungen.shp,101.0,7835BG012472,coordinates,outside_model_inside_legacy_buffer,info,,,,,,retain_for_conditioning,pending
raw,<LOCAL_WORKSPACE>\GRID_D22_GitHub\data\real_munich\data\bohrungen_epsg25832_shp\bohrungen.shp,102.0,7835BG012473,coordinates,outside_model_inside_legacy_buffer,info,,,,,,retain_for_conditioning,pending
raw,<LOCAL_WORKSPACE>\GRID_D22_GitHub\data\real_munich\data\bohrungen_epsg25832_shp\bohrungen.shp,103.0,7835BG011908,coordinates,outside_model_inside_legacy_buffer,info,,,,,,retain_for_conditioning,pending
raw,<LOCAL_WORKSPACE>\GRID_D22_GitHub\data\real_munich\data\bohrungen_epsg25832_shp\bohrungen.shp,104.0,7835BG011909,coordinates,outside_model_inside_legacy_buffer,info,,,,,,retain_for_conditioning,pending
raw,<LOCAL_WORKSPACE>\GRID_D22_GitHub\data\real_munich\data\bohrungen_epsg25832_shp\bohrungen.shp,105.0,7835BG012003,coordinates,outside_model_inside_legacy_buffer,info,,,,,,retain_for_conditioning,pending
raw,<LOCAL_WORKSPACE>\GRID_D22_GitHub\data\real_munich\data\bohrungen_epsg25832_shp\bohrungen.shp,106.0,7835BG011930,coordinates,outside_model_inside_legacy_buffer,info,,,,,,retain_for_conditioning,pending
raw,<LOCAL_WORKSPACE>\GRID_D22_GitHub\data\real_munich\data\bohrungen_epsg25832_shp\bohrungen.shp,107.0,7835BG011931,coordinates,outside_model_inside_legacy_buffer,info,,,,,,retain_for_conditioning,pending
raw,<LOCAL_WORKSPACE>\GRID_D22_GitHub\data\real_munich\data\bohrungen_epsg25832_shp\bohrungen.shp,111.0,7835BG012029,coordinates,outside_model_inside_legacy_buffer,info,,,,,,retain_for_conditioning,pending
raw,<LOCAL_WORKSPACE>\GRID_D22_GitHub\data\real_munich\data\bohrungen_epsg25832_shp\bohrungen.shp,114.0,7835BG012476,coordinates,outside_model_inside_legacy_buffer,info,,,,,,retain_for_conditioning,pending
raw,<LOCAL_WORKSPACE>\GRID_D22_GitHub\data\real_munich\data\bohrungen_epsg25832_shp\bohrungen.shp,115.0,7835BG012477,coordinates,outside_model_inside_legacy_buffer,info,,,,,,retain_for_conditioning,pending
raw,<LOCAL_WORKSPACE>\GRID_D22_GitHub\data\real_munich\data\bohrungen_epsg25832_shp\bohrungen.shp,116.0,7835BG012007,coordinates,outside_model_inside_legacy_buffer,info,,,,,,retain_for_conditioning,pending
raw,<LOCAL_WORKSPACE>\GRID_D22_GitHub\data\real_munich\data\bohrungen_epsg25832_shp\bohrungen.shp,117.0,7835BG012008,coordinates,outside_model_inside_legacy_buffer,info,,,,,,retain_for_conditioning,pending
raw,<LOCAL_WORKSPACE>\GRID_D22_GitHub\data\real_munich\data\bohrungen_epsg25832_shp\bohrungen.shp,118.0,7835BG012009,coordinates,outside_model_inside_legacy_buffer,info,,,,,,retain_for_conditioning,pending
raw,<LOCAL_WORKSPACE>\GRID_D22_GitHub\data\real_munich\data\bohrungen_epsg25832_shp\bohrungen.shp,120.0,7835BG012031,coordinates,outside_model_inside_legacy_buffer,info,,,,,,retain_for_conditioning,pending
raw,<LOCAL_WORKSPACE>\GRID_D22_GitHub\data\real_munich\data\bohrungen_epsg25832_shp\bohrungen.shp,122.0,7835BG012224,coordinates,outside_model_inside_legacy_buffer,info,,,,,,retain_for_conditioning,pending
raw,<LOCAL_WORKSPACE>\GRID_D22_GitHub\data\real_munich\data\bohrungen_epsg25832_shp\bohrungen.shp,123.0,7835BG012225,coordinates,outside_model_inside_legacy_buffer,info,,,,,,retain_for_conditioning,pending
raw,<LOCAL_WORKSPACE>\GRID_D22_GitHub\data\real_munich\data\bohrungen_epsg25832_shp\bohrungen.shp,124.0,7835BG012381,coordinates,outside_model_inside_legacy_buffer,info,,,,,,retain_for_conditioning,pending
raw,<LOCAL_WORKSPACE>\GRID_D22_GitHub\data\real_munich\data\bohrungen_epsg25832_shp\bohrungen.shp,125.0,7835BG012382,coordinates,outside_model_inside_legacy_buffer,info,,,,,,retain_for_conditioning,pending
raw,<LOCAL_WORKSPACE>\GRID_D22_GitHub\data\real_munich\data\bohrungen_epsg25832_shp\bohrungen.shp,126.0,7835BG011910,coordinates,outside_model_inside_legacy_buffer,info,,,,,,retain_for_conditioning,pending
raw,<LOCAL_WORKSPACE>\GRID_D22_GitHub\data\real_munich\data\bohrungen_epsg25832_shp\bohrungen.shp,127.0,7835BG012197,coordinates,outside_model_inside_legacy_buffer,info,,,,,,retain_for_conditioning,pending
raw,<LOCAL_WORKSPACE>\GRID_D22_GitHub\data\real_munich\data\bohrungen_epsg25832_shp\bohrungen.shp,128.0,7835BG012198,coordinates,outside_model_inside_legacy_buffer,info,,,,,,retain_for_conditioning,pending
raw,<LOCAL_WORKSPACE>\GRID_D22_GitHub\data\real_munich\data\bohrungen_epsg25832_shp\bohrungen.shp,129.0,7835BG012226,coordinates,outside_model_inside_legacy_buffer,info,,,,,,retain_for_conditioning,pending
raw,<LOCAL_WORKSPACE>\GRID_D22_GitHub\data\real_munich\data\bohrungen_epsg25832_shp\bohrungen.shp,130.0,7835BG012227,coordinates,outside_model_inside_legacy_buffer,info,,,,,,retain_for_conditioning,pending
raw,<LOCAL_WORKSPACE>\GRID_D22_GitHub\data\real_munich\data\bohrungen_epsg25832_shp\bohrungen.shp,134.0,7835BG011989,coordinates,outside_model_inside_legacy_buffer,info,,,,,,retain_for_conditioning,pending
raw,<LOCAL_WORKSPACE>\GRID_D22_GitHub\data\real_munich\data\bohrungen_epsg25832_shp\bohrungen.shp,135.0,7835BG011990,coordinates,outside_model_inside_legacy_buffer,info,,,,,,retain_for_conditioning,pending
raw,<LOCAL_WORKSPACE>\GRID_D22_GitHub\data\real_munich\data\bohrungen_epsg25832_shp\bohrungen.shp,136.0,7835BG012013,coordinates,outside_model_inside_legacy_buffer,info,,,,,,retain_for_conditioning,pending
raw,<LOCAL_WORKSPACE>\GRID_D22_GitHub\data\real_munich\data\bohrungen_epsg25832_shp\bohrungen.shp,140.0,7835BG012202,coordinates,outside_model_inside_legacy_buffer,info,,,,,,retain_for_conditioning,pending
raw,<LOCAL_WORKSPACE>\GRID_D22_GitHub\data\real_munich\data\bohrungen_epsg25832_shp\bohrungen.shp,141.0,7835BG012204,coordinates,outside_model_inside_legacy_buffer,info,,,,,,retain_for_conditioning,pending
raw,<LOCAL_WORKSPACE>\GRID_D22_GitHub\data\real_munich\data\bohrungen_epsg25832_shp\bohrungen.shp,142.0,7835BG012205,coordinates,outside_model_inside_legacy_buffer,info,,,,,,retain_for_conditioning,pending
raw,<LOCAL_WORKSPACE>\GRID_D22_GitHub\data\real_munich\data\bohrungen_epsg25832_shp\bohrungen.shp,143.0,7835BG012207,coordinates,outside_model_inside_legacy_buffer,info,,,,,,retain_for_conditioning,pending
raw,<LOCAL_WORKSPACE>\GRID_D22_GitHub\data\real_munich\data\bohrungen_epsg25832_shp\bohrungen.shp,147.0,7835BG011992,coordinates,outside_model_inside_legacy_buffer,info,,,,,,retain_for_conditioning,pending
raw,<LOCAL_WORKSPACE>\GRID_D22_GitHub\data\real_munich\data\bohrungen_epsg25832_shp\bohrungen.shp,148.0,7835BG011993,coordinates,outside_model_inside_legacy_buffer,info,,,,,,retain_for_conditioning,pending
raw,<LOCAL_WORKSPACE>\GRID_D22_GitHub\data\real_munich\data\bohrungen_epsg25832_shp\bohrungen.shp,149.0,7835BG012017,coordinates,outside_model_inside_legacy_buffer,info,,,,,,retain_for_conditioning,pending
raw,<LOCAL_WORKSPACE>\GRID_D22_GitHub\data\real_munich\data\bohrungen_epsg25832_shp\bohrungen.shp,152.0,7835BG011945,coordinates,outside_model_inside_legacy_buffer,info,,,,,,retain_for_conditioning,pending
raw,<LOCAL_WORKSPACE>\GRID_D22_GitHub\data\real_munich\data\bohrungen_epsg25832_shp\bohrungen.shp,153.0,7835BG011947,coordinates,outside_model_inside_legacy_buffer,info,,,,,,retain_for_conditioning,pending
raw,<LOCAL_WORKSPACE>\GRID_D22_GitHub\data\real_munich\data\bohrungen_epsg25832_shp\bohrungen.shp,154.0,7835BG011948,coordinates,outside_model_inside_legacy_buffer,info,,,,,,retain_for_conditioning,pending
raw,<LOCAL_WORKSPACE>\GRID_D22_GitHub\data\real_munich\data\bohrungen_epsg25832_shp\bohrungen.shp,155.0,7835BG011996,coordinates,outside_model_inside_legacy_buffer,info,,,,,,retain_for_conditioning,pending
raw,<LOCAL_WORKSPACE>\GRID_D22_GitHub\data\real_munich\data\bohrungen_epsg25832_shp\bohrungen.shp,156.0,7835BG012018,coordinates,outside_model_inside_legacy_buffer,info,,,,,,retain_for_conditioning,pending
raw,<LOCAL_WORKSPACE>\GRID_D22_GitHub\data\real_munich\data\bohrungen_epsg25832_shp\bohrungen.shp,157.0,7835BG012019,coordinates,outside_model_inside_legacy_buffer,info,,,,,,retain_for_conditioning,pending
raw,<LOCAL_WORKSPACE>\GRID_D22_GitHub\data\real_munich\data\bohrungen_epsg25832_shp\bohrungen.shp,158.0,7835BG012020,coordinates,outside_model_inside_legacy_buffer,info,,,,,,retain_for_conditioning,pending
raw,<LOCAL_WORKSPACE>\GRID_D22_GitHub\data\real_munich\data\bohrungen_epsg25832_shp\bohrungen.shp,159.0,7835BG012042,coordinates,outside_model_inside_legacy_buffer,info,,,,,,retain_for_conditioning,pending
raw,<LOCAL_WORKSPACE>\GRID_D22_GitHub\data\real_munich\data\bohrungen_epsg25832_shp\bohrungen.shp,160.0,7835BG012044,coordinates,outside_model_inside_legacy_buffer,info,,,,,,retain_for_conditioning,pending
raw,<LOCAL_WORKSPACE>\GRID_D22_GitHub\data\real_munich\data\bohrungen_epsg25832_shp\bohrungen.shp,161.0,7835BG012045,coordinates,outside_model_inside_legacy_buffer,info,,,,,,retain_for_conditioning,pending
raw,<LOCAL_WORKSPACE>\GRID_D22_GitHub\data\real_munich\data\bohrungen_epsg25832_shp\bohrungen.shp,162.0,7835BG012463,coordinates,outside_model_inside_legacy_buffer,info,,,,,,retain_for_conditioning,pending
raw,<LOCAL_WORKSPACE>\GRID_D22_GitHub\data\real_munich\data\bohrungen_epsg25832_shp\bohrungen.shp,165.0,7835BG011898,coordinates,outside_model_inside_legacy_buffer,info,,,,,,retain_for_conditioning,pending
raw,<LOCAL_WORKSPACE>\GRID_D22_GitHub\data\real_munich\data\bohrungen_epsg25832_shp\bohrungen.shp,166.0,7835BG011899,coordinates,outside_model_inside_legacy_buffer,info,,,,,,retain_for_conditioning,pending
raw,<LOCAL_WORKSPACE>\GRID_D22_GitHub\data\real_munich\data\bohrungen_epsg25832_shp\bohrungen.shp,167.0,7835BG011997,coordinates,outside_model_inside_legacy_buffer,info,,,,,,retain_for_conditioning,pending
raw,<LOCAL_WORKSPACE>\GRID_D22_GitHub\data\real_munich\data\bohrungen_epsg25832_shp\bohrungen.shp,168.0,7835BG011998,coordinates,outside_model_inside_legacy_buffer,info,,,,,,retain_for_conditioning,pending
raw,<LOCAL_WORKSPACE>\GRID_D22_GitHub\data\real_munich\data\bohrungen_epsg25832_shp\bohrungen.shp,169.0,7835BG012022,coordinates,outside_model_inside_legacy_buffer,info,,,,,,retain_for_conditioning,pending
raw,<LOCAL_WORKSPACE>\GRID_D22_GitHub\data\real_munich\data\bohrungen_epsg25832_shp\bohrungen.shp,170.0,7835BG012023,coordinates,outside_model_inside_legacy_buffer,info,,,,,,retain_for_conditioning,pending
raw,<LOCAL_WORKSPACE>\GRID_D22_GitHub\data\real_munich\data\bohrungen_epsg25832_shp\bohrungen.shp,171.0,7835BG011949,coordinates,outside_model_inside_legacy_buffer,info,,,,,,retain_for_conditioning,pending
raw,<LOCAL_WORKSPACE>\GRID_D22_GitHub\data\real_munich\data\bohrungen_epsg25832_shp\bohrungen.shp,172.0,7835BG011950,coordinates,outside_model_inside_legacy_buffer,info,,,,,,retain_for_conditioning,pending
raw,<LOCAL_WORKSPACE>\GRID_D22_GitHub\data\real_munich\data\bohrungen_epsg25832_shp\bohrungen.shp,173.0,7835BG011952,coordinates,outside_model_inside_legacy_buffer,info,,,,,,retain_for_conditioning,pending
raw,<LOCAL_WORKSPACE>\GRID_D22_GitHub\data\real_munich\data\bohrungen_epsg25832_shp\bohrungen.shp,174.0,7835BG011953,coordinates,outside_model_inside_legacy_buffer,info,,,,,,retain_for_conditioning,pending
raw,<LOCAL_WORKSPACE>\GRID_D22_GitHub\data\real_munich\data\bohrungen_epsg25832_shp\bohrungen.shp,175.0,7835BG011954,coordinates,outside_model_inside_legacy_buffer,info,,,,,,retain_for_conditioning,pending
raw,<LOCAL_WORKSPACE>\GRID_D22_GitHub\data\real_munich\data\bohrungen_epsg25832_shp\bohrungen.shp,176.0,7835BG012464,coordinates,outside_model_inside_legacy_buffer,info,,,,,,retain_for_conditioning,pending
raw,<LOCAL_WORKSPACE>\GRID_D22_GitHub\data\real_munich\data\bohrungen_epsg25832_shp\bohrungen.shp,177.0,7835BG012465,coordinates,outside_model_inside_legacy_buffer,info,,,,,,retain_for_conditioning,pending
raw,<LOCAL_WORKSPACE>\GRID_D22_GitHub\data\real_munich\data\bohrungen_epsg25832_shp\bohrungen.shp,178.0,7835BG012000,coordinates,outside_model_inside_legacy_buffer,info,,,,,,retain_for_conditioning,pending
raw,<LOCAL_WORKSPACE>\GRID_D22_GitHub\data\real_munich\data\bohrungen_epsg25832_shp\bohrungen.shp,179.0,7835BG012001,coordinates,outside_model_inside_legacy_buffer,info,,,,,,retain_for_conditioning,pending
raw,<LOCAL_WORKSPACE>\GRID_D22_GitHub\data\real_munich\data\bohrungen_epsg25832_shp\bohrungen.shp,180.0,7835BG012002,coordinates,outside_model_inside_legacy_buffer,info,,,,,,retain_for_conditioning,pending
raw,<LOCAL_WORKSPACE>\GRID_D22_GitHub\data\real_munich\data\bohrungen_epsg25832_shp\bohrungen.shp,181.0,7835BG012024,coordinates,outside_model_inside_legacy_buffer,info,,,,,,retain_for_conditioning,pending
raw,<LOCAL_WORKSPACE>\GRID_D22_GitHub\data\real_munich\data\bohrungen_epsg25832_shp\bohrungen.shp,182.0,7835BG012025,coordinates,outside_model_inside_legacy_buffer,info,,,,,,retain_for_conditioning,pending
raw,<LOCAL_WORKSPACE>\GRID_D22_GitHub\data\real_munich\data\bohrungen_epsg25832_shp\bohrungen.shp,183.0,7835BG012028,coordinates,outside_model_inside_legacy_buffer,info,,,,,,retain_for_conditioning,pending
raw,<LOCAL_WORKSPACE>\GRID_D22_GitHub\data\real_munich\data\bohrungen_epsg25832_shp\bohrungen.shp,184.0,7835BG012468,coordinates,outside_model_inside_legacy_buffer,info,,,,,,retain_for_conditioning,pending
raw,<LOCAL_WORKSPACE>\GRID_D22_GitHub\data\real_munich\data\bohrungen_epsg25832_shp\bohrungen.shp,185.0,7835BG012469,coordinates,outside_model_inside_legacy_buffer,info,,,,,,retain_for_conditioning,pending
raw,<LOCAL_WORKSPACE>\GRID_D22_GitHub\data\real_munich\data\bohrungen_epsg25832_shp\bohrungen.shp,186.0,7835BG012397,coordinates,outside_model_inside_legacy_buffer,info,,,,,,retain_for_conditioning,pending
raw,<LOCAL_WORKSPACE>\GRID_D22_GitHub\data\real_munich\data\bohrungen_epsg25832_shp\bohrungen.shp,187.0,7835BG012398,coordinates,outside_model_inside_legacy_buffer,info,,,,,,retain_for_conditioning,pending
raw,<LOCAL_WORKSPACE>\GRID_D22_GitHub\data\real_munich\data\bohrungen_epsg25832_shp\bohrungen.shp,189.0,7835BG010387,coordinates,outside_model_inside_legacy_buffer,info,,,,,,retain_for_conditioning,pending
raw,<LOCAL_WORKSPACE>\GRID_D22_GitHub\data\real_munich\data\bohrungen_epsg25832_shp\bohrungen.shp,190.0,7835BG012116,coordinates,outside_model_inside_legacy_buffer,info,,,,,,retain_for_conditioning,pending
raw,<LOCAL_WORKSPACE>\GRID_D22_GitHub\data\real_munich\data\bohrungen_epsg25832_shp\bohrungen.shp,191.0,7835BG012117,coordinates,outside_model_inside_legacy_buffer,info,,,,,,retain_for_conditioning,pending
raw,<LOCAL_WORKSPACE>\GRID_D22_GitHub\data\real_munich\data\bohrungen_epsg25832_shp\bohrungen.shp,192.0,7835BG012560,coordinates,outside_model_inside_legacy_buffer,info,,,,,,retain_for_conditioning,pending
raw,<LOCAL_WORKSPACE>\GRID_D22_GitHub\data\real_munich\data\bohrungen_epsg25832_shp\bohrungen.shp,193.0,7835BG012561,coordinates,outside_model_inside_legacy_buffer,info,,,,,,retain_for_conditioning,pending
raw,<LOCAL_WORKSPACE>\GRID_D22_GitHub\data\real_munich\data\bohrungen_epsg25832_shp\bohrungen.shp,194.0,7835BG012119,coordinates,outside_model_inside_legacy_buffer,info,,,,,,retain_for_conditioning,pending
raw,<LOCAL_WORKSPACE>\GRID_D22_GitHub\data\real_munich\data\bohrungen_epsg25832_shp\bohrungen.shp,195.0,7835BG012120,coordinates,outside_model_inside_legacy_buffer,info,,,,,,retain_for_conditioning,pending
raw,<LOCAL_WORKSPACE>\GRID_D22_GitHub\data\real_munich\data\bohrungen_epsg25832_shp\bohrungen.shp,196.0,7835BG012301,coordinates,outside_model_inside_legacy_buffer,info,,,,,,retain_for_conditioning,pending
raw,<LOCAL_WORKSPACE>\GRID_D22_GitHub\data\real_munich\data\bohrungen_epsg25832_shp\bohrungen.shp,201.0,7835BG012309,coordinates,outside_model_inside_legacy_buffer,info,,,,,,retain_for_conditioning,pending
raw,<LOCAL_WORKSPACE>\GRID_D22_GitHub\data\real_munich\data\bohrungen_epsg25832_shp\bohrungen.shp,202.0,7835BG012311,coordinates,outside_model_inside_legacy_buffer,info,,,,,,retain_for_conditioning,pending
raw,<LOCAL_WORKSPACE>\GRID_D22_GitHub\data\real_munich\data\bohrungen_epsg25832_shp\bohrungen.shp,203.0,7835BG012312,coordinates,outside_model_inside_legacy_buffer,info,,,,,,retain_for_conditioning,pending
raw,<LOCAL_WORKSPACE>\GRID_D22_GitHub\data\real_munich\data\bohrungen_epsg25832_shp\bohrungen.shp,204.0,7835BG012848,coordinates,outside_model_inside_legacy_buffer,info,,,,,,retain_for_conditioning,pending
raw,<LOCAL_WORKSPACE>\GRID_D22_GitHub\data\real_munich\data\bohrungen_epsg25832_shp\bohrungen.shp,205.0,7835BG012849,coordinates,outside_model_inside_legacy_buffer,info,,,,,,retain_for_conditioning,pending
raw,<LOCAL_WORKSPACE>\GRID_D22_GitHub\data\real_munich\data\bohrungen_epsg25832_shp\bohrungen.shp,206.0,7835BG012850,coordinates,outside_model_inside_legacy_buffer,info,,,,,,retain_for_conditioning,pending
raw,<LOCAL_WORKSPACE>\GRID_D22_GitHub\data\real_munich\data\bohrungen_epsg25832_shp\bohrungen.shp,207.0,7835BG012852,coordinates,outside_model_inside_legacy_buffer,info,,,,,,retain_for_conditioning,pending
raw,<LOCAL_WORKSPACE>\GRID_D22_GitHub\data\real_munich\data\bohrungen_epsg25832_shp\bohrungen.shp,208.0,7835BG012853,coordinates,outside_model_inside_legacy_buffer,info,,,,,,retain_for_conditioning,pending
raw,<LOCAL_WORKSPACE>\GRID_D22_GitHub\data\real_munich\data\bohrungen_epsg25832_shp\bohrungen.shp,209.0,7835BG012854,coordinates,outside_model_inside_legacy_buffer,info,,,,,,retain_for_conditioning,pending
raw,<LOCAL_WORKSPACE>\GRID_D22_GitHub\data\real_munich\data\bohrungen_epsg25832_shp\bohrungen.shp,210.0,7835BG012131,coordinates,outside_model_inside_legacy_buffer,info,,,,,,retain_for_conditioning,pending
raw,<LOCAL_WORKSPACE>\GRID_D22_GitHub\data\real_munich\data\bohrungen_epsg25832_shp\bohrungen.shp,211.0,7835BG012132,coordinates,outside_model_inside_legacy_buffer,info,,,,,,retain_for_conditioning,pending
raw,<LOCAL_WORKSPACE>\GRID_D22_GitHub\data\real_munich\data\bohrungen_epsg25832_shp\bohrungen.shp,212.0,7835BG012133,coordinates,outside_model_inside_legacy_buffer,info,,,,,,retain_for_conditioning,pending
raw,<LOCAL_WORKSPACE>\GRID_D22_GitHub\data\real_munich\data\bohrungen_epsg25832_shp\bohrungen.shp,213.0,7835BG012134,coordinates,outside_model_inside_legacy_buffer,info,,,,,,retain_for_conditioning,pending
raw,<LOCAL_WORKSPACE>\GRID_D22_GitHub\data\real_munich\data\bohrungen_epsg25832_shp\bohrungen.shp,214.0,7835BG012136,coordinates,outside_model_inside_legacy_buffer,info,,,,,,retain_for_conditioning,pending
raw,<LOCAL_WORKSPACE>\GRID_D22_GitHub\data\real_munich\data\bohrungen_epsg25832_shp\bohrungen.shp,215.0,7835BG012383,coordinates,outside_model_inside_legacy_buffer,info,,,,,,retain_for_conditioning,pending
raw,<LOCAL_WORKSPACE>\GRID_D22_GitHub\data\real_munich\data\bohrungen_epsg25832_shp\bohrungen.shp,216.0,7835BG012313,coordinates,outside_model_inside_legacy_buffer,info,,,,,,retain_for_conditioning,pending
raw,<LOCAL_WORKSPACE>\GRID_D22_GitHub\data\real_munich\data\bohrungen_epsg25832_shp\bohrungen.shp,218.0,7835BG012385,coordinates,outside_model_inside_legacy_buffer,info,,,,,,retain_for_conditioning,pending
raw,<LOCAL_WORKSPACE>\GRID_D22_GitHub\data\real_munich\data\bohrungen_epsg25832_shp\bohrungen.shp,219.0,7835BG012386,coordinates,outside_model_inside_legacy_buffer,info,,,,,,retain_for_conditioning,pending
raw,<LOCAL_WORKSPACE>\GRID_D22_GitHub\data\real_munich\data\bohrungen_epsg25832_shp\bohrungen.shp,220.0,7835BG012387,coordinates,outside_model_inside_legacy_buffer,info,,,,,,retain_for_conditioning,pending
raw,<LOCAL_WORKSPACE>\GRID_D22_GitHub\data\real_munich\data\bohrungen_epsg25832_shp\bohrungen.shp,221.0,7835BG012388,coordinates,outside_model_inside_legacy_buffer,info,,,,,,retain_for_conditioning,pending
raw,<LOCAL_WORKSPACE>\GRID_D22_GitHub\data\real_munich\data\bohrungen_epsg25832_shp\bohrungen.shp,226.0,7835BG012489,coordinates,outside_model_inside_legacy_buffer,info,,,,,,retain_for_conditioning,pending
raw,<LOCAL_WORKSPACE>\GRID_D22_GitHub\data\real_munich\data\bohrungen_epsg25832_shp\bohrungen.shp,227.0,7835BG012490,coordinates,outside_model_inside_legacy_buffer,info,,,,,,retain_for_conditioning,pending
raw,<LOCAL_WORKSPACE>\GRID_D22_GitHub\data\real_munich\data\bohrungen_epsg25832_shp\bohrungen.shp,228.0,7835BG012491,coordinates,outside_model_inside_legacy_buffer,info,,,,,,retain_for_conditioning,pending
raw,<LOCAL_WORKSPACE>\GRID_D22_GitHub\data\real_munich\data\bohrungen_epsg25832_shp\bohrungen.shp,229.0,7835BG012541,coordinates,outside_model_inside_legacy_buffer,info,,,,,,retain_for_conditioning,pending
raw,<LOCAL_WORKSPACE>\GRID_D22_GitHub\data\real_munich\data\bohrungen_epsg25832_shp\bohrungen.shp,230.0,7835BG012542,coordinates,outside_model_inside_legacy_buffer,info,,,,,,retain_for_conditioning,pending
raw,<LOCAL_WORKSPACE>\GRID_D22_GitHub\data\real_munich\data\bohrungen_epsg25832_shp\bohrungen.shp,231.0,7835BG012543,coordinates,outside_model_inside_legacy_buffer,info,,,,,,retain_for_conditioning,pending
raw,<LOCAL_WORKSPACE>\GRID_D22_GitHub\data\real_munich\data\bohrungen_epsg25832_shp\bohrungen.shp,232.0,7835BG012544,coordinates,outside_model_inside_legacy_buffer,info,,,,,,retain_for_conditioning,pending
raw,<LOCAL_WORKSPACE>\GRID_D22_GitHub\data\real_munich\data\bohrungen_epsg25832_shp\bohrungen.shp,233.0,7835BG010373,coordinates,outside_model_inside_legacy_buffer,info,,,,,,retain_for_conditioning,pending
raw,<LOCAL_WORKSPACE>\GRID_D22_GitHub\data\real_munich\data\bohrungen_epsg25832_shp\bohrungen.shp,234.0,7835BG012145,coordinates,outside_model_inside_legacy_buffer,info,,,,,,retain_for_conditioning,pending
raw,<LOCAL_WORKSPACE>\GRID_D22_GitHub\data\real_munich\data\bohrungen_epsg25832_shp\bohrungen.shp,235.0,7835BG012147,coordinates,outside_model_inside_legacy_buffer,info,,,,,,retain_for_conditioning,pending
raw,<LOCAL_WORKSPACE>\GRID_D22_GitHub\data\real_munich\data\bohrungen_epsg25832_shp\bohrungen.shp,236.0,7835BG012324,coordinates,outside_model_inside_legacy_buffer,info,,,,,,retain_for_conditioning,pending
raw,<LOCAL_WORKSPACE>\GRID_D22_GitHub\data\real_munich\data\bohrungen_epsg25832_shp\bohrungen.shp,237.0,7835BG012389,coordinates,outside_model_inside_legacy_buffer,info,,,,,,retain_for_conditioning,pending
raw,<LOCAL_WORKSPACE>\GRID_D22_GitHub\data\real_munich\data\bohrungen_epsg25832_shp\bohrungen.shp,242.0,7835BG012392,coordinates,outside_model_inside_legacy_buffer,info,,,,,,retain_for_conditioning,pending
raw,<LOCAL_WORKSPACE>\GRID_D22_GitHub\data\real_munich\data\bohrungen_epsg25832_shp\bohrungen.shp,243.0,7835BG012394,coordinates,outside_model_inside_legacy_buffer,info,,,,,,retain_for_conditioning,pending
raw,<LOCAL_WORKSPACE>\GRID_D22_GitHub\data\real_munich\data\bohrungen_epsg25832_shp\bohrungen.shp,244.0,7835BG012441,coordinates,outside_model_inside_legacy_buffer,info,,,,,,retain_for_conditioning,pending
raw,<LOCAL_WORKSPACE>\GRID_D22_GitHub\data\real_munich\data\bohrungen_epsg25832_shp\bohrungen.shp,245.0,7835BG012442,coordinates,outside_model_inside_legacy_buffer,info,,,,,,retain_for_conditioning,pending
raw,<LOCAL_WORKSPACE>\GRID_D22_GitHub\data\real_munich\data\bohrungen_epsg25832_shp\bohrungen.shp,246.0,7835BG012443,coordinates,outside_model_inside_legacy_buffer,info,,,,,,retain_for_conditioning,pending
raw,<LOCAL_WORKSPACE>\GRID_D22_GitHub\data\real_munich\data\bohrungen_epsg25832_shp\bohrungen.shp,247.0,7835BG012446,coordinates,outside_model_inside_legacy_buffer,info,,,,,,retain_for_conditioning,pending
raw,<LOCAL_WORKSPACE>\GRID_D22_GitHub\data\real_munich\data\bohrungen_epsg25832_shp\bohrungen.shp,250.0,7835BG012148,coordinates,outside_model_inside_legacy_buffer,info,,,,,,retain_for_conditioning,pending
raw,<LOCAL_WORKSPACE>\GRID_D22_GitHub\data\real_munich\data\bohrungen_epsg25832_shp\bohrungen.shp,252.0,7835BG010601,coordinates,outside_model_inside_legacy_buffer,info,,,,,,retain_for_conditioning,pending
raw,<LOCAL_WORKSPACE>\GRID_D22_GitHub\data\real_munich\data\bohrungen_epsg25832_shp\bohrungen.shp,253.0,7835BG010603,coordinates,outside_model_inside_legacy_buffer,info,,,,,,retain_for_conditioning,pending
raw,<LOCAL_WORKSPACE>\GRID_D22_GitHub\data\real_munich\data\bohrungen_epsg25832_shp\bohrungen.shp,255.0,7835BG010606,coordinates,outside_model_inside_legacy_buffer,info,,,,,,retain_for_conditioning,pending
raw,<LOCAL_WORKSPACE>\GRID_D22_GitHub\data\real_munich\data\bohrungen_epsg25832_shp\bohrungen.shp,261.0,7835BG010610,coordinates,outside_model_inside_legacy_buffer,info,,,,,,retain_for_conditioning,pending
raw,<LOCAL_WORKSPACE>\GRID_D22_GitHub\data\real_munich\data\bohrungen_epsg25832_shp\bohrungen.shp,264.0,7835BG010394,coordinates,outside_model_inside_legacy_buffer,info,,,,,,retain_for_conditioning,pending
raw,<LOCAL_WORKSPACE>\GRID_D22_GitHub\data\real_munich\data\bohrungen_epsg25832_shp\bohrungen.shp,265.0,7835BG010395,coordinates,outside_model_inside_legacy_buffer,info,,,,,,retain_for_conditioning,pending
raw,<LOCAL_WORKSPACE>\GRID_D22_GitHub\data\real_munich\data\bohrungen_epsg25832_shp\bohrungen.shp,266.0,7835BG010396,coordinates,outside_model_inside_legacy_buffer,info,,,,,,retain_for_conditioning,pending
raw,<LOCAL_WORKSPACE>\GRID_D22_GitHub\data\real_munich\data\bohrungen_epsg25832_shp\bohrungen.shp,267.0,7835BG010401,coordinates,outside_model_inside_legacy_buffer,info,,,,,,retain_for_conditioning,pending
raw,<LOCAL_WORKSPACE>\GRID_D22_GitHub\data\real_munich\data\bohrungen_epsg25832_shp\bohrungen.shp,270.0,7835BG010641,coordinates,outside_model_inside_legacy_buffer,info,,,,,,retain_for_conditioning,pending
raw,<LOCAL_WORKSPACE>\GRID_D22_GitHub\data\real_munich\data\bohrungen_epsg25832_shp\bohrungen.shp,271.0,7835BG010642,coordinates,outside_model_inside_legacy_buffer,info,,,,,,retain_for_conditioning,pending
raw,<LOCAL_WORKSPACE>\GRID_D22_GitHub\data\real_munich\data\bohrungen_epsg25832_shp\bohrungen.shp,272.0,7835BG010643,coordinates,outside_model_inside_legacy_buffer,info,,,,,,retain_for_conditioning,pending
raw,<LOCAL_WORKSPACE>\GRID_D22_GitHub\data\real_munich\data\bohrungen_epsg25832_shp\bohrungen.shp,273.0,7835BG010645,coordinates,outside_model_inside_legacy_buffer,info,,,,,,retain_for_conditioning,pending
raw,<LOCAL_WORKSPACE>\GRID_D22_GitHub\data\real_munich\data\bohrungen_epsg25832_shp\bohrungen.shp,274.0,7835BG010683,coordinates,outside_model_inside_legacy_buffer,info,,,,,,retain_for_conditioning,pending
raw,<LOCAL_WORKSPACE>\GRID_D22_GitHub\data\real_munich\data\bohrungen_epsg25832_shp\bohrungen.shp,275.0,7835BG010684,coordinates,outside_model_inside_legacy_buffer,info,,,,,,retain_for_conditioning,pending
raw,<LOCAL_WORKSPACE>\GRID_D22_GitHub\data\real_munich\data\bohrungen_epsg25832_shp\bohrungen.shp,276.0,7835BG011118,coordinates,outside_model_inside_legacy_buffer,info,,,,,,retain_for_conditioning,pending
raw,<LOCAL_WORKSPACE>\GRID_D22_GitHub\data\real_munich\data\bohrungen_epsg25832_shp\bohrungen.shp,277.0,7835BG011120,coordinates,outside_model_inside_legacy_buffer,info,,,,,,retain_for_conditioning,pending
raw,<LOCAL_WORKSPACE>\GRID_D22_GitHub\data\real_munich\data\bohrungen_epsg25832_shp\bohrungen.shp,278.0,7835BG010648,coordinates,outside_model_inside_legacy_buffer,info,,,,,,retain_for_conditioning,pending
raw,<LOCAL_WORKSPACE>\GRID_D22_GitHub\data\real_munich\data\bohrungen_epsg25832_shp\bohrungen.shp,279.0,7835BG010649,coordinates,outside_model_inside_legacy_buffer,info,,,,,,retain_for_conditioning,pending
raw,<LOCAL_WORKSPACE>\GRID_D22_GitHub\data\real_munich\data\bohrungen_epsg25832_shp\bohrungen.shp,280.0,7835BG010650,coordinates,outside_model_inside_legacy_buffer,info,,,,,,retain_for_conditioning,pending
raw,<LOCAL_WORKSPACE>\GRID_D22_GitHub\data\real_munich\data\bohrungen_epsg25832_shp\bohrungen.shp,281.0,7835BG010998,coordinates,outside_model_inside_legacy_buffer,info,,,,,,retain_for_conditioning,pending
raw,<LOCAL_WORKSPACE>\GRID_D22_GitHub\data\real_munich\data\bohrungen_epsg25832_shp\bohrungen.shp,282.0,7835BG011123,coordinates,outside_model_inside_legacy_buffer,info,,,,,,retain_for_conditioning,pending
raw,<LOCAL_WORKSPACE>\GRID_D22_GitHub\data\real_munich\data\bohrungen_epsg25832_shp\bohrungen.shp,284.0,7835BG010653,coordinates,outside_model_inside_legacy_buffer,info,,,,,,retain_for_conditioning,pending
raw,<LOCAL_WORKSPACE>\GRID_D22_GitHub\data\real_munich\data\bohrungen_epsg25832_shp\bohrungen.shp,285.0,7835BG010654,coordinates,outside_model_inside_legacy_buffer,info,,,,,,retain_for_conditioning,pending
raw,<LOCAL_WORKSPACE>\GRID_D22_GitHub\data\real_munich\data\bohrungen_epsg25832_shp\bohrungen.shp,286.0,7835BG011124,coordinates,outside_model_inside_legacy_buffer,info,,,,,,retain_for_conditioning,pending
raw,<LOCAL_WORKSPACE>\GRID_D22_GitHub\data\real_munich\data\bohrungen_epsg25832_shp\bohrungen.shp,287.0,7835BG011125,coordinates,outside_model_inside_legacy_buffer,info,,,,,,retain_for_conditioning,pending
raw,<LOCAL_WORKSPACE>\GRID_D22_GitHub\data\real_munich\data\bohrungen_epsg25832_shp\bohrungen.shp,288.0,7835BG011127,coordinates,outside_model_inside_legacy_buffer,info,,,,,,retain_for_conditioning,pending
raw,<LOCAL_WORKSPACE>\GRID_D22_GitHub\data\real_munich\data\bohrungen_epsg25832_shp\bohrungen.shp,289.0,7835BG011128,coordinates,outside_model_inside_legacy_buffer,info,,,,,,retain_for_conditioning,pending
raw,<LOCAL_WORKSPACE>\GRID_D22_GitHub\data\real_munich\data\bohrungen_epsg25832_shp\bohrungen.shp,291.0,7835BG010658,coordinates,outside_model_inside_legacy_buffer,info,,,,,,retain_for_conditioning,pending
raw,<LOCAL_WORKSPACE>\GRID_D22_GitHub\data\real_munich\data\bohrungen_epsg25832_shp\bohrungen.shp,293.0,7835BG010660,coordinates,outside_model_inside_legacy_buffer,info,,,,,,retain_for_conditioning,pending
raw,<LOCAL_WORKSPACE>\GRID_D22_GitHub\data\real_munich\data\bohrungen_epsg25832_shp\bohrungen.shp,294.0,7835BG010661,coordinates,outside_model_inside_legacy_buffer,info,,,,,,retain_for_conditioning,pending
raw,<LOCAL_WORKSPACE>\GRID_D22_GitHub\data\real_munich\data\bohrungen_epsg25832_shp\bohrungen.shp,299.0,7835BG010662,coordinates,outside_model_inside_legacy_buffer,info,,,,,,retain_for_conditioning,pending
raw,<LOCAL_WORKSPACE>\GRID_D22_GitHub\data\real_munich\data\bohrungen_epsg25832_shp\bohrungen.shp,300.0,7835BG010664,coordinates,outside_model_inside_legacy_buffer,info,,,,,,retain_for_conditioning,pending
raw,<LOCAL_WORKSPACE>\GRID_D22_GitHub\data\real_munich\data\bohrungen_epsg25832_shp\bohrungen.shp,301.0,7835BG010665,coordinates,outside_model_inside_legacy_buffer,info,,,,,,retain_for_conditioning,pending
raw,<LOCAL_WORKSPACE>\GRID_D22_GitHub\data\real_munich\data\bohrungen_epsg25832_shp\bohrungen.shp,303.0,7835BG010824,coordinates,outside_model_inside_legacy_buffer,info,,,,,,retain_for_conditioning,pending
raw,<LOCAL_WORKSPACE>\GRID_D22_GitHub\data\real_munich\data\bohrungen_epsg25832_shp\bohrungen.shp,304.0,7835BG010832,coordinates,outside_model_inside_legacy_buffer,info,,,,,,retain_for_conditioning,pending
raw,<LOCAL_WORKSPACE>\GRID_D22_GitHub\data\real_munich\data\bohrungen_epsg25832_shp\bohrungen.shp,307.0,7835BG010669,coordinates,outside_model_inside_legacy_buffer,info,,,,,,retain_for_conditioning,pending
raw,<LOCAL_WORKSPACE>\GRID_D22_GitHub\data\real_munich\data\bohrungen_epsg25832_shp\bohrungen.shp,308.0,7835BG010671,coordinates,outside_model_inside_legacy_buffer,info,,,,,,retain_for_conditioning,pending
raw,<LOCAL_WORKSPACE>\GRID_D22_GitHub\data\real_munich\data\bohrungen_epsg25832_shp\bohrungen.shp,309.0,7835BG010672,coordinates,outside_model_inside_legacy_buffer,info,,,,,,retain_for_conditioning,pending
raw,<LOCAL_WORKSPACE>\GRID_D22_GitHub\data\real_munich\data\bohrungen_epsg25832_shp\bohrungen.shp,313.0,7835BG010635,coordinates,outside_model_inside_legacy_buffer,info,,,,,,retain_for_conditioning,pending
raw,<LOCAL_WORKSPACE>\GRID_D22_GitHub\data\real_munich\data\bohrungen_epsg25832_shp\bohrungen.shp,314.0,7835BG010639,coordinates,outside_model_inside_legacy_buffer,info,,,,,,retain_for_conditioning,pending
raw,<LOCAL_WORKSPACE>\GRID_D22_GitHub\data\real_munich\data\bohrungen_epsg25832_shp\bohrungen.shp,316.0,7835BG010675,coordinates,outside_model_inside_legacy_buffer,info,,,,,,retain_for_conditioning,pending
raw,<LOCAL_WORKSPACE>\GRID_D22_GitHub\data\real_munich\data\bohrungen_epsg25832_shp\bohrungen.shp,317.0,7835BG010676,coordinates,outside_model_inside_legacy_buffer,info,,,,,,retain_for_conditioning,pending
raw,<LOCAL_WORKSPACE>\GRID_D22_GitHub\data\real_munich\data\bohrungen_epsg25832_shp\bohrungen.shp,318.0,7835BG010677,coordinates,outside_model_inside_legacy_buffer,info,,,,,,retain_for_conditioning,pending
raw,<LOCAL_WORKSPACE>\GRID_D22_GitHub\data\real_munich\data\bohrungen_epsg25832_shp\bohrungen.shp,319.0,7835BG010680,coordinates,outside_model_inside_legacy_buffer,info,,,,,,retain_for_conditioning,pending
raw,<LOCAL_WORKSPACE>\GRID_D22_GitHub\data\real_munich\data\bohrungen_epsg25832_shp\bohrungen.shp,320.0,7835BG010682,coordinates,outside_model_inside_legacy_buffer,info,,,,,,retain_for_conditioning,pending
raw,<LOCAL_WORKSPACE>\GRID_D22_GitHub\data\real_munich\data\bohrungen_epsg25832_shp\bohrungen.shp,321.0,7835BG010836,coordinates,outside_model_inside_legacy_buffer,info,,,,,,retain_for_conditioning,pending
raw,<LOCAL_WORKSPACE>\GRID_D22_GitHub\data\real_munich\data\bohrungen_epsg25832_shp\bohrungen.shp,327.0,7835BG010989,coordinates,outside_model_inside_legacy_buffer,info,,,,,,retain_for_conditioning,pending
raw,<LOCAL_WORKSPACE>\GRID_D22_GitHub\data\real_munich\data\bohrungen_epsg25832_shp\bohrungen.shp,328.0,7835BG010990,coordinates,outside_model_inside_legacy_buffer,info,,,,,,retain_for_conditioning,pending
raw,<LOCAL_WORKSPACE>\GRID_D22_GitHub\data\real_munich\data\bohrungen_epsg25832_shp\bohrungen.shp,329.0,7835BG010994,coordinates,outside_model_inside_legacy_buffer,info,,,,,,retain_for_conditioning,pending
raw,<LOCAL_WORKSPACE>\GRID_D22_GitHub\data\real_munich\data\bohrungen_epsg25832_shp\bohrungen.shp,330.0,7835BG010995,coordinates,outside_model_inside_legacy_buffer,info,,,,,,retain_for_conditioning,pending
raw,<LOCAL_WORKSPACE>\GRID_D22_GitHub\data\real_munich\data\bohrungen_epsg25832_shp\bohrungen.shp,331.0,7835BG010997,coordinates,outside_model_inside_legacy_buffer,info,,,,,,retain_for_conditioning,pending
raw,<LOCAL_WORKSPACE>\GRID_D22_GitHub\data\real_munich\data\bohrungen_epsg25832_shp\bohrungen.shp,332.0,7835BG009076,coordinates,outside_model_inside_legacy_buffer,info,,,,,,retain_for_conditioning,pending
raw,<LOCAL_WORKSPACE>\GRID_D22_GitHub\data\real_munich\data\bohrungen_epsg25832_shp\bohrungen.shp,333.0,7835BG009077,coordinates,outside_model_inside_legacy_buffer,info,,,,,,retain_for_conditioning,pending
raw,<LOCAL_WORKSPACE>\GRID_D22_GitHub\data\real_munich\data\bohrungen_epsg25832_shp\bohrungen.shp,334.0,7835BG009078,coordinates,outside_model_inside_legacy_buffer,info,,,,,,retain_for_conditioning,pending
raw,<LOCAL_WORKSPACE>\GRID_D22_GitHub\data\real_munich\data\bohrungen_epsg25832_shp\bohrungen.shp,335.0,7835BG009080,coordinates,outside_model_inside_legacy_buffer,info,,,,,,retain_for_conditioning,pending
raw,<LOCAL_WORKSPACE>\GRID_D22_GitHub\data\real_munich\data\bohrungen_epsg25832_shp\bohrungen.shp,336.0,7835BG009250,coordinates,outside_model_inside_legacy_buffer,info,,,,,,retain_for_conditioning,pending
raw,<LOCAL_WORKSPACE>\GRID_D22_GitHub\data\real_munich\data\bohrungen_epsg25832_shp\bohrungen.shp,337.0,7835BG009251,coordinates,outside_model_inside_legacy_buffer,info,,,,,,retain_for_conditioning,pending
raw,<LOCAL_WORKSPACE>\GRID_D22_GitHub\data\real_munich\data\bohrungen_epsg25832_shp\bohrungen.shp,338.0,7835BG009253,coordinates,outside_model_inside_legacy_buffer,info,,,,,,retain_for_conditioning,pending
raw,<LOCAL_WORKSPACE>\GRID_D22_GitHub\data\real_munich\data\bohrungen_epsg25832_shp\bohrungen.shp,339.0,7835BG009254,coordinates,outside_model_inside_legacy_buffer,info,,,,,,retain_for_conditioning,pending
raw,<LOCAL_WORKSPACE>\GRID_D22_GitHub\data\real_munich\data\bohrungen_epsg25832_shp\bohrungen.shp,340.0,7835BG009255,coordinates,outside_model_inside_legacy_buffer,info,,,,,,retain_for_conditioning,pending
raw,<LOCAL_WORKSPACE>\GRID_D22_GitHub\data\real_munich\data\bohrungen_epsg25832_shp\bohrungen.shp,341.0,7835BG010957,coordinates,outside_model_inside_legacy_buffer,info,,,,,,retain_for_conditioning,pending
raw,<LOCAL_WORKSPACE>\GRID_D22_GitHub\data\real_munich\data\bohrungen_epsg25832_shp\bohrungen.shp,342.0,7835BG010963,coordinates,outside_model_inside_legacy_buffer,info,,,,,,retain_for_conditioning,pending
raw,<LOCAL_WORKSPACE>\GRID_D22_GitHub\data\real_munich\data\bohrungen_epsg25832_shp\bohrungen.shp,343.0,7835BG010964,coordinates,outside_model_inside_legacy_buffer,info,,,,,,retain_for_conditioning,pending
raw,<LOCAL_WORKSPACE>\GRID_D22_GitHub\data\real_munich\data\bohrungen_epsg25832_shp\bohrungen.shp,344.0,7835BG010966,coordinates,outside_model_inside_legacy_buffer,info,,,,,,retain_for_conditioning,pending
raw,<LOCAL_WORKSPACE>\GRID_D22_GitHub\data\real_munich\data\bohrungen_epsg25832_shp\bohrungen.shp,345.0,7835BG009257,coordinates,outside_model_inside_legacy_buffer,info,,,,,,retain_for_conditioning,pending
raw,<LOCAL_WORKSPACE>\GRID_D22_GitHub\data\real_munich\data\bohrungen_epsg25832_shp\bohrungen.shp,346.0,7835BG009258,coordinates,outside_model_inside_legacy_buffer,info,,,,,,retain_for_conditioning,pending
raw,<LOCAL_WORKSPACE>\GRID_D22_GitHub\data\real_munich\data\bohrungen_epsg25832_shp\bohrungen.shp,347.0,7835BG009260,coordinates,outside_model_inside_legacy_buffer,info,,,,,,retain_for_conditioning,pending
raw,<LOCAL_WORKSPACE>\GRID_D22_GitHub\data\real_munich\data\bohrungen_epsg25832_shp\bohrungen.shp,348.0,7835BG009261,coordinates,outside_model_inside_legacy_buffer,info,,,,,,retain_for_conditioning,pending
raw,<LOCAL_WORKSPACE>\GRID_D22_GitHub\data\real_munich\data\bohrungen_epsg25832_shp\bohrungen.shp,349.0,7835BG008556,coordinates,outside_model_inside_legacy_buffer,info,,,,,,retain_for_conditioning,pending
raw,<LOCAL_WORKSPACE>\GRID_D22_GitHub\data\real_munich\data\bohrungen_epsg25832_shp\bohrungen.shp,350.0,7835BG011103,coordinates,outside_model_inside_legacy_buffer,info,,,,,,retain_for_conditioning,pending
raw,<LOCAL_WORKSPACE>\GRID_D22_GitHub\data\real_munich\data\bohrungen_epsg25832_shp\bohrungen.shp,351.0,7835BG011105,coordinates,outside_model_inside_legacy_buffer,info,,,,,,retain_for_conditioning,pending
raw,<LOCAL_WORKSPACE>\GRID_D22_GitHub\data\real_munich\data\bohrungen_epsg25832_shp\bohrungen.shp,352.0,7835BG008621,coordinates,outside_model_inside_legacy_buffer,info,,,,,,retain_for_conditioning,pending
raw,<LOCAL_WORKSPACE>\GRID_D22_GitHub\data\real_munich\data\bohrungen_epsg25832_shp\bohrungen.shp,353.0,7835BG008623,coordinates,outside_model_inside_legacy_buffer,info,,,,,,retain_for_conditioning,pending
raw,<LOCAL_WORKSPACE>\GRID_D22_GitHub\data\real_munich\data\bohrungen_epsg25832_shp\bohrungen.shp,354.0,7835BG009091,coordinates,outside_model_inside_legacy_buffer,info,,,,,,retain_for_conditioning,pending
raw,<LOCAL_WORKSPACE>\GRID_D22_GitHub\data\real_munich\data\bohrungen_epsg25832_shp\bohrungen.shp,355.0,7835BG009095,coordinates,outside_model_inside_legacy_buffer,info,,,,,,retain_for_conditioning,pending
raw,<LOCAL_WORKSPACE>\GRID_D22_GitHub\data\real_munich\data\bohrungen_epsg25832_shp\bohrungen.shp,360.0,7835BG009265,coordinates,outside_model_inside_legacy_buffer,info,,,,,,retain_for_conditioning,pending
raw,<LOCAL_WORKSPACE>\GRID_D22_GitHub\data\real_munich\data\bohrungen_epsg25832_shp\bohrungen.shp,367.0,7835BG011048,coordinates,outside_model_inside_legacy_buffer,info,,,,,,retain_for_conditioning,pending
raw,<LOCAL_WORKSPACE>\GRID_D22_GitHub\data\real_munich\data\bohrungen_epsg25832_shp\bohrungen.shp,368.0,7835BG011109,coordinates,outside_model_inside_legacy_buffer,info,,,,,,retain_for_conditioning,pending
raw,<LOCAL_WORKSPACE>\GRID_D22_GitHub\data\real_munich\data\bohrungen_epsg25832_shp\bohrungen.shp,371.0,7835BG009281,coordinates,outside_model_inside_legacy_buffer,info,,,,,,retain_for_conditioning,pending
raw,<LOCAL_WORKSPACE>\GRID_D22_GitHub\data\real_munich\data\bohrungen_epsg25832_shp\bohrungen.shp,372.0,7835BG009283,coordinates,outside_model_inside_legacy_buffer,info,,,,,,retain_for_conditioning,pending
raw,<LOCAL_WORKSPACE>\GRID_D22_GitHub\data\real_munich\data\bohrungen_epsg25832_shp\bohrungen.shp,373.0,7835BG011091,coordinates,outside_model_inside_legacy_buffer,info,,,,,,retain_for_conditioning,pending
raw,<LOCAL_WORKSPACE>\GRID_D22_GitHub\data\real_munich\data\bohrungen_epsg25832_shp\bohrungen.shp,374.0,7835BG010983,coordinates,outside_model_inside_legacy_buffer,info,,,,,,retain_for_conditioning,pending
raw,<LOCAL_WORKSPACE>\GRID_D22_GitHub\data\real_munich\data\bohrungen_epsg25832_shp\bohrungen.shp,375.0,7835BG010985,coordinates,outside_model_inside_legacy_buffer,info,,,,,,retain_for_conditioning,pending
raw,<LOCAL_WORKSPACE>\GRID_D22_GitHub\data\real_munich\data\bohrungen_epsg25832_shp\bohrungen.shp,376.0,7835BG009285,coordinates,outside_model_inside_legacy_buffer,info,,,,,,retain_for_conditioning,pending
raw,<LOCAL_WORKSPACE>\GRID_D22_GitHub\data\real_munich\data\bohrungen_epsg25832_shp\bohrungen.shp,378.0,7835BG009288,coordinates,outside_model_inside_legacy_buffer,info,,,,,,retain_for_conditioning,pending
raw,<LOCAL_WORKSPACE>\GRID_D22_GitHub\data\real_munich\data\bohrungen_epsg25832_shp\bohrungen.shp,384.0,7835BG011112,coordinates,outside_model_inside_legacy_buffer,info,,,,,,retain_for_conditioning,pending
raw,<LOCAL_WORKSPACE>\GRID_D22_GitHub\data\real_munich\data\bohrungen_epsg25832_shp\bohrungen.shp,385.0,7835BG011116,coordinates,outside_model_inside_legacy_buffer,info,,,,,,retain_for_conditioning,pending
raw,<LOCAL_WORKSPACE>\GRID_D22_GitHub\data\real_munich\data\bohrungen_epsg25832_shp\bohrungen.shp,386.0,7835BG008587,coordinates,outside_model_inside_legacy_buffer,info,,,,,,retain_for_conditioning,pending
raw,<LOCAL_WORKSPACE>\GRID_D22_GitHub\data\real_munich\data\bohrungen_epsg25832_shp\bohrungen.shp,387.0,7835BG008589,coordinates,outside_model_inside_legacy_buffer,info,,,,,,retain_for_conditioning,pending
raw,<LOCAL_WORKSPACE>\GRID_D22_GitHub\data\real_munich\data\bohrungen_epsg25832_shp\bohrungen.shp,388.0,7835BG009242,coordinates,outside_model_inside_legacy_buffer,info,,,,,,retain_for_conditioning,pending
raw,<LOCAL_WORKSPACE>\GRID_D22_GitHub\data\real_munich\data\bohrungen_epsg25832_shp\bohrungen.shp,389.0,7835BG009245,coordinates,outside_model_inside_legacy_buffer,info,,,,,,retain_for_conditioning,pending
raw,<LOCAL_WORKSPACE>\GRID_D22_GitHub\data\real_munich\data\bohrungen_epsg25832_shp\bohrungen.shp,390.0,7835BG009246,coordinates,outside_model_inside_legacy_buffer,info,,,,,,retain_for_conditioning,pending
raw,<LOCAL_WORKSPACE>\GRID_D22_GitHub\data\real_munich\data\bohrungen_epsg25832_shp\bohrungen.shp,391.0,7835BG009247,coordinates,outside_model_inside_legacy_buffer,info,,,,,,retain_for_conditioning,pending
raw,<LOCAL_WORKSPACE>\GRID_D22_GitHub\data\real_munich\data\bohrungen_epsg25832_shp\bohrungen.shp,392.0,7835BG009249,coordinates,outside_model_inside_legacy_buffer,info,,,,,,retain_for_conditioning,pending
raw,<LOCAL_WORKSPACE>\GRID_D22_GitHub\data\real_munich\data\bohrungen_epsg25832_shp\bohrungen.shp,393.0,7835BG008591,coordinates,outside_model_inside_legacy_buffer,info,,,,,,retain_for_conditioning,pending
raw,<LOCAL_WORKSPACE>\GRID_D22_GitHub\data\real_munich\data\bohrungen_epsg25832_shp\bohrungen.shp,394.0,7835BG008593,coordinates,outside_model_inside_legacy_buffer,info,,,,,,retain_for_conditioning,pending
raw,<LOCAL_WORKSPACE>\GRID_D22_GitHub\data\real_munich\data\bohrungen_epsg25832_shp\bohrungen.shp,395.0,7835BG008594,coordinates,outside_model_inside_legacy_buffer,info,,,,,,retain_for_conditioning,pending
raw,<LOCAL_WORKSPACE>\GRID_D22_GitHub\data\real_munich\data\bohrungen_epsg25832_shp\bohrungen.shp,396.0,7835BG008596,coordinates,outside_model_inside_legacy_buffer,info,,,,,,retain_for_conditioning,pending
raw,<LOCAL_WORKSPACE>\GRID_D22_GitHub\data\real_munich\data\bohrungen_epsg25832_shp\bohrungen.shp,397.0,7835BG008597,coordinates,outside_model_inside_legacy_buffer,info,,,,,,retain_for_conditioning,pending
raw,<LOCAL_WORKSPACE>\GRID_D22_GitHub\data\real_munich\data\bohrungen_epsg25832_shp\bohrungen.shp,398.0,7835BG008598,coordinates,outside_model_inside_legacy_buffer,info,,,,,,retain_for_conditioning,pending
raw,<LOCAL_WORKSPACE>\GRID_D22_GitHub\data\real_munich\data\bohrungen_epsg25832_shp\bohrungen.shp,399.0,7835BG008600,coordinates,outside_model_inside_legacy_buffer,info,,,,,,retain_for_conditioning,pending
raw,<LOCAL_WORKSPACE>\GRID_D22_GitHub\data\real_munich\data\bohrungen_epsg25832_shp\bohrungen.shp,400.0,7835BG008601,coordinates,outside_model_inside_legacy_buffer,info,,,,,,retain_for_conditioning,pending
raw,<LOCAL_WORKSPACE>\GRID_D22_GitHub\data\real_munich\data\bohrungen_epsg25832_shp\bohrungen.shp,401.0,7835BG008602,coordinates,outside_model_inside_legacy_buffer,info,,,,,,retain_for_conditioning,pending
raw,<LOCAL_WORKSPACE>\GRID_D22_GitHub\data\real_munich\data\bohrungen_epsg25832_shp\bohrungen.shp,402.0,7835BG008607,coordinates,outside_model_inside_legacy_buffer,info,,,,,,retain_for_conditioning,pending
raw,<LOCAL_WORKSPACE>\GRID_D22_GitHub\data\real_munich\data\bohrungen_epsg25832_shp\bohrungen.shp,403.0,7835BG011098,coordinates,outside_model_inside_legacy_buffer,info,,,,,,retain_for_conditioning,pending
raw,<LOCAL_WORKSPACE>\GRID_D22_GitHub\data\real_munich\data\bohrungen_epsg25832_shp\bohrungen.shp,404.0,7835BG009614,coordinates,outside_model_inside_legacy_buffer,info,,,,,,retain_for_conditioning,pending
raw,<LOCAL_WORKSPACE>\GRID_D22_GitHub\data\real_munich\data\bohrungen_epsg25832_shp\bohrungen.shp,406.0,7835BG009147,coordinates,outside_model_inside_legacy_buffer,info,,,,,,retain_for_conditioning,pending
raw,<LOCAL_WORKSPACE>\GRID_D22_GitHub\data\real_munich\data\bohrungen_epsg25832_shp\bohrungen.shp,407.0,7835BG008734,coordinates,outside_model_inside_legacy_buffer,info,,,,,,retain_for_conditioning,pending
raw,<LOCAL_WORKSPACE>\GRID_D22_GitHub\data\real_munich\data\bohrungen_epsg25832_shp\bohrungen.shp,408.0,7835BG008736,coordinates,outside_model_inside_legacy_buffer,info,,,,,,retain_for_conditioning,pending
raw,<LOCAL_WORKSPACE>\GRID_D22_GitHub\data\real_munich\data\bohrungen_epsg25832_shp\bohrungen.shp,409.0,7835BG008667,coordinates,outside_model_inside_legacy_buffer,info,,,,,,retain_for_conditioning,pending
raw,<LOCAL_WORKSPACE>\GRID_D22_GitHub\data\real_munich\data\bohrungen_epsg25832_shp\bohrungen.shp,410.0,7835BG008668,coordinates,outside_model_inside_legacy_buffer,info,,,,,,retain_for_conditioning,pending
raw,<LOCAL_WORKSPACE>\GRID_D22_GitHub\data\real_munich\data\bohrungen_epsg25832_shp\bohrungen.shp,411.0,7835BG008669,coordinates,outside_model_inside_legacy_buffer,info,,,,,,retain_for_conditioning,pending
raw,<LOCAL_WORKSPACE>\GRID_D22_GitHub\data\real_munich\data\bohrungen_epsg25832_shp\bohrungen.shp,412.0,7835BG008738,coordinates,outside_model_inside_legacy_buffer,info,,,,,,retain_for_conditioning,pending
raw,<LOCAL_WORKSPACE>\GRID_D22_GitHub\data\real_munich\data\bohrungen_epsg25832_shp\bohrungen.shp,415.0,7835BG009205,coordinates,outside_model_inside_legacy_buffer,info,,,,,,retain_for_conditioning,pending
raw,<LOCAL_WORKSPACE>\GRID_D22_GitHub\data\real_munich\data\bohrungen_epsg25832_shp\bohrungen.shp,416.0,7835BG009207,coordinates,outside_model_inside_legacy_buffer,info,,,,,,retain_for_conditioning,pending
raw,<LOCAL_WORKSPACE>\GRID_D22_GitHub\data\real_munich\data\bohrungen_epsg25832_shp\bohrungen.shp,417.0,7835BG009208,coordinates,outside_model_inside_legacy_buffer,info,,,,,,retain_for_conditioning,pending
raw,<LOCAL_WORKSPACE>\GRID_D22_GitHub\data\real_munich\data\bohrungen_epsg25832_shp\bohrungen.shp,418.0,7835BG009209,coordinates,outside_model_inside_legacy_buffer,info,,,,,,retain_for_conditioning,pending
raw,<LOCAL_WORKSPACE>\GRID_D22_GitHub\data\real_munich\data\bohrungen_epsg25832_shp\bohrungen.shp,419.0,7835BG009148,coordinates,outside_model_inside_legacy_buffer,info,,,,,,retain_for_conditioning,pending
raw,<LOCAL_WORKSPACE>\GRID_D22_GitHub\data\real_munich\data\bohrungen_epsg25832_shp\bohrungen.shp,420.0,7835BG009150,coordinates,outside_model_inside_legacy_buffer,info,,,,,,retain_for_conditioning,pending
raw,<LOCAL_WORKSPACE>\GRID_D22_GitHub\data\real_munich\data\bohrungen_epsg25832_shp\bohrungen.shp,421.0,7835BG009151,coordinates,outside_model_inside_legacy_buffer,info,,,,,,retain_for_conditioning,pending
raw,<LOCAL_WORKSPACE>\GRID_D22_GitHub\data\real_munich\data\bohrungen_epsg25832_shp\bohrungen.shp,423.0,7835BG009465,coordinates,outside_model_inside_legacy_buffer,info,,,,,,retain_for_conditioning,pending
raw,<LOCAL_WORKSPACE>\GRID_D22_GitHub\data\real_munich\data\bohrungen_epsg25832_shp\bohrungen.shp,424.0,7835BG008626,coordinates,outside_model_inside_legacy_buffer,info,,,,,,retain_for_conditioning,pending
raw,<LOCAL_WORKSPACE>\GRID_D22_GitHub\data\real_munich\data\bohrungen_epsg25832_shp\bohrungen.shp,425.0,7835BG008627,coordinates,outside_model_inside_legacy_buffer,info,,,,,,retain_for_conditioning,pending
raw,<LOCAL_WORKSPACE>\GRID_D22_GitHub\data\real_munich\data\bohrungen_epsg25832_shp\bohrungen.shp,426.0,7835BG008628,coordinates,outside_model_inside_legacy_buffer,info,,,,,,retain_for_conditioning,pending
raw,<LOCAL_WORKSPACE>\GRID_D22_GitHub\data\real_munich\data\bohrungen_epsg25832_shp\bohrungen.shp,427.0,7835BG008630,coordinates,outside_model_inside_legacy_buffer,info,,,,,,retain_for_conditioning,pending
raw,<LOCAL_WORKSPACE>\GRID_D22_GitHub\data\real_munich\data\bohrungen_epsg25832_shp\bohrungen.shp,428.0,7835BG008631,coordinates,outside_model_inside_legacy_buffer,info,,,,,,retain_for_conditioning,pending
raw,<LOCAL_WORKSPACE>\GRID_D22_GitHub\data\real_munich\data\bohrungen_epsg25832_shp\bohrungen.shp,429.0,7835BG008632,coordinates,outside_model_inside_legacy_buffer,info,,,,,,retain_for_conditioning,pending
raw,<LOCAL_WORKSPACE>\GRID_D22_GitHub\data\real_munich\data\bohrungen_epsg25832_shp\bohrungen.shp,430.0,7835BG009161,coordinates,outside_model_inside_legacy_buffer,info,,,,,,retain_for_conditioning,pending
raw,<LOCAL_WORKSPACE>\GRID_D22_GitHub\data\real_munich\data\bohrungen_epsg25832_shp\bohrungen.shp,431.0,7835BG009162,coordinates,outside_model_inside_legacy_buffer,info,,,,,,retain_for_conditioning,pending
raw,<LOCAL_WORKSPACE>\GRID_D22_GitHub\data\real_munich\data\bohrungen_epsg25832_shp\bohrungen.shp,433.0,7835BG009218,coordinates,outside_model_inside_legacy_buffer,info,,,,,,retain_for_conditioning,pending
raw,<LOCAL_WORKSPACE>\GRID_D22_GitHub\data\real_munich\data\bohrungen_epsg25832_shp\bohrungen.shp,434.0,7835BG009219,coordinates,outside_model_inside_legacy_buffer,info,,,,,,retain_for_conditioning,pending
raw,<LOCAL_WORKSPACE>\GRID_D22_GitHub\data\real_munich\data\bohrungen_epsg25832_shp\bohrungen.shp,435.0,7835BG009220,coordinates,outside_model_inside_legacy_buffer,info,,,,,,retain_for_conditioning,pending
raw,<LOCAL_WORKSPACE>\GRID_D22_GitHub\data\real_munich\data\bohrungen_epsg25832_shp\bohrungen.shp,436.0,7835BG009222,coordinates,outside_model_inside_legacy_buffer,info,,,,,,retain_for_conditioning,pending
raw,<LOCAL_WORKSPACE>\GRID_D22_GitHub\data\real_munich\data\bohrungen_epsg25832_shp\bohrungen.shp,443.0,7835BG009166,coordinates,outside_model_inside_legacy_buffer,info,,,,,,retain_for_conditioning,pending
raw,<LOCAL_WORKSPACE>\GRID_D22_GitHub\data\real_munich\data\bohrungen_epsg25832_shp\bohrungen.shp,445.0,7835BG009169,coordinates,outside_model_inside_legacy_buffer,info,,,,,,retain_for_conditioning,pending
raw,<LOCAL_WORKSPACE>\GRID_D22_GitHub\data\real_munich\data\bohrungen_epsg25832_shp\bohrungen.shp,447.0,7835BG009173,coordinates,outside_model_inside_legacy_buffer,info,,,,,,retain_for_conditioning,pending
raw,<LOCAL_WORKSPACE>\GRID_D22_GitHub\data\real_munich\data\bohrungen_epsg25832_shp\bohrungen.shp,448.0,7835BG009105,coordinates,outside_model_inside_legacy_buffer,info,,,,,,retain_for_conditioning,pending
raw,<LOCAL_WORKSPACE>\GRID_D22_GitHub\data\real_munich\data\bohrungen_epsg25832_shp\bohrungen.shp,449.0,7835BG009108,coordinates,outside_model_inside_legacy_buffer,info,,,,,,retain_for_conditioning,pending
raw,<LOCAL_WORKSPACE>\GRID_D22_GitHub\data\real_munich\data\bohrungen_epsg25832_shp\bohrungen.shp,450.0,7835BG009109,coordinates,outside_model_inside_legacy_buffer,info,,,,,,retain_for_conditioning,pending
raw,<LOCAL_WORKSPACE>\GRID_D22_GitHub\data\real_munich\data\bohrungen_epsg25832_shp\bohrungen.shp,451.0,7835BG009110,coordinates,outside_model_inside_legacy_buffer,info,,,,,,retain_for_conditioning,pending
raw,<LOCAL_WORKSPACE>\GRID_D22_GitHub\data\real_munich\data\bohrungen_epsg25832_shp\bohrungen.shp,455.0,7835BG008502,coordinates,outside_model_inside_legacy_buffer,info,,,,,,retain_for_conditioning,pending
raw,<LOCAL_WORKSPACE>\GRID_D22_GitHub\data\real_munich\data\bohrungen_epsg25832_shp\bohrungen.shp,456.0,7835BG008504,coordinates,outside_model_inside_legacy_buffer,info,,,,,,retain_for_conditioning,pending
raw,<LOCAL_WORKSPACE>\GRID_D22_GitHub\data\real_munich\data\bohrungen_epsg25832_shp\bohrungen.shp,457.0,7835BG008505,coordinates,outside_model_inside_legacy_buffer,info,,,,,,retain_for_conditioning,pending
raw,<LOCAL_WORKSPACE>\GRID_D22_GitHub\data\real_munich\data\bohrungen_epsg25832_shp\bohrungen.shp,459.0,7835BG008635,coordinates,outside_model_inside_legacy_buffer,info,,,,,,retain_for_conditioning,pending
raw,<LOCAL_WORKSPACE>\GRID_D22_GitHub\data\real_munich\data\bohrungen_epsg25832_shp\bohrungen.shp,462.0,7835BG008639,coordinates,outside_model_inside_legacy_buffer,info,,,,,,retain_for_conditioning,pending
raw,<LOCAL_WORKSPACE>\GRID_D22_GitHub\data\real_munich\data\bohrungen_epsg25832_shp\bohrungen.shp,463.0,7835BG008641,coordinates,outside_model_inside_legacy_buffer,info,,,,,,retain_for_conditioning,pending
raw,<LOCAL_WORKSPACE>\GRID_D22_GitHub\data\real_munich\data\bohrungen_epsg25832_shp\bohrungen.shp,464.0,7835BG008642,coordinates,outside_model_inside_legacy_buffer,info,,,,,,retain_for_conditioning,pending
raw,<LOCAL_WORKSPACE>\GRID_D22_GitHub\data\real_munich\data\bohrungen_epsg25832_shp\bohrungen.shp,465.0,7835BG009224,coordinates,outside_model_inside_legacy_buffer,info,,,,,,retain_for_conditioning,pending
raw,<LOCAL_WORKSPACE>\GRID_D22_GitHub\data\real_munich\data\bohrungen_epsg25832_shp\bohrungen.shp,466.0,7835BG008643,coordinates,outside_model_inside_legacy_buffer,info,,,,,,retain_for_conditioning,pending
raw,<LOCAL_WORKSPACE>\GRID_D22_GitHub\data\real_munich\data\bohrungen_epsg25832_shp\bohrungen.shp,467.0,7835BG008645,coordinates,outside_model_inside_legacy_buffer,info,,,,,,retain_for_conditioning,pending
raw,<LOCAL_WORKSPACE>\GRID_D22_GitHub\data\real_munich\data\bohrungen_epsg25832_shp\bohrungen.shp,468.0,7835BG008646,coordinates,outside_model_inside_legacy_buffer,info,,,,,,retain_for_conditioning,pending
raw,<LOCAL_WORKSPACE>\GRID_D22_GitHub\data\real_munich\data\bohrungen_epsg25832_shp\bohrungen.shp,469.0,7835BG008647,coordinates,outside_model_inside_legacy_buffer,info,,,,,,retain_for_conditioning,pending
raw,<LOCAL_WORKSPACE>\GRID_D22_GitHub\data\real_munich\data\bohrungen_epsg25832_shp\bohrungen.shp,470.0,7835BG008893,coordinates,outside_model_inside_legacy_buffer,info,,,,,,retain_for_conditioning,pending
raw,<LOCAL_WORKSPACE>\GRID_D22_GitHub\data\real_munich\data\bohrungen_epsg25832_shp\bohrungen.shp,471.0,7835BG008894,coordinates,outside_model_inside_legacy_buffer,info,,,,,,retain_for_conditioning,pending
raw,<LOCAL_WORKSPACE>\GRID_D22_GitHub\data\real_munich\data\bohrungen_epsg25832_shp\bohrungen.shp,472.0,7835BG008895,coordinates,outside_model_inside_legacy_buffer,info,,,,,,retain_for_conditioning,pending
raw,<LOCAL_WORKSPACE>\GRID_D22_GitHub\data\real_munich\data\bohrungen_epsg25832_shp\bohrungen.shp,473.0,7835BG009174,coordinates,outside_model_inside_legacy_buffer,info,,,,,,retain_for_conditioning,pending
raw,<LOCAL_WORKSPACE>\GRID_D22_GitHub\data\real_munich\data\bohrungen_epsg25832_shp\bohrungen.shp,477.0,7835BG009228,coordinates,outside_model_inside_legacy_buffer,info,,,,,,retain_for_conditioning,pending
raw,<LOCAL_WORKSPACE>\GRID_D22_GitHub\data\real_munich\data\bohrungen_epsg25832_shp\bohrungen.shp,478.0,7835BG009230,coordinates,outside_model_inside_legacy_buffer,info,,,,,,retain_for_conditioning,pending
raw,<LOCAL_WORKSPACE>\GRID_D22_GitHub\data\real_munich\data\bohrungen_epsg25832_shp\bohrungen.shp,479.0,7835BG009231,coordinates,outside_model_inside_legacy_buffer,info,,,,,,retain_for_conditioning,pending
raw,<LOCAL_WORKSPACE>\GRID_D22_GitHub\data\real_munich\data\bohrungen_epsg25832_shp\bohrungen.shp,480.0,7835BG009232,coordinates,outside_model_inside_legacy_buffer,info,,,,,,retain_for_conditioning,pending
raw,<LOCAL_WORKSPACE>\GRID_D22_GitHub\data\real_munich\data\bohrungen_epsg25832_shp\bohrungen.shp,481.0,7835BG009291,coordinates,outside_model_inside_legacy_buffer,info,,,,,,retain_for_conditioning,pending
raw,<LOCAL_WORKSPACE>\GRID_D22_GitHub\data\real_munich\data\bohrungen_epsg25832_shp\bohrungen.shp,482.0,7835BG009292,coordinates,outside_model_inside_legacy_buffer,info,,,,,,retain_for_conditioning,pending
raw,<LOCAL_WORKSPACE>\GRID_D22_GitHub\data\real_munich\data\bohrungen_epsg25832_shp\bohrungen.shp,483.0,7835BG009121,coordinates,outside_model_inside_legacy_buffer,info,,,,,,retain_for_conditioning,pending
raw,<LOCAL_WORKSPACE>\GRID_D22_GitHub\data\real_munich\data\bohrungen_epsg25832_shp\bohrungen.shp,484.0,7835BG009189,coordinates,outside_model_inside_legacy_buffer,info,,,,,,retain_for_conditioning,pending
raw,<LOCAL_WORKSPACE>\GRID_D22_GitHub\data\real_munich\data\bohrungen_epsg25832_shp\bohrungen.shp,485.0,7835BG009190,coordinates,outside_model_inside_legacy_buffer,info,,,,,,retain_for_conditioning,pending
raw,<LOCAL_WORKSPACE>\GRID_D22_GitHub\data\real_munich\data\bohrungen_epsg25832_shp\bohrungen.shp,486.0,7835BG008506,coordinates,outside_model_inside_legacy_buffer,info,,,,,,retain_for_conditioning,pending
raw,<LOCAL_WORKSPACE>\GRID_D22_GitHub\data\real_munich\data\bohrungen_epsg25832_shp\bohrungen.shp,487.0,7835BG009123,coordinates,outside_model_inside_legacy_buffer,info,,,,,,retain_for_conditioning,pending
raw,<LOCAL_WORKSPACE>\GRID_D22_GitHub\data\real_munich\data\bohrungen_epsg25832_shp\bohrungen.shp,488.0,7835BG009124,coordinates,outside_model_inside_legacy_buffer,info,,,,,,retain_for_conditioning,pending
raw,<LOCAL_WORKSPACE>\GRID_D22_GitHub\data\real_munich\data\bohrungen_epsg25832_shp\bohrungen.shp,489.0,7835BG009125,coordinates,outside_model_inside_legacy_buffer,info,,,,,,retain_for_conditioning,pending
raw,<LOCAL_WORKSPACE>\GRID_D22_GitHub\data\real_munich\data\bohrungen_epsg25832_shp\bohrungen.shp,491.0,7835BG008649,coordinates,outside_model_inside_legacy_buffer,info,,,,,,retain_for_conditioning,pending
raw,<LOCAL_WORKSPACE>\GRID_D22_GitHub\data\real_munich\data\bohrungen_epsg25832_shp\bohrungen.shp,492.0,7835BG008650,coordinates,outside_model_inside_legacy_buffer,info,,,,,,retain_for_conditioning,pending
raw,<LOCAL_WORKSPACE>\GRID_D22_GitHub\data\real_munich\data\bohrungen_epsg25832_shp\bohrungen.shp,493.0,7835BG008653,coordinates,outside_model_inside_legacy_buffer,info,,,,,,retain_for_conditioning,pending
raw,<LOCAL_WORKSPACE>\GRID_D22_GitHub\data\real_munich\data\bohrungen_epsg25832_shp\bohrungen.shp,494.0,7835BG008654,coordinates,outside_model_inside_legacy_buffer,info,,,,,,retain_for_conditioning,pending
raw,<LOCAL_WORKSPACE>\GRID_D22_GitHub\data\real_munich\data\bohrungen_epsg25832_shp\bohrungen.shp,495.0,7835BG008656,coordinates,outside_model_inside_legacy_buffer,info,,,,,,retain_for_conditioning,pending
raw,<LOCAL_WORKSPACE>\GRID_D22_GitHub\data\real_munich\data\bohrungen_epsg25832_shp\bohrungen.shp,497.0,7835BG008661,coordinates,outside_model_inside_legacy_buffer,info,,,,,,retain_for_conditioning,pending
raw,<LOCAL_WORKSPACE>\GRID_D22_GitHub\data\real_munich\data\bohrungen_epsg25832_shp\bohrungen.shp,498.0,7835BG008663,coordinates,outside_model_inside_legacy_buffer,info,,,,,,retain_for_conditioning,pending
raw,<LOCAL_WORKSPACE>\GRID_D22_GitHub\data\real_munich\data\bohrungen_epsg25832_shp\bohrungen.shp,499.0,7835BG008664,coordinates,outside_model_inside_legacy_buffer,info,,,,,,retain_for_conditioning,pending
raw,<LOCAL_WORKSPACE>\GRID_D22_GitHub\data\real_munich\data\bohrungen_epsg25832_shp\bohrungen.shp,500.0,7835BG009192,coordinates,outside_model_inside_legacy_buffer,info,,,,,,retain_for_conditioning,pending
raw,<LOCAL_WORKSPACE>\GRID_D22_GitHub\data\real_munich\data\bohrungen_epsg25832_shp\bohrungen.shp,501.0,7835BG009193,coordinates,outside_model_inside_legacy_buffer,info,,,,,,retain_for_conditioning,pending
raw,<LOCAL_WORKSPACE>\GRID_D22_GitHub\data\real_munich\data\bohrungen_epsg25832_shp\bohrungen.shp,502.0,7835BG009195,coordinates,outside_model_inside_legacy_buffer,info,,,,,,retain_for_conditioning,pending
raw,<LOCAL_WORKSPACE>\GRID_D22_GitHub\data\real_munich\data\bohrungen_epsg25832_shp\bohrungen.shp,503.0,7835BG009196,coordinates,outside_model_inside_legacy_buffer,info,,,,,,retain_for_conditioning,pending
raw,<LOCAL_WORKSPACE>\GRID_D22_GitHub\data\real_munich\data\bohrungen_epsg25832_shp\bohrungen.shp,504.0,7835BG009197,coordinates,outside_model_inside_legacy_buffer,info,,,,,,retain_for_conditioning,pending
raw,<LOCAL_WORKSPACE>\GRID_D22_GitHub\data\real_munich\data\bohrungen_epsg25832_shp\bohrungen.shp,509.0,7835BG009136,coordinates,outside_model_inside_legacy_buffer,info,,,,,,retain_for_conditioning,pending
raw,<LOCAL_WORKSPACE>\GRID_D22_GitHub\data\real_munich\data\bohrungen_epsg25832_shp\bohrungen.shp,510.0,7835BG009137,coordinates,outside_model_inside_legacy_buffer,info,,,,,,retain_for_conditioning,pending
raw,<LOCAL_WORKSPACE>\GRID_D22_GitHub\data\real_munich\data\bohrungen_epsg25832_shp\bohrungen.shp,511.0,7835BG009139,coordinates,outside_model_inside_legacy_buffer,info,,,,,,retain_for_conditioning,pending
raw,<LOCAL_WORKSPACE>\GRID_D22_GitHub\data\real_munich\data\bohrungen_epsg25832_shp\bohrungen.shp,520.0,7835BG009788,coordinates,outside_model_inside_legacy_buffer,info,,,,,,retain_for_conditioning,pending
raw,<LOCAL_WORKSPACE>\GRID_D22_GitHub\data\real_munich\data\bohrungen_epsg25832_shp\bohrungen.shp,522.0,7835BG009492,coordinates,outside_model_inside_legacy_buffer,info,,,,,,retain_for_conditioning,pending
raw,<LOCAL_WORKSPACE>\GRID_D22_GitHub\data\real_munich\data\bohrungen_epsg25832_shp\bohrungen.shp,524.0,7835BG010133,coordinates,outside_model_inside_legacy_buffer,info,,,,,,retain_for_conditioning,pending
raw,<LOCAL_WORKSPACE>\GRID_D22_GitHub\data\real_munich\data\bohrungen_epsg25832_shp\bohrungen.shp,525.0,7835BG010134,coordinates,outside_model_inside_legacy_buffer,info,,,,,,retain_for_conditioning,pending
raw,<LOCAL_WORKSPACE>\GRID_D22_GitHub\data\real_munich\data\bohrungen_epsg25832_shp\bohrungen.shp,528.0,7835BG010138,coordinates,outside_model_inside_legacy_buffer,info,,,,,,retain_for_conditioning,pending
raw,<LOCAL_WORKSPACE>\GRID_D22_GitHub\data\real_munich\data\bohrungen_epsg25832_shp\bohrungen.shp,529.0,7835BG009497,coordinates,outside_model_inside_legacy_buffer,info,,,,,,retain_for_conditioning,pending
raw,<LOCAL_WORKSPACE>\GRID_D22_GitHub\data\real_munich\data\bohrungen_epsg25832_shp\bohrungen.shp,530.0,7835BG010169,coordinates,outside_model_inside_legacy_buffer,info,,,,,,retain_for_conditioning,pending
raw,<LOCAL_WORKSPACE>\GRID_D22_GitHub\data\real_munich\data\bohrungen_epsg25832_shp\bohrungen.shp,532.0,7835BG010170,coordinates,outside_model_inside_legacy_buffer,info,,,,,,retain_for_conditioning,pending
raw,<LOCAL_WORKSPACE>\GRID_D22_GitHub\data\real_munich\data\bohrungen_epsg25832_shp\bohrungen.shp,537.0,7835BG010177,coordinates,outside_model_inside_legacy_buffer,info,,,,,,retain_for_conditioning,pending
raw,<LOCAL_WORKSPACE>\GRID_D22_GitHub\data\real_munich\data\bohrungen_epsg25832_shp\bohrungen.shp,538.0,7835BG010179,coordinates,outside_model_inside_legacy_buffer,info,,,,,,retain_for_conditioning,pending
raw,<LOCAL_WORKSPACE>\GRID_D22_GitHub\data\real_munich\data\bohrungen_epsg25832_shp\bohrungen.shp,539.0,7835BG009502,coordinates,outside_model_inside_legacy_buffer,info,,,,,,retain_for_conditioning,pending
raw,<LOCAL_WORKSPACE>\GRID_D22_GitHub\data\real_munich\data\bohrungen_epsg25832_shp\bohrungen.shp,542.0,7835BG009470,coordinates,outside_model_inside_legacy_buffer,info,,,,,,retain_for_conditioning,pending
raw,<LOCAL_WORKSPACE>\GRID_D22_GitHub\data\real_munich\data\bohrungen_epsg25832_shp\bohrungen.shp,543.0,7835BG009511,coordinates,outside_model_inside_legacy_buffer,info,,,,,,retain_for_conditioning,pending
raw,<LOCAL_WORKSPACE>\GRID_D22_GitHub\data\real_munich\data\bohrungen_epsg25832_shp\bohrungen.shp,544.0,7835BG009513,coordinates,outside_model_inside_legacy_buffer,info,,,,,,retain_for_conditioning,pending
raw,<LOCAL_WORKSPACE>\GRID_D22_GitHub\data\real_munich\data\bohrungen_epsg25832_shp\bohrungen.shp,546.0,7835BG010145,coordinates,outside_model_inside_legacy_buffer,info,,,,,,retain_for_conditioning,pending
raw,<LOCAL_WORKSPACE>\GRID_D22_GitHub\data\real_munich\data\bohrungen_epsg25832_shp\bohrungen.shp,547.0,7835BG009474,coordinates,outside_model_inside_legacy_buffer,info,,,,,,retain_for_conditioning,pending
raw,<LOCAL_WORKSPACE>\GRID_D22_GitHub\data\real_munich\data\bohrungen_epsg25832_shp\bohrungen.shp,548.0,7835BG009517,coordinates,outside_model_inside_legacy_buffer,info,,,,,,retain_for_conditioning,pending
raw,<LOCAL_WORKSPACE>\GRID_D22_GitHub\data\real_munich\data\bohrungen_epsg25832_shp\bohrungen.shp,549.0,7835BG009520,coordinates,outside_model_inside_legacy_buffer,info,,,,,,retain_for_conditioning,pending
raw,<LOCAL_WORKSPACE>\GRID_D22_GitHub\data\real_munich\data\bohrungen_epsg25832_shp\bohrungen.shp,550.0,7835BG010117,coordinates,outside_model_inside_legacy_buffer,info,,,,,,retain_for_conditioning,pending
raw,<LOCAL_WORKSPACE>\GRID_D22_GitHub\data\real_munich\data\bohrungen_epsg25832_shp\bohrungen.shp,552.0,7835BG010118,coordinates,outside_model_inside_legacy_buffer,info,,,,,,retain_for_conditioning,pending
raw,<LOCAL_WORKSPACE>\GRID_D22_GitHub\data\real_munich\data\bohrungen_epsg25832_shp\bohrungen.shp,553.0,7835BG010119,coordinates,outside_model_inside_legacy_buffer,info,,,,,,retain_for_conditioning,pending
raw,<LOCAL_WORKSPACE>\GRID_D22_GitHub\data\real_munich\data\bohrungen_epsg25832_shp\bohrungen.shp,554.0,7835BG009524,coordinates,outside_model_inside_legacy_buffer,info,,,,,,retain_for_conditioning,pending
raw,<LOCAL_WORKSPACE>\GRID_D22_GitHub\data\real_munich\data\bohrungen_epsg25832_shp\bohrungen.shp,557.0,7835BG009484,coordinates,outside_model_inside_legacy_buffer,info,,,,,,retain_for_conditioning,pending
raw,<LOCAL_WORKSPACE>\GRID_D22_GitHub\data\real_munich\data\bohrungen_epsg25832_shp\bohrungen.shp,558.0,7835BG009528,coordinates,outside_model_inside_legacy_buffer,info,,,,,,retain_for_conditioning,pending
raw,<LOCAL_WORKSPACE>\GRID_D22_GitHub\data\real_munich\data\bohrungen_epsg25832_shp\bohrungen.shp,559.0,7835BG010121,coordinates,outside_model_inside_legacy_buffer,info,,,,,,retain_for_conditioning,pending
raw,<LOCAL_WORKSPACE>\GRID_D22_GitHub\data\real_munich\data\bohrungen_epsg25832_shp\bohrungen.shp,560.0,7835BG010122,coordinates,outside_model_inside_legacy_buffer,info,,,,,,retain_for_conditioning,pending
raw,<LOCAL_WORKSPACE>\GRID_D22_GitHub\data\real_munich\data\bohrungen_epsg25832_shp\bohrungen.shp,561.0,7835BG010123,coordinates,outside_model_inside_legacy_buffer,info,,,,,,retain_for_conditioning,pending
raw,<LOCAL_WORKSPACE>\GRID_D22_GitHub\data\real_munich\data\bohrungen_epsg25832_shp\bohrungen.shp,562.0,7835BG010125,coordinates,outside_model_inside_legacy_buffer,info,,,,,,retain_for_conditioning,pending
raw,<LOCAL_WORKSPACE>\GRID_D22_GitHub\data\real_munich\data\bohrungen_epsg25832_shp\bohrungen.shp,563.0,7835BG010126,coordinates,outside_model_inside_legacy_buffer,info,,,,,,retain_for_conditioning,pending
raw,<LOCAL_WORKSPACE>\GRID_D22_GitHub\data\real_munich\data\bohrungen_epsg25832_shp\bohrungen.shp,566.0,7835BG010128,coordinates,outside_model_inside_legacy_buffer,info,,,,,,retain_for_conditioning,pending
raw,<LOCAL_WORKSPACE>\GRID_D22_GitHub\data\real_munich\data\bohrungen_epsg25832_shp\bohrungen.shp,567.0,7835BG010129,coordinates,outside_model_inside_legacy_buffer,info,,,,,,retain_for_conditioning,pending
raw,<LOCAL_WORKSPACE>\GRID_D22_GitHub\data\real_munich\data\bohrungen_epsg25832_shp\bohrungen.shp,568.0,7835BG010130,coordinates,outside_model_inside_legacy_buffer,info,,,,,,retain_for_conditioning,pending
raw,<LOCAL_WORKSPACE>\GRID_D22_GitHub\data\real_munich\data\bohrungen_epsg25832_shp\bohrungen.shp,579.0,7835BG007750,coordinates,outside_model_inside_legacy_buffer,info,,,,,,retain_for_conditioning,pending
raw,<LOCAL_WORKSPACE>\GRID_D22_GitHub\data\real_munich\data\bohrungen_epsg25832_shp\bohrungen.shp,580.0,7835BG007752,coordinates,outside_model_inside_legacy_buffer,info,,,,,,retain_for_conditioning,pending
raw,<LOCAL_WORKSPACE>\GRID_D22_GitHub\data\real_munich\data\bohrungen_epsg25832_shp\bohrungen.shp,581.0,7835BG007753,coordinates,outside_model_inside_legacy_buffer,info,,,,,,retain_for_conditioning,pending
raw,<LOCAL_WORKSPACE>\GRID_D22_GitHub\data\real_munich\data\bohrungen_epsg25832_shp\bohrungen.shp,582.0,7835BG010181,coordinates,outside_model_inside_legacy_buffer,info,,,,,,retain_for_conditioning,pending
raw,<LOCAL_WORKSPACE>\GRID_D22_GitHub\data\real_munich\data\bohrungen_epsg25832_shp\bohrungen.shp,585.0,7835BG010189,coordinates,outside_model_inside_legacy_buffer,info,,,,,,retain_for_conditioning,pending
raw,<LOCAL_WORKSPACE>\GRID_D22_GitHub\data\real_munich\data\bohrungen_epsg25832_shp\bohrungen.shp,586.0,7835BG010190,coordinates,outside_model_inside_legacy_buffer,info,,,,,,retain_for_conditioning,pending
raw,<LOCAL_WORKSPACE>\GRID_D22_GitHub\data\real_munich\data\bohrungen_epsg25832_shp\bohrungen.shp,587.0,7835BG010192,coordinates,outside_model_inside_legacy_buffer,info,,,,,,retain_for_conditioning,pending
raw,<LOCAL_WORKSPACE>\GRID_D22_GitHub\data\real_munich\data\bohrungen_epsg25832_shp\bohrungen.shp,589.0,7835BG007781,coordinates,outside_model_inside_legacy_buffer,info,,,,,,retain_for_conditioning,pending
raw,<LOCAL_WORKSPACE>\GRID_D22_GitHub\data\real_munich\data\bohrungen_epsg25832_shp\bohrungen.shp,590.0,7835BG010193,coordinates,outside_model_inside_legacy_buffer,info,,,,,,retain_for_conditioning,pending
raw,<LOCAL_WORKSPACE>\GRID_D22_GitHub\data\real_munich\data\bohrungen_epsg25832_shp\bohrungen.shp,591.0,7835BG010194,coordinates,outside_model_inside_legacy_buffer,info,,,,,,retain_for_conditioning,pending
raw,<LOCAL_WORKSPACE>\GRID_D22_GitHub\data\real_munich\data\bohrungen_epsg25832_shp\bohrungen.shp,592.0,7835BG007782,coordinates,outside_model_inside_legacy_buffer,info,,,,,,retain_for_conditioning,pending
raw,<LOCAL_WORKSPACE>\GRID_D22_GitHub\data\real_munich\data\bohrungen_epsg25832_shp\bohrungen.shp,593.0,7835BG010197,coordinates,outside_model_inside_legacy_buffer,info,,,,,,retain_for_conditioning,pending
raw,<LOCAL_WORKSPACE>\GRID_D22_GitHub\data\real_munich\data\bohrungen_epsg25832_shp\bohrungen.shp,594.0,7835BG007791,coordinates,outside_model_inside_legacy_buffer,info,,,,,,retain_for_conditioning,pending
raw,<LOCAL_WORKSPACE>\GRID_D22_GitHub\data\real_munich\data\bohrungen_epsg25832_shp\bohrungen.shp,595.0,7835BG007792,coordinates,outside_model_inside_legacy_buffer,info,,,,,,retain_for_conditioning,pending
raw,<LOCAL_WORKSPACE>\GRID_D22_GitHub\data\real_munich\data\bohrungen_epsg25832_shp\bohrungen.shp,597.0,7835BG007840,coordinates,outside_model_inside_legacy_buffer,info,,,,,,retain_for_conditioning,pending
raw,<LOCAL_WORKSPACE>\GRID_D22_GitHub\data\real_munich\data\bohrungen_epsg25832_shp\bohrungen.shp,598.0,7835BG008111,coordinates,outside_model_inside_legacy_buffer,info,,,,,,retain_for_conditioning,pending
raw,<LOCAL_WORKSPACE>\GRID_D22_GitHub\data\real_munich\data\bohrungen_epsg25832_shp\bohrungen.shp,599.0,7835BG008112,coordinates,outside_model_inside_legacy_buffer,info,,,,,,retain_for_conditioning,pending
raw,<LOCAL_WORKSPACE>\GRID_D22_GitHub\data\real_munich\data\bohrungen_epsg25832_shp\bohrungen.shp,600.0,7835BG007738,coordinates,outside_model_inside_legacy_buffer,info,,,,,,retain_for_conditioning,pending
raw,<LOCAL_WORKSPACE>\GRID_D22_GitHub\data\real_munich\data\bohrungen_epsg25832_shp\bohrungen.shp,608.0,7835BG007749,coordinates,outside_model_inside_legacy_buffer,info,,,,,,retain_for_conditioning,pending
raw,<LOCAL_WORKSPACE>\GRID_D22_GitHub\data\real_munich\data\bohrungen_epsg25832_shp\bohrungen.shp,609.0,7835BG007849,coordinates,outside_model_inside_legacy_buffer,info,,,,,,retain_for_conditioning,pending
raw,<LOCAL_WORKSPACE>\GRID_D22_GitHub\data\real_munich\data\bohrungen_epsg25832_shp\bohrungen.shp,610.0,7835BG008189,coordinates,outside_model_inside_legacy_buffer,info,,,,,,retain_for_conditioning,pending
raw,<LOCAL_WORKSPACE>\GRID_D22_GitHub\data\real_munich\data\bohrungen_epsg25832_shp\bohrungen.shp,611.0,7835BG008108,coordinates,outside_model_inside_legacy_buffer,info,,,,,,retain_for_conditioning,pending
raw,<LOCAL_WORKSPACE>\GRID_D22_GitHub\data\real_munich\data\bohrungen_epsg25832_shp\bohrungen.shp,612.0,7835BG017223,coordinates,outside_model_inside_legacy_buffer,info,,,,,,retain_for_conditioning,pending
raw,<LOCAL_WORKSPACE>\GRID_D22_GitHub\data\real_munich\data\bohrungen_epsg25832_shp\bohrungen.shp,613.0,7835BG007778,coordinates,outside_model_inside_legacy_buffer,info,,,,,,retain_for_conditioning,pending
raw,<LOCAL_WORKSPACE>\GRID_D22_GitHub\data\real_munich\data\bohrungen_epsg25832_shp\bohrungen.shp,615.0,7835BG007783,coordinates,outside_model_inside_legacy_buffer,info,,,,,,retain_for_conditioning,pending
raw,<LOCAL_WORKSPACE>\GRID_D22_GitHub\data\real_munich\data\bohrungen_epsg25832_shp\bohrungen.shp,617.0,7835BG007841,coordinates,outside_model_inside_legacy_buffer,info,,,,,,retain_for_conditioning,pending
raw,<LOCAL_WORKSPACE>\GRID_D22_GitHub\data\real_munich\data\bohrungen_epsg25832_shp\bohrungen.shp,618.0,7835BG007848,coordinates,outside_model_inside_legacy_buffer,info,,,,,,retain_for_conditioning,pending
raw,<LOCAL_WORKSPACE>\GRID_D22_GitHub\data\real_munich\data\bohrungen_epsg25832_shp\bohrungen.shp,619.0,7835BG007858,coordinates,outside_model_inside_legacy_buffer,info,,,,,,retain_for_conditioning,pending
raw,<LOCAL_WORKSPACE>\GRID_D22_GitHub\data\real_munich\data\bohrungen_epsg25832_shp\bohrungen.shp,620.0,7835BG008892,coordinates,outside_model_inside_legacy_buffer,info,,,,,,retain_for_conditioning,pending
raw,<LOCAL_WORKSPACE>\GRID_D22_GitHub\data\real_munich\data\bohrungen_epsg25832_shp\bohrungen.shp,621.0,7835BG010424,coordinates,outside_model_inside_legacy_buffer,info,,,,,,retain_for_conditioning,pending
raw,<LOCAL_WORKSPACE>\GRID_D22_GitHub\data\real_munich\data\bohrungen_epsg25832_shp\bohrungen.shp,625.0,7835BG007751,coordinates,outside_model_inside_legacy_buffer,info,,,,,,retain_for_conditioning,pending
raw,<LOCAL_WORKSPACE>\GRID_D22_GitHub\data\real_munich\data\bohrungen_epsg25832_shp\bohrungen.shp,626.0,7835BG009079,coordinates,outside_model_inside_legacy_buffer,info,,,,,,retain_for_conditioning,pending
raw,<LOCAL_WORKSPACE>\GRID_D22_GitHub\data\real_munich\data\bohrungen_epsg25832_shp\bohrungen.shp,627.0,7835BG009092,coordinates,outside_model_inside_legacy_buffer,info,,,,,,retain_for_conditioning,pending
raw,<LOCAL_WORKSPACE>\GRID_D22_GitHub\data\real_munich\data\bohrungen_epsg25832_shp\bohrungen.shp,628.0,7835BG009093,coordinates,outside_model_inside_legacy_buffer,info,,,,,,retain_for_conditioning,pending
raw,<LOCAL_WORKSPACE>\GRID_D22_GitHub\data\real_munich\data\bohrungen_epsg25832_shp\bohrungen.shp,629.0,7835BG009094,coordinates,outside_model_inside_legacy_buffer,info,,,,,,retain_for_conditioning,pending
raw,<LOCAL_WORKSPACE>\GRID_D22_GitHub\data\real_munich\data\bohrungen_epsg25832_shp\bohrungen.shp,632.0,7835BG009745,coordinates,outside_model_inside_legacy_buffer,info,,,,,,retain_for_conditioning,pending
raw,<LOCAL_WORKSPACE>\GRID_D22_GitHub\data\real_munich\data\bohrungen_epsg25832_shp\bohrungen.shp,635.0,7835BG010609,coordinates,outside_model_inside_legacy_buffer,info,,,,,,retain_for_conditioning,pending
raw,<LOCAL_WORKSPACE>\GRID_D22_GitHub\data\real_munich\data\bohrungen_epsg25832_shp\bohrungen.shp,641.0,7835BG008588,coordinates,outside_model_inside_legacy_buffer,info,,,,,,retain_for_conditioning,pending
raw,<LOCAL_WORKSPACE>\GRID_D22_GitHub\data\real_munich\data\bohrungen_epsg25832_shp\bohrungen.shp,642.0,7835BG009759,coordinates,outside_model_inside_legacy_buffer,info,,,,,,retain_for_conditioning,pending
raw,<LOCAL_WORKSPACE>\GRID_D22_GitHub\data\real_munich\data\bohrungen_epsg25832_shp\bohrungen.shp,643.0,7835BG009770,coordinates,outside_model_inside_legacy_buffer,info,,,,,,retain_for_conditioning,pending
raw,<LOCAL_WORKSPACE>\GRID_D22_GitHub\data\real_munich\data\bohrungen_epsg25832_shp\bohrungen.shp,644.0,7835BG008592,coordinates,outside_model_inside_legacy_buffer,info,,,,,,retain_for_conditioning,pending
raw,<LOCAL_WORKSPACE>\GRID_D22_GitHub\data\real_munich\data\bohrungen_epsg25832_shp\bohrungen.shp,645.0,7835BG009229,coordinates,outside_model_inside_legacy_buffer,info,,,,,,retain_for_conditioning,pending
raw,<LOCAL_WORKSPACE>\GRID_D22_GitHub\data\real_munich\data\bohrungen_epsg25832_shp\bohrungen.shp,646.0,7835BG009233,coordinates,outside_model_inside_legacy_buffer,info,,,,,,retain_for_conditioning,pending
raw,<LOCAL_WORKSPACE>\GRID_D22_GitHub\data\real_munich\data\bohrungen_epsg25832_shp\bohrungen.shp,648.0,7835BG009248,coordinates,outside_model_inside_legacy_buffer,info,,,,,,retain_for_conditioning,pending
raw,<LOCAL_WORKSPACE>\GRID_D22_GitHub\data\real_munich\data\bohrungen_epsg25832_shp\bohrungen.shp,649.0,7835BG009252,coordinates,outside_model_inside_legacy_buffer,info,,,,,,retain_for_conditioning,pending
raw,<LOCAL_WORKSPACE>\GRID_D22_GitHub\data\real_munich\data\bohrungen_epsg25832_shp\bohrungen.shp,650.0,7835BG009256,coordinates,outside_model_inside_legacy_buffer,info,,,,,,retain_for_conditioning,pending
raw,<LOCAL_WORKSPACE>\GRID_D22_GitHub\data\real_munich\data\bohrungen_epsg25832_shp\bohrungen.shp,651.0,7835BG009259,coordinates,outside_model_inside_legacy_buffer,info,,,,,,retain_for_conditioning,pending
raw,<LOCAL_WORKSPACE>\GRID_D22_GitHub\data\real_munich\data\bohrungen_epsg25832_shp\bohrungen.shp,652.0,7835BG009263,coordinates,outside_model_inside_legacy_buffer,info,,,,,,retain_for_conditioning,pending
raw,<LOCAL_WORKSPACE>\GRID_D22_GitHub\data\real_munich\data\bohrungen_epsg25832_shp\bohrungen.shp,653.0,7835BG009266,coordinates,outside_model_inside_legacy_buffer,info,,,,,,retain_for_conditioning,pending
raw,<LOCAL_WORKSPACE>\GRID_D22_GitHub\data\real_munich\data\bohrungen_epsg25832_shp\bohrungen.shp,656.0,7835BG010114,coordinates,outside_model_inside_legacy_buffer,info,,,,,,retain_for_conditioning,pending
raw,<LOCAL_WORKSPACE>\GRID_D22_GitHub\data\real_munich\data\bohrungen_epsg25832_shp\bohrungen.shp,659.0,7835BG010640,coordinates,outside_model_inside_legacy_buffer,info,,,,,,retain_for_conditioning,pending
raw,<LOCAL_WORKSPACE>\GRID_D22_GitHub\data\real_munich\data\bohrungen_epsg25832_shp\bohrungen.shp,660.0,7835BG010644,coordinates,outside_model_inside_legacy_buffer,info,,,,,,retain_for_conditioning,pending
raw,<LOCAL_WORKSPACE>\GRID_D22_GitHub\data\real_munich\data\bohrungen_epsg25832_shp\bohrungen.shp,661.0,7835BG010647,coordinates,outside_model_inside_legacy_buffer,info,,,,,,retain_for_conditioning,pending
raw,<LOCAL_WORKSPACE>\GRID_D22_GitHub\data\real_munich\data\bohrungen_epsg25832_shp\bohrungen.shp,662.0,7835BG010651,coordinates,outside_model_inside_legacy_buffer,info,,,,,,retain_for_conditioning,pending
raw,<LOCAL_WORKSPACE>\GRID_D22_GitHub\data\real_munich\data\bohrungen_epsg25832_shp\bohrungen.shp,663.0,7835BG010655,coordinates,outside_model_inside_legacy_buffer,info,,,,,,retain_for_conditioning,pending
raw,<LOCAL_WORKSPACE>\GRID_D22_GitHub\data\real_munich\data\bohrungen_epsg25832_shp\bohrungen.shp,665.0,7835BG010666,coordinates,outside_model_inside_legacy_buffer,info,,,,,,retain_for_conditioning,pending
raw,<LOCAL_WORKSPACE>\GRID_D22_GitHub\data\real_munich\data\bohrungen_epsg25832_shp\bohrungen.shp,667.0,7835BG010674,coordinates,outside_model_inside_legacy_buffer,info,,,,,,retain_for_conditioning,pending
raw,<LOCAL_WORKSPACE>\GRID_D22_GitHub\data\real_munich\data\bohrungen_epsg25832_shp\bohrungen.shp,668.0,7835BG008595,coordinates,outside_model_inside_legacy_buffer,info,,,,,,retain_for_conditioning,pending
raw,<LOCAL_WORKSPACE>\GRID_D22_GitHub\data\real_munich\data\bohrungen_epsg25832_shp\bohrungen.shp,669.0,7835BG008599,coordinates,outside_model_inside_legacy_buffer,info,,,,,,retain_for_conditioning,pending
raw,<LOCAL_WORKSPACE>\GRID_D22_GitHub\data\real_munich\data\bohrungen_epsg25832_shp\bohrungen.shp,670.0,7835BG008603,coordinates,outside_model_inside_legacy_buffer,info,,,,,,retain_for_conditioning,pending
raw,<LOCAL_WORKSPACE>\GRID_D22_GitHub\data\real_munich\data\bohrungen_epsg25832_shp\bohrungen.shp,671.0,7835BG008604,coordinates,outside_model_inside_legacy_buffer,info,,,,,,retain_for_conditioning,pending
raw,<LOCAL_WORKSPACE>\GRID_D22_GitHub\data\real_munich\data\bohrungen_epsg25832_shp\bohrungen.shp,672.0,7835BG008605,coordinates,outside_model_inside_legacy_buffer,info,,,,,,retain_for_conditioning,pending
raw,<LOCAL_WORKSPACE>\GRID_D22_GitHub\data\real_munich\data\bohrungen_epsg25832_shp\bohrungen.shp,673.0,7835BG008606,coordinates,outside_model_inside_legacy_buffer,info,,,,,,retain_for_conditioning,pending
raw,<LOCAL_WORKSPACE>\GRID_D22_GitHub\data\real_munich\data\bohrungen_epsg25832_shp\bohrungen.shp,674.0,7835BG008608,coordinates,outside_model_inside_legacy_buffer,info,,,,,,retain_for_conditioning,pending
raw,<LOCAL_WORKSPACE>\GRID_D22_GitHub\data\real_munich\data\bohrungen_epsg25832_shp\bohrungen.shp,675.0,7835BG008622,coordinates,outside_model_inside_legacy_buffer,info,,,,,,retain_for_conditioning,pending
raw,<LOCAL_WORKSPACE>\GRID_D22_GitHub\data\real_munich\data\bohrungen_epsg25832_shp\bohrungen.shp,676.0,7835BG008625,coordinates,outside_model_inside_legacy_buffer,info,,,,,,retain_for_conditioning,pending
raw,<LOCAL_WORKSPACE>\GRID_D22_GitHub\data\real_munich\data\bohrungen_epsg25832_shp\bohrungen.shp,677.0,7835BG008629,coordinates,outside_model_inside_legacy_buffer,info,,,,,,retain_for_conditioning,pending
raw,<LOCAL_WORKSPACE>\GRID_D22_GitHub\data\real_munich\data\bohrungen_epsg25832_shp\bohrungen.shp,679.0,7835BG008637,coordinates,outside_model_inside_legacy_buffer,info,,,,,,retain_for_conditioning,pending
raw,<LOCAL_WORKSPACE>\GRID_D22_GitHub\data\real_munich\data\bohrungen_epsg25832_shp\bohrungen.shp,680.0,7835BG008640,coordinates,outside_model_inside_legacy_buffer,info,,,,,,retain_for_conditioning,pending
raw,<LOCAL_WORKSPACE>\GRID_D22_GitHub\data\real_munich\data\bohrungen_epsg25832_shp\bohrungen.shp,684.0,7835BG009282,coordinates,outside_model_inside_legacy_buffer,info,,,,,,retain_for_conditioning,pending
raw,<LOCAL_WORKSPACE>\GRID_D22_GitHub\data\real_munich\data\bohrungen_epsg25832_shp\bohrungen.shp,686.0,7835BG009290,coordinates,outside_model_inside_legacy_buffer,info,,,,,,retain_for_conditioning,pending
raw,<LOCAL_WORKSPACE>\GRID_D22_GitHub\data\real_munich\data\bohrungen_epsg25832_shp\bohrungen.shp,687.0,7835BG009475,coordinates,outside_model_inside_legacy_buffer,info,,,,,,retain_for_conditioning,pending
raw,<LOCAL_WORKSPACE>\GRID_D22_GitHub\data\real_munich\data\bohrungen_epsg25832_shp\bohrungen.shp,688.0,7835BG009483,coordinates,outside_model_inside_legacy_buffer,info,,,,,,retain_for_conditioning,pending
raw,<LOCAL_WORKSPACE>\GRID_D22_GitHub\data\real_munich\data\bohrungen_epsg25832_shp\bohrungen.shp,689.0,7835BG010124,coordinates,outside_model_inside_legacy_buffer,info,,,,,,retain_for_conditioning,pending
raw,<LOCAL_WORKSPACE>\GRID_D22_GitHub\data\real_munich\data\bohrungen_epsg25832_shp\bohrungen.shp,690.0,7835BG010127,coordinates,outside_model_inside_legacy_buffer,info,,,,,,retain_for_conditioning,pending
raw,<LOCAL_WORKSPACE>\GRID_D22_GitHub\data\real_munich\data\bohrungen_epsg25832_shp\bohrungen.shp,693.0,7835BG010150,coordinates,outside_model_inside_legacy_buffer,info,,,,,,retain_for_conditioning,pending
raw,<LOCAL_WORKSPACE>\GRID_D22_GitHub\data\real_munich\data\bohrungen_epsg25832_shp\bohrungen.shp,700.0,7835BG008644,coordinates,outside_model_inside_legacy_buffer,info,,,,,,retain_for_conditioning,pending
raw,<LOCAL_WORKSPACE>\GRID_D22_GitHub\data\real_munich\data\bohrungen_epsg25832_shp\bohrungen.shp,701.0,7835BG008648,coordinates,outside_model_inside_legacy_buffer,info,,,,,,retain_for_conditioning,pending
raw,<LOCAL_WORKSPACE>\GRID_D22_GitHub\data\real_munich\data\bohrungen_epsg25832_shp\bohrungen.shp,702.0,7835BG008652,coordinates,outside_model_inside_legacy_buffer,info,,,,,,retain_for_conditioning,pending
raw,<LOCAL_WORKSPACE>\GRID_D22_GitHub\data\real_munich\data\bohrungen_epsg25832_shp\bohrungen.shp,703.0,7835BG008655,coordinates,outside_model_inside_legacy_buffer,info,,,,,,retain_for_conditioning,pending
raw,<LOCAL_WORKSPACE>\GRID_D22_GitHub\data\real_munich\data\bohrungen_epsg25832_shp\bohrungen.shp,705.0,7835BG008659,coordinates,outside_model_inside_legacy_buffer,info,,,,,,retain_for_conditioning,pending
raw,<LOCAL_WORKSPACE>\GRID_D22_GitHub\data\real_munich\data\bohrungen_epsg25832_shp\bohrungen.shp,706.0,7835BG008660,coordinates,outside_model_inside_legacy_buffer,info,,,,,,retain_for_conditioning,pending
raw,<LOCAL_WORKSPACE>\GRID_D22_GitHub\data\real_munich\data\bohrungen_epsg25832_shp\bohrungen.shp,707.0,7835BG008662,coordinates,outside_model_inside_legacy_buffer,info,,,,,,retain_for_conditioning,pending
raw,<LOCAL_WORKSPACE>\GRID_D22_GitHub\data\real_munich\data\bohrungen_epsg25832_shp\bohrungen.shp,708.0,7835BG008666,coordinates,outside_model_inside_legacy_buffer,info,,,,,,retain_for_conditioning,pending
raw,<LOCAL_WORKSPACE>\GRID_D22_GitHub\data\real_munich\data\bohrungen_epsg25832_shp\bohrungen.shp,709.0,7835BG009661,coordinates,outside_model_inside_legacy_buffer,info,,,,,,retain_for_conditioning,pending
raw,<LOCAL_WORKSPACE>\GRID_D22_GitHub\data\real_munich\data\bohrungen_epsg25832_shp\bohrungen.shp,710.0,7835BG009681,coordinates,outside_model_inside_legacy_buffer,info,,,,,,retain_for_conditioning,pending
raw,<LOCAL_WORKSPACE>\GRID_D22_GitHub\data\real_munich\data\bohrungen_epsg25832_shp\bohrungen.shp,711.0,7835BG009519,coordinates,outside_model_inside_legacy_buffer,info,,,,,,retain_for_conditioning,pending
raw,<LOCAL_WORKSPACE>\GRID_D22_GitHub\data\real_munich\data\bohrungen_epsg25832_shp\bohrungen.shp,717.0,7835BG010191,coordinates,outside_model_inside_legacy_buffer,info,,,,,,retain_for_conditioning,pending
raw,<LOCAL_WORKSPACE>\GRID_D22_GitHub\data\real_munich\data\bohrungen_epsg25832_shp\bohrungen.shp,718.0,7835BG010378,coordinates,outside_model_inside_legacy_buffer,info,,,,,,retain_for_conditioning,pending
raw,<LOCAL_WORKSPACE>\GRID_D22_GitHub\data\real_munich\data\bohrungen_epsg25832_shp\bohrungen.shp,723.0,7835BG008884,coordinates,outside_model_inside_legacy_buffer,info,,,,,,retain_for_conditioning,pending
raw,<LOCAL_WORKSPACE>\GRID_D22_GitHub\data\real_munich\data\bohrungen_epsg25832_shp\bohrungen.shp,724.0,7835BG010988,coordinates,outside_model_inside_legacy_buffer,info,,,,,,retain_for_conditioning,pending
raw,<LOCAL_WORKSPACE>\GRID_D22_GitHub\data\real_munich\data\bohrungen_epsg25832_shp\bohrungen.shp,725.0,7835BG010991,coordinates,outside_model_inside_legacy_buffer,info,,,,,,retain_for_conditioning,pending
raw,<LOCAL_WORKSPACE>\GRID_D22_GitHub\data\real_munich\data\bohrungen_epsg25832_shp\bohrungen.shp,726.0,7835BG010992,coordinates,outside_model_inside_legacy_buffer,info,,,,,,retain_for_conditioning,pending
raw,<LOCAL_WORKSPACE>\GRID_D22_GitHub\data\real_munich\data\bohrungen_epsg25832_shp\bohrungen.shp,727.0,7835BG010993,coordinates,outside_model_inside_legacy_buffer,info,,,,,,retain_for_conditioning,pending
raw,<LOCAL_WORKSPACE>\GRID_D22_GitHub\data\real_munich\data\bohrungen_epsg25832_shp\bohrungen.shp,728.0,7835BG010996,coordinates,outside_model_inside_legacy_buffer,info,,,,,,retain_for_conditioning,pending
raw,<LOCAL_WORKSPACE>\GRID_D22_GitHub\data\real_munich\data\bohrungen_epsg25832_shp\bohrungen.shp,729.0,7835BG010999,coordinates,outside_model_inside_legacy_buffer,info,,,,,,retain_for_conditioning,pending
raw,<LOCAL_WORKSPACE>\GRID_D22_GitHub\data\real_munich\data\bohrungen_epsg25832_shp\bohrungen.shp,730.0,7835BG011003,coordinates,outside_model_inside_legacy_buffer,info,,,,,,retain_for_conditioning,pending
raw,<LOCAL_WORKSPACE>\GRID_D22_GitHub\data\real_munich\data\bohrungen_epsg25832_shp\bohrungen.shp,733.0,7835BG012090,coordinates,outside_model_inside_legacy_buffer,info,,,,,,retain_for_conditioning,pending
raw,<LOCAL_WORKSPACE>\GRID_D22_GitHub\data\real_munich\data\bohrungen_epsg25832_shp\bohrungen.shp,734.0,7835BG012101,coordinates,outside_model_inside_legacy_buffer,info,,,,,,retain_for_conditioning,pending
raw,<LOCAL_WORKSPACE>\GRID_D22_GitHub\data\real_munich\data\bohrungen_epsg25832_shp\bohrungen.shp,735.0,7835BG012444,coordinates,outside_model_inside_legacy_buffer,info,,,,,,retain_for_conditioning,pending
raw,<LOCAL_WORKSPACE>\GRID_D22_GitHub\data\real_munich\data\bohrungen_epsg25832_shp\bohrungen.shp,737.0,7835BG012470,coordinates,outside_model_inside_legacy_buffer,info,,,,,,retain_for_conditioning,pending
raw,<LOCAL_WORKSPACE>\GRID_D22_GitHub\data\real_munich\data\bohrungen_epsg25832_shp\bohrungen.shp,738.0,7835BG012471,coordinates,outside_model_inside_legacy_buffer,info,,,,,,retain_for_conditioning,pending
raw,<LOCAL_WORKSPACE>\GRID_D22_GitHub\data\real_munich\data\bohrungen_epsg25832_shp\bohrungen.shp,739.0,7835BG012851,coordinates,outside_model_inside_legacy_buffer,info,,,,,,retain_for_conditioning,pending
raw,<LOCAL_WORKSPACE>\GRID_D22_GitHub\data\real_munich\data\bohrungen_epsg25832_shp\bohrungen.shp,740.0,7835BG011041,coordinates,outside_model_inside_legacy_buffer,info,,,,,,retain_for_conditioning,pending
raw,<LOCAL_WORKSPACE>\GRID_D22_GitHub\data\real_munich\data\bohrungen_epsg25832_shp\bohrungen.shp,741.0,7835BG011042,coordinates,outside_model_inside_legacy_buffer,info,,,,,,retain_for_conditioning,pending
raw,<LOCAL_WORKSPACE>\GRID_D22_GitHub\data\real_munich\data\bohrungen_epsg25832_shp\bohrungen.shp,743.0,7835BG009107,coordinates,outside_model_inside_legacy_buffer,info,,,,,,retain_for_conditioning,pending
raw,<LOCAL_WORKSPACE>\GRID_D22_GitHub\data\real_munich\data\bohrungen_epsg25832_shp\bohrungen.shp,747.0,7835BG009122,coordinates,outside_model_inside_legacy_buffer,info,,,,,,retain_for_conditioning,pending
raw,<LOCAL_WORKSPACE>\GRID_D22_GitHub\data\real_munich\data\bohrungen_epsg25832_shp\bohrungen.shp,752.0,7835BG009135,coordinates,outside_model_inside_legacy_buffer,info,,,,,,retain_for_conditioning,pending
raw,<LOCAL_WORKSPACE>\GRID_D22_GitHub\data\real_munich\data\bohrungen_epsg25832_shp\bohrungen.shp,753.0,7835BG009138,coordinates,outside_model_inside_legacy_buffer,info,,,,,,retain_for_conditioning,pending
raw,<LOCAL_WORKSPACE>\GRID_D22_GitHub\data\real_munich\data\bohrungen_epsg25832_shp\bohrungen.shp,754.0,7835BG009789,coordinates,outside_model_inside_legacy_buffer,info,,,,,,retain_for_conditioning,pending
raw,<LOCAL_WORKSPACE>\GRID_D22_GitHub\data\real_munich\data\bohrungen_epsg25832_shp\bohrungen.shp,756.0,7835BG012310,coordinates,outside_model_inside_legacy_buffer,info,,,,,,retain_for_conditioning,pending
raw,<LOCAL_WORKSPACE>\GRID_D22_GitHub\data\real_munich\data\bohrungen_epsg25832_shp\bohrungen.shp,758.0,7835BG011946,coordinates,outside_model_inside_legacy_buffer,info,,,,,,retain_for_conditioning,pending
raw,<LOCAL_WORKSPACE>\GRID_D22_GitHub\data\real_munich\data\bohrungen_epsg25832_shp\bohrungen.shp,759.0,7835BG011957,coordinates,outside_model_inside_legacy_buffer,info,,,,,,retain_for_conditioning,pending
raw,<LOCAL_WORKSPACE>\GRID_D22_GitHub\data\real_munich\data\bohrungen_epsg25832_shp\bohrungen.shp,762.0,7835BG012328,coordinates,outside_model_inside_legacy_buffer,info,,,,,,retain_for_conditioning,pending
raw,<LOCAL_WORKSPACE>\GRID_D22_GitHub\data\real_munich\data\bohrungen_epsg25832_shp\bohrungen.shp,764.0,7835BG013069,coordinates,outside_model_inside_legacy_buffer,info,,,,,,retain_for_conditioning,pending
raw,<LOCAL_WORKSPACE>\GRID_D22_GitHub\data\real_munich\data\bohrungen_epsg25832_shp\bohrungen.shp,765.0,7835BG013070,coordinates,outside_model_inside_legacy_buffer,info,,,,,,retain_for_conditioning,pending
raw,<LOCAL_WORKSPACE>\GRID_D22_GitHub\data\real_munich\data\bohrungen_epsg25832_shp\bohrungen.shp,766.0,7835BG013080,coordinates,outside_model_inside_legacy_buffer,info,,,,,,retain_for_conditioning,pending
raw,<LOCAL_WORKSPACE>\GRID_D22_GitHub\data\real_munich\data\bohrungen_epsg25832_shp\bohrungen.shp,767.0,7835BG013086,coordinates,outside_model_inside_legacy_buffer,info,,,,,,retain_for_conditioning,pending
raw,<LOCAL_WORKSPACE>\GRID_D22_GitHub\data\real_munich\data\bohrungen_epsg25832_shp\bohrungen.shp,769.0,7835BG010888,coordinates,outside_model_inside_legacy_buffer,info,,,,,,retain_for_conditioning,pending
raw,<LOCAL_WORKSPACE>\GRID_D22_GitHub\data\real_munich\data\bohrungen_epsg25832_shp\bohrungen.shp,771.0,7835BG011101,coordinates,outside_model_inside_legacy_buffer,info,,,,,,retain_for_conditioning,pending
raw,<LOCAL_WORKSPACE>\GRID_D22_GitHub\data\real_munich\data\bohrungen_epsg25832_shp\bohrungen.shp,773.0,7835BG009149,coordinates,outside_model_inside_legacy_buffer,info,,,,,,retain_for_conditioning,pending
raw,<LOCAL_WORKSPACE>\GRID_D22_GitHub\data\real_munich\data\bohrungen_epsg25832_shp\bohrungen.shp,775.0,7835BG009160,coordinates,outside_model_inside_legacy_buffer,info,,,,,,retain_for_conditioning,pending
raw,<LOCAL_WORKSPACE>\GRID_D22_GitHub\data\real_munich\data\bohrungen_epsg25832_shp\bohrungen.shp,776.0,7835BG011107,coordinates,outside_model_inside_legacy_buffer,info,,,,,,retain_for_conditioning,pending
raw,<LOCAL_WORKSPACE>\GRID_D22_GitHub\data\real_munich\data\bohrungen_epsg25832_shp\bohrungen.shp,777.0,7835BG011119,coordinates,outside_model_inside_legacy_buffer,info,,,,,,retain_for_conditioning,pending
raw,<LOCAL_WORKSPACE>\GRID_D22_GitHub\data\real_munich\data\bohrungen_epsg25832_shp\bohrungen.shp,778.0,7835BG011126,coordinates,outside_model_inside_legacy_buffer,info,,,,,,retain_for_conditioning,pending
raw,<LOCAL_WORKSPACE>\GRID_D22_GitHub\data\real_munich\data\bohrungen_epsg25832_shp\bohrungen.shp,779.0,7835BG011988,coordinates,outside_model_inside_legacy_buffer,info,,,,,,retain_for_conditioning,pending
raw,<LOCAL_WORKSPACE>\GRID_D22_GitHub\data\real_munich\data\bohrungen_epsg25832_shp\bohrungen.shp,781.0,7835BG009168,coordinates,outside_model_inside_legacy_buffer,info,,,,,,retain_for_conditioning,pending
raw,<LOCAL_WORKSPACE>\GRID_D22_GitHub\data\real_munich\data\bohrungen_epsg25832_shp\bohrungen.shp,788.0,7835BG011999,coordinates,outside_model_inside_legacy_buffer,info,,,,,,retain_for_conditioning,pending
raw,<LOCAL_WORKSPACE>\GRID_D22_GitHub\data\real_munich\data\bohrungen_epsg25832_shp\bohrungen.shp,789.0,7835BG012010,coordinates,outside_model_inside_legacy_buffer,info,,,,,,retain_for_conditioning,pending
raw,<LOCAL_WORKSPACE>\GRID_D22_GitHub\data\real_munich\data\bohrungen_epsg25832_shp\bohrungen.shp,791.0,7835BG012016,coordinates,outside_model_inside_legacy_buffer,info,,,,,,retain_for_conditioning,pending
raw,<LOCAL_WORKSPACE>\GRID_D22_GitHub\data\real_munich\data\bohrungen_epsg25832_shp\bohrungen.shp,792.0,7835BG012021,coordinates,outside_model_inside_legacy_buffer,info,,,,,,retain_for_conditioning,pending
raw,<LOCAL_WORKSPACE>\GRID_D22_GitHub\data\real_munich\data\bohrungen_epsg25832_shp\bohrungen.shp,794.0,7835BG012384,coordinates,outside_model_inside_legacy_buffer,info,,,,,,retain_for_conditioning,pending
raw,<LOCAL_WORKSPACE>\GRID_D22_GitHub\data\real_munich\data\bohrungen_epsg25832_shp\bohrungen.shp,795.0,7835BG013129,coordinates,outside_model_inside_legacy_buffer,info,,,,,,retain_for_conditioning,pending
raw,<LOCAL_WORKSPACE>\GRID_D22_GitHub\data\real_munich\data\bohrungen_epsg25832_shp\bohrungen.shp,796.0,7835BG012545,coordinates,outside_model_inside_legacy_buffer,info,,,,,,retain_for_conditioning,pending
raw,<LOCAL_WORKSPACE>\GRID_D22_GitHub\data\real_munich\data\bohrungen_epsg25832_shp\bohrungen.shp,797.0,7835BG013355,coordinates,outside_model_inside_legacy_buffer,info,,,,,,retain_for_conditioning,pending
raw,<LOCAL_WORKSPACE>\GRID_D22_GitHub\data\real_munich\data\bohrungen_epsg25832_shp\bohrungen.shp,798.0,7835BG013358,coordinates,outside_model_inside_legacy_buffer,info,,,,,,retain_for_conditioning,pending
raw,<LOCAL_WORKSPACE>\GRID_D22_GitHub\data\real_munich\data\bohrungen_epsg25832_shp\bohrungen.shp,799.0,7835BG008500,coordinates,outside_model_inside_legacy_buffer,info,,,,,,retain_for_conditioning,pending
raw,<LOCAL_WORKSPACE>\GRID_D22_GitHub\data\real_munich\data\bohrungen_epsg25832_shp\bohrungen.shp,800.0,7835BG008501,coordinates,outside_model_inside_legacy_buffer,info,,,,,,retain_for_conditioning,pending
raw,<LOCAL_WORKSPACE>\GRID_D22_GitHub\data\real_munich\data\bohrungen_epsg25832_shp\bohrungen.shp,801.0,7835BG008503,coordinates,outside_model_inside_legacy_buffer,info,,,,,,retain_for_conditioning,pending
raw,<LOCAL_WORKSPACE>\GRID_D22_GitHub\data\real_munich\data\bohrungen_epsg25832_shp\bohrungen.shp,802.0,7835BG009191,coordinates,outside_model_inside_legacy_buffer,info,,,,,,retain_for_conditioning,pending
raw,<LOCAL_WORKSPACE>\GRID_D22_GitHub\data\real_munich\data\bohrungen_epsg25832_shp\bohrungen.shp,803.0,7835BG009194,coordinates,outside_model_inside_legacy_buffer,info,,,,,,retain_for_conditioning,pending
raw,<LOCAL_WORKSPACE>\GRID_D22_GitHub\data\real_munich\data\bohrungen_epsg25832_shp\bohrungen.shp,805.0,7835BG010962,coordinates,outside_model_inside_legacy_buffer,info,,,,,,retain_for_conditioning,pending
raw,<LOCAL_WORKSPACE>\GRID_D22_GitHub\data\real_munich\data\bohrungen_epsg25832_shp\bohrungen.shp,806.0,7835BG010965,coordinates,outside_model_inside_legacy_buffer,info,,,,,,retain_for_conditioning,pending
raw,<LOCAL_WORKSPACE>\GRID_D22_GitHub\data\real_munich\data\bohrungen_epsg25832_shp\bohrungen.shp,808.0,7835BG012032,coordinates,outside_model_inside_legacy_buffer,info,,,,,,retain_for_conditioning,pending
raw,<LOCAL_WORKSPACE>\GRID_D22_GitHub\data\real_munich\data\bohrungen_epsg25832_shp\bohrungen.shp,810.0,7835BG009206,coordinates,outside_model_inside_legacy_buffer,info,,,,,,retain_for_conditioning,pending
raw,<LOCAL_WORKSPACE>\GRID_D22_GitHub\data\real_munich\data\bohrungen_epsg25832_shp\bohrungen.shp,811.0,7835BG009210,coordinates,outside_model_inside_legacy_buffer,info,,,,,,retain_for_conditioning,pending
raw,<LOCAL_WORKSPACE>\GRID_D22_GitHub\data\real_munich\data\bohrungen_epsg25832_shp\bohrungen.shp,812.0,7835BG009221,coordinates,outside_model_inside_legacy_buffer,info,,,,,,retain_for_conditioning,pending
raw,<LOCAL_WORKSPACE>\GRID_D22_GitHub\data\real_munich\data\bohrungen_epsg25832_shp\bohrungen.shp,813.0,7835BG009225,coordinates,outside_model_inside_legacy_buffer,info,,,,,,retain_for_conditioning,pending
raw,<LOCAL_WORKSPACE>\GRID_D22_GitHub\data\real_munich\data\bohrungen_epsg25832_shp\bohrungen.shp,814.0,7835BG009226,coordinates,outside_model_inside_legacy_buffer,info,,,,,,retain_for_conditioning,pending
raw,<LOCAL_WORKSPACE>\GRID_D22_GitHub\data\real_munich\data\bohrungen_epsg25832_shp\bohrungen.shp,815.0,7835BG009227,coordinates,outside_model_inside_legacy_buffer,info,,,,,,retain_for_conditioning,pending
raw,<LOCAL_WORKSPACE>\GRID_D22_GitHub\data\real_munich\data\bohrungen_epsg25832_shp\bohrungen.shp,817.0,7835BG012043,coordinates,outside_model_inside_legacy_buffer,info,,,,,,retain_for_conditioning,pending
raw,<LOCAL_WORKSPACE>\GRID_D22_GitHub\data\real_munich\data\bohrungen_epsg25832_shp\bohrungen.shp,818.0,7835BG012118,coordinates,outside_model_inside_legacy_buffer,info,,,,,,retain_for_conditioning,pending
raw,<LOCAL_WORKSPACE>\GRID_D22_GitHub\data\real_munich\data\bohrungen_epsg25832_shp\bohrungen.shp,819.0,7835BG012135,coordinates,outside_model_inside_legacy_buffer,info,,,,,,retain_for_conditioning,pending
raw,<LOCAL_WORKSPACE>\GRID_D22_GitHub\data\real_munich\data\bohrungen_epsg25832_shp\bohrungen.shp,820.0,7835BG012146,coordinates,outside_model_inside_legacy_buffer,info,,,,,,retain_for_conditioning,pending
raw,<LOCAL_WORKSPACE>\GRID_D22_GitHub\data\real_munich\data\bohrungen_epsg25832_shp\bohrungen.shp,823.0,7835BG012874,coordinates,outside_model_inside_legacy_buffer,info,,,,,,retain_for_conditioning,pending
raw,<LOCAL_WORKSPACE>\GRID_D22_GitHub\data\real_munich\data\bohrungen_epsg25832_shp\bohrungen.shp,824.0,7835BG012884,coordinates,outside_model_inside_legacy_buffer,info,,,,,,retain_for_conditioning,pending
raw,<LOCAL_WORKSPACE>\GRID_D22_GitHub\data\real_munich\data\bohrungen_epsg25832_shp\bohrungen.shp,825.0,7835BG012885,coordinates,outside_model_inside_legacy_buffer,info,,,,,,retain_for_conditioning,pending
raw,<LOCAL_WORKSPACE>\GRID_D22_GitHub\data\real_munich\data\bohrungen_epsg25832_shp\bohrungen.shp,826.0,7835BG012895,coordinates,outside_model_inside_legacy_buffer,info,,,,,,retain_for_conditioning,pending
raw,<LOCAL_WORKSPACE>\GRID_D22_GitHub\data\real_munich\data\bohrungen_epsg25832_shp\bohrungen.shp,827.0,7835BG012195,coordinates,outside_model_inside_legacy_buffer,info,,,,,,retain_for_conditioning,pending
raw,<LOCAL_WORKSPACE>\GRID_D22_GitHub\data\real_munich\data\bohrungen_epsg25832_shp\bohrungen.shp,828.0,7835BG012196,coordinates,outside_model_inside_legacy_buffer,info,,,,,,retain_for_conditioning,pending
raw,<LOCAL_WORKSPACE>\GRID_D22_GitHub\data\real_munich\data\bohrungen_epsg25832_shp\bohrungen.shp,829.0,7835BG012901,coordinates,outside_model_inside_legacy_buffer,info,,,,,,retain_for_conditioning,pending
raw,<LOCAL_WORKSPACE>\GRID_D22_GitHub\data\real_munich\data\bohrungen_epsg25832_shp\bohrungen.shp,830.0,7835BG012906,coordinates,outside_model_inside_legacy_buffer,info,,,,,,retain_for_conditioning,pending
raw,<LOCAL_WORKSPACE>\GRID_D22_GitHub\data\real_munich\data\bohrungen_epsg25832_shp\bohrungen.shp,832.0,7835BG012923,coordinates,outside_model_inside_legacy_buffer,info,,,,,,retain_for_conditioning,pending
raw,<LOCAL_WORKSPACE>\GRID_D22_GitHub\data\real_munich\data\bohrungen_epsg25832_shp\bohrungen.shp,839.0,7835BG011387,coordinates,outside_model_inside_legacy_buffer,info,,,,,,retain_for_conditioning,pending
raw,<LOCAL_WORKSPACE>\GRID_D22_GitHub\data\real_munich\data\bohrungen_epsg25832_shp\bohrungen.shp,841.0,7835BG012206,coordinates,outside_model_inside_legacy_buffer,info,,,,,,retain_for_conditioning,pending
raw,<LOCAL_WORKSPACE>\GRID_D22_GitHub\data\real_munich\data\bohrungen_epsg25832_shp\bohrungen.shp,842.0,7835BG012223,coordinates,outside_model_inside_legacy_buffer,info,,,,,,retain_for_conditioning,pending
raw,<LOCAL_WORKSPACE>\GRID_D22_GitHub\data\real_munich\data\bohrungen_epsg25832_shp\bohrungen.shp,843.0,7835BG012228,coordinates,outside_model_inside_legacy_buffer,info,,,,,,retain_for_conditioning,pending
raw,<LOCAL_WORKSPACE>\GRID_D22_GitHub\data\real_munich\data\bohrungen_epsg25832_shp\bohrungen.shp,844.0,7835BG017258,coordinates,outside_model_inside_legacy_buffer,info,,,,,,retain_for_conditioning,pending
raw,<LOCAL_WORKSPACE>\GRID_D22_GitHub\data\real_munich\data\bohrungen_epsg25832_shp\bohrungen.shp,846.0,7835BG007561,coordinates,outside_model_inside_legacy_buffer,info,,,,,,retain_for_conditioning,pending
raw,<LOCAL_WORKSPACE>\GRID_D22_GitHub\data\real_munich\data\bohrungen_epsg25832_shp\bohrungen.shp,847.0,7835BG001711,coordinates,outside_model_inside_legacy_buffer,info,,,,,,retain_for_conditioning,pending
raw,<LOCAL_WORKSPACE>\GRID_D22_GitHub\data\real_munich\data\bohrungen_epsg25832_shp\bohrungen.shp,848.0,7835BG001714,coordinates,outside_model_inside_legacy_buffer,info,,,,,,retain_for_conditioning,pending
raw,<LOCAL_WORKSPACE>\GRID_D22_GitHub\data\real_munich\data\bohrungen_epsg25832_shp\bohrungen.shp,850.0,7835BG000784,coordinates,outside_model_inside_legacy_buffer,info,,,,,,retain_for_conditioning,pending
raw,<LOCAL_WORKSPACE>\GRID_D22_GitHub\data\real_munich\data\bohrungen_epsg25832_shp\bohrungen.shp,851.0,7835BG002083,coordinates,outside_model_inside_legacy_buffer,info,,,,,,retain_for_conditioning,pending
raw,<LOCAL_WORKSPACE>\GRID_D22_GitHub\data\real_munich\data\bohrungen_epsg25832_shp\bohrungen.shp,852.0,7835BG002093,coordinates,outside_model_inside_legacy_buffer,info,,,,,,retain_for_conditioning,pending
raw,<LOCAL_WORKSPACE>\GRID_D22_GitHub\data\real_munich\data\bohrungen_epsg25832_shp\bohrungen.shp,853.0,7835BG002099,coordinates,outside_model_inside_legacy_buffer,info,,,,,,retain_for_conditioning,pending
raw,<LOCAL_WORKSPACE>\GRID_D22_GitHub\data\real_munich\data\bohrungen_epsg25832_shp\bohrungen.shp,854.0,7835BG002929,coordinates,outside_model_inside_legacy_buffer,info,,,,,,retain_for_conditioning,pending
raw,<LOCAL_WORKSPACE>\GRID_D22_GitHub\data\real_munich\data\bohrungen_epsg25832_shp\bohrungen.shp,855.0,7835BG002933,coordinates,outside_model_inside_legacy_buffer,info,,,,,,retain_for_conditioning,pending
raw,<LOCAL_WORKSPACE>\GRID_D22_GitHub\data\real_munich\data\bohrungen_epsg25832_shp\bohrungen.shp,856.0,7835BG002934,coordinates,outside_model_inside_legacy_buffer,info,,,,,,retain_for_conditioning,pending
raw,<LOCAL_WORKSPACE>\GRID_D22_GitHub\data\real_munich\data\bohrungen_epsg25832_shp\bohrungen.shp,857.0,7835BG002935,coordinates,outside_model_inside_legacy_buffer,info,,,,,,retain_for_conditioning,pending
raw,<LOCAL_WORKSPACE>\GRID_D22_GitHub\data\real_munich\data\bohrungen_epsg25832_shp\bohrungen.shp,858.0,7835BG002936,coordinates,outside_model_inside_legacy_buffer,info,,,,,,retain_for_conditioning,pending
raw,<LOCAL_WORKSPACE>\GRID_D22_GitHub\data\real_munich\data\bohrungen_epsg25832_shp\bohrungen.shp,859.0,7835BG002939,coordinates,outside_model_inside_legacy_buffer,info,,,,,,retain_for_conditioning,pending
raw,<LOCAL_WORKSPACE>\GRID_D22_GitHub\data\real_munich\data\bohrungen_epsg25832_shp\bohrungen.shp,860.0,7835BG002942,coordinates,outside_model_inside_legacy_buffer,info,,,,,,retain_for_conditioning,pending
raw,<LOCAL_WORKSPACE>\GRID_D22_GitHub\data\real_munich\data\bohrungen_epsg25832_shp\bohrungen.shp,861.0,7835BG002946,coordinates,outside_model_inside_legacy_buffer,info,,,,,,retain_for_conditioning,pending
raw,<LOCAL_WORKSPACE>\GRID_D22_GitHub\data\real_munich\data\bohrungen_epsg25832_shp\bohrungen.shp,862.0,7835BG002970,coordinates,outside_model_inside_legacy_buffer,info,,,,,,retain_for_conditioning,pending
raw,<LOCAL_WORKSPACE>\GRID_D22_GitHub\data\real_munich\data\bohrungen_epsg25832_shp\bohrungen.shp,863.0,7835BG002974,coordinates,outside_model_inside_legacy_buffer,info,,,,,,retain_for_conditioning,pending
raw,<LOCAL_WORKSPACE>\GRID_D22_GitHub\data\real_munich\data\bohrungen_epsg25832_shp\bohrungen.shp,864.0,7835BG002978,coordinates,outside_model_inside_legacy_buffer,info,,,,,,retain_for_conditioning,pending
raw,<LOCAL_WORKSPACE>\GRID_D22_GitHub\data\real_munich\data\bohrungen_epsg25832_shp\bohrungen.shp,865.0,7835BG002981,coordinates,outside_model_inside_legacy_buffer,info,,,,,,retain_for_conditioning,pending
raw,<LOCAL_WORKSPACE>\GRID_D22_GitHub\data\real_munich\data\bohrungen_epsg25832_shp\bohrungen.shp,866.0,7835BG002985,coordinates,outside_model_inside_legacy_buffer,info,,,,,,retain_for_conditioning,pending
raw,<LOCAL_WORKSPACE>\GRID_D22_GitHub\data\real_munich\data\bohrungen_epsg25832_shp\bohrungen.shp,867.0,7835BG000805,coordinates,outside_model_inside_legacy_buffer,info,,,,,,retain_for_conditioning,pending
raw,<LOCAL_WORKSPACE>\GRID_D22_GitHub\data\real_munich\data\bohrungen_epsg25832_shp\bohrungen.shp,868.0,7835BG000825,coordinates,outside_model_inside_legacy_buffer,info,,,,,,retain_for_conditioning,pending
raw,<LOCAL_WORKSPACE>\GRID_D22_GitHub\data\real_munich\data\bohrungen_epsg25832_shp\bohrungen.shp,869.0,7835BG000859,coordinates,outside_model_inside_legacy_buffer,info,,,,,,retain_for_conditioning,pending
raw,<LOCAL_WORKSPACE>\GRID_D22_GitHub\data\real_munich\data\bohrungen_epsg25832_shp\bohrungen.shp,872.0,7835BG002989,coordinates,outside_model_inside_legacy_buffer,info,,,,,,retain_for_conditioning,pending
raw,<LOCAL_WORKSPACE>\GRID_D22_GitHub\data\real_munich\data\bohrungen_epsg25832_shp\bohrungen.shp,873.0,7835BG002993,coordinates,outside_model_inside_legacy_buffer,info,,,,,,retain_for_conditioning,pending
raw,<LOCAL_WORKSPACE>\GRID_D22_GitHub\data\real_munich\data\bohrungen_epsg25832_shp\bohrungen.shp,874.0,7835BG002996,coordinates,outside_model_inside_legacy_buffer,info,,,,,,retain_for_conditioning,pending
raw,<LOCAL_WORKSPACE>\GRID_D22_GitHub\data\real_munich\data\bohrungen_epsg25832_shp\bohrungen.shp,875.0,7835BG003000,coordinates,outside_model_inside_legacy_buffer,info,,,,,,retain_for_conditioning,pending
raw,<LOCAL_WORKSPACE>\GRID_D22_GitHub\data\real_munich\data\bohrungen_epsg25832_shp\bohrungen.shp,876.0,7835BG003004,coordinates,outside_model_inside_legacy_buffer,info,,,,,,retain_for_conditioning,pending
raw,<LOCAL_WORKSPACE>\GRID_D22_GitHub\data\real_munich\data\bohrungen_epsg25832_shp\bohrungen.shp,877.0,7835BG003005,coordinates,outside_model_inside_legacy_buffer,info,,,,,,retain_for_conditioning,pending
raw,<LOCAL_WORKSPACE>\GRID_D22_GitHub\data\real_munich\data\bohrungen_epsg25832_shp\bohrungen.shp,878.0,7835BG003006,coordinates,outside_model_inside_legacy_buffer,info,,,,,,retain_for_conditioning,pending
raw,<LOCAL_WORKSPACE>\GRID_D22_GitHub\data\real_munich\data\bohrungen_epsg25832_shp\bohrungen.shp,880.0,7835BG002816,coordinates,outside_model_inside_legacy_buffer,info,,,,,,retain_for_conditioning,pending
raw,<LOCAL_WORKSPACE>\GRID_D22_GitHub\data\real_munich\data\bohrungen_epsg25832_shp\bohrungen.shp,881.0,7835BG002820,coordinates,outside_model_inside_legacy_buffer,info,,,,,,retain_for_conditioning,pending
raw,<LOCAL_WORKSPACE>\GRID_D22_GitHub\data\real_munich\data\bohrungen_epsg25832_shp\bohrungen.shp,882.0,7835BG002823,coordinates,outside_model_inside_legacy_buffer,info,,,,,,retain_for_conditioning,pending
raw,<LOCAL_WORKSPACE>\GRID_D22_GitHub\data\real_munich\data\bohrungen_epsg25832_shp\bohrungen.shp,883.0,7835BG002827,coordinates,outside_model_inside_legacy_buffer,info,,,,,,retain_for_conditioning,pending
raw,<LOCAL_WORKSPACE>\GRID_D22_GitHub\data\real_munich\data\bohrungen_epsg25832_shp\bohrungen.shp,884.0,7835BG002831,coordinates,outside_model_inside_legacy_buffer,info,,,,,,retain_for_conditioning,pending
raw,<LOCAL_WORKSPACE>\GRID_D22_GitHub\data\real_munich\data\bohrungen_epsg25832_shp\bohrungen.shp,885.0,7835BG002835,coordinates,outside_model_inside_legacy_buffer,info,,,,,,retain_for_conditioning,pending
raw,<LOCAL_WORKSPACE>\GRID_D22_GitHub\data\real_munich\data\bohrungen_epsg25832_shp\bohrungen.shp,886.0,7835BG002839,coordinates,outside_model_inside_legacy_buffer,info,,,,,,retain_for_conditioning,pending
raw,<LOCAL_WORKSPACE>\GRID_D22_GitHub\data\real_munich\data\bohrungen_epsg25832_shp\bohrungen.shp,887.0,7835BG002842,coordinates,outside_model_inside_legacy_buffer,info,,,,,,retain_for_conditioning,pending
raw,<LOCAL_WORKSPACE>\GRID_D22_GitHub\data\real_munich\data\bohrungen_epsg25832_shp\bohrungen.shp,888.0,7835BG000656,coordinates,outside_model_inside_legacy_buffer,info,,,,,,retain_for_conditioning,pending
raw,<LOCAL_WORKSPACE>\GRID_D22_GitHub\data\real_munich\data\bohrungen_epsg25832_shp\bohrungen.shp,890.0,7835BG000693,coordinates,outside_model_inside_legacy_buffer,info,,,,,,retain_for_conditioning,pending
raw,<LOCAL_WORKSPACE>\GRID_D22_GitHub\data\real_munich\data\bohrungen_epsg25832_shp\bohrungen.shp,891.0,7835BG000941,coordinates,outside_model_inside_legacy_buffer,info,,,,,,retain_for_conditioning,pending
raw,<LOCAL_WORKSPACE>\GRID_D22_GitHub\data\real_munich\data\bohrungen_epsg25832_shp\bohrungen.shp,893.0,7835BG000953,coordinates,outside_model_inside_legacy_buffer,info,,,,,,retain_for_conditioning,pending
raw,<LOCAL_WORKSPACE>\GRID_D22_GitHub\data\real_munich\data\bohrungen_epsg25832_shp\bohrungen.shp,894.0,7835BG004200,coordinates,outside_model_inside_legacy_buffer,info,,,,,,retain_for_conditioning,pending
raw,<LOCAL_WORKSPACE>\GRID_D22_GitHub\data\real_munich\data\bohrungen_epsg25832_shp\bohrungen.shp,895.0,7835BG004204,coordinates,outside_model_inside_legacy_buffer,info,,,,,,retain_for_conditioning,pending
raw,<LOCAL_WORKSPACE>\GRID_D22_GitHub\data\real_munich\data\bohrungen_epsg25832_shp\bohrungen.shp,896.0,7835BG004207,coordinates,outside_model_inside_legacy_buffer,info,,,,,,retain_for_conditioning,pending
raw,<LOCAL_WORKSPACE>\GRID_D22_GitHub\data\real_munich\data\bohrungen_epsg25832_shp\bohrungen.shp,897.0,7835BG004211,coordinates,outside_model_inside_legacy_buffer,info,,,,,,retain_for_conditioning,pending
raw,<LOCAL_WORKSPACE>\GRID_D22_GitHub\data\real_munich\data\bohrungen_epsg25832_shp\bohrungen.shp,898.0,7835BG004215,coordinates,outside_model_inside_legacy_buffer,info,,,,,,retain_for_conditioning,pending
raw,<LOCAL_WORKSPACE>\GRID_D22_GitHub\data\real_munich\data\bohrungen_epsg25832_shp\bohrungen.shp,904.0,7835BG004238,coordinates,outside_model_inside_legacy_buffer,info,,,,,,retain_for_conditioning,pending
raw,<LOCAL_WORKSPACE>\GRID_D22_GitHub\data\real_munich\data\bohrungen_epsg25832_shp\bohrungen.shp,907.0,7835BG007138,coordinates,outside_model_inside_legacy_buffer,info,,,,,,retain_for_conditioning,pending
raw,<LOCAL_WORKSPACE>\GRID_D22_GitHub\data\real_munich\data\bohrungen_epsg25832_shp\bohrungen.shp,908.0,7835BG007141,coordinates,outside_model_inside_legacy_buffer,info,,,,,,retain_for_conditioning,pending
raw,<LOCAL_WORKSPACE>\GRID_D22_GitHub\data\real_munich\data\bohrungen_epsg25832_shp\bohrungen.shp,909.0,7835BG007142,coordinates,outside_model_inside_legacy_buffer,info,,,,,,retain_for_conditioning,pending
raw,<LOCAL_WORKSPACE>\GRID_D22_GitHub\data\real_munich\data\bohrungen_epsg25832_shp\bohrungen.shp,910.0,7835BG007143,coordinates,outside_model_inside_legacy_buffer,info,,,,,,retain_for_conditioning,pending
raw,<LOCAL_WORKSPACE>\GRID_D22_GitHub\data\real_munich\data\bohrungen_epsg25832_shp\bohrungen.shp,911.0,7835BG007144,coordinates,outside_model_inside_legacy_buffer,info,,,,,,retain_for_conditioning,pending
raw,<LOCAL_WORKSPACE>\GRID_D22_GitHub\data\real_munich\data\bohrungen_epsg25832_shp\bohrungen.shp,912.0,7835BG007147,coordinates,outside_model_inside_legacy_buffer,info,,,,,,retain_for_conditioning,pending
raw,<LOCAL_WORKSPACE>\GRID_D22_GitHub\data\real_munich\data\bohrungen_epsg25832_shp\bohrungen.shp,913.0,7835BG007150,coordinates,outside_model_inside_legacy_buffer,info,,,,,,retain_for_conditioning,pending
raw,<LOCAL_WORKSPACE>\GRID_D22_GitHub\data\real_munich\data\bohrungen_epsg25832_shp\bohrungen.shp,916.0,7835BG007162,coordinates,outside_model_inside_legacy_buffer,info,,,,,,retain_for_conditioning,pending
raw,<LOCAL_WORKSPACE>\GRID_D22_GitHub\data\real_munich\data\bohrungen_epsg25832_shp\bohrungen.shp,917.0,7835BG007166,coordinates,outside_model_inside_legacy_buffer,info,,,,,,retain_for_conditioning,pending
raw,<LOCAL_WORKSPACE>\GRID_D22_GitHub\data\real_munich\data\bohrungen_epsg25832_shp\bohrungen.shp,918.0,7835BG003912,coordinates,outside_model_inside_legacy_buffer,info,,,,,,retain_for_conditioning,pending
raw,<LOCAL_WORKSPACE>\GRID_D22_GitHub\data\real_munich\data\bohrungen_epsg25832_shp\bohrungen.shp,919.0,7835BG003940,coordinates,outside_model_inside_legacy_buffer,info,,,,,,retain_for_conditioning,pending
raw,<LOCAL_WORKSPACE>\GRID_D22_GitHub\data\real_munich\data\bohrungen_epsg25832_shp\bohrungen.shp,922.0,7835BG004249,coordinates,outside_model_inside_legacy_buffer,info,,,,,,retain_for_conditioning,pending
raw,<LOCAL_WORKSPACE>\GRID_D22_GitHub\data\real_munich\data\bohrungen_epsg25832_shp\bohrungen.shp,923.0,7835BG005323,coordinates,outside_model_inside_legacy_buffer,info,,,,,,retain_for_conditioning,pending
raw,<LOCAL_WORKSPACE>\GRID_D22_GitHub\data\real_munich\data\bohrungen_epsg25832_shp\bohrungen.shp,924.0,7835BG005357,coordinates,outside_model_inside_legacy_buffer,info,,,,,,retain_for_conditioning,pending
raw,<LOCAL_WORKSPACE>\GRID_D22_GitHub\data\real_munich\data\bohrungen_epsg25832_shp\bohrungen.shp,925.0,7835BG000218,coordinates,outside_model_inside_legacy_buffer,info,,,,,,retain_for_conditioning,pending
raw,<LOCAL_WORKSPACE>\GRID_D22_GitHub\data\real_munich\data\bohrungen_epsg25832_shp\bohrungen.shp,926.0,7835BG003950,coordinates,outside_model_inside_legacy_buffer,info,,,,,,retain_for_conditioning,pending
raw,<LOCAL_WORKSPACE>\GRID_D22_GitHub\data\real_munich\data\bohrungen_epsg25832_shp\bohrungen.shp,927.0,7835BG003953,coordinates,outside_model_inside_legacy_buffer,info,,,,,,retain_for_conditioning,pending
raw,<LOCAL_WORKSPACE>\GRID_D22_GitHub\data\real_munich\data\bohrungen_epsg25832_shp\bohrungen.shp,928.0,7835BG003970,coordinates,outside_model_inside_legacy_buffer,info,,,,,,retain_for_conditioning,pending
raw,<LOCAL_WORKSPACE>\GRID_D22_GitHub\data\real_munich\data\bohrungen_epsg25832_shp\bohrungen.shp,931.0,7835BG003980,coordinates,outside_model_inside_legacy_buffer,info,,,,,,retain_for_conditioning,pending
raw,<LOCAL_WORKSPACE>\GRID_D22_GitHub\data\real_munich\data\bohrungen_epsg25832_shp\bohrungen.shp,932.0,7835BG005359,coordinates,outside_model_inside_legacy_buffer,info,,,,,,retain_for_conditioning,pending
raw,<LOCAL_WORKSPACE>\GRID_D22_GitHub\data\real_munich\data\bohrungen_epsg25832_shp\bohrungen.shp,933.0,7835BG005366,coordinates,outside_model_inside_legacy_buffer,info,,,,,,retain_for_conditioning,pending
raw,<LOCAL_WORKSPACE>\GRID_D22_GitHub\data\real_munich\data\bohrungen_epsg25832_shp\bohrungen.shp,934.0,7835BG005370,coordinates,outside_model_inside_legacy_buffer,info,,,,,,retain_for_conditioning,pending
raw,<LOCAL_WORKSPACE>\GRID_D22_GitHub\data\real_munich\data\bohrungen_epsg25832_shp\bohrungen.shp,935.0,7835BG005382,coordinates,outside_model_inside_legacy_buffer,info,,,,,,retain_for_conditioning,pending
raw,<LOCAL_WORKSPACE>\GRID_D22_GitHub\data\real_munich\data\bohrungen_epsg25832_shp\bohrungen.shp,936.0,7835BG000219,coordinates,outside_model_inside_legacy_buffer,info,,,,,,retain_for_conditioning,pending
raw,<LOCAL_WORKSPACE>\GRID_D22_GitHub\data\real_munich\data\bohrungen_epsg25832_shp\bohrungen.shp,937.0,7835BG000223,coordinates,outside_model_inside_legacy_buffer,info,,,,,,retain_for_conditioning,pending
raw,<LOCAL_WORKSPACE>\GRID_D22_GitHub\data\real_munich\data\bohrungen_epsg25832_shp\bohrungen.shp,938.0,7835BG000226,coordinates,outside_model_inside_legacy_buffer,info,,,,,,retain_for_conditioning,pending
raw,<LOCAL_WORKSPACE>\GRID_D22_GitHub\data\real_munich\data\bohrungen_epsg25832_shp\bohrungen.shp,939.0,7835BG000230,coordinates,outside_model_inside_legacy_buffer,info,,,,,,retain_for_conditioning,pending
raw,<LOCAL_WORKSPACE>\GRID_D22_GitHub\data\real_munich\data\bohrungen_epsg25832_shp\bohrungen.shp,940.0,7835BG000233,coordinates,outside_model_inside_legacy_buffer,info,,,,,,retain_for_conditioning,pending
raw,<LOCAL_WORKSPACE>\GRID_D22_GitHub\data\real_munich\data\bohrungen_epsg25832_shp\bohrungen.shp,941.0,7835BG000237,coordinates,outside_model_inside_legacy_buffer,info,,,,,,retain_for_conditioning,pending
raw,<LOCAL_WORKSPACE>\GRID_D22_GitHub\data\real_munich\data\bohrungen_epsg25832_shp\bohrungen.shp,942.0,7835BG005091,coordinates,outside_model_inside_legacy_buffer,info,,,,,,retain_for_conditioning,pending
raw,<LOCAL_WORKSPACE>\GRID_D22_GitHub\data\real_munich\data\bohrungen_epsg25832_shp\bohrungen.shp,943.0,7835BG005099,coordinates,outside_model_inside_legacy_buffer,info,,,,,,retain_for_conditioning,pending
raw,<LOCAL_WORKSPACE>\GRID_D22_GitHub\data\real_munich\data\bohrungen_epsg25832_shp\bohrungen.shp,944.0,7835BG007169,coordinates,outside_model_inside_legacy_buffer,info,,,,,,retain_for_conditioning,pending
raw,<LOCAL_WORKSPACE>\GRID_D22_GitHub\data\real_munich\data\bohrungen_epsg25832_shp\bohrungen.shp,949.0,7835BG007189,coordinates,outside_model_inside_legacy_buffer,info,,,,,,retain_for_conditioning,pending
raw,<LOCAL_WORKSPACE>\GRID_D22_GitHub\data\real_munich\data\bohrungen_epsg25832_shp\bohrungen.shp,952.0,7835BG005385,coordinates,outside_model_inside_legacy_buffer,info,,,,,,retain_for_conditioning,pending
raw,<LOCAL_WORKSPACE>\GRID_D22_GitHub\data\real_munich\data\bohrungen_epsg25832_shp\bohrungen.shp,953.0,7835BG005393,coordinates,outside_model_inside_legacy_buffer,info,,,,,,retain_for_conditioning,pending
raw,<LOCAL_WORKSPACE>\GRID_D22_GitHub\data\real_munich\data\bohrungen_epsg25832_shp\bohrungen.shp,954.0,7835BG005397,coordinates,outside_model_inside_legacy_buffer,info,,,,,,retain_for_conditioning,pending
raw,<LOCAL_WORKSPACE>\GRID_D22_GitHub\data\real_munich\data\bohrungen_epsg25832_shp\bohrungen.shp,963.0,7835BG004004,coordinates,outside_model_inside_legacy_buffer,info,,,,,,retain_for_conditioning,pending
raw,<LOCAL_WORKSPACE>\GRID_D22_GitHub\data\real_munich\data\bohrungen_epsg25832_shp\bohrungen.shp,964.0,7835BG004007,coordinates,outside_model_inside_legacy_buffer,info,,,,,,retain_for_conditioning,pending
raw,<LOCAL_WORKSPACE>\GRID_D22_GitHub\data\real_munich\data\bohrungen_epsg25832_shp\bohrungen.shp,967.0,7835BG004018,coordinates,outside_model_inside_legacy_buffer,info,,,,,,retain_for_conditioning,pending
raw,<LOCAL_WORKSPACE>\GRID_D22_GitHub\data\real_munich\data\bohrungen_epsg25832_shp\bohrungen.shp,979.0,7835BG000278,coordinates,outside_model_inside_legacy_buffer,info,,,,,,retain_for_conditioning,pending
raw,<LOCAL_WORKSPACE>\GRID_D22_GitHub\data\real_munich\data\bohrungen_epsg25832_shp\bohrungen.shp,980.0,7835BG000282,coordinates,outside_model_inside_legacy_buffer,info,,,,,,retain_for_conditioning,pending
raw,<LOCAL_WORKSPACE>\GRID_D22_GitHub\data\real_munich\data\bohrungen_epsg25832_shp\bohrungen.shp,981.0,7835BG000285,coordinates,outside_model_inside_legacy_buffer,info,,,,,,retain_for_conditioning,pending
raw,<LOCAL_WORKSPACE>\GRID_D22_GitHub\data\real_munich\data\bohrungen_epsg25832_shp\bohrungen.shp,982.0,7835BG000287,coordinates,outside_model_inside_legacy_buffer,info,,,,,,retain_for_conditioning,pending
raw,<LOCAL_WORKSPACE>\GRID_D22_GitHub\data\real_munich\data\bohrungen_epsg25832_shp\bohrungen.shp,983.0,7835BG000288,coordinates,outside_model_inside_legacy_buffer,info,,,,,,retain_for_conditioning,pending
raw,<LOCAL_WORKSPACE>\GRID_D22_GitHub\data\real_munich\data\bohrungen_epsg25832_shp\bohrungen.shp,984.0,7835BG000289,coordinates,outside_model_inside_legacy_buffer,info,,,,,,retain_for_conditioning,pending
raw,<LOCAL_WORKSPACE>\GRID_D22_GitHub\data\real_munich\data\bohrungen_epsg25832_shp\bohrungen.shp,986.0,7835BG004027,coordinates,outside_model_inside_legacy_buffer,info,,,,,,retain_for_conditioning,pending
raw,<LOCAL_WORKSPACE>\GRID_D22_GitHub\data\real_munich\data\bohrungen_epsg25832_shp\bohrungen.shp,988.0,7835BG004034,coordinates,outside_model_inside_legacy_buffer,info,,,,,,retain_for_conditioning,pending
raw,<LOCAL_WORKSPACE>\GRID_D22_GitHub\data\real_munich\data\bohrungen_epsg25832_shp\bohrungen.shp,989.0,7835BG004038,coordinates,outside_model_inside_legacy_buffer,info,,,,,,retain_for_conditioning,pending
raw,<LOCAL_WORKSPACE>\GRID_D22_GitHub\data\real_munich\data\bohrungen_epsg25832_shp\bohrungen.shp,990.0,7835BG004041,coordinates,outside_model_inside_legacy_buffer,info,,,,,,retain_for_conditioning,pending
raw,<LOCAL_WORKSPACE>\GRID_D22_GitHub\data\real_munich\data\bohrungen_epsg25832_shp\bohrungen.shp,991.0,7835BG004044,coordinates,outside_model_inside_legacy_buffer,info,,,,,,retain_for_conditioning,pending
raw,<LOCAL_WORKSPACE>\GRID_D22_GitHub\data\real_munich\data\bohrungen_epsg25832_shp\bohrungen.shp,994.0,7835BG004047,coordinates,outside_model_inside_legacy_buffer,info,,,,,,retain_for_conditioning,pending
raw,<LOCAL_WORKSPACE>\GRID_D22_GitHub\data\real_munich\data\bohrungen_epsg25832_shp\bohrungen.shp,997.0,7835BG005103,coordinates,outside_model_inside_legacy_buffer,info,,,,,,retain_for_conditioning,pending
raw,<LOCAL_WORKSPACE>\GRID_D22_GitHub\data\real_munich\data\bohrungen_epsg25832_shp\bohrungen.shp,998.0,7835BG000290,coordinates,outside_model_inside_legacy_buffer,info,,,,,,retain_for_conditioning,pending
raw,<LOCAL_WORKSPACE>\GRID_D22_GitHub\data\real_munich\data\bohrungen_epsg25832_shp\bohrungen.shp,1000.0,7835BG005148,coordinates,outside_model_inside_legacy_buffer,info,,,,,,retain_for_conditioning,pending
raw,<LOCAL_WORKSPACE>\GRID_D22_GitHub\data\real_munich\data\bohrungen_epsg25832_shp\bohrungen.shp,1001.0,7835BG005151,coordinates,outside_model_inside_legacy_buffer,info,,,,,,retain_for_conditioning,pending
raw,<LOCAL_WORKSPACE>\GRID_D22_GitHub\data\real_munich\data\bohrungen_epsg25832_shp\bohrungen.shp,1002.0,7835BG005155,coordinates,outside_model_inside_legacy_buffer,info,,,,,,retain_for_conditioning,pending
raw,<LOCAL_WORKSPACE>\GRID_D22_GitHub\data\real_munich\data\bohrungen_epsg25832_shp\bohrungen.shp,1003.0,7835BG001081,coordinates,outside_model_inside_legacy_buffer,info,,,,,,retain_for_conditioning,pending
raw,<LOCAL_WORKSPACE>\GRID_D22_GitHub\data\real_munich\data\bohrungen_epsg25832_shp\bohrungen.shp,1004.0,7835BG002420,coordinates,outside_model_inside_legacy_buffer,info,,,,,,retain_for_conditioning,pending
raw,<LOCAL_WORKSPACE>\GRID_D22_GitHub\data\real_munich\data\bohrungen_epsg25832_shp\bohrungen.shp,1005.0,7835BG002170,coordinates,outside_model_inside_legacy_buffer,info,,,,,,retain_for_conditioning,pending
raw,<LOCAL_WORKSPACE>\GRID_D22_GitHub\data\real_munich\data\bohrungen_epsg25832_shp\bohrungen.shp,1006.0,7835BG002171,coordinates,outside_model_inside_legacy_buffer,info,,,,,,retain_for_conditioning,pending
raw,<LOCAL_WORKSPACE>\GRID_D22_GitHub\data\real_munich\data\bohrungen_epsg25832_shp\bohrungen.shp,1008.0,7835BG004083,coordinates,outside_model_inside_legacy_buffer,info,,,,,,retain_for_conditioning,pending
raw,<LOCAL_WORKSPACE>\GRID_D22_GitHub\data\real_munich\data\bohrungen_epsg25832_shp\bohrungen.shp,1009.0,7835BG000314,coordinates,outside_model_inside_legacy_buffer,info,,,,,,retain_for_conditioning,pending
raw,<LOCAL_WORKSPACE>\GRID_D22_GitHub\data\real_munich\data\bohrungen_epsg25832_shp\bohrungen.shp,1010.0,7835BG000620,coordinates,outside_model_inside_legacy_buffer,info,,,,,,retain_for_conditioning,pending
raw,<LOCAL_WORKSPACE>\GRID_D22_GitHub\data\real_munich\data\bohrungen_epsg25832_shp\bohrungen.shp,1011.0,7835BG000630,coordinates,outside_model_inside_legacy_buffer,info,,,,,,retain_for_conditioning,pending
raw,<LOCAL_WORKSPACE>\GRID_D22_GitHub\data\real_munich\data\bohrungen_epsg25832_shp\bohrungen.shp,1012.0,7835BG000653,coordinates,outside_model_inside_legacy_buffer,info,,,,,,retain_for_conditioning,pending
raw,<LOCAL_WORKSPACE>\GRID_D22_GitHub\data\real_munich\data\bohrungen_epsg25832_shp\bohrungen.shp,1015.0,7835BG004102,coordinates,outside_model_inside_legacy_buffer,info,,,,,,retain_for_conditioning,pending
raw,<LOCAL_WORKSPACE>\GRID_D22_GitHub\data\real_munich\data\bohrungen_epsg25832_shp\bohrungen.shp,1016.0,7835BG004106,coordinates,outside_model_inside_legacy_buffer,info,,,,,,retain_for_conditioning,pending
raw,<LOCAL_WORKSPACE>\GRID_D22_GitHub\data\real_munich\data\bohrungen_epsg25832_shp\bohrungen.shp,1020.0,7835BG001432,coordinates,outside_model_inside_legacy_buffer,info,,,,,,retain_for_conditioning,pending
raw,<LOCAL_WORKSPACE>\GRID_D22_GitHub\data\real_munich\data\bohrungen_epsg25832_shp\bohrungen.shp,1021.0,7835BG007046,coordinates,outside_model_inside_legacy_buffer,info,,,,,,retain_for_conditioning,pending
raw,<LOCAL_WORKSPACE>\GRID_D22_GitHub\data\real_munich\data\bohrungen_epsg25832_shp\bohrungen.shp,1022.0,7835BG007050,coordinates,outside_model_inside_legacy_buffer,info,,,,,,retain_for_conditioning,pending
raw,<LOCAL_WORKSPACE>\GRID_D22_GitHub\data\real_munich\data\bohrungen_epsg25832_shp\bohrungen.shp,1024.0,7835BG007058,coordinates,outside_model_inside_legacy_buffer,info,,,,,,retain_for_conditioning,pending
raw,<LOCAL_WORKSPACE>\GRID_D22_GitHub\data\real_munich\data\bohrungen_epsg25832_shp\bohrungen.shp,1025.0,7835BG007062,coordinates,outside_model_inside_legacy_buffer,info,,,,,,retain_for_conditioning,pending
raw,<LOCAL_WORKSPACE>\GRID_D22_GitHub\data\real_munich\data\bohrungen_epsg25832_shp\bohrungen.shp,1026.0,7835BG007065,coordinates,outside_model_inside_legacy_buffer,info,,,,,,retain_for_conditioning,pending
raw,<LOCAL_WORKSPACE>\GRID_D22_GitHub\data\real_munich\data\bohrungen_epsg25832_shp\bohrungen.shp,1027.0,7835BG007077,coordinates,outside_model_inside_legacy_buffer,info,,,,,,retain_for_conditioning,pending
raw,<LOCAL_WORKSPACE>\GRID_D22_GitHub\data\real_munich\data\bohrungen_epsg25832_shp\bohrungen.shp,1028.0,7835BG007081,coordinates,outside_model_inside_legacy_buffer,info,,,,,,retain_for_conditioning,pending
raw,<LOCAL_WORKSPACE>\GRID_D22_GitHub\data\real_munich\data\bohrungen_epsg25832_shp\bohrungen.shp,1029.0,7835BG007082,coordinates,outside_model_inside_legacy_buffer,info,,,,,,retain_for_conditioning,pending
raw,<LOCAL_WORKSPACE>\GRID_D22_GitHub\data\real_munich\data\bohrungen_epsg25832_shp\bohrungen.shp,1030.0,7835BG007084,coordinates,outside_model_inside_legacy_buffer,info,,,,,,retain_for_conditioning,pending
raw,<LOCAL_WORKSPACE>\GRID_D22_GitHub\data\real_munich\data\bohrungen_epsg25832_shp\bohrungen.shp,1037.0,7835BG003848,coordinates,outside_model_inside_legacy_buffer,info,,,,,,retain_for_conditioning,pending
raw,<LOCAL_WORKSPACE>\GRID_D22_GitHub\data\real_munich\data\bohrungen_epsg25832_shp\bohrungen.shp,1038.0,7835BG003851,coordinates,outside_model_inside_legacy_buffer,info,,,,,,retain_for_conditioning,pending
raw,<LOCAL_WORKSPACE>\GRID_D22_GitHub\data\real_munich\data\bohrungen_epsg25832_shp\bohrungen.shp,1039.0,7835BG003854,coordinates,outside_model_inside_legacy_buffer,info,,,,,,retain_for_conditioning,pending
raw,<LOCAL_WORKSPACE>\GRID_D22_GitHub\data\real_munich\data\bohrungen_epsg25832_shp\bohrungen.shp,1041.0,7835BG004133,coordinates,outside_model_inside_legacy_buffer,info,,,,,,retain_for_conditioning,pending
raw,<LOCAL_WORKSPACE>\GRID_D22_GitHub\data\real_munich\data\bohrungen_epsg25832_shp\bohrungen.shp,1044.0,7835BG004145,coordinates,outside_model_inside_legacy_buffer,info,,,,,,retain_for_conditioning,pending
raw,<LOCAL_WORKSPACE>\GRID_D22_GitHub\data\real_munich\data\bohrungen_epsg25832_shp\bohrungen.shp,1045.0,7835BG004148,coordinates,outside_model_inside_legacy_buffer,info,,,,,,retain_for_conditioning,pending
raw,<LOCAL_WORKSPACE>\GRID_D22_GitHub\data\real_munich\data\bohrungen_epsg25832_shp\bohrungen.shp,1046.0,7835BG004152,coordinates,outside_model_inside_legacy_buffer,info,,,,,,retain_for_conditioning,pending
raw,<LOCAL_WORKSPACE>\GRID_D22_GitHub\data\real_munich\data\bohrungen_epsg25832_shp\bohrungen.shp,1051.0,7835BG003875,coordinates,outside_model_inside_legacy_buffer,info,,,,,,retain_for_conditioning,pending
raw,<LOCAL_WORKSPACE>\GRID_D22_GitHub\data\real_munich\data\bohrungen_epsg25832_shp\bohrungen.shp,1052.0,7835BG003878,coordinates,outside_model_inside_legacy_buffer,info,,,,,,retain_for_conditioning,pending
raw,<LOCAL_WORKSPACE>\GRID_D22_GitHub\data\real_munich\data\bohrungen_epsg25832_shp\bohrungen.shp,1053.0,7835BG003881,coordinates,outside_model_inside_legacy_buffer,info,,,,,,retain_for_conditioning,pending
raw,<LOCAL_WORKSPACE>\GRID_D22_GitHub\data\real_munich\data\bohrungen_epsg25832_shp\bohrungen.shp,1054.0,7835BG003909,coordinates,outside_model_inside_legacy_buffer,info,,,,,,retain_for_conditioning,pending
raw,<LOCAL_WORKSPACE>\GRID_D22_GitHub\data\real_munich\data\bohrungen_epsg25832_shp\bohrungen.shp,1055.0,7835BG004174,coordinates,outside_model_inside_legacy_buffer,info,,,,,,retain_for_conditioning,pending
raw,<LOCAL_WORKSPACE>\GRID_D22_GitHub\data\real_munich\data\bohrungen_epsg25832_shp\bohrungen.shp,1056.0,7835BG004178,coordinates,outside_model_inside_legacy_buffer,info,,,,,,retain_for_conditioning,pending
raw,<LOCAL_WORKSPACE>\GRID_D22_GitHub\data\real_munich\data\bohrungen_epsg25832_shp\bohrungen.shp,1059.0,7835BG004189,coordinates,outside_model_inside_legacy_buffer,info,,,,,,retain_for_conditioning,pending
raw,<LOCAL_WORKSPACE>\GRID_D22_GitHub\data\real_munich\data\bohrungen_epsg25832_shp\bohrungen.shp,1060.0,7835BG004196,coordinates,outside_model_inside_legacy_buffer,info,,,,,,retain_for_conditioning,pending
raw,<LOCAL_WORKSPACE>\GRID_D22_GitHub\data\real_munich\data\bohrungen_epsg25832_shp\bohrungen.shp,1061.0,7835BG004197,coordinates,outside_model_inside_legacy_buffer,info,,,,,,retain_for_conditioning,pending
raw,<LOCAL_WORKSPACE>\GRID_D22_GitHub\data\real_munich\data\bohrungen_epsg25832_shp\bohrungen.shp,1062.0,7835BG004198,coordinates,outside_model_inside_legacy_buffer,info,,,,,,retain_for_conditioning,pending
raw,<LOCAL_WORKSPACE>\GRID_D22_GitHub\data\real_munich\data\bohrungen_epsg25832_shp\bohrungen.shp,1080.0,7835BG002282,coordinates,outside_model_inside_legacy_buffer,info,,,,,,retain_for_conditioning,pending
raw,<LOCAL_WORKSPACE>\GRID_D22_GitHub\data\real_munich\data\bohrungen_epsg25832_shp\bohrungen.shp,1086.0,7835BG006546,coordinates,outside_model_inside_legacy_buffer,info,,,,,,retain_for_conditioning,pending
raw,<LOCAL_WORKSPACE>\GRID_D22_GitHub\data\real_munich\data\bohrungen_epsg25832_shp\bohrungen.shp,1087.0,7835BG006550,coordinates,outside_model_inside_legacy_buffer,info,,,,,,retain_for_conditioning,pending
raw,<LOCAL_WORKSPACE>\GRID_D22_GitHub\data\real_munich\data\bohrungen_epsg25832_shp\bohrungen.shp,1088.0,7835BG006554,coordinates,outside_model_inside_legacy_buffer,info,,,,,,retain_for_conditioning,pending
raw,<LOCAL_WORKSPACE>\GRID_D22_GitHub\data\real_munich\data\bohrungen_epsg25832_shp\bohrungen.shp,1089.0,7835BG006558,coordinates,outside_model_inside_legacy_buffer,info,,,,,,retain_for_conditioning,pending
raw,<LOCAL_WORKSPACE>\GRID_D22_GitHub\data\real_munich\data\bohrungen_epsg25832_shp\bohrungen.shp,1090.0,7835BG006559,coordinates,outside_model_inside_legacy_buffer,info,,,,,,retain_for_conditioning,pending
raw,<LOCAL_WORKSPACE>\GRID_D22_GitHub\data\real_munich\data\bohrungen_epsg25832_shp\bohrungen.shp,1091.0,7835BG006560,coordinates,outside_model_inside_legacy_buffer,info,,,,,,retain_for_conditioning,pending
raw,<LOCAL_WORKSPACE>\GRID_D22_GitHub\data\real_munich\data\bohrungen_epsg25832_shp\bohrungen.shp,1092.0,7835BG006561,coordinates,outside_model_inside_legacy_buffer,info,,,,,,retain_for_conditioning,pending
raw,<LOCAL_WORKSPACE>\GRID_D22_GitHub\data\real_munich\data\bohrungen_epsg25832_shp\bohrungen.shp,1093.0,7835BG006564,coordinates,outside_model_inside_legacy_buffer,info,,,,,,retain_for_conditioning,pending
raw,<LOCAL_WORKSPACE>\GRID_D22_GitHub\data\real_munich\data\bohrungen_epsg25832_shp\bohrungen.shp,1094.0,7835BG006568,coordinates,outside_model_inside_legacy_buffer,info,,,,,,retain_for_conditioning,pending
raw,<LOCAL_WORKSPACE>\GRID_D22_GitHub\data\real_munich\data\bohrungen_epsg25832_shp\bohrungen.shp,1095.0,7835BG006571,coordinates,outside_model_inside_legacy_buffer,info,,,,,,retain_for_conditioning,pending
raw,<LOCAL_WORKSPACE>\GRID_D22_GitHub\data\real_munich\data\bohrungen_epsg25832_shp\bohrungen.shp,1096.0,7835BG006575,coordinates,outside_model_inside_legacy_buffer,info,,,,,,retain_for_conditioning,pending
raw,<LOCAL_WORKSPACE>\GRID_D22_GitHub\data\real_munich\data\bohrungen_epsg25832_shp\bohrungen.shp,1097.0,7835BG006579,coordinates,outside_model_inside_legacy_buffer,info,,,,,,retain_for_conditioning,pending
raw,<LOCAL_WORKSPACE>\GRID_D22_GitHub\data\real_munich\data\bohrungen_epsg25832_shp\bohrungen.shp,1098.0,7835BG006582,coordinates,outside_model_inside_legacy_buffer,info,,,,,,retain_for_conditioning,pending
raw,<LOCAL_WORKSPACE>\GRID_D22_GitHub\data\real_munich\data\bohrungen_epsg25832_shp\bohrungen.shp,1099.0,7835BG006586,coordinates,outside_model_inside_legacy_buffer,info,,,,,,retain_for_conditioning,pending
raw,<LOCAL_WORKSPACE>\GRID_D22_GitHub\data\real_munich\data\bohrungen_epsg25832_shp\bohrungen.shp,1100.0,7835BG006590,coordinates,outside_model_inside_legacy_buffer,info,,,,,,retain_for_conditioning,pending
raw,<LOCAL_WORKSPACE>\GRID_D22_GitHub\data\real_munich\data\bohrungen_epsg25832_shp\bohrungen.shp,1101.0,7835BG006594,coordinates,outside_model_inside_legacy_buffer,info,,,,,,retain_for_conditioning,pending
raw,<LOCAL_WORKSPACE>\GRID_D22_GitHub\data\real_munich\data\bohrungen_epsg25832_shp\bohrungen.shp,1102.0,7835BG006597,coordinates,outside_model_inside_legacy_buffer,info,,,,,,retain_for_conditioning,pending
raw,<LOCAL_WORKSPACE>\GRID_D22_GitHub\data\real_munich\data\bohrungen_epsg25832_shp\bohrungen.shp,1103.0,7835BG006601,coordinates,outside_model_inside_legacy_buffer,info,,,,,,retain_for_conditioning,pending
raw,<LOCAL_WORKSPACE>\GRID_D22_GitHub\data\real_munich\data\bohrungen_epsg25832_shp\bohrungen.shp,1104.0,7835BG006605,coordinates,outside_model_inside_legacy_buffer,info,,,,,,retain_for_conditioning,pending
raw,<LOCAL_WORKSPACE>\GRID_D22_GitHub\data\real_munich\data\bohrungen_epsg25832_shp\bohrungen.shp,1105.0,7835BG005441,coordinates,outside_model_inside_legacy_buffer,info,,,,,,retain_for_conditioning,pending
raw,<LOCAL_WORKSPACE>\GRID_D22_GitHub\data\real_munich\data\bohrungen_epsg25832_shp\bohrungen.shp,1106.0,7835BG005445,coordinates,outside_model_inside_legacy_buffer,info,,,,,,retain_for_conditioning,pending
raw,<LOCAL_WORKSPACE>\GRID_D22_GitHub\data\real_munich\data\bohrungen_epsg25832_shp\bohrungen.shp,1107.0,7835BG005449,coordinates,outside_model_inside_legacy_buffer,info,,,,,,retain_for_conditioning,pending
raw,<LOCAL_WORKSPACE>\GRID_D22_GitHub\data\real_munich\data\bohrungen_epsg25832_shp\bohrungen.shp,1108.0,7835BG006460,coordinates,outside_model_inside_legacy_buffer,info,,,,,,retain_for_conditioning,pending
raw,<LOCAL_WORKSPACE>\GRID_D22_GitHub\data\real_munich\data\bohrungen_epsg25832_shp\bohrungen.shp,1109.0,7835BG006464,coordinates,outside_model_inside_legacy_buffer,info,,,,,,retain_for_conditioning,pending
raw,<LOCAL_WORKSPACE>\GRID_D22_GitHub\data\real_munich\data\bohrungen_epsg25832_shp\bohrungen.shp,1110.0,7835BG006468,coordinates,outside_model_inside_legacy_buffer,info,,,,,,retain_for_conditioning,pending
raw,<LOCAL_WORKSPACE>\GRID_D22_GitHub\data\real_munich\data\bohrungen_epsg25832_shp\bohrungen.shp,1111.0,7835BG006471,coordinates,outside_model_inside_legacy_buffer,info,,,,,,retain_for_conditioning,pending
raw,<LOCAL_WORKSPACE>\GRID_D22_GitHub\data\real_munich\data\bohrungen_epsg25832_shp\bohrungen.shp,1112.0,7835BG003524,coordinates,outside_model_inside_legacy_buffer,info,,,,,,retain_for_conditioning,pending
raw,<LOCAL_WORKSPACE>\GRID_D22_GitHub\data\real_munich\data\bohrungen_epsg25832_shp\bohrungen.shp,1113.0,7835BG003527,coordinates,outside_model_inside_legacy_buffer,info,,,,,,retain_for_conditioning,pending
raw,<LOCAL_WORKSPACE>\GRID_D22_GitHub\data\real_munich\data\bohrungen_epsg25832_shp\bohrungen.shp,1114.0,7835BG003530,coordinates,outside_model_inside_legacy_buffer,info,,,,,,retain_for_conditioning,pending
raw,<LOCAL_WORKSPACE>\GRID_D22_GitHub\data\real_munich\data\bohrungen_epsg25832_shp\bohrungen.shp,1115.0,7835BG003534,coordinates,outside_model_inside_legacy_buffer,info,,,,,,retain_for_conditioning,pending
raw,<LOCAL_WORKSPACE>\GRID_D22_GitHub\data\real_munich\data\bohrungen_epsg25832_shp\bohrungen.shp,1116.0,7835BG003537,coordinates,outside_model_inside_legacy_buffer,info,,,,,,retain_for_conditioning,pending
raw,<LOCAL_WORKSPACE>\GRID_D22_GitHub\data\real_munich\data\bohrungen_epsg25832_shp\bohrungen.shp,1117.0,7835BG003540,coordinates,outside_model_inside_legacy_buffer,info,,,,,,retain_for_conditioning,pending
raw,<LOCAL_WORKSPACE>\GRID_D22_GitHub\data\real_munich\data\bohrungen_epsg25832_shp\bohrungen.shp,1118.0,7835BG003541,coordinates,outside_model_inside_legacy_buffer,info,,,,,,retain_for_conditioning,pending
raw,<LOCAL_WORKSPACE>\GRID_D22_GitHub\data\real_munich\data\bohrungen_epsg25832_shp\bohrungen.shp,1119.0,7835BG003542,coordinates,outside_model_inside_legacy_buffer,info,,,,,,retain_for_conditioning,pending
raw,<LOCAL_WORKSPACE>\GRID_D22_GitHub\data\real_munich\data\bohrungen_epsg25832_shp\bohrungen.shp,1120.0,7835BG003543,coordinates,outside_model_inside_legacy_buffer,info,,,,,,retain_for_conditioning,pending
raw,<LOCAL_WORKSPACE>\GRID_D22_GitHub\data\real_munich\data\bohrungen_epsg25832_shp\bohrungen.shp,1121.0,7835BG003544,coordinates,outside_model_inside_legacy_buffer,info,,,,,,retain_for_conditioning,pending
raw,<LOCAL_WORKSPACE>\GRID_D22_GitHub\data\real_munich\data\bohrungen_epsg25832_shp\bohrungen.shp,1122.0,7835BG004349,coordinates,outside_model_inside_legacy_buffer,info,,,,,,retain_for_conditioning,pending
raw,<LOCAL_WORKSPACE>\GRID_D22_GitHub\data\real_munich\data\bohrungen_epsg25832_shp\bohrungen.shp,1125.0,7835BG004390,coordinates,outside_model_inside_legacy_buffer,info,,,,,,retain_for_conditioning,pending
raw,<LOCAL_WORKSPACE>\GRID_D22_GitHub\data\real_munich\data\bohrungen_epsg25832_shp\bohrungen.shp,1127.0,7835BG005516,coordinates,outside_model_inside_legacy_buffer,info,,,,,,retain_for_conditioning,pending
raw,<LOCAL_WORKSPACE>\GRID_D22_GitHub\data\real_munich\data\bohrungen_epsg25832_shp\bohrungen.shp,1128.0,7835BG006475,coordinates,outside_model_inside_legacy_buffer,info,,,,,,retain_for_conditioning,pending
raw,<LOCAL_WORKSPACE>\GRID_D22_GitHub\data\real_munich\data\bohrungen_epsg25832_shp\bohrungen.shp,1129.0,7835BG006479,coordinates,outside_model_inside_legacy_buffer,info,,,,,,retain_for_conditioning,pending
raw,<LOCAL_WORKSPACE>\GRID_D22_GitHub\data\real_munich\data\bohrungen_epsg25832_shp\bohrungen.shp,1130.0,7835BG006483,coordinates,outside_model_inside_legacy_buffer,info,,,,,,retain_for_conditioning,pending
raw,<LOCAL_WORKSPACE>\GRID_D22_GitHub\data\real_munich\data\bohrungen_epsg25832_shp\bohrungen.shp,1131.0,7835BG006486,coordinates,outside_model_inside_legacy_buffer,info,,,,,,retain_for_conditioning,pending
raw,<LOCAL_WORKSPACE>\GRID_D22_GitHub\data\real_munich\data\bohrungen_epsg25832_shp\bohrungen.shp,1132.0,7835BG006490,coordinates,outside_model_inside_legacy_buffer,info,,,,,,retain_for_conditioning,pending
raw,<LOCAL_WORKSPACE>\GRID_D22_GitHub\data\real_munich\data\bohrungen_epsg25832_shp\bohrungen.shp,1133.0,7835BG006493,coordinates,outside_model_inside_legacy_buffer,info,,,,,,retain_for_conditioning,pending
raw,<LOCAL_WORKSPACE>\GRID_D22_GitHub\data\real_munich\data\bohrungen_epsg25832_shp\bohrungen.shp,1134.0,7835BG006494,coordinates,outside_model_inside_legacy_buffer,info,,,,,,retain_for_conditioning,pending
raw,<LOCAL_WORKSPACE>\GRID_D22_GitHub\data\real_munich\data\bohrungen_epsg25832_shp\bohrungen.shp,1135.0,7835BG006495,coordinates,outside_model_inside_legacy_buffer,info,,,,,,retain_for_conditioning,pending
raw,<LOCAL_WORKSPACE>\GRID_D22_GitHub\data\real_munich\data\bohrungen_epsg25832_shp\bohrungen.shp,1136.0,7835BG006498,coordinates,outside_model_inside_legacy_buffer,info,,,,,,retain_for_conditioning,pending
raw,<LOCAL_WORKSPACE>\GRID_D22_GitHub\data\real_munich\data\bohrungen_epsg25832_shp\bohrungen.shp,1137.0,7835BG006501,coordinates,outside_model_inside_legacy_buffer,info,,,,,,retain_for_conditioning,pending
raw,<LOCAL_WORKSPACE>\GRID_D22_GitHub\data\real_munich\data\bohrungen_epsg25832_shp\bohrungen.shp,1138.0,7835BG006505,coordinates,outside_model_inside_legacy_buffer,info,,,,,,retain_for_conditioning,pending
raw,<LOCAL_WORKSPACE>\GRID_D22_GitHub\data\real_munich\data\bohrungen_epsg25832_shp\bohrungen.shp,1139.0,7835BG006509,coordinates,outside_model_inside_legacy_buffer,info,,,,,,retain_for_conditioning,pending
raw,<LOCAL_WORKSPACE>\GRID_D22_GitHub\data\real_munich\data\bohrungen_epsg25832_shp\bohrungen.shp,1140.0,7835BG006513,coordinates,outside_model_inside_legacy_buffer,info,,,,,,retain_for_conditioning,pending
raw,<LOCAL_WORKSPACE>\GRID_D22_GitHub\data\real_munich\data\bohrungen_epsg25832_shp\bohrungen.shp,1141.0,7835BG006998,coordinates,outside_model_inside_legacy_buffer,info,,,,,,retain_for_conditioning,pending
raw,<LOCAL_WORKSPACE>\GRID_D22_GitHub\data\real_munich\data\bohrungen_epsg25832_shp\bohrungen.shp,1142.0,7835BG007002,coordinates,outside_model_inside_legacy_buffer,info,,,,,,retain_for_conditioning,pending
raw,<LOCAL_WORKSPACE>\GRID_D22_GitHub\data\real_munich\data\bohrungen_epsg25832_shp\bohrungen.shp,1143.0,7835BG007005,coordinates,outside_model_inside_legacy_buffer,info,,,,,,retain_for_conditioning,pending
raw,<LOCAL_WORKSPACE>\GRID_D22_GitHub\data\real_munich\data\bohrungen_epsg25832_shp\bohrungen.shp,1145.0,7835BG007013,coordinates,outside_model_inside_legacy_buffer,info,,,,,,retain_for_conditioning,pending
raw,<LOCAL_WORKSPACE>\GRID_D22_GitHub\data\real_munich\data\bohrungen_epsg25832_shp\bohrungen.shp,1148.0,7835BG007020,coordinates,outside_model_inside_legacy_buffer,info,,,,,,retain_for_conditioning,pending
raw,<LOCAL_WORKSPACE>\GRID_D22_GitHub\data\real_munich\data\bohrungen_epsg25832_shp\bohrungen.shp,1150.0,7835BG007024,coordinates,outside_model_inside_legacy_buffer,info,,,,,,retain_for_conditioning,pending
raw,<LOCAL_WORKSPACE>\GRID_D22_GitHub\data\real_munich\data\bohrungen_epsg25832_shp\bohrungen.shp,1151.0,7835BG007028,coordinates,outside_model_inside_legacy_buffer,info,,,,,,retain_for_conditioning,pending
raw,<LOCAL_WORKSPACE>\GRID_D22_GitHub\data\real_munich\data\bohrungen_epsg25832_shp\bohrungen.shp,1153.0,7835BG007035,coordinates,outside_model_inside_legacy_buffer,info,,,,,,retain_for_conditioning,pending
raw,<LOCAL_WORKSPACE>\GRID_D22_GitHub\data\real_munich\data\bohrungen_epsg25832_shp\bohrungen.shp,1155.0,7835BG007043,coordinates,outside_model_inside_legacy_buffer,info,,,,,,retain_for_conditioning,pending
raw,<LOCAL_WORKSPACE>\GRID_D22_GitHub\data\real_munich\data\bohrungen_epsg25832_shp\bohrungen.shp,1156.0,7835BG006516,coordinates,outside_model_inside_legacy_buffer,info,,,,,,retain_for_conditioning,pending
raw,<LOCAL_WORKSPACE>\GRID_D22_GitHub\data\real_munich\data\bohrungen_epsg25832_shp\bohrungen.shp,1157.0,7835BG006520,coordinates,outside_model_inside_legacy_buffer,info,,,,,,retain_for_conditioning,pending
raw,<LOCAL_WORKSPACE>\GRID_D22_GitHub\data\real_munich\data\bohrungen_epsg25832_shp\bohrungen.shp,1158.0,7835BG006524,coordinates,outside_model_inside_legacy_buffer,info,,,,,,retain_for_conditioning,pending
raw,<LOCAL_WORKSPACE>\GRID_D22_GitHub\data\real_munich\data\bohrungen_epsg25832_shp\bohrungen.shp,1159.0,7835BG006528,coordinates,outside_model_inside_legacy_buffer,info,,,,,,retain_for_conditioning,pending
raw,<LOCAL_WORKSPACE>\GRID_D22_GitHub\data\real_munich\data\bohrungen_epsg25832_shp\bohrungen.shp,1160.0,7835BG006531,coordinates,outside_model_inside_legacy_buffer,info,,,,,,retain_for_conditioning,pending
raw,<LOCAL_WORKSPACE>\GRID_D22_GitHub\data\real_munich\data\bohrungen_epsg25832_shp\bohrungen.shp,1161.0,7835BG006535,coordinates,outside_model_inside_legacy_buffer,info,,,,,,retain_for_conditioning,pending
raw,<LOCAL_WORKSPACE>\GRID_D22_GitHub\data\real_munich\data\bohrungen_epsg25832_shp\bohrungen.shp,1162.0,7835BG006539,coordinates,outside_model_inside_legacy_buffer,info,,,,,,retain_for_conditioning,pending
raw,<LOCAL_WORKSPACE>\GRID_D22_GitHub\data\real_munich\data\bohrungen_epsg25832_shp\bohrungen.shp,1163.0,7835BG003603,coordinates,outside_model_inside_legacy_buffer,info,,,,,,retain_for_conditioning,pending
raw,<LOCAL_WORKSPACE>\GRID_D22_GitHub\data\real_munich\data\bohrungen_epsg25832_shp\bohrungen.shp,1164.0,7835BG003604,coordinates,outside_model_inside_legacy_buffer,info,,,,,,retain_for_conditioning,pending
raw,<LOCAL_WORKSPACE>\GRID_D22_GitHub\data\real_munich\data\bohrungen_epsg25832_shp\bohrungen.shp,1167.0,7835BG003622,coordinates,outside_model_inside_legacy_buffer,info,,,,,,retain_for_conditioning,pending
raw,<LOCAL_WORKSPACE>\GRID_D22_GitHub\data\real_munich\data\bohrungen_epsg25832_shp\bohrungen.shp,1168.0,7835BG003625,coordinates,outside_model_inside_legacy_buffer,info,,,,,,retain_for_conditioning,pending
raw,<LOCAL_WORKSPACE>\GRID_D22_GitHub\data\real_munich\data\bohrungen_epsg25832_shp\bohrungen.shp,1169.0,7835BG005519,coordinates,outside_model_inside_legacy_buffer,info,,,,,,retain_for_conditioning,pending
raw,<LOCAL_WORKSPACE>\GRID_D22_GitHub\data\real_munich\data\bohrungen_epsg25832_shp\bohrungen.shp,1170.0,7835BG005523,coordinates,outside_model_inside_legacy_buffer,info,,,,,,retain_for_conditioning,pending
raw,<LOCAL_WORKSPACE>\GRID_D22_GitHub\data\real_munich\data\bohrungen_epsg25832_shp\bohrungen.shp,1171.0,7835BG005527,coordinates,outside_model_inside_legacy_buffer,info,,,,,,retain_for_conditioning,pending
raw,<LOCAL_WORKSPACE>\GRID_D22_GitHub\data\real_munich\data\bohrungen_epsg25832_shp\bohrungen.shp,1172.0,7835BG005531,coordinates,outside_model_inside_legacy_buffer,info,,,,,,retain_for_conditioning,pending
raw,<LOCAL_WORKSPACE>\GRID_D22_GitHub\data\real_munich\data\bohrungen_epsg25832_shp\bohrungen.shp,1173.0,7835BG005534,coordinates,outside_model_inside_legacy_buffer,info,,,,,,retain_for_conditioning,pending
raw,<LOCAL_WORKSPACE>\GRID_D22_GitHub\data\real_munich\data\bohrungen_epsg25832_shp\bohrungen.shp,1175.0,7835BG005553,coordinates,outside_model_inside_legacy_buffer,info,,,,,,retain_for_conditioning,pending
raw,<LOCAL_WORKSPACE>\GRID_D22_GitHub\data\real_munich\data\bohrungen_epsg25832_shp\bohrungen.shp,1176.0,7835BG005561,coordinates,outside_model_inside_legacy_buffer,info,,,,,,retain_for_conditioning,pending
raw,<LOCAL_WORKSPACE>\GRID_D22_GitHub\data\real_munich\data\bohrungen_epsg25832_shp\bohrungen.shp,1177.0,7835BG005564,coordinates,outside_model_inside_legacy_buffer,info,,,,,,retain_for_conditioning,pending
raw,<LOCAL_WORKSPACE>\GRID_D22_GitHub\data\real_munich\data\bohrungen_epsg25832_shp\bohrungen.shp,1178.0,7835BG007515,coordinates,outside_model_inside_legacy_buffer,info,,,,,,retain_for_conditioning,pending
raw,<LOCAL_WORKSPACE>\GRID_D22_GitHub\data\real_munich\data\bohrungen_epsg25832_shp\bohrungen.shp,1179.0,7835BG007530,coordinates,outside_model_inside_legacy_buffer,info,,,,,,retain_for_conditioning,pending
raw,<LOCAL_WORKSPACE>\GRID_D22_GitHub\data\real_munich\data\bohrungen_epsg25832_shp\bohrungen.shp,1180.0,7835BG015004,coordinates,outside_model_inside_legacy_buffer,info,,,,,,retain_for_conditioning,pending
raw,<LOCAL_WORKSPACE>\GRID_D22_GitHub\data\real_munich\data\bohrungen_epsg25832_shp\bohrungen.shp,1182.0,7835BG000964,coordinates,outside_model_inside_legacy_buffer,info,,,,,,retain_for_conditioning,pending
raw,<LOCAL_WORKSPACE>\GRID_D22_GitHub\data\real_munich\data\bohrungen_epsg25832_shp\bohrungen.shp,1183.0,7835BG000651,coordinates,outside_model_inside_legacy_buffer,info,,,,,,retain_for_conditioning,pending
raw,<LOCAL_WORKSPACE>\GRID_D22_GitHub\data\real_munich\data\bohrungen_epsg25832_shp\bohrungen.shp,1184.0,7835BG000652,coordinates,outside_model_inside_legacy_buffer,info,,,,,,retain_for_conditioning,pending
raw,<LOCAL_WORKSPACE>\GRID_D22_GitHub\data\real_munich\data\bohrungen_epsg25832_shp\bohrungen.shp,1185.0,7835BG000657,coordinates,outside_model_inside_legacy_buffer,info,,,,,,retain_for_conditioning,pending
raw,<LOCAL_WORKSPACE>\GRID_D22_GitHub\data\real_munich\data\bohrungen_epsg25832_shp\bohrungen.shp,1186.0,7835BG000674,coordinates,outside_model_inside_legacy_buffer,info,,,,,,retain_for_conditioning,pending
raw,<LOCAL_WORKSPACE>\GRID_D22_GitHub\data\real_munich\data\bohrungen_epsg25832_shp\bohrungen.shp,1189.0,7835BG000824,coordinates,outside_model_inside_legacy_buffer,info,,,,,,retain_for_conditioning,pending
raw,<LOCAL_WORKSPACE>\GRID_D22_GitHub\data\real_munich\data\bohrungen_epsg25832_shp\bohrungen.shp,1191.0,7835BG001298,coordinates,outside_model_inside_legacy_buffer,info,,,,,,retain_for_conditioning,pending
raw,<LOCAL_WORKSPACE>\GRID_D22_GitHub\data\real_munich\data\bohrungen_epsg25832_shp\bohrungen.shp,1192.0,7835BG000220,coordinates,outside_model_inside_legacy_buffer,info,,,,,,retain_for_conditioning,pending
raw,<LOCAL_WORKSPACE>\GRID_D22_GitHub\data\real_munich\data\bohrungen_epsg25832_shp\bohrungen.shp,1193.0,7835BG000221,coordinates,outside_model_inside_legacy_buffer,info,,,,,,retain_for_conditioning,pending
raw,<LOCAL_WORKSPACE>\GRID_D22_GitHub\data\real_munich\data\bohrungen_epsg25832_shp\bohrungen.shp,1194.0,7835BG000222,coordinates,outside_model_inside_legacy_buffer,info,,,,,,retain_for_conditioning,pending
raw,<LOCAL_WORKSPACE>\GRID_D22_GitHub\data\real_munich\data\bohrungen_epsg25832_shp\bohrungen.shp,1195.0,7835BG000224,coordinates,outside_model_inside_legacy_buffer,info,,,,,,retain_for_conditioning,pending
raw,<LOCAL_WORKSPACE>\GRID_D22_GitHub\data\real_munich\data\bohrungen_epsg25832_shp\bohrungen.shp,1196.0,7835BG000225,coordinates,outside_model_inside_legacy_buffer,info,,,,,,retain_for_conditioning,pending
raw,<LOCAL_WORKSPACE>\GRID_D22_GitHub\data\real_munich\data\bohrungen_epsg25832_shp\bohrungen.shp,1197.0,7835BG000227,coordinates,outside_model_inside_legacy_buffer,info,,,,,,retain_for_conditioning,pending
raw,<LOCAL_WORKSPACE>\GRID_D22_GitHub\data\real_munich\data\bohrungen_epsg25832_shp\bohrungen.shp,1198.0,7835BG000228,coordinates,outside_model_inside_legacy_buffer,info,,,,,,retain_for_conditioning,pending
raw,<LOCAL_WORKSPACE>\GRID_D22_GitHub\data\real_munich\data\bohrungen_epsg25832_shp\bohrungen.shp,1199.0,7835BG000229,coordinates,outside_model_inside_legacy_buffer,info,,,,,,retain_for_conditioning,pending
raw,<LOCAL_WORKSPACE>\GRID_D22_GitHub\data\real_munich\data\bohrungen_epsg25832_shp\bohrungen.shp,1200.0,7835BG000231,coordinates,outside_model_inside_legacy_buffer,info,,,,,,retain_for_conditioning,pending
raw,<LOCAL_WORKSPACE>\GRID_D22_GitHub\data\real_munich\data\bohrungen_epsg25832_shp\bohrungen.shp,1201.0,7835BG000232,coordinates,outside_model_inside_legacy_buffer,info,,,,,,retain_for_conditioning,pending
raw,<LOCAL_WORKSPACE>\GRID_D22_GitHub\data\real_munich\data\bohrungen_epsg25832_shp\bohrungen.shp,1202.0,7835BG000234,coordinates,outside_model_inside_legacy_buffer,info,,,,,,retain_for_conditioning,pending
raw,<LOCAL_WORKSPACE>\GRID_D22_GitHub\data\real_munich\data\bohrungen_epsg25832_shp\bohrungen.shp,1203.0,7835BG000235,coordinates,outside_model_inside_legacy_buffer,info,,,,,,retain_for_conditioning,pending
raw,<LOCAL_WORKSPACE>\GRID_D22_GitHub\data\real_munich\data\bohrungen_epsg25832_shp\bohrungen.shp,1204.0,7835BG000236,coordinates,outside_model_inside_legacy_buffer,info,,,,,,retain_for_conditioning,pending
raw,<LOCAL_WORKSPACE>\GRID_D22_GitHub\data\real_munich\data\bohrungen_epsg25832_shp\bohrungen.shp,1205.0,7835BG000238,coordinates,outside_model_inside_legacy_buffer,info,,,,,,retain_for_conditioning,pending
raw,<LOCAL_WORKSPACE>\GRID_D22_GitHub\data\real_munich\data\bohrungen_epsg25832_shp\bohrungen.shp,1210.0,7835BG000826,coordinates,outside_model_inside_legacy_buffer,info,,,,,,retain_for_conditioning,pending
raw,<LOCAL_WORKSPACE>\GRID_D22_GitHub\data\real_munich\data\bohrungen_epsg25832_shp\bohrungen.shp,1211.0,7835BG001438,coordinates,outside_model_inside_legacy_buffer,info,,,,,,retain_for_conditioning,pending
raw,<LOCAL_WORKSPACE>\GRID_D22_GitHub\data\real_munich\data\bohrungen_epsg25832_shp\bohrungen.shp,1212.0,7835BG001446,coordinates,outside_model_inside_legacy_buffer,info,,,,,,retain_for_conditioning,pending
raw,<LOCAL_WORKSPACE>\GRID_D22_GitHub\data\real_munich\data\bohrungen_epsg25832_shp\bohrungen.shp,1217.0,7835BG000694,coordinates,outside_model_inside_legacy_buffer,info,,,,,,retain_for_conditioning,pending
raw,<LOCAL_WORKSPACE>\GRID_D22_GitHub\data\real_munich\data\bohrungen_epsg25832_shp\bohrungen.shp,1218.0,7835BG000695,coordinates,outside_model_inside_legacy_buffer,info,,,,,,retain_for_conditioning,pending
raw,<LOCAL_WORKSPACE>\GRID_D22_GitHub\data\real_munich\data\bohrungen_epsg25832_shp\bohrungen.shp,1219.0,7835BG000703,coordinates,outside_model_inside_legacy_buffer,info,,,,,,retain_for_conditioning,pending
raw,<LOCAL_WORKSPACE>\GRID_D22_GitHub\data\real_munich\data\bohrungen_epsg25832_shp\bohrungen.shp,1220.0,7835BG000708,coordinates,outside_model_inside_legacy_buffer,info,,,,,,retain_for_conditioning,pending
raw,<LOCAL_WORKSPACE>\GRID_D22_GitHub\data\real_munich\data\bohrungen_epsg25832_shp\bohrungen.shp,1221.0,7835BG000828,coordinates,outside_model_inside_legacy_buffer,info,,,,,,retain_for_conditioning,pending
raw,<LOCAL_WORKSPACE>\GRID_D22_GitHub\data\real_munich\data\bohrungen_epsg25832_shp\bohrungen.shp,1222.0,7835BG000833,coordinates,outside_model_inside_legacy_buffer,info,,,,,,retain_for_conditioning,pending
raw,<LOCAL_WORKSPACE>\GRID_D22_GitHub\data\real_munich\data\bohrungen_epsg25832_shp\bohrungen.shp,1223.0,7835BG000834,coordinates,outside_model_inside_legacy_buffer,info,,,,,,retain_for_conditioning,pending
raw,<LOCAL_WORKSPACE>\GRID_D22_GitHub\data\real_munich\data\bohrungen_epsg25832_shp\bohrungen.shp,1224.0,7835BG000844,coordinates,outside_model_inside_legacy_buffer,info,,,,,,retain_for_conditioning,pending
raw,<LOCAL_WORKSPACE>\GRID_D22_GitHub\data\real_munich\data\bohrungen_epsg25832_shp\bohrungen.shp,1225.0,7835BG000858,coordinates,outside_model_inside_legacy_buffer,info,,,,,,retain_for_conditioning,pending
raw,<LOCAL_WORKSPACE>\GRID_D22_GitHub\data\real_munich\data\bohrungen_epsg25832_shp\bohrungen.shp,1226.0,7835BG001431,coordinates,outside_model_inside_legacy_buffer,info,,,,,,retain_for_conditioning,pending
raw,<LOCAL_WORKSPACE>\GRID_D22_GitHub\data\real_munich\data\bohrungen_epsg25832_shp\bohrungen.shp,1227.0,7835BG001433,coordinates,outside_model_inside_legacy_buffer,info,,,,,,retain_for_conditioning,pending
raw,<LOCAL_WORKSPACE>\GRID_D22_GitHub\data\real_munich\data\bohrungen_epsg25832_shp\bohrungen.shp,1228.0,7835BG001092,coordinates,outside_model_inside_legacy_buffer,info,,,,,,retain_for_conditioning,pending
raw,<LOCAL_WORKSPACE>\GRID_D22_GitHub\data\real_munich\data\bohrungen_epsg25832_shp\bohrungen.shp,1229.0,7835BG001332,coordinates,outside_model_inside_legacy_buffer,info,,,,,,retain_for_conditioning,pending
raw,<LOCAL_WORKSPACE>\GRID_D22_GitHub\data\real_munich\data\bohrungen_epsg25832_shp\bohrungen.shp,1249.0,7835BG000397,coordinates,outside_model_inside_legacy_buffer,info,,,,,,retain_for_conditioning,pending
raw,<LOCAL_WORKSPACE>\GRID_D22_GitHub\data\real_munich\data\bohrungen_epsg25832_shp\bohrungen.shp,1250.0,7835BG000398,coordinates,outside_model_inside_legacy_buffer,info,,,,,,retain_for_conditioning,pending
raw,<LOCAL_WORKSPACE>\GRID_D22_GitHub\data\real_munich\data\bohrungen_epsg25832_shp\bohrungen.shp,1254.0,7835BG000418,coordinates,outside_model_inside_legacy_buffer,info,,,,,,retain_for_conditioning,pending
raw,<LOCAL_WORKSPACE>\GRID_D22_GitHub\data\real_munich\data\bohrungen_epsg25832_shp\bohrungen.shp,1255.0,7835BG000419,coordinates,outside_model_inside_legacy_buffer,info,,,,,,retain_for_conditioning,pending
raw,<LOCAL_WORKSPACE>\GRID_D22_GitHub\data\real_munich\data\bohrungen_epsg25832_shp\bohrungen.shp,1256.0,7835BG000277,coordinates,outside_model_inside_legacy_buffer,info,,,,,,retain_for_conditioning,pending
raw,<LOCAL_WORKSPACE>\GRID_D22_GitHub\data\real_munich\data\bohrungen_epsg25832_shp\bohrungen.shp,1257.0,7835BG000279,coordinates,outside_model_inside_legacy_buffer,info,,,,,,retain_for_conditioning,pending
raw,<LOCAL_WORKSPACE>\GRID_D22_GitHub\data\real_munich\data\bohrungen_epsg25832_shp\bohrungen.shp,1258.0,7835BG000280,coordinates,outside_model_inside_legacy_buffer,info,,,,,,retain_for_conditioning,pending
raw,<LOCAL_WORKSPACE>\GRID_D22_GitHub\data\real_munich\data\bohrungen_epsg25832_shp\bohrungen.shp,1259.0,7835BG000281,coordinates,outside_model_inside_legacy_buffer,info,,,,,,retain_for_conditioning,pending
raw,<LOCAL_WORKSPACE>\GRID_D22_GitHub\data\real_munich\data\bohrungen_epsg25832_shp\bohrungen.shp,1260.0,7835BG000283,coordinates,outside_model_inside_legacy_buffer,info,,,,,,retain_for_conditioning,pending
raw,<LOCAL_WORKSPACE>\GRID_D22_GitHub\data\real_munich\data\bohrungen_epsg25832_shp\bohrungen.shp,1261.0,7835BG000719,coordinates,outside_model_inside_legacy_buffer,info,,,,,,retain_for_conditioning,pending
raw,<LOCAL_WORKSPACE>\GRID_D22_GitHub\data\real_munich\data\bohrungen_epsg25832_shp\bohrungen.shp,1262.0,7835BG000726,coordinates,outside_model_inside_legacy_buffer,info,,,,,,retain_for_conditioning,pending
raw,<LOCAL_WORKSPACE>\GRID_D22_GitHub\data\real_munich\data\bohrungen_epsg25832_shp\bohrungen.shp,1263.0,7835BG000742,coordinates,outside_model_inside_legacy_buffer,info,,,,,,retain_for_conditioning,pending
raw,<LOCAL_WORKSPACE>\GRID_D22_GitHub\data\real_munich\data\bohrungen_epsg25832_shp\bohrungen.shp,1265.0,7835BG000888,coordinates,outside_model_inside_legacy_buffer,info,,,,,,retain_for_conditioning,pending
raw,<LOCAL_WORKSPACE>\GRID_D22_GitHub\data\real_munich\data\bohrungen_epsg25832_shp\bohrungen.shp,1267.0,7835BG000284,coordinates,outside_model_inside_legacy_buffer,info,,,,,,retain_for_conditioning,pending
raw,<LOCAL_WORKSPACE>\GRID_D22_GitHub\data\real_munich\data\bohrungen_epsg25832_shp\bohrungen.shp,1268.0,7835BG000286,coordinates,outside_model_inside_legacy_buffer,info,,,,,,retain_for_conditioning,pending
raw,<LOCAL_WORKSPACE>\GRID_D22_GitHub\data\real_munich\data\bohrungen_epsg25832_shp\bohrungen.shp,1269.0,7835BG000291,coordinates,outside_model_inside_legacy_buffer,info,,,,,,retain_for_conditioning,pending
raw,<LOCAL_WORKSPACE>\GRID_D22_GitHub\data\real_munich\data\bohrungen_epsg25832_shp\bohrungen.shp,1270.0,7835BG000615,coordinates,outside_model_inside_legacy_buffer,info,,,,,,retain_for_conditioning,pending
raw,<LOCAL_WORKSPACE>\GRID_D22_GitHub\data\real_munich\data\bohrungen_epsg25832_shp\bohrungen.shp,1271.0,7835BG000629,coordinates,outside_model_inside_legacy_buffer,info,,,,,,retain_for_conditioning,pending
raw,<LOCAL_WORKSPACE>\GRID_D22_GitHub\data\real_munich\data\bohrungen_epsg25832_shp\bohrungen.shp,1272.0,7835BG000631,coordinates,outside_model_inside_legacy_buffer,info,,,,,,retain_for_conditioning,pending
raw,<LOCAL_WORKSPACE>\GRID_D22_GitHub\data\real_munich\data\bohrungen_epsg25832_shp\bohrungen.shp,1273.0,7835BG000632,coordinates,outside_model_inside_legacy_buffer,info,,,,,,retain_for_conditioning,pending
raw,<LOCAL_WORKSPACE>\GRID_D22_GitHub\data\real_munich\data\bohrungen_epsg25832_shp\bohrungen.shp,1274.0,7835BG000634,coordinates,outside_model_inside_legacy_buffer,info,,,,,,retain_for_conditioning,pending
raw,<LOCAL_WORKSPACE>\GRID_D22_GitHub\data\real_munich\data\bohrungen_epsg25832_shp\bohrungen.shp,1276.0,7835BG000908,coordinates,outside_model_inside_legacy_buffer,info,,,,,,retain_for_conditioning,pending
raw,<LOCAL_WORKSPACE>\GRID_D22_GitHub\data\real_munich\data\bohrungen_epsg25832_shp\bohrungen.shp,1277.0,7835BG000642,coordinates,outside_model_inside_legacy_buffer,info,,,,,,retain_for_conditioning,pending
raw,<LOCAL_WORKSPACE>\GRID_D22_GitHub\data\real_munich\data\bohrungen_epsg25832_shp\bohrungen.shp,1281.0,7835BG002092,coordinates,outside_model_inside_legacy_buffer,info,,,,,,retain_for_conditioning,pending
raw,<LOCAL_WORKSPACE>\GRID_D22_GitHub\data\real_munich\data\bohrungen_epsg25832_shp\bohrungen.shp,1282.0,7835BG002098,coordinates,outside_model_inside_legacy_buffer,info,,,,,,retain_for_conditioning,pending
raw,<LOCAL_WORKSPACE>\GRID_D22_GitHub\data\real_munich\data\bohrungen_epsg25832_shp\bohrungen.shp,1283.0,7835BG002814,coordinates,outside_model_inside_legacy_buffer,info,,,,,,retain_for_conditioning,pending
raw,<LOCAL_WORKSPACE>\GRID_D22_GitHub\data\real_munich\data\bohrungen_epsg25832_shp\bohrungen.shp,1284.0,7835BG002815,coordinates,outside_model_inside_legacy_buffer,info,,,,,,retain_for_conditioning,pending
raw,<LOCAL_WORKSPACE>\GRID_D22_GitHub\data\real_munich\data\bohrungen_epsg25832_shp\bohrungen.shp,1285.0,7835BG002817,coordinates,outside_model_inside_legacy_buffer,info,,,,,,retain_for_conditioning,pending
raw,<LOCAL_WORKSPACE>\GRID_D22_GitHub\data\real_munich\data\bohrungen_epsg25832_shp\bohrungen.shp,1286.0,7835BG002818,coordinates,outside_model_inside_legacy_buffer,info,,,,,,retain_for_conditioning,pending
raw,<LOCAL_WORKSPACE>\GRID_D22_GitHub\data\real_munich\data\bohrungen_epsg25832_shp\bohrungen.shp,1287.0,7835BG002819,coordinates,outside_model_inside_legacy_buffer,info,,,,,,retain_for_conditioning,pending
raw,<LOCAL_WORKSPACE>\GRID_D22_GitHub\data\real_munich\data\bohrungen_epsg25832_shp\bohrungen.shp,1288.0,7835BG002821,coordinates,outside_model_inside_legacy_buffer,info,,,,,,retain_for_conditioning,pending
raw,<LOCAL_WORKSPACE>\GRID_D22_GitHub\data\real_munich\data\bohrungen_epsg25832_shp\bohrungen.shp,1289.0,7835BG002824,coordinates,outside_model_inside_legacy_buffer,info,,,,,,retain_for_conditioning,pending
raw,<LOCAL_WORKSPACE>\GRID_D22_GitHub\data\real_munich\data\bohrungen_epsg25832_shp\bohrungen.shp,1290.0,7835BG001712,coordinates,outside_model_inside_legacy_buffer,info,,,,,,retain_for_conditioning,pending
raw,<LOCAL_WORKSPACE>\GRID_D22_GitHub\data\real_munich\data\bohrungen_epsg25832_shp\bohrungen.shp,1291.0,7835BG001713,coordinates,outside_model_inside_legacy_buffer,info,,,,,,retain_for_conditioning,pending
raw,<LOCAL_WORKSPACE>\GRID_D22_GitHub\data\real_munich\data\bohrungen_epsg25832_shp\bohrungen.shp,1292.0,7835BG001715,coordinates,outside_model_inside_legacy_buffer,info,,,,,,retain_for_conditioning,pending
raw,<LOCAL_WORKSPACE>\GRID_D22_GitHub\data\real_munich\data\bohrungen_epsg25832_shp\bohrungen.shp,1293.0,7835BG001716,coordinates,outside_model_inside_legacy_buffer,info,,,,,,retain_for_conditioning,pending
raw,<LOCAL_WORKSPACE>\GRID_D22_GitHub\data\real_munich\data\bohrungen_epsg25832_shp\bohrungen.shp,1298.0,7835BG001005,coordinates,outside_model_inside_legacy_buffer,info,,,,,,retain_for_conditioning,pending
raw,<LOCAL_WORKSPACE>\GRID_D22_GitHub\data\real_munich\data\bohrungen_epsg25832_shp\bohrungen.shp,1299.0,7835BG002825,coordinates,outside_model_inside_legacy_buffer,info,,,,,,retain_for_conditioning,pending
raw,<LOCAL_WORKSPACE>\GRID_D22_GitHub\data\real_munich\data\bohrungen_epsg25832_shp\bohrungen.shp,1300.0,7835BG002826,coordinates,outside_model_inside_legacy_buffer,info,,,,,,retain_for_conditioning,pending
raw,<LOCAL_WORKSPACE>\GRID_D22_GitHub\data\real_munich\data\bohrungen_epsg25832_shp\bohrungen.shp,1301.0,7835BG002828,coordinates,outside_model_inside_legacy_buffer,info,,,,,,retain_for_conditioning,pending
raw,<LOCAL_WORKSPACE>\GRID_D22_GitHub\data\real_munich\data\bohrungen_epsg25832_shp\bohrungen.shp,1302.0,7835BG002829,coordinates,outside_model_inside_legacy_buffer,info,,,,,,retain_for_conditioning,pending
raw,<LOCAL_WORKSPACE>\GRID_D22_GitHub\data\real_munich\data\bohrungen_epsg25832_shp\bohrungen.shp,1303.0,7835BG002830,coordinates,outside_model_inside_legacy_buffer,info,,,,,,retain_for_conditioning,pending
raw,<LOCAL_WORKSPACE>\GRID_D22_GitHub\data\real_munich\data\bohrungen_epsg25832_shp\bohrungen.shp,1304.0,7835BG002832,coordinates,outside_model_inside_legacy_buffer,info,,,,,,retain_for_conditioning,pending
raw,<LOCAL_WORKSPACE>\GRID_D22_GitHub\data\real_munich\data\bohrungen_epsg25832_shp\bohrungen.shp,1305.0,7835BG002833,coordinates,outside_model_inside_legacy_buffer,info,,,,,,retain_for_conditioning,pending
raw,<LOCAL_WORKSPACE>\GRID_D22_GitHub\data\real_munich\data\bohrungen_epsg25832_shp\bohrungen.shp,1306.0,7835BG002834,coordinates,outside_model_inside_legacy_buffer,info,,,,,,retain_for_conditioning,pending
raw,<LOCAL_WORKSPACE>\GRID_D22_GitHub\data\real_munich\data\bohrungen_epsg25832_shp\bohrungen.shp,1307.0,7835BG002836,coordinates,outside_model_inside_legacy_buffer,info,,,,,,retain_for_conditioning,pending
raw,<LOCAL_WORKSPACE>\GRID_D22_GitHub\data\real_munich\data\bohrungen_epsg25832_shp\bohrungen.shp,1308.0,7835BG002837,coordinates,outside_model_inside_legacy_buffer,info,,,,,,retain_for_conditioning,pending
raw,<LOCAL_WORKSPACE>\GRID_D22_GitHub\data\real_munich\data\bohrungen_epsg25832_shp\bohrungen.shp,1309.0,7835BG002838,coordinates,outside_model_inside_legacy_buffer,info,,,,,,retain_for_conditioning,pending
raw,<LOCAL_WORKSPACE>\GRID_D22_GitHub\data\real_munich\data\bohrungen_epsg25832_shp\bohrungen.shp,1310.0,7835BG002840,coordinates,outside_model_inside_legacy_buffer,info,,,,,,retain_for_conditioning,pending
raw,<LOCAL_WORKSPACE>\GRID_D22_GitHub\data\real_munich\data\bohrungen_epsg25832_shp\bohrungen.shp,1311.0,7835BG002841,coordinates,outside_model_inside_legacy_buffer,info,,,,,,retain_for_conditioning,pending
raw,<LOCAL_WORKSPACE>\GRID_D22_GitHub\data\real_munich\data\bohrungen_epsg25832_shp\bohrungen.shp,1312.0,7835BG002843,coordinates,outside_model_inside_legacy_buffer,info,,,,,,retain_for_conditioning,pending
raw,<LOCAL_WORKSPACE>\GRID_D22_GitHub\data\real_munich\data\bohrungen_epsg25832_shp\bohrungen.shp,1313.0,7835BG002153,coordinates,outside_model_inside_legacy_buffer,info,,,,,,retain_for_conditioning,pending
raw,<LOCAL_WORKSPACE>\GRID_D22_GitHub\data\real_munich\data\bohrungen_epsg25832_shp\bohrungen.shp,1314.0,7835BG001033,coordinates,outside_model_inside_legacy_buffer,info,,,,,,retain_for_conditioning,pending
raw,<LOCAL_WORKSPACE>\GRID_D22_GitHub\data\real_munich\data\bohrungen_epsg25832_shp\bohrungen.shp,1316.0,7835BG002084,coordinates,outside_model_inside_legacy_buffer,info,,,,,,retain_for_conditioning,pending
raw,<LOCAL_WORKSPACE>\GRID_D22_GitHub\data\real_munich\data\bohrungen_epsg25832_shp\bohrungen.shp,1317.0,7835BG002085,coordinates,outside_model_inside_legacy_buffer,info,,,,,,retain_for_conditioning,pending
raw,<LOCAL_WORKSPACE>\GRID_D22_GitHub\data\real_munich\data\bohrungen_epsg25832_shp\bohrungen.shp,1318.0,7835BG002087,coordinates,outside_model_inside_legacy_buffer,info,,,,,,retain_for_conditioning,pending
raw,<LOCAL_WORKSPACE>\GRID_D22_GitHub\data\real_munich\data\bohrungen_epsg25832_shp\bohrungen.shp,1319.0,7835BG002281,coordinates,outside_model_inside_legacy_buffer,info,,,,,,retain_for_conditioning,pending
raw,<LOCAL_WORKSPACE>\GRID_D22_GitHub\data\real_munich\data\bohrungen_epsg25832_shp\bohrungen.shp,1327.0,7835BG003847,coordinates,outside_model_inside_legacy_buffer,info,,,,,,retain_for_conditioning,pending
raw,<LOCAL_WORKSPACE>\GRID_D22_GitHub\data\real_munich\data\bohrungen_epsg25832_shp\bohrungen.shp,1328.0,7835BG003849,coordinates,outside_model_inside_legacy_buffer,info,,,,,,retain_for_conditioning,pending
raw,<LOCAL_WORKSPACE>\GRID_D22_GitHub\data\real_munich\data\bohrungen_epsg25832_shp\bohrungen.shp,1329.0,7835BG003852,coordinates,outside_model_inside_legacy_buffer,info,,,,,,retain_for_conditioning,pending
raw,<LOCAL_WORKSPACE>\GRID_D22_GitHub\data\real_munich\data\bohrungen_epsg25832_shp\bohrungen.shp,1331.0,7835BG003979,coordinates,outside_model_inside_legacy_buffer,info,,,,,,retain_for_conditioning,pending
raw,<LOCAL_WORKSPACE>\GRID_D22_GitHub\data\real_munich\data\bohrungen_epsg25832_shp\bohrungen.shp,1332.0,7835BG003981,coordinates,outside_model_inside_legacy_buffer,info,,,,,,retain_for_conditioning,pending
raw,<LOCAL_WORKSPACE>\GRID_D22_GitHub\data\real_munich\data\bohrungen_epsg25832_shp\bohrungen.shp,1336.0,7835BG003995,coordinates,outside_model_inside_legacy_buffer,info,,,,,,retain_for_conditioning,pending
raw,<LOCAL_WORKSPACE>\GRID_D22_GitHub\data\real_munich\data\bohrungen_epsg25832_shp\bohrungen.shp,1339.0,7835BG004236,coordinates,outside_model_inside_legacy_buffer,info,,,,,,retain_for_conditioning,pending
raw,<LOCAL_WORKSPACE>\GRID_D22_GitHub\data\real_munich\data\bohrungen_epsg25832_shp\bohrungen.shp,1340.0,7835BG004237,coordinates,outside_model_inside_legacy_buffer,info,,,,,,retain_for_conditioning,pending
raw,<LOCAL_WORKSPACE>\GRID_D22_GitHub\data\real_munich\data\bohrungen_epsg25832_shp\bohrungen.shp,1342.0,7835BG004240,coordinates,outside_model_inside_legacy_buffer,info,,,,,,retain_for_conditioning,pending
raw,<LOCAL_WORKSPACE>\GRID_D22_GitHub\data\real_munich\data\bohrungen_epsg25832_shp\bohrungen.shp,1346.0,7835BG004247,coordinates,outside_model_inside_legacy_buffer,info,,,,,,retain_for_conditioning,pending
raw,<LOCAL_WORKSPACE>\GRID_D22_GitHub\data\real_munich\data\bohrungen_epsg25832_shp\bohrungen.shp,1347.0,7835BG002990,coordinates,outside_model_inside_legacy_buffer,info,,,,,,retain_for_conditioning,pending
raw,<LOCAL_WORKSPACE>\GRID_D22_GitHub\data\real_munich\data\bohrungen_epsg25832_shp\bohrungen.shp,1348.0,7835BG002991,coordinates,outside_model_inside_legacy_buffer,info,,,,,,retain_for_conditioning,pending
raw,<LOCAL_WORKSPACE>\GRID_D22_GitHub\data\real_munich\data\bohrungen_epsg25832_shp\bohrungen.shp,1349.0,7835BG002992,coordinates,outside_model_inside_legacy_buffer,info,,,,,,retain_for_conditioning,pending
raw,<LOCAL_WORKSPACE>\GRID_D22_GitHub\data\real_munich\data\bohrungen_epsg25832_shp\bohrungen.shp,1350.0,7835BG002994,coordinates,outside_model_inside_legacy_buffer,info,,,,,,retain_for_conditioning,pending
raw,<LOCAL_WORKSPACE>\GRID_D22_GitHub\data\real_munich\data\bohrungen_epsg25832_shp\bohrungen.shp,1351.0,7835BG002995,coordinates,outside_model_inside_legacy_buffer,info,,,,,,retain_for_conditioning,pending
raw,<LOCAL_WORKSPACE>\GRID_D22_GitHub\data\real_munich\data\bohrungen_epsg25832_shp\bohrungen.shp,1352.0,7835BG002997,coordinates,outside_model_inside_legacy_buffer,info,,,,,,retain_for_conditioning,pending
raw,<LOCAL_WORKSPACE>\GRID_D22_GitHub\data\real_munich\data\bohrungen_epsg25832_shp\bohrungen.shp,1353.0,7835BG002998,coordinates,outside_model_inside_legacy_buffer,info,,,,,,retain_for_conditioning,pending
raw,<LOCAL_WORKSPACE>\GRID_D22_GitHub\data\real_munich\data\bohrungen_epsg25832_shp\bohrungen.shp,1354.0,7835BG002999,coordinates,outside_model_inside_legacy_buffer,info,,,,,,retain_for_conditioning,pending
raw,<LOCAL_WORKSPACE>\GRID_D22_GitHub\data\real_munich\data\bohrungen_epsg25832_shp\bohrungen.shp,1355.0,7835BG003001,coordinates,outside_model_inside_legacy_buffer,info,,,,,,retain_for_conditioning,pending
raw,<LOCAL_WORKSPACE>\GRID_D22_GitHub\data\real_munich\data\bohrungen_epsg25832_shp\bohrungen.shp,1356.0,7835BG003002,coordinates,outside_model_inside_legacy_buffer,info,,,,,,retain_for_conditioning,pending
raw,<LOCAL_WORKSPACE>\GRID_D22_GitHub\data\real_munich\data\bohrungen_epsg25832_shp\bohrungen.shp,1363.0,7835BG003623,coordinates,outside_model_inside_legacy_buffer,info,,,,,,retain_for_conditioning,pending
raw,<LOCAL_WORKSPACE>\GRID_D22_GitHub\data\real_munich\data\bohrungen_epsg25832_shp\bohrungen.shp,1364.0,7835BG003626,coordinates,outside_model_inside_legacy_buffer,info,,,,,,retain_for_conditioning,pending
raw,<LOCAL_WORKSPACE>\GRID_D22_GitHub\data\real_munich\data\bohrungen_epsg25832_shp\bohrungen.shp,1365.0,7835BG003627,coordinates,outside_model_inside_legacy_buffer,info,,,,,,retain_for_conditioning,pending
raw,<LOCAL_WORKSPACE>\GRID_D22_GitHub\data\real_munich\data\bohrungen_epsg25832_shp\bohrungen.shp,1366.0,7835BG003003,coordinates,outside_model_inside_legacy_buffer,info,,,,,,retain_for_conditioning,pending
raw,<LOCAL_WORKSPACE>\GRID_D22_GitHub\data\real_munich\data\bohrungen_epsg25832_shp\bohrungen.shp,1367.0,7835BG003007,coordinates,outside_model_inside_legacy_buffer,info,,,,,,retain_for_conditioning,pending
raw,<LOCAL_WORKSPACE>\GRID_D22_GitHub\data\real_munich\data\bohrungen_epsg25832_shp\bohrungen.shp,1368.0,7835BG003008,coordinates,outside_model_inside_legacy_buffer,info,,,,,,retain_for_conditioning,pending
raw,<LOCAL_WORKSPACE>\GRID_D22_GitHub\data\real_munich\data\bohrungen_epsg25832_shp\bohrungen.shp,1370.0,7835BG004134,coordinates,outside_model_inside_legacy_buffer,info,,,,,,retain_for_conditioning,pending
raw,<LOCAL_WORKSPACE>\GRID_D22_GitHub\data\real_munich\data\bohrungen_epsg25832_shp\bohrungen.shp,1371.0,7835BG004135,coordinates,outside_model_inside_legacy_buffer,info,,,,,,retain_for_conditioning,pending
raw,<LOCAL_WORKSPACE>\GRID_D22_GitHub\data\real_munich\data\bohrungen_epsg25832_shp\bohrungen.shp,1372.0,7835BG004136,coordinates,outside_model_inside_legacy_buffer,info,,,,,,retain_for_conditioning,pending
raw,<LOCAL_WORKSPACE>\GRID_D22_GitHub\data\real_munich\data\bohrungen_epsg25832_shp\bohrungen.shp,1380.0,7835BG004147,coordinates,outside_model_inside_legacy_buffer,info,,,,,,retain_for_conditioning,pending
raw,<LOCAL_WORKSPACE>\GRID_D22_GitHub\data\real_munich\data\bohrungen_epsg25832_shp\bohrungen.shp,1381.0,7835BG004149,coordinates,outside_model_inside_legacy_buffer,info,,,,,,retain_for_conditioning,pending
raw,<LOCAL_WORKSPACE>\GRID_D22_GitHub\data\real_munich\data\bohrungen_epsg25832_shp\bohrungen.shp,1382.0,7835BG004150,coordinates,outside_model_inside_legacy_buffer,info,,,,,,retain_for_conditioning,pending
raw,<LOCAL_WORKSPACE>\GRID_D22_GitHub\data\real_munich\data\bohrungen_epsg25832_shp\bohrungen.shp,1383.0,7835BG004151,coordinates,outside_model_inside_legacy_buffer,info,,,,,,retain_for_conditioning,pending
raw,<LOCAL_WORKSPACE>\GRID_D22_GitHub\data\real_munich\data\bohrungen_epsg25832_shp\bohrungen.shp,1384.0,7835BG003853,coordinates,outside_model_inside_legacy_buffer,info,,,,,,retain_for_conditioning,pending
raw,<LOCAL_WORKSPACE>\GRID_D22_GitHub\data\real_munich\data\bohrungen_epsg25832_shp\bohrungen.shp,1385.0,7835BG003855,coordinates,outside_model_inside_legacy_buffer,info,,,,,,retain_for_conditioning,pending
raw,<LOCAL_WORKSPACE>\GRID_D22_GitHub\data\real_munich\data\bohrungen_epsg25832_shp\bohrungen.shp,1386.0,7835BG003856,coordinates,outside_model_inside_legacy_buffer,info,,,,,,retain_for_conditioning,pending
raw,<LOCAL_WORKSPACE>\GRID_D22_GitHub\data\real_munich\data\bohrungen_epsg25832_shp\bohrungen.shp,1387.0,7835BG003857,coordinates,outside_model_inside_legacy_buffer,info,,,,,,retain_for_conditioning,pending
raw,<LOCAL_WORKSPACE>\GRID_D22_GitHub\data\real_munich\data\bohrungen_epsg25832_shp\bohrungen.shp,1392.0,7835BG003996,coordinates,outside_model_inside_legacy_buffer,info,,,,,,retain_for_conditioning,pending
raw,<LOCAL_WORKSPACE>\GRID_D22_GitHub\data\real_munich\data\bohrungen_epsg25832_shp\bohrungen.shp,1396.0,7835BG004005,coordinates,outside_model_inside_legacy_buffer,info,,,,,,retain_for_conditioning,pending
raw,<LOCAL_WORKSPACE>\GRID_D22_GitHub\data\real_munich\data\bohrungen_epsg25832_shp\bohrungen.shp,1397.0,7835BG004006,coordinates,outside_model_inside_legacy_buffer,info,,,,,,retain_for_conditioning,pending
raw,<LOCAL_WORKSPACE>\GRID_D22_GitHub\data\real_munich\data\bohrungen_epsg25832_shp\bohrungen.shp,1399.0,7835BG004248,coordinates,outside_model_inside_legacy_buffer,info,,,,,,retain_for_conditioning,pending
raw,<LOCAL_WORKSPACE>\GRID_D22_GitHub\data\real_munich\data\bohrungen_epsg25832_shp\bohrungen.shp,1407.0,7835BG003876,coordinates,outside_model_inside_legacy_buffer,info,,,,,,retain_for_conditioning,pending
raw,<LOCAL_WORKSPACE>\GRID_D22_GitHub\data\real_munich\data\bohrungen_epsg25832_shp\bohrungen.shp,1408.0,7835BG003877,coordinates,outside_model_inside_legacy_buffer,info,,,,,,retain_for_conditioning,pending
raw,<LOCAL_WORKSPACE>\GRID_D22_GitHub\data\real_munich\data\bohrungen_epsg25832_shp\bohrungen.shp,1409.0,7835BG003879,coordinates,outside_model_inside_legacy_buffer,info,,,,,,retain_for_conditioning,pending
raw,<LOCAL_WORKSPACE>\GRID_D22_GitHub\data\real_munich\data\bohrungen_epsg25832_shp\bohrungen.shp,1410.0,7835BG003880,coordinates,outside_model_inside_legacy_buffer,info,,,,,,retain_for_conditioning,pending
raw,<LOCAL_WORKSPACE>\GRID_D22_GitHub\data\real_munich\data\bohrungen_epsg25832_shp\bohrungen.shp,1413.0,7835BG004016,coordinates,outside_model_inside_legacy_buffer,info,,,,,,retain_for_conditioning,pending
raw,<LOCAL_WORKSPACE>\GRID_D22_GitHub\data\real_munich\data\bohrungen_epsg25832_shp\bohrungen.shp,1414.0,7835BG004017,coordinates,outside_model_inside_legacy_buffer,info,,,,,,retain_for_conditioning,pending
raw,<LOCAL_WORKSPACE>\GRID_D22_GitHub\data\real_munich\data\bohrungen_epsg25832_shp\bohrungen.shp,1417.0,7835BG004025,coordinates,outside_model_inside_legacy_buffer,info,,,,,,retain_for_conditioning,pending
raw,<LOCAL_WORKSPACE>\GRID_D22_GitHub\data\real_munich\data\bohrungen_epsg25832_shp\bohrungen.shp,1418.0,7835BG004026,coordinates,outside_model_inside_legacy_buffer,info,,,,,,retain_for_conditioning,pending
raw,<LOCAL_WORKSPACE>\GRID_D22_GitHub\data\real_munich\data\bohrungen_epsg25832_shp\bohrungen.shp,1419.0,7835BG002926,coordinates,outside_model_inside_legacy_buffer,info,,,,,,retain_for_conditioning,pending
raw,<LOCAL_WORKSPACE>\GRID_D22_GitHub\data\real_munich\data\bohrungen_epsg25832_shp\bohrungen.shp,1420.0,7835BG002928,coordinates,outside_model_inside_legacy_buffer,info,,,,,,retain_for_conditioning,pending
raw,<LOCAL_WORKSPACE>\GRID_D22_GitHub\data\real_munich\data\bohrungen_epsg25832_shp\bohrungen.shp,1421.0,7835BG002930,coordinates,outside_model_inside_legacy_buffer,info,,,,,,retain_for_conditioning,pending
raw,<LOCAL_WORKSPACE>\GRID_D22_GitHub\data\real_munich\data\bohrungen_epsg25832_shp\bohrungen.shp,1422.0,7835BG002931,coordinates,outside_model_inside_legacy_buffer,info,,,,,,retain_for_conditioning,pending
raw,<LOCAL_WORKSPACE>\GRID_D22_GitHub\data\real_munich\data\bohrungen_epsg25832_shp\bohrungen.shp,1423.0,7835BG002932,coordinates,outside_model_inside_legacy_buffer,info,,,,,,retain_for_conditioning,pending
raw,<LOCAL_WORKSPACE>\GRID_D22_GitHub\data\real_munich\data\bohrungen_epsg25832_shp\bohrungen.shp,1424.0,7835BG002937,coordinates,outside_model_inside_legacy_buffer,info,,,,,,retain_for_conditioning,pending
raw,<LOCAL_WORKSPACE>\GRID_D22_GitHub\data\real_munich\data\bohrungen_epsg25832_shp\bohrungen.shp,1425.0,7835BG002938,coordinates,outside_model_inside_legacy_buffer,info,,,,,,retain_for_conditioning,pending
raw,<LOCAL_WORKSPACE>\GRID_D22_GitHub\data\real_munich\data\bohrungen_epsg25832_shp\bohrungen.shp,1426.0,7835BG002940,coordinates,outside_model_inside_legacy_buffer,info,,,,,,retain_for_conditioning,pending
raw,<LOCAL_WORKSPACE>\GRID_D22_GitHub\data\real_munich\data\bohrungen_epsg25832_shp\bohrungen.shp,1427.0,7835BG002941,coordinates,outside_model_inside_legacy_buffer,info,,,,,,retain_for_conditioning,pending
raw,<LOCAL_WORKSPACE>\GRID_D22_GitHub\data\real_munich\data\bohrungen_epsg25832_shp\bohrungen.shp,1428.0,7835BG003525,coordinates,outside_model_inside_legacy_buffer,info,,,,,,retain_for_conditioning,pending
raw,<LOCAL_WORKSPACE>\GRID_D22_GitHub\data\real_munich\data\bohrungen_epsg25832_shp\bohrungen.shp,1429.0,7835BG003526,coordinates,outside_model_inside_legacy_buffer,info,,,,,,retain_for_conditioning,pending
raw,<LOCAL_WORKSPACE>\GRID_D22_GitHub\data\real_munich\data\bohrungen_epsg25832_shp\bohrungen.shp,1430.0,7835BG003528,coordinates,outside_model_inside_legacy_buffer,info,,,,,,retain_for_conditioning,pending
raw,<LOCAL_WORKSPACE>\GRID_D22_GitHub\data\real_munich\data\bohrungen_epsg25832_shp\bohrungen.shp,1431.0,7835BG003529,coordinates,outside_model_inside_legacy_buffer,info,,,,,,retain_for_conditioning,pending
raw,<LOCAL_WORKSPACE>\GRID_D22_GitHub\data\real_munich\data\bohrungen_epsg25832_shp\bohrungen.shp,1432.0,7835BG003531,coordinates,outside_model_inside_legacy_buffer,info,,,,,,retain_for_conditioning,pending
raw,<LOCAL_WORKSPACE>\GRID_D22_GitHub\data\real_munich\data\bohrungen_epsg25832_shp\bohrungen.shp,1433.0,7835BG003532,coordinates,outside_model_inside_legacy_buffer,info,,,,,,retain_for_conditioning,pending
raw,<LOCAL_WORKSPACE>\GRID_D22_GitHub\data\real_munich\data\bohrungen_epsg25832_shp\bohrungen.shp,1436.0,7835BG004033,coordinates,outside_model_inside_legacy_buffer,info,,,,,,retain_for_conditioning,pending
raw,<LOCAL_WORKSPACE>\GRID_D22_GitHub\data\real_munich\data\bohrungen_epsg25832_shp\bohrungen.shp,1444.0,7835BG004050,coordinates,outside_model_inside_legacy_buffer,info,,,,,,retain_for_conditioning,pending
raw,<LOCAL_WORKSPACE>\GRID_D22_GitHub\data\real_munich\data\bohrungen_epsg25832_shp\bohrungen.shp,1448.0,7835BG003911,coordinates,outside_model_inside_legacy_buffer,info,,,,,,retain_for_conditioning,pending
raw,<LOCAL_WORKSPACE>\GRID_D22_GitHub\data\real_munich\data\bohrungen_epsg25832_shp\bohrungen.shp,1449.0,7835BG003913,coordinates,outside_model_inside_legacy_buffer,info,,,,,,retain_for_conditioning,pending
raw,<LOCAL_WORKSPACE>\GRID_D22_GitHub\data\real_munich\data\bohrungen_epsg25832_shp\bohrungen.shp,1452.0,7835BG004320,coordinates,outside_model_inside_legacy_buffer,info,,,,,,retain_for_conditioning,pending
raw,<LOCAL_WORKSPACE>\GRID_D22_GitHub\data\real_munich\data\bohrungen_epsg25832_shp\bohrungen.shp,1453.0,7835BG004321,coordinates,outside_model_inside_legacy_buffer,info,,,,,,retain_for_conditioning,pending
raw,<LOCAL_WORKSPACE>\GRID_D22_GitHub\data\real_munich\data\bohrungen_epsg25832_shp\bohrungen.shp,1455.0,7835BG004324,coordinates,outside_model_inside_legacy_buffer,info,,,,,,retain_for_conditioning,pending
raw,<LOCAL_WORKSPACE>\GRID_D22_GitHub\data\real_munich\data\bohrungen_epsg25832_shp\bohrungen.shp,1456.0,7835BG004325,coordinates,outside_model_inside_legacy_buffer,info,,,,,,retain_for_conditioning,pending
raw,<LOCAL_WORKSPACE>\GRID_D22_GitHub\data\real_munich\data\bohrungen_epsg25832_shp\bohrungen.shp,1457.0,7835BG004254,coordinates,outside_model_inside_legacy_buffer,info,,,,,,retain_for_conditioning,pending
raw,<LOCAL_WORKSPACE>\GRID_D22_GitHub\data\real_munich\data\bohrungen_epsg25832_shp\bohrungen.shp,1458.0,7835BG002943,coordinates,outside_model_inside_legacy_buffer,info,,,,,,retain_for_conditioning,pending
raw,<LOCAL_WORKSPACE>\GRID_D22_GitHub\data\real_munich\data\bohrungen_epsg25832_shp\bohrungen.shp,1459.0,7835BG002944,coordinates,outside_model_inside_legacy_buffer,info,,,,,,retain_for_conditioning,pending
raw,<LOCAL_WORKSPACE>\GRID_D22_GitHub\data\real_munich\data\bohrungen_epsg25832_shp\bohrungen.shp,1460.0,7835BG002945,coordinates,outside_model_inside_legacy_buffer,info,,,,,,retain_for_conditioning,pending
raw,<LOCAL_WORKSPACE>\GRID_D22_GitHub\data\real_munich\data\bohrungen_epsg25832_shp\bohrungen.shp,1461.0,7835BG002947,coordinates,outside_model_inside_legacy_buffer,info,,,,,,retain_for_conditioning,pending
raw,<LOCAL_WORKSPACE>\GRID_D22_GitHub\data\real_munich\data\bohrungen_epsg25832_shp\bohrungen.shp,1462.0,7835BG002948,coordinates,outside_model_inside_legacy_buffer,info,,,,,,retain_for_conditioning,pending
raw,<LOCAL_WORKSPACE>\GRID_D22_GitHub\data\real_munich\data\bohrungen_epsg25832_shp\bohrungen.shp,1463.0,7835BG004328,coordinates,outside_model_inside_legacy_buffer,info,,,,,,retain_for_conditioning,pending
raw,<LOCAL_WORKSPACE>\GRID_D22_GitHub\data\real_munich\data\bohrungen_epsg25832_shp\bohrungen.shp,1464.0,7835BG004339,coordinates,outside_model_inside_legacy_buffer,info,,,,,,retain_for_conditioning,pending
raw,<LOCAL_WORKSPACE>\GRID_D22_GitHub\data\real_munich\data\bohrungen_epsg25832_shp\bohrungen.shp,1465.0,7835BG003533,coordinates,outside_model_inside_legacy_buffer,info,,,,,,retain_for_conditioning,pending
raw,<LOCAL_WORKSPACE>\GRID_D22_GitHub\data\real_munich\data\bohrungen_epsg25832_shp\bohrungen.shp,1466.0,7835BG003535,coordinates,outside_model_inside_legacy_buffer,info,,,,,,retain_for_conditioning,pending
raw,<LOCAL_WORKSPACE>\GRID_D22_GitHub\data\real_munich\data\bohrungen_epsg25832_shp\bohrungen.shp,1467.0,7835BG003536,coordinates,outside_model_inside_legacy_buffer,info,,,,,,retain_for_conditioning,pending
raw,<LOCAL_WORKSPACE>\GRID_D22_GitHub\data\real_munich\data\bohrungen_epsg25832_shp\bohrungen.shp,1468.0,7835BG003538,coordinates,outside_model_inside_legacy_buffer,info,,,,,,retain_for_conditioning,pending
raw,<LOCAL_WORKSPACE>\GRID_D22_GitHub\data\real_munich\data\bohrungen_epsg25832_shp\bohrungen.shp,1469.0,7835BG003539,coordinates,outside_model_inside_legacy_buffer,info,,,,,,retain_for_conditioning,pending
raw,<LOCAL_WORKSPACE>\GRID_D22_GitHub\data\real_munich\data\bohrungen_epsg25832_shp\bohrungen.shp,1470.0,7835BG004082,coordinates,outside_model_inside_legacy_buffer,info,,,,,,retain_for_conditioning,pending
raw,<LOCAL_WORKSPACE>\GRID_D22_GitHub\data\real_munich\data\bohrungen_epsg25832_shp\bohrungen.shp,1471.0,7835BG004084,coordinates,outside_model_inside_legacy_buffer,info,,,,,,retain_for_conditioning,pending
raw,<LOCAL_WORKSPACE>\GRID_D22_GitHub\data\real_munich\data\bohrungen_epsg25832_shp\bohrungen.shp,1472.0,7835BG003941,coordinates,outside_model_inside_legacy_buffer,info,,,,,,retain_for_conditioning,pending
raw,<LOCAL_WORKSPACE>\GRID_D22_GitHub\data\real_munich\data\bohrungen_epsg25832_shp\bohrungen.shp,1479.0,7835BG003951,coordinates,outside_model_inside_legacy_buffer,info,,,,,,retain_for_conditioning,pending
raw,<LOCAL_WORKSPACE>\GRID_D22_GitHub\data\real_munich\data\bohrungen_epsg25832_shp\bohrungen.shp,1480.0,7835BG003952,coordinates,outside_model_inside_legacy_buffer,info,,,,,,retain_for_conditioning,pending
raw,<LOCAL_WORKSPACE>\GRID_D22_GitHub\data\real_munich\data\bohrungen_epsg25832_shp\bohrungen.shp,1481.0,7835BG003954,coordinates,outside_model_inside_legacy_buffer,info,,,,,,retain_for_conditioning,pending
raw,<LOCAL_WORKSPACE>\GRID_D22_GitHub\data\real_munich\data\bohrungen_epsg25832_shp\bohrungen.shp,1482.0,7835BG003955,coordinates,outside_model_inside_legacy_buffer,info,,,,,,retain_for_conditioning,pending
raw,<LOCAL_WORKSPACE>\GRID_D22_GitHub\data\real_munich\data\bohrungen_epsg25832_shp\bohrungen.shp,1483.0,7835BG004096,coordinates,outside_model_inside_legacy_buffer,info,,,,,,retain_for_conditioning,pending
raw,<LOCAL_WORKSPACE>\GRID_D22_GitHub\data\real_munich\data\bohrungen_epsg25832_shp\bohrungen.shp,1484.0,7835BG004097,coordinates,outside_model_inside_legacy_buffer,info,,,,,,retain_for_conditioning,pending
raw,<LOCAL_WORKSPACE>\GRID_D22_GitHub\data\real_munich\data\bohrungen_epsg25832_shp\bohrungen.shp,1485.0,7835BG004340,coordinates,outside_model_inside_legacy_buffer,info,,,,,,retain_for_conditioning,pending
raw,<LOCAL_WORKSPACE>\GRID_D22_GitHub\data\real_munich\data\bohrungen_epsg25832_shp\bohrungen.shp,1486.0,7835BG004344,coordinates,outside_model_inside_legacy_buffer,info,,,,,,retain_for_conditioning,pending
raw,<LOCAL_WORKSPACE>\GRID_D22_GitHub\data\real_munich\data\bohrungen_epsg25832_shp\bohrungen.shp,1487.0,7835BG004347,coordinates,outside_model_inside_legacy_buffer,info,,,,,,retain_for_conditioning,pending
raw,<LOCAL_WORKSPACE>\GRID_D22_GitHub\data\real_munich\data\bohrungen_epsg25832_shp\bohrungen.shp,1488.0,7835BG002968,coordinates,outside_model_inside_legacy_buffer,info,,,,,,retain_for_conditioning,pending
raw,<LOCAL_WORKSPACE>\GRID_D22_GitHub\data\real_munich\data\bohrungen_epsg25832_shp\bohrungen.shp,1489.0,7835BG002969,coordinates,outside_model_inside_legacy_buffer,info,,,,,,retain_for_conditioning,pending
raw,<LOCAL_WORKSPACE>\GRID_D22_GitHub\data\real_munich\data\bohrungen_epsg25832_shp\bohrungen.shp,1490.0,7835BG002971,coordinates,outside_model_inside_legacy_buffer,info,,,,,,retain_for_conditioning,pending
raw,<LOCAL_WORKSPACE>\GRID_D22_GitHub\data\real_munich\data\bohrungen_epsg25832_shp\bohrungen.shp,1491.0,7835BG002972,coordinates,outside_model_inside_legacy_buffer,info,,,,,,retain_for_conditioning,pending
raw,<LOCAL_WORKSPACE>\GRID_D22_GitHub\data\real_munich\data\bohrungen_epsg25832_shp\bohrungen.shp,1492.0,7835BG002973,coordinates,outside_model_inside_legacy_buffer,info,,,,,,retain_for_conditioning,pending
raw,<LOCAL_WORKSPACE>\GRID_D22_GitHub\data\real_munich\data\bohrungen_epsg25832_shp\bohrungen.shp,1493.0,7835BG002975,coordinates,outside_model_inside_legacy_buffer,info,,,,,,retain_for_conditioning,pending
raw,<LOCAL_WORKSPACE>\GRID_D22_GitHub\data\real_munich\data\bohrungen_epsg25832_shp\bohrungen.shp,1494.0,7835BG002976,coordinates,outside_model_inside_legacy_buffer,info,,,,,,retain_for_conditioning,pending
raw,<LOCAL_WORKSPACE>\GRID_D22_GitHub\data\real_munich\data\bohrungen_epsg25832_shp\bohrungen.shp,1495.0,7835BG002977,coordinates,outside_model_inside_legacy_buffer,info,,,,,,retain_for_conditioning,pending
raw,<LOCAL_WORKSPACE>\GRID_D22_GitHub\data\real_munich\data\bohrungen_epsg25832_shp\bohrungen.shp,1496.0,7835BG002979,coordinates,outside_model_inside_legacy_buffer,info,,,,,,retain_for_conditioning,pending
raw,<LOCAL_WORKSPACE>\GRID_D22_GitHub\data\real_munich\data\bohrungen_epsg25832_shp\bohrungen.shp,1497.0,7835BG002980,coordinates,outside_model_inside_legacy_buffer,info,,,,,,retain_for_conditioning,pending
raw,<LOCAL_WORKSPACE>\GRID_D22_GitHub\data\real_munich\data\bohrungen_epsg25832_shp\bohrungen.shp,1498.0,7835BG002982,coordinates,outside_model_inside_legacy_buffer,info,,,,,,retain_for_conditioning,pending
raw,<LOCAL_WORKSPACE>\GRID_D22_GitHub\data\real_munich\data\bohrungen_epsg25832_shp\bohrungen.shp,1499.0,7835BG002983,coordinates,outside_model_inside_legacy_buffer,info,,,,,,retain_for_conditioning,pending
raw,<LOCAL_WORKSPACE>\GRID_D22_GitHub\data\real_munich\data\bohrungen_epsg25832_shp\bohrungen.shp,1500.0,7835BG002984,coordinates,outside_model_inside_legacy_buffer,info,,,,,,retain_for_conditioning,pending
raw,<LOCAL_WORKSPACE>\GRID_D22_GitHub\data\real_munich\data\bohrungen_epsg25832_shp\bohrungen.shp,1501.0,7835BG002986,coordinates,outside_model_inside_legacy_buffer,info,,,,,,retain_for_conditioning,pending
raw,<LOCAL_WORKSPACE>\GRID_D22_GitHub\data\real_munich\data\bohrungen_epsg25832_shp\bohrungen.shp,1502.0,7835BG002988,coordinates,outside_model_inside_legacy_buffer,info,,,,,,retain_for_conditioning,pending
raw,<LOCAL_WORKSPACE>\GRID_D22_GitHub\data\real_munich\data\bohrungen_epsg25832_shp\bohrungen.shp,1503.0,7835BG003968,coordinates,outside_model_inside_legacy_buffer,info,,,,,,retain_for_conditioning,pending
raw,<LOCAL_WORKSPACE>\GRID_D22_GitHub\data\real_munich\data\bohrungen_epsg25832_shp\bohrungen.shp,1504.0,7835BG003969,coordinates,outside_model_inside_legacy_buffer,info,,,,,,retain_for_conditioning,pending
raw,<LOCAL_WORKSPACE>\GRID_D22_GitHub\data\real_munich\data\bohrungen_epsg25832_shp\bohrungen.shp,1507.0,7835BG004099,coordinates,outside_model_inside_legacy_buffer,info,,,,,,retain_for_conditioning,pending
raw,<LOCAL_WORKSPACE>\GRID_D22_GitHub\data\real_munich\data\bohrungen_epsg25832_shp\bohrungen.shp,1508.0,7835BG004100,coordinates,outside_model_inside_legacy_buffer,info,,,,,,retain_for_conditioning,pending
raw,<LOCAL_WORKSPACE>\GRID_D22_GitHub\data\real_munich\data\bohrungen_epsg25832_shp\bohrungen.shp,1509.0,7835BG004101,coordinates,outside_model_inside_legacy_buffer,info,,,,,,retain_for_conditioning,pending
raw,<LOCAL_WORKSPACE>\GRID_D22_GitHub\data\real_munich\data\bohrungen_epsg25832_shp\bohrungen.shp,1513.0,7835BG004107,coordinates,outside_model_inside_legacy_buffer,info,,,,,,retain_for_conditioning,pending
raw,<LOCAL_WORKSPACE>\GRID_D22_GitHub\data\real_munich\data\bohrungen_epsg25832_shp\bohrungen.shp,1514.0,7835BG004108,coordinates,outside_model_inside_legacy_buffer,info,,,,,,retain_for_conditioning,pending
raw,<LOCAL_WORKSPACE>\GRID_D22_GitHub\data\real_munich\data\bohrungen_epsg25832_shp\bohrungen.shp,1524.0,7835BG005361,coordinates,outside_model_inside_legacy_buffer,info,,,,,,retain_for_conditioning,pending
raw,<LOCAL_WORKSPACE>\GRID_D22_GitHub\data\real_munich\data\bohrungen_epsg25832_shp\bohrungen.shp,1525.0,7835BG005363,coordinates,outside_model_inside_legacy_buffer,info,,,,,,retain_for_conditioning,pending
raw,<LOCAL_WORKSPACE>\GRID_D22_GitHub\data\real_munich\data\bohrungen_epsg25832_shp\bohrungen.shp,1526.0,7835BG005367,coordinates,outside_model_inside_legacy_buffer,info,,,,,,retain_for_conditioning,pending
raw,<LOCAL_WORKSPACE>\GRID_D22_GitHub\data\real_munich\data\bohrungen_epsg25832_shp\bohrungen.shp,1527.0,7835BG005368,coordinates,outside_model_inside_legacy_buffer,info,,,,,,retain_for_conditioning,pending
raw,<LOCAL_WORKSPACE>\GRID_D22_GitHub\data\real_munich\data\bohrungen_epsg25832_shp\bohrungen.shp,1528.0,7835BG005369,coordinates,outside_model_inside_legacy_buffer,info,,,,,,retain_for_conditioning,pending
raw,<LOCAL_WORKSPACE>\GRID_D22_GitHub\data\real_munich\data\bohrungen_epsg25832_shp\bohrungen.shp,1529.0,7835BG005371,coordinates,outside_model_inside_legacy_buffer,info,,,,,,retain_for_conditioning,pending
raw,<LOCAL_WORKSPACE>\GRID_D22_GitHub\data\real_munich\data\bohrungen_epsg25832_shp\bohrungen.shp,1530.0,7835BG005373,coordinates,outside_model_inside_legacy_buffer,info,,,,,,retain_for_conditioning,pending
raw,<LOCAL_WORKSPACE>\GRID_D22_GitHub\data\real_munich\data\bohrungen_epsg25832_shp\bohrungen.shp,1531.0,7835BG005375,coordinates,outside_model_inside_legacy_buffer,info,,,,,,retain_for_conditioning,pending
raw,<LOCAL_WORKSPACE>\GRID_D22_GitHub\data\real_munich\data\bohrungen_epsg25832_shp\bohrungen.shp,1540.0,7835BG005146,coordinates,outside_model_inside_legacy_buffer,info,,,,,,retain_for_conditioning,pending
raw,<LOCAL_WORKSPACE>\GRID_D22_GitHub\data\real_munich\data\bohrungen_epsg25832_shp\bohrungen.shp,1542.0,7835BG005149,coordinates,outside_model_inside_legacy_buffer,info,,,,,,retain_for_conditioning,pending
raw,<LOCAL_WORKSPACE>\GRID_D22_GitHub\data\real_munich\data\bohrungen_epsg25832_shp\bohrungen.shp,1544.0,7835BG005152,coordinates,outside_model_inside_legacy_buffer,info,,,,,,retain_for_conditioning,pending
raw,<LOCAL_WORKSPACE>\GRID_D22_GitHub\data\real_munich\data\bohrungen_epsg25832_shp\bohrungen.shp,1545.0,7835BG005153,coordinates,outside_model_inside_legacy_buffer,info,,,,,,retain_for_conditioning,pending
raw,<LOCAL_WORKSPACE>\GRID_D22_GitHub\data\real_munich\data\bohrungen_epsg25832_shp\bohrungen.shp,1546.0,7835BG005154,coordinates,outside_model_inside_legacy_buffer,info,,,,,,retain_for_conditioning,pending
raw,<LOCAL_WORKSPACE>\GRID_D22_GitHub\data\real_munich\data\bohrungen_epsg25832_shp\bohrungen.shp,1564.0,7835BG005377,coordinates,outside_model_inside_legacy_buffer,info,,,,,,retain_for_conditioning,pending
raw,<LOCAL_WORKSPACE>\GRID_D22_GitHub\data\real_munich\data\bohrungen_epsg25832_shp\bohrungen.shp,1565.0,7835BG005379,coordinates,outside_model_inside_legacy_buffer,info,,,,,,retain_for_conditioning,pending
raw,<LOCAL_WORKSPACE>\GRID_D22_GitHub\data\real_munich\data\bohrungen_epsg25832_shp\bohrungen.shp,1566.0,7835BG005383,coordinates,outside_model_inside_legacy_buffer,info,,,,,,retain_for_conditioning,pending
raw,<LOCAL_WORKSPACE>\GRID_D22_GitHub\data\real_munich\data\bohrungen_epsg25832_shp\bohrungen.shp,1567.0,7835BG005387,coordinates,outside_model_inside_legacy_buffer,info,,,,,,retain_for_conditioning,pending
raw,<LOCAL_WORKSPACE>\GRID_D22_GitHub\data\real_munich\data\bohrungen_epsg25832_shp\bohrungen.shp,1568.0,7835BG005388,coordinates,outside_model_inside_legacy_buffer,info,,,,,,retain_for_conditioning,pending
raw,<LOCAL_WORKSPACE>\GRID_D22_GitHub\data\real_munich\data\bohrungen_epsg25832_shp\bohrungen.shp,1569.0,7835BG005390,coordinates,outside_model_inside_legacy_buffer,info,,,,,,retain_for_conditioning,pending
raw,<LOCAL_WORKSPACE>\GRID_D22_GitHub\data\real_munich\data\bohrungen_epsg25832_shp\bohrungen.shp,1570.0,7835BG005395,coordinates,outside_model_inside_legacy_buffer,info,,,,,,retain_for_conditioning,pending
raw,<LOCAL_WORKSPACE>\GRID_D22_GitHub\data\real_munich\data\bohrungen_epsg25832_shp\bohrungen.shp,1571.0,7835BG005399,coordinates,outside_model_inside_legacy_buffer,info,,,,,,retain_for_conditioning,pending
raw,<LOCAL_WORKSPACE>\GRID_D22_GitHub\data\real_munich\data\bohrungen_epsg25832_shp\bohrungen.shp,1572.0,7835BG005403,coordinates,outside_model_inside_legacy_buffer,info,,,,,,retain_for_conditioning,pending
raw,<LOCAL_WORKSPACE>\GRID_D22_GitHub\data\real_munich\data\bohrungen_epsg25832_shp\bohrungen.shp,1573.0,7835BG005507,coordinates,outside_model_inside_legacy_buffer,info,,,,,,retain_for_conditioning,pending
raw,<LOCAL_WORKSPACE>\GRID_D22_GitHub\data\real_munich\data\bohrungen_epsg25832_shp\bohrungen.shp,1574.0,7835BG005510,coordinates,outside_model_inside_legacy_buffer,info,,,,,,retain_for_conditioning,pending
raw,<LOCAL_WORKSPACE>\GRID_D22_GitHub\data\real_munich\data\bohrungen_epsg25832_shp\bohrungen.shp,1575.0,7835BG005511,coordinates,outside_model_inside_legacy_buffer,info,,,,,,retain_for_conditioning,pending
raw,<LOCAL_WORKSPACE>\GRID_D22_GitHub\data\real_munich\data\bohrungen_epsg25832_shp\bohrungen.shp,1576.0,7835BG005513,coordinates,outside_model_inside_legacy_buffer,info,,,,,,retain_for_conditioning,pending
raw,<LOCAL_WORKSPACE>\GRID_D22_GitHub\data\real_munich\data\bohrungen_epsg25832_shp\bohrungen.shp,1577.0,7835BG005514,coordinates,outside_model_inside_legacy_buffer,info,,,,,,retain_for_conditioning,pending
raw,<LOCAL_WORKSPACE>\GRID_D22_GitHub\data\real_munich\data\bohrungen_epsg25832_shp\bohrungen.shp,1578.0,7835BG005515,coordinates,outside_model_inside_legacy_buffer,info,,,,,,retain_for_conditioning,pending
raw,<LOCAL_WORKSPACE>\GRID_D22_GitHub\data\real_munich\data\bohrungen_epsg25832_shp\bohrungen.shp,1579.0,7835BG005517,coordinates,outside_model_inside_legacy_buffer,info,,,,,,retain_for_conditioning,pending
raw,<LOCAL_WORKSPACE>\GRID_D22_GitHub\data\real_munich\data\bohrungen_epsg25832_shp\bohrungen.shp,1580.0,7835BG005518,coordinates,outside_model_inside_legacy_buffer,info,,,,,,retain_for_conditioning,pending
raw,<LOCAL_WORKSPACE>\GRID_D22_GitHub\data\real_munich\data\bohrungen_epsg25832_shp\bohrungen.shp,1583.0,7835BG005522,coordinates,outside_model_inside_legacy_buffer,info,,,,,,retain_for_conditioning,pending
raw,<LOCAL_WORKSPACE>\GRID_D22_GitHub\data\real_munich\data\bohrungen_epsg25832_shp\bohrungen.shp,1584.0,7835BG005524,coordinates,outside_model_inside_legacy_buffer,info,,,,,,retain_for_conditioning,pending
raw,<LOCAL_WORKSPACE>\GRID_D22_GitHub\data\real_munich\data\bohrungen_epsg25832_shp\bohrungen.shp,1585.0,7835BG005525,coordinates,outside_model_inside_legacy_buffer,info,,,,,,retain_for_conditioning,pending
raw,<LOCAL_WORKSPACE>\GRID_D22_GitHub\data\real_munich\data\bohrungen_epsg25832_shp\bohrungen.shp,1586.0,7835BG005526,coordinates,outside_model_inside_legacy_buffer,info,,,,,,retain_for_conditioning,pending
raw,<LOCAL_WORKSPACE>\GRID_D22_GitHub\data\real_munich\data\bohrungen_epsg25832_shp\bohrungen.shp,1591.0,7835BG004175,coordinates,outside_model_inside_legacy_buffer,info,,,,,,retain_for_conditioning,pending
raw,<LOCAL_WORKSPACE>\GRID_D22_GitHub\data\real_munich\data\bohrungen_epsg25832_shp\bohrungen.shp,1592.0,7835BG004176,coordinates,outside_model_inside_legacy_buffer,info,,,,,,retain_for_conditioning,pending
raw,<LOCAL_WORKSPACE>\GRID_D22_GitHub\data\real_munich\data\bohrungen_epsg25832_shp\bohrungen.shp,1593.0,7835BG004177,coordinates,outside_model_inside_legacy_buffer,info,,,,,,retain_for_conditioning,pending
raw,<LOCAL_WORKSPACE>\GRID_D22_GitHub\data\real_munich\data\bohrungen_epsg25832_shp\bohrungen.shp,1594.0,7835BG004180,coordinates,outside_model_inside_legacy_buffer,info,,,,,,retain_for_conditioning,pending
raw,<LOCAL_WORKSPACE>\GRID_D22_GitHub\data\real_munich\data\bohrungen_epsg25832_shp\bohrungen.shp,1595.0,7835BG004181,coordinates,outside_model_inside_legacy_buffer,info,,,,,,retain_for_conditioning,pending
raw,<LOCAL_WORKSPACE>\GRID_D22_GitHub\data\real_munich\data\bohrungen_epsg25832_shp\bohrungen.shp,1596.0,7835BG004183,coordinates,outside_model_inside_legacy_buffer,info,,,,,,retain_for_conditioning,pending
raw,<LOCAL_WORKSPACE>\GRID_D22_GitHub\data\real_munich\data\bohrungen_epsg25832_shp\bohrungen.shp,1599.0,7835BG004190,coordinates,outside_model_inside_legacy_buffer,info,,,,,,retain_for_conditioning,pending
raw,<LOCAL_WORKSPACE>\GRID_D22_GitHub\data\real_munich\data\bohrungen_epsg25832_shp\bohrungen.shp,1600.0,7835BG004191,coordinates,outside_model_inside_legacy_buffer,info,,,,,,retain_for_conditioning,pending
raw,<LOCAL_WORKSPACE>\GRID_D22_GitHub\data\real_munich\data\bohrungen_epsg25832_shp\bohrungen.shp,1604.0,7835BG005295,coordinates,outside_model_inside_legacy_buffer,info,,,,,,retain_for_conditioning,pending
raw,<LOCAL_WORKSPACE>\GRID_D22_GitHub\data\real_munich\data\bohrungen_epsg25832_shp\bohrungen.shp,1605.0,7835BG005304,coordinates,outside_model_inside_legacy_buffer,info,,,,,,retain_for_conditioning,pending
raw,<LOCAL_WORKSPACE>\GRID_D22_GitHub\data\real_munich\data\bohrungen_epsg25832_shp\bohrungen.shp,1606.0,7835BG005310,coordinates,outside_model_inside_legacy_buffer,info,,,,,,retain_for_conditioning,pending
raw,<LOCAL_WORKSPACE>\GRID_D22_GitHub\data\real_munich\data\bohrungen_epsg25832_shp\bohrungen.shp,1608.0,7835BG005532,coordinates,outside_model_inside_legacy_buffer,info,,,,,,retain_for_conditioning,pending
raw,<LOCAL_WORKSPACE>\GRID_D22_GitHub\data\real_munich\data\bohrungen_epsg25832_shp\bohrungen.shp,1609.0,7835BG005533,coordinates,outside_model_inside_legacy_buffer,info,,,,,,retain_for_conditioning,pending
raw,<LOCAL_WORKSPACE>\GRID_D22_GitHub\data\real_munich\data\bohrungen_epsg25832_shp\bohrungen.shp,1610.0,7835BG005535,coordinates,outside_model_inside_legacy_buffer,info,,,,,,retain_for_conditioning,pending
raw,<LOCAL_WORKSPACE>\GRID_D22_GitHub\data\real_munich\data\bohrungen_epsg25832_shp\bohrungen.shp,1615.0,7835BG005552,coordinates,outside_model_inside_legacy_buffer,info,,,,,,retain_for_conditioning,pending
raw,<LOCAL_WORKSPACE>\GRID_D22_GitHub\data\real_munich\data\bohrungen_epsg25832_shp\bohrungen.shp,1616.0,7835BG005554,coordinates,outside_model_inside_legacy_buffer,info,,,,,,retain_for_conditioning,pending
raw,<LOCAL_WORKSPACE>\GRID_D22_GitHub\data\real_munich\data\bohrungen_epsg25832_shp\bohrungen.shp,1617.0,7835BG005555,coordinates,outside_model_inside_legacy_buffer,info,,,,,,retain_for_conditioning,pending
raw,<LOCAL_WORKSPACE>\GRID_D22_GitHub\data\real_munich\data\bohrungen_epsg25832_shp\bohrungen.shp,1618.0,7835BG005313,coordinates,outside_model_inside_legacy_buffer,info,,,,,,retain_for_conditioning,pending
raw,<LOCAL_WORKSPACE>\GRID_D22_GitHub\data\real_munich\data\bohrungen_epsg25832_shp\bohrungen.shp,1619.0,7835BG004199,coordinates,outside_model_inside_legacy_buffer,info,,,,,,retain_for_conditioning,pending
raw,<LOCAL_WORKSPACE>\GRID_D22_GitHub\data\real_munich\data\bohrungen_epsg25832_shp\bohrungen.shp,1620.0,7835BG004201,coordinates,outside_model_inside_legacy_buffer,info,,,,,,retain_for_conditioning,pending
raw,<LOCAL_WORKSPACE>\GRID_D22_GitHub\data\real_munich\data\bohrungen_epsg25832_shp\bohrungen.shp,1621.0,7835BG004202,coordinates,outside_model_inside_legacy_buffer,info,,,,,,retain_for_conditioning,pending
raw,<LOCAL_WORKSPACE>\GRID_D22_GitHub\data\real_munich\data\bohrungen_epsg25832_shp\bohrungen.shp,1622.0,7835BG004203,coordinates,outside_model_inside_legacy_buffer,info,,,,,,retain_for_conditioning,pending
raw,<LOCAL_WORKSPACE>\GRID_D22_GitHub\data\real_munich\data\bohrungen_epsg25832_shp\bohrungen.shp,1623.0,7835BG004205,coordinates,outside_model_inside_legacy_buffer,info,,,,,,retain_for_conditioning,pending
raw,<LOCAL_WORKSPACE>\GRID_D22_GitHub\data\real_munich\data\bohrungen_epsg25832_shp\bohrungen.shp,1624.0,7835BG004206,coordinates,outside_model_inside_legacy_buffer,info,,,,,,retain_for_conditioning,pending
raw,<LOCAL_WORKSPACE>\GRID_D22_GitHub\data\real_munich\data\bohrungen_epsg25832_shp\bohrungen.shp,1625.0,7835BG004208,coordinates,outside_model_inside_legacy_buffer,info,,,,,,retain_for_conditioning,pending
raw,<LOCAL_WORKSPACE>\GRID_D22_GitHub\data\real_munich\data\bohrungen_epsg25832_shp\bohrungen.shp,1626.0,7835BG004209,coordinates,outside_model_inside_legacy_buffer,info,,,,,,retain_for_conditioning,pending
raw,<LOCAL_WORKSPACE>\GRID_D22_GitHub\data\real_munich\data\bohrungen_epsg25832_shp\bohrungen.shp,1627.0,7835BG004210,coordinates,outside_model_inside_legacy_buffer,info,,,,,,retain_for_conditioning,pending
raw,<LOCAL_WORKSPACE>\GRID_D22_GitHub\data\real_munich\data\bohrungen_epsg25832_shp\bohrungen.shp,1628.0,7835BG004212,coordinates,outside_model_inside_legacy_buffer,info,,,,,,retain_for_conditioning,pending
raw,<LOCAL_WORKSPACE>\GRID_D22_GitHub\data\real_munich\data\bohrungen_epsg25832_shp\bohrungen.shp,1629.0,7835BG004213,coordinates,outside_model_inside_legacy_buffer,info,,,,,,retain_for_conditioning,pending
raw,<LOCAL_WORKSPACE>\GRID_D22_GitHub\data\real_munich\data\bohrungen_epsg25832_shp\bohrungen.shp,1630.0,7835BG004214,coordinates,outside_model_inside_legacy_buffer,info,,,,,,retain_for_conditioning,pending
raw,<LOCAL_WORKSPACE>\GRID_D22_GitHub\data\real_munich\data\bohrungen_epsg25832_shp\bohrungen.shp,1633.0,7835BG004218,coordinates,outside_model_inside_legacy_buffer,info,,,,,,retain_for_conditioning,pending
raw,<LOCAL_WORKSPACE>\GRID_D22_GitHub\data\real_munich\data\bohrungen_epsg25832_shp\bohrungen.shp,1634.0,7835BG005086,coordinates,outside_model_inside_legacy_buffer,info,,,,,,retain_for_conditioning,pending
raw,<LOCAL_WORKSPACE>\GRID_D22_GitHub\data\real_munich\data\bohrungen_epsg25832_shp\bohrungen.shp,1635.0,7835BG005087,coordinates,outside_model_inside_legacy_buffer,info,,,,,,retain_for_conditioning,pending
raw,<LOCAL_WORKSPACE>\GRID_D22_GitHub\data\real_munich\data\bohrungen_epsg25832_shp\bohrungen.shp,1636.0,7835BG005089,coordinates,outside_model_inside_legacy_buffer,info,,,,,,retain_for_conditioning,pending
raw,<LOCAL_WORKSPACE>\GRID_D22_GitHub\data\real_munich\data\bohrungen_epsg25832_shp\bohrungen.shp,1637.0,7835BG005090,coordinates,outside_model_inside_legacy_buffer,info,,,,,,retain_for_conditioning,pending
raw,<LOCAL_WORKSPACE>\GRID_D22_GitHub\data\real_munich\data\bohrungen_epsg25832_shp\bohrungen.shp,1638.0,7835BG005092,coordinates,outside_model_inside_legacy_buffer,info,,,,,,retain_for_conditioning,pending
raw,<LOCAL_WORKSPACE>\GRID_D22_GitHub\data\real_munich\data\bohrungen_epsg25832_shp\bohrungen.shp,1639.0,7835BG005093,coordinates,outside_model_inside_legacy_buffer,info,,,,,,retain_for_conditioning,pending
raw,<LOCAL_WORKSPACE>\GRID_D22_GitHub\data\real_munich\data\bohrungen_epsg25832_shp\bohrungen.shp,1640.0,7835BG005094,coordinates,outside_model_inside_legacy_buffer,info,,,,,,retain_for_conditioning,pending
raw,<LOCAL_WORKSPACE>\GRID_D22_GitHub\data\real_munich\data\bohrungen_epsg25832_shp\bohrungen.shp,1641.0,7835BG005096,coordinates,outside_model_inside_legacy_buffer,info,,,,,,retain_for_conditioning,pending
raw,<LOCAL_WORKSPACE>\GRID_D22_GitHub\data\real_munich\data\bohrungen_epsg25832_shp\bohrungen.shp,1642.0,7835BG005097,coordinates,outside_model_inside_legacy_buffer,info,,,,,,retain_for_conditioning,pending
raw,<LOCAL_WORKSPACE>\GRID_D22_GitHub\data\real_munich\data\bohrungen_epsg25832_shp\bohrungen.shp,1643.0,7835BG005098,coordinates,outside_model_inside_legacy_buffer,info,,,,,,retain_for_conditioning,pending
raw,<LOCAL_WORKSPACE>\GRID_D22_GitHub\data\real_munich\data\bohrungen_epsg25832_shp\bohrungen.shp,1644.0,7835BG005100,coordinates,outside_model_inside_legacy_buffer,info,,,,,,retain_for_conditioning,pending
raw,<LOCAL_WORKSPACE>\GRID_D22_GitHub\data\real_munich\data\bohrungen_epsg25832_shp\bohrungen.shp,1645.0,7835BG005101,coordinates,outside_model_inside_legacy_buffer,info,,,,,,retain_for_conditioning,pending
raw,<LOCAL_WORKSPACE>\GRID_D22_GitHub\data\real_munich\data\bohrungen_epsg25832_shp\bohrungen.shp,1650.0,7835BG005322,coordinates,outside_model_inside_legacy_buffer,info,,,,,,retain_for_conditioning,pending
raw,<LOCAL_WORKSPACE>\GRID_D22_GitHub\data\real_munich\data\bohrungen_epsg25832_shp\bohrungen.shp,1651.0,7835BG005442,coordinates,outside_model_inside_legacy_buffer,info,,,,,,retain_for_conditioning,pending
raw,<LOCAL_WORKSPACE>\GRID_D22_GitHub\data\real_munich\data\bohrungen_epsg25832_shp\bohrungen.shp,1652.0,7835BG005443,coordinates,outside_model_inside_legacy_buffer,info,,,,,,retain_for_conditioning,pending
raw,<LOCAL_WORKSPACE>\GRID_D22_GitHub\data\real_munich\data\bohrungen_epsg25832_shp\bohrungen.shp,1653.0,7835BG005446,coordinates,outside_model_inside_legacy_buffer,info,,,,,,retain_for_conditioning,pending
raw,<LOCAL_WORKSPACE>\GRID_D22_GitHub\data\real_munich\data\bohrungen_epsg25832_shp\bohrungen.shp,1654.0,7835BG005448,coordinates,outside_model_inside_legacy_buffer,info,,,,,,retain_for_conditioning,pending
raw,<LOCAL_WORKSPACE>\GRID_D22_GitHub\data\real_munich\data\bohrungen_epsg25832_shp\bohrungen.shp,1655.0,7835BG005458,coordinates,outside_model_inside_legacy_buffer,info,,,,,,retain_for_conditioning,pending
raw,<LOCAL_WORKSPACE>\GRID_D22_GitHub\data\real_munich\data\bohrungen_epsg25832_shp\bohrungen.shp,1656.0,7835BG005459,coordinates,outside_model_inside_legacy_buffer,info,,,,,,retain_for_conditioning,pending
raw,<LOCAL_WORKSPACE>\GRID_D22_GitHub\data\real_munich\data\bohrungen_epsg25832_shp\bohrungen.shp,1657.0,7835BG005562,coordinates,outside_model_inside_legacy_buffer,info,,,,,,retain_for_conditioning,pending
raw,<LOCAL_WORKSPACE>\GRID_D22_GitHub\data\real_munich\data\bohrungen_epsg25832_shp\bohrungen.shp,1662.0,7835BG004373,coordinates,outside_model_inside_legacy_buffer,info,,,,,,retain_for_conditioning,pending
raw,<LOCAL_WORKSPACE>\GRID_D22_GitHub\data\real_munich\data\bohrungen_epsg25832_shp\bohrungen.shp,1667.0,7835BG004389,coordinates,outside_model_inside_legacy_buffer,info,,,,,,retain_for_conditioning,pending
raw,<LOCAL_WORKSPACE>\GRID_D22_GitHub\data\real_munich\data\bohrungen_epsg25832_shp\bohrungen.shp,1668.0,7835BG004391,coordinates,outside_model_inside_legacy_buffer,info,,,,,,retain_for_conditioning,pending
raw,<LOCAL_WORKSPACE>\GRID_D22_GitHub\data\real_munich\data\bohrungen_epsg25832_shp\bohrungen.shp,1669.0,7835BG004392,coordinates,outside_model_inside_legacy_buffer,info,,,,,,retain_for_conditioning,pending
raw,<LOCAL_WORKSPACE>\GRID_D22_GitHub\data\real_munich\data\bohrungen_epsg25832_shp\bohrungen.shp,1672.0,7835BG005102,coordinates,outside_model_inside_legacy_buffer,info,,,,,,retain_for_conditioning,pending
raw,<LOCAL_WORKSPACE>\GRID_D22_GitHub\data\real_munich\data\bohrungen_epsg25832_shp\bohrungen.shp,1673.0,7835BG005104,coordinates,outside_model_inside_legacy_buffer,info,,,,,,retain_for_conditioning,pending
raw,<LOCAL_WORKSPACE>\GRID_D22_GitHub\data\real_munich\data\bohrungen_epsg25832_shp\bohrungen.shp,1681.0,7835BG007161,coordinates,outside_model_inside_legacy_buffer,info,,,,,,retain_for_conditioning,pending
raw,<LOCAL_WORKSPACE>\GRID_D22_GitHub\data\real_munich\data\bohrungen_epsg25832_shp\bohrungen.shp,1682.0,7835BG007163,coordinates,outside_model_inside_legacy_buffer,info,,,,,,retain_for_conditioning,pending
raw,<LOCAL_WORKSPACE>\GRID_D22_GitHub\data\real_munich\data\bohrungen_epsg25832_shp\bohrungen.shp,1683.0,7835BG007164,coordinates,outside_model_inside_legacy_buffer,info,,,,,,retain_for_conditioning,pending
raw,<LOCAL_WORKSPACE>\GRID_D22_GitHub\data\real_munich\data\bohrungen_epsg25832_shp\bohrungen.shp,1684.0,7835BG007165,coordinates,outside_model_inside_legacy_buffer,info,,,,,,retain_for_conditioning,pending
raw,<LOCAL_WORKSPACE>\GRID_D22_GitHub\data\real_munich\data\bohrungen_epsg25832_shp\bohrungen.shp,1685.0,7835BG007167,coordinates,outside_model_inside_legacy_buffer,info,,,,,,retain_for_conditioning,pending
raw,<LOCAL_WORKSPACE>\GRID_D22_GitHub\data\real_munich\data\bohrungen_epsg25832_shp\bohrungen.shp,1686.0,7835BG007168,coordinates,outside_model_inside_legacy_buffer,info,,,,,,retain_for_conditioning,pending
raw,<LOCAL_WORKSPACE>\GRID_D22_GitHub\data\real_munich\data\bohrungen_epsg25832_shp\bohrungen.shp,1699.0,7835BG007186,coordinates,outside_model_inside_legacy_buffer,info,,,,,,retain_for_conditioning,pending
raw,<LOCAL_WORKSPACE>\GRID_D22_GitHub\data\real_munich\data\bohrungen_epsg25832_shp\bohrungen.shp,1700.0,7835BG006465,coordinates,outside_model_inside_legacy_buffer,info,,,,,,retain_for_conditioning,pending
raw,<LOCAL_WORKSPACE>\GRID_D22_GitHub\data\real_munich\data\bohrungen_epsg25832_shp\bohrungen.shp,1701.0,7835BG006466,coordinates,outside_model_inside_legacy_buffer,info,,,,,,retain_for_conditioning,pending
raw,<LOCAL_WORKSPACE>\GRID_D22_GitHub\data\real_munich\data\bohrungen_epsg25832_shp\bohrungen.shp,1702.0,7835BG006467,coordinates,outside_model_inside_legacy_buffer,info,,,,,,retain_for_conditioning,pending
raw,<LOCAL_WORKSPACE>\GRID_D22_GitHub\data\real_munich\data\bohrungen_epsg25832_shp\bohrungen.shp,1703.0,7835BG006469,coordinates,outside_model_inside_legacy_buffer,info,,,,,,retain_for_conditioning,pending
raw,<LOCAL_WORKSPACE>\GRID_D22_GitHub\data\real_munich\data\bohrungen_epsg25832_shp\bohrungen.shp,1704.0,7835BG006470,coordinates,outside_model_inside_legacy_buffer,info,,,,,,retain_for_conditioning,pending
raw,<LOCAL_WORKSPACE>\GRID_D22_GitHub\data\real_munich\data\bohrungen_epsg25832_shp\bohrungen.shp,1705.0,7835BG006472,coordinates,outside_model_inside_legacy_buffer,info,,,,,,retain_for_conditioning,pending
raw,<LOCAL_WORKSPACE>\GRID_D22_GitHub\data\real_munich\data\bohrungen_epsg25832_shp\bohrungen.shp,1706.0,7835BG006591,coordinates,outside_model_inside_legacy_buffer,info,,,,,,retain_for_conditioning,pending
raw,<LOCAL_WORKSPACE>\GRID_D22_GitHub\data\real_munich\data\bohrungen_epsg25832_shp\bohrungen.shp,1707.0,7835BG006592,coordinates,outside_model_inside_legacy_buffer,info,,,,,,retain_for_conditioning,pending
raw,<LOCAL_WORKSPACE>\GRID_D22_GitHub\data\real_munich\data\bohrungen_epsg25832_shp\bohrungen.shp,1708.0,7835BG006593,coordinates,outside_model_inside_legacy_buffer,info,,,,,,retain_for_conditioning,pending
raw,<LOCAL_WORKSPACE>\GRID_D22_GitHub\data\real_munich\data\bohrungen_epsg25832_shp\bohrungen.shp,1709.0,7835BG006595,coordinates,outside_model_inside_legacy_buffer,info,,,,,,retain_for_conditioning,pending
raw,<LOCAL_WORKSPACE>\GRID_D22_GitHub\data\real_munich\data\bohrungen_epsg25832_shp\bohrungen.shp,1710.0,7835BG006596,coordinates,outside_model_inside_legacy_buffer,info,,,,,,retain_for_conditioning,pending
raw,<LOCAL_WORKSPACE>\GRID_D22_GitHub\data\real_munich\data\bohrungen_epsg25832_shp\bohrungen.shp,1711.0,7835BG006598,coordinates,outside_model_inside_legacy_buffer,info,,,,,,retain_for_conditioning,pending
raw,<LOCAL_WORKSPACE>\GRID_D22_GitHub\data\real_munich\data\bohrungen_epsg25832_shp\bohrungen.shp,1712.0,7835BG006599,coordinates,outside_model_inside_legacy_buffer,info,,,,,,retain_for_conditioning,pending
raw,<LOCAL_WORKSPACE>\GRID_D22_GitHub\data\real_munich\data\bohrungen_epsg25832_shp\bohrungen.shp,1713.0,7835BG006600,coordinates,outside_model_inside_legacy_buffer,info,,,,,,retain_for_conditioning,pending
raw,<LOCAL_WORKSPACE>\GRID_D22_GitHub\data\real_munich\data\bohrungen_epsg25832_shp\bohrungen.shp,1714.0,7835BG006602,coordinates,outside_model_inside_legacy_buffer,info,,,,,,retain_for_conditioning,pending
raw,<LOCAL_WORKSPACE>\GRID_D22_GitHub\data\real_munich\data\bohrungen_epsg25832_shp\bohrungen.shp,1715.0,7835BG006603,coordinates,outside_model_inside_legacy_buffer,info,,,,,,retain_for_conditioning,pending
raw,<LOCAL_WORKSPACE>\GRID_D22_GitHub\data\real_munich\data\bohrungen_epsg25832_shp\bohrungen.shp,1716.0,7835BG006604,coordinates,outside_model_inside_legacy_buffer,info,,,,,,retain_for_conditioning,pending
raw,<LOCAL_WORKSPACE>\GRID_D22_GitHub\data\real_munich\data\bohrungen_epsg25832_shp\bohrungen.shp,1719.0,7835BG007040,coordinates,outside_model_inside_legacy_buffer,info,,,,,,retain_for_conditioning,pending
raw,<LOCAL_WORKSPACE>\GRID_D22_GitHub\data\real_munich\data\bohrungen_epsg25832_shp\bohrungen.shp,1722.0,7835BG007044,coordinates,outside_model_inside_legacy_buffer,info,,,,,,retain_for_conditioning,pending
raw,<LOCAL_WORKSPACE>\GRID_D22_GitHub\data\real_munich\data\bohrungen_epsg25832_shp\bohrungen.shp,1724.0,7835BG007047,coordinates,outside_model_inside_legacy_buffer,info,,,,,,retain_for_conditioning,pending
raw,<LOCAL_WORKSPACE>\GRID_D22_GitHub\data\real_munich\data\bohrungen_epsg25832_shp\bohrungen.shp,1725.0,7835BG007048,coordinates,outside_model_inside_legacy_buffer,info,,,,,,retain_for_conditioning,pending
raw,<LOCAL_WORKSPACE>\GRID_D22_GitHub\data\real_munich\data\bohrungen_epsg25832_shp\bohrungen.shp,1726.0,7835BG007049,coordinates,outside_model_inside_legacy_buffer,info,,,,,,retain_for_conditioning,pending
raw,<LOCAL_WORKSPACE>\GRID_D22_GitHub\data\real_munich\data\bohrungen_epsg25832_shp\bohrungen.shp,1727.0,7835BG007051,coordinates,outside_model_inside_legacy_buffer,info,,,,,,retain_for_conditioning,pending
raw,<LOCAL_WORKSPACE>\GRID_D22_GitHub\data\real_munich\data\bohrungen_epsg25832_shp\bohrungen.shp,1729.0,7835BG007053,coordinates,outside_model_inside_legacy_buffer,info,,,,,,retain_for_conditioning,pending
raw,<LOCAL_WORKSPACE>\GRID_D22_GitHub\data\real_munich\data\bohrungen_epsg25832_shp\bohrungen.shp,1731.0,7835BG007056,coordinates,outside_model_inside_legacy_buffer,info,,,,,,retain_for_conditioning,pending
raw,<LOCAL_WORKSPACE>\GRID_D22_GitHub\data\real_munich\data\bohrungen_epsg25832_shp\bohrungen.shp,1733.0,7835BG007059,coordinates,outside_model_inside_legacy_buffer,info,,,,,,retain_for_conditioning,pending
raw,<LOCAL_WORKSPACE>\GRID_D22_GitHub\data\real_munich\data\bohrungen_epsg25832_shp\bohrungen.shp,1734.0,7835BG006473,coordinates,outside_model_inside_legacy_buffer,info,,,,,,retain_for_conditioning,pending
raw,<LOCAL_WORKSPACE>\GRID_D22_GitHub\data\real_munich\data\bohrungen_epsg25832_shp\bohrungen.shp,1735.0,7835BG006474,coordinates,outside_model_inside_legacy_buffer,info,,,,,,retain_for_conditioning,pending
raw,<LOCAL_WORKSPACE>\GRID_D22_GitHub\data\real_munich\data\bohrungen_epsg25832_shp\bohrungen.shp,1736.0,7835BG006476,coordinates,outside_model_inside_legacy_buffer,info,,,,,,retain_for_conditioning,pending
raw,<LOCAL_WORKSPACE>\GRID_D22_GitHub\data\real_munich\data\bohrungen_epsg25832_shp\bohrungen.shp,1737.0,7835BG006477,coordinates,outside_model_inside_legacy_buffer,info,,,,,,retain_for_conditioning,pending
raw,<LOCAL_WORKSPACE>\GRID_D22_GitHub\data\real_munich\data\bohrungen_epsg25832_shp\bohrungen.shp,1738.0,7835BG006478,coordinates,outside_model_inside_legacy_buffer,info,,,,,,retain_for_conditioning,pending
raw,<LOCAL_WORKSPACE>\GRID_D22_GitHub\data\real_munich\data\bohrungen_epsg25832_shp\bohrungen.shp,1739.0,7835BG006480,coordinates,outside_model_inside_legacy_buffer,info,,,,,,retain_for_conditioning,pending
raw,<LOCAL_WORKSPACE>\GRID_D22_GitHub\data\real_munich\data\bohrungen_epsg25832_shp\bohrungen.shp,1740.0,7835BG006481,coordinates,outside_model_inside_legacy_buffer,info,,,,,,retain_for_conditioning,pending
raw,<LOCAL_WORKSPACE>\GRID_D22_GitHub\data\real_munich\data\bohrungen_epsg25832_shp\bohrungen.shp,1741.0,7835BG006482,coordinates,outside_model_inside_legacy_buffer,info,,,,,,retain_for_conditioning,pending
raw,<LOCAL_WORKSPACE>\GRID_D22_GitHub\data\real_munich\data\bohrungen_epsg25832_shp\bohrungen.shp,1742.0,7835BG006484,coordinates,outside_model_inside_legacy_buffer,info,,,,,,retain_for_conditioning,pending
raw,<LOCAL_WORKSPACE>\GRID_D22_GitHub\data\real_munich\data\bohrungen_epsg25832_shp\bohrungen.shp,1743.0,7835BG006485,coordinates,outside_model_inside_legacy_buffer,info,,,,,,retain_for_conditioning,pending
raw,<LOCAL_WORKSPACE>\GRID_D22_GitHub\data\real_munich\data\bohrungen_epsg25832_shp\bohrungen.shp,1744.0,7835BG006487,coordinates,outside_model_inside_legacy_buffer,info,,,,,,retain_for_conditioning,pending
raw,<LOCAL_WORKSPACE>\GRID_D22_GitHub\data\real_munich\data\bohrungen_epsg25832_shp\bohrungen.shp,1745.0,7835BG006488,coordinates,outside_model_inside_legacy_buffer,info,,,,,,retain_for_conditioning,pending
raw,<LOCAL_WORKSPACE>\GRID_D22_GitHub\data\real_munich\data\bohrungen_epsg25832_shp\bohrungen.shp,1746.0,7835BG006489,coordinates,outside_model_inside_legacy_buffer,info,,,,,,retain_for_conditioning,pending
raw,<LOCAL_WORKSPACE>\GRID_D22_GitHub\data\real_munich\data\bohrungen_epsg25832_shp\bohrungen.shp,1747.0,7835BG006491,coordinates,outside_model_inside_legacy_buffer,info,,,,,,retain_for_conditioning,pending
raw,<LOCAL_WORKSPACE>\GRID_D22_GitHub\data\real_munich\data\bohrungen_epsg25832_shp\bohrungen.shp,1748.0,7835BG006492,coordinates,outside_model_inside_legacy_buffer,info,,,,,,retain_for_conditioning,pending
raw,<LOCAL_WORKSPACE>\GRID_D22_GitHub\data\real_munich\data\bohrungen_epsg25832_shp\bohrungen.shp,1749.0,7835BG006496,coordinates,outside_model_inside_legacy_buffer,info,,,,,,retain_for_conditioning,pending
raw,<LOCAL_WORKSPACE>\GRID_D22_GitHub\data\real_munich\data\bohrungen_epsg25832_shp\bohrungen.shp,1750.0,7835BG006606,coordinates,outside_model_inside_legacy_buffer,info,,,,,,retain_for_conditioning,pending
raw,<LOCAL_WORKSPACE>\GRID_D22_GitHub\data\real_munich\data\bohrungen_epsg25832_shp\bohrungen.shp,1751.0,7835BG007187,coordinates,outside_model_inside_legacy_buffer,info,,,,,,retain_for_conditioning,pending
raw,<LOCAL_WORKSPACE>\GRID_D22_GitHub\data\real_munich\data\bohrungen_epsg25832_shp\bohrungen.shp,1752.0,7835BG007188,coordinates,outside_model_inside_legacy_buffer,info,,,,,,retain_for_conditioning,pending
raw,<LOCAL_WORKSPACE>\GRID_D22_GitHub\data\real_munich\data\bohrungen_epsg25832_shp\bohrungen.shp,1759.0,7835BG007063,coordinates,outside_model_inside_legacy_buffer,info,,,,,,retain_for_conditioning,pending
raw,<LOCAL_WORKSPACE>\GRID_D22_GitHub\data\real_munich\data\bohrungen_epsg25832_shp\bohrungen.shp,1760.0,7835BG007064,coordinates,outside_model_inside_legacy_buffer,info,,,,,,retain_for_conditioning,pending
raw,<LOCAL_WORKSPACE>\GRID_D22_GitHub\data\real_munich\data\bohrungen_epsg25832_shp\bohrungen.shp,1761.0,7835BG007066,coordinates,outside_model_inside_legacy_buffer,info,,,,,,retain_for_conditioning,pending
raw,<LOCAL_WORKSPACE>\GRID_D22_GitHub\data\real_munich\data\bohrungen_epsg25832_shp\bohrungen.shp,1768.0,7835BG007203,coordinates,outside_model_inside_legacy_buffer,info,,,,,,retain_for_conditioning,pending
raw,<LOCAL_WORKSPACE>\GRID_D22_GitHub\data\real_munich\data\bohrungen_epsg25832_shp\bohrungen.shp,1772.0,7835BG006497,coordinates,outside_model_inside_legacy_buffer,info,,,,,,retain_for_conditioning,pending
raw,<LOCAL_WORKSPACE>\GRID_D22_GitHub\data\real_munich\data\bohrungen_epsg25832_shp\bohrungen.shp,1773.0,7835BG006499,coordinates,outside_model_inside_legacy_buffer,info,,,,,,retain_for_conditioning,pending
raw,<LOCAL_WORKSPACE>\GRID_D22_GitHub\data\real_munich\data\bohrungen_epsg25832_shp\bohrungen.shp,1774.0,7835BG006500,coordinates,outside_model_inside_legacy_buffer,info,,,,,,retain_for_conditioning,pending
raw,<LOCAL_WORKSPACE>\GRID_D22_GitHub\data\real_munich\data\bohrungen_epsg25832_shp\bohrungen.shp,1775.0,7835BG006502,coordinates,outside_model_inside_legacy_buffer,info,,,,,,retain_for_conditioning,pending
raw,<LOCAL_WORKSPACE>\GRID_D22_GitHub\data\real_munich\data\bohrungen_epsg25832_shp\bohrungen.shp,1776.0,7835BG006503,coordinates,outside_model_inside_legacy_buffer,info,,,,,,retain_for_conditioning,pending
raw,<LOCAL_WORKSPACE>\GRID_D22_GitHub\data\real_munich\data\bohrungen_epsg25832_shp\bohrungen.shp,1777.0,7835BG006504,coordinates,outside_model_inside_legacy_buffer,info,,,,,,retain_for_conditioning,pending
raw,<LOCAL_WORKSPACE>\GRID_D22_GitHub\data\real_munich\data\bohrungen_epsg25832_shp\bohrungen.shp,1778.0,7835BG006506,coordinates,outside_model_inside_legacy_buffer,info,,,,,,retain_for_conditioning,pending
raw,<LOCAL_WORKSPACE>\GRID_D22_GitHub\data\real_munich\data\bohrungen_epsg25832_shp\bohrungen.shp,1779.0,7835BG006507,coordinates,outside_model_inside_legacy_buffer,info,,,,,,retain_for_conditioning,pending
raw,<LOCAL_WORKSPACE>\GRID_D22_GitHub\data\real_munich\data\bohrungen_epsg25832_shp\bohrungen.shp,1780.0,7835BG006508,coordinates,outside_model_inside_legacy_buffer,info,,,,,,retain_for_conditioning,pending
raw,<LOCAL_WORKSPACE>\GRID_D22_GitHub\data\real_munich\data\bohrungen_epsg25832_shp\bohrungen.shp,1781.0,7835BG006510,coordinates,outside_model_inside_legacy_buffer,info,,,,,,retain_for_conditioning,pending
raw,<LOCAL_WORKSPACE>\GRID_D22_GitHub\data\real_munich\data\bohrungen_epsg25832_shp\bohrungen.shp,1782.0,7835BG006511,coordinates,outside_model_inside_legacy_buffer,info,,,,,,retain_for_conditioning,pending
raw,<LOCAL_WORKSPACE>\GRID_D22_GitHub\data\real_munich\data\bohrungen_epsg25832_shp\bohrungen.shp,1783.0,7835BG006512,coordinates,outside_model_inside_legacy_buffer,info,,,,,,retain_for_conditioning,pending
raw,<LOCAL_WORKSPACE>\GRID_D22_GitHub\data\real_munich\data\bohrungen_epsg25832_shp\bohrungen.shp,1784.0,7835BG006514,coordinates,outside_model_inside_legacy_buffer,info,,,,,,retain_for_conditioning,pending
raw,<LOCAL_WORKSPACE>\GRID_D22_GitHub\data\real_munich\data\bohrungen_epsg25832_shp\bohrungen.shp,1785.0,7835BG006515,coordinates,outside_model_inside_legacy_buffer,info,,,,,,retain_for_conditioning,pending
raw,<LOCAL_WORKSPACE>\GRID_D22_GitHub\data\real_munich\data\bohrungen_epsg25832_shp\bohrungen.shp,1786.0,7835BG006517,coordinates,outside_model_inside_legacy_buffer,info,,,,,,retain_for_conditioning,pending
raw,<LOCAL_WORKSPACE>\GRID_D22_GitHub\data\real_munich\data\bohrungen_epsg25832_shp\bohrungen.shp,1787.0,7835BG006518,coordinates,outside_model_inside_legacy_buffer,info,,,,,,retain_for_conditioning,pending
raw,<LOCAL_WORKSPACE>\GRID_D22_GitHub\data\real_munich\data\bohrungen_epsg25832_shp\bohrungen.shp,1788.0,7835BG006519,coordinates,outside_model_inside_legacy_buffer,info,,,,,,retain_for_conditioning,pending
raw,<LOCAL_WORKSPACE>\GRID_D22_GitHub\data\real_munich\data\bohrungen_epsg25832_shp\bohrungen.shp,1789.0,7835BG006521,coordinates,outside_model_inside_legacy_buffer,info,,,,,,retain_for_conditioning,pending
raw,<LOCAL_WORKSPACE>\GRID_D22_GitHub\data\real_munich\data\bohrungen_epsg25832_shp\bohrungen.shp,1790.0,7835BG006522,coordinates,outside_model_inside_legacy_buffer,info,,,,,,retain_for_conditioning,pending
raw,<LOCAL_WORKSPACE>\GRID_D22_GitHub\data\real_munich\data\bohrungen_epsg25832_shp\bohrungen.shp,1791.0,7835BG006523,coordinates,outside_model_inside_legacy_buffer,info,,,,,,retain_for_conditioning,pending
raw,<LOCAL_WORKSPACE>\GRID_D22_GitHub\data\real_munich\data\bohrungen_epsg25832_shp\bohrungen.shp,1792.0,7835BG006525,coordinates,outside_model_inside_legacy_buffer,info,,,,,,retain_for_conditioning,pending
raw,<LOCAL_WORKSPACE>\GRID_D22_GitHub\data\real_munich\data\bohrungen_epsg25832_shp\bohrungen.shp,1793.0,7835BG006526,coordinates,outside_model_inside_legacy_buffer,info,,,,,,retain_for_conditioning,pending
raw,<LOCAL_WORKSPACE>\GRID_D22_GitHub\data\real_munich\data\bohrungen_epsg25832_shp\bohrungen.shp,1794.0,7835BG006527,coordinates,outside_model_inside_legacy_buffer,info,,,,,,retain_for_conditioning,pending
raw,<LOCAL_WORKSPACE>\GRID_D22_GitHub\data\real_munich\data\bohrungen_epsg25832_shp\bohrungen.shp,1795.0,7835BG006529,coordinates,outside_model_inside_legacy_buffer,info,,,,,,retain_for_conditioning,pending
raw,<LOCAL_WORKSPACE>\GRID_D22_GitHub\data\real_munich\data\bohrungen_epsg25832_shp\bohrungen.shp,1796.0,7835BG006530,coordinates,outside_model_inside_legacy_buffer,info,,,,,,retain_for_conditioning,pending
raw,<LOCAL_WORKSPACE>\GRID_D22_GitHub\data\real_munich\data\bohrungen_epsg25832_shp\bohrungen.shp,1797.0,7835BG006532,coordinates,outside_model_inside_legacy_buffer,info,,,,,,retain_for_conditioning,pending
raw,<LOCAL_WORKSPACE>\GRID_D22_GitHub\data\real_munich\data\bohrungen_epsg25832_shp\bohrungen.shp,1798.0,7835BG006533,coordinates,outside_model_inside_legacy_buffer,info,,,,,,retain_for_conditioning,pending
raw,<LOCAL_WORKSPACE>\GRID_D22_GitHub\data\real_munich\data\bohrungen_epsg25832_shp\bohrungen.shp,1799.0,7835BG006534,coordinates,outside_model_inside_legacy_buffer,info,,,,,,retain_for_conditioning,pending
raw,<LOCAL_WORKSPACE>\GRID_D22_GitHub\data\real_munich\data\bohrungen_epsg25832_shp\bohrungen.shp,1800.0,7835BG006536,coordinates,outside_model_inside_legacy_buffer,info,,,,,,retain_for_conditioning,pending
raw,<LOCAL_WORKSPACE>\GRID_D22_GitHub\data\real_munich\data\bohrungen_epsg25832_shp\bohrungen.shp,1801.0,7835BG006537,coordinates,outside_model_inside_legacy_buffer,info,,,,,,retain_for_conditioning,pending
raw,<LOCAL_WORKSPACE>\GRID_D22_GitHub\data\real_munich\data\bohrungen_epsg25832_shp\bohrungen.shp,1802.0,7835BG006538,coordinates,outside_model_inside_legacy_buffer,info,,,,,,retain_for_conditioning,pending
raw,<LOCAL_WORKSPACE>\GRID_D22_GitHub\data\real_munich\data\bohrungen_epsg25832_shp\bohrungen.shp,1803.0,7835BG006540,coordinates,outside_model_inside_legacy_buffer,info,,,,,,retain_for_conditioning,pending
raw,<LOCAL_WORKSPACE>\GRID_D22_GitHub\data\real_munich\data\bohrungen_epsg25832_shp\bohrungen.shp,1804.0,7835BG006541,coordinates,outside_model_inside_legacy_buffer,info,,,,,,retain_for_conditioning,pending
raw,<LOCAL_WORKSPACE>\GRID_D22_GitHub\data\real_munich\data\bohrungen_epsg25832_shp\bohrungen.shp,1805.0,7835BG006542,coordinates,outside_model_inside_legacy_buffer,info,,,,,,retain_for_conditioning,pending
raw,<LOCAL_WORKSPACE>\GRID_D22_GitHub\data\real_munich\data\bohrungen_epsg25832_shp\bohrungen.shp,1806.0,7835BG006544,coordinates,outside_model_inside_legacy_buffer,info,,,,,,retain_for_conditioning,pending
raw,<LOCAL_WORKSPACE>\GRID_D22_GitHub\data\real_munich\data\bohrungen_epsg25832_shp\bohrungen.shp,1807.0,7835BG006545,coordinates,outside_model_inside_legacy_buffer,info,,,,,,retain_for_conditioning,pending
raw,<LOCAL_WORKSPACE>\GRID_D22_GitHub\data\real_munich\data\bohrungen_epsg25832_shp\bohrungen.shp,1808.0,7835BG006547,coordinates,outside_model_inside_legacy_buffer,info,,,,,,retain_for_conditioning,pending
raw,<LOCAL_WORKSPACE>\GRID_D22_GitHub\data\real_munich\data\bohrungen_epsg25832_shp\bohrungen.shp,1809.0,7835BG006548,coordinates,outside_model_inside_legacy_buffer,info,,,,,,retain_for_conditioning,pending
raw,<LOCAL_WORKSPACE>\GRID_D22_GitHub\data\real_munich\data\bohrungen_epsg25832_shp\bohrungen.shp,1810.0,7835BG006549,coordinates,outside_model_inside_legacy_buffer,info,,,,,,retain_for_conditioning,pending
raw,<LOCAL_WORKSPACE>\GRID_D22_GitHub\data\real_munich\data\bohrungen_epsg25832_shp\bohrungen.shp,1811.0,7835BG006551,coordinates,outside_model_inside_legacy_buffer,info,,,,,,retain_for_conditioning,pending
raw,<LOCAL_WORKSPACE>\GRID_D22_GitHub\data\real_munich\data\bohrungen_epsg25832_shp\bohrungen.shp,1812.0,7835BG006552,coordinates,outside_model_inside_legacy_buffer,info,,,,,,retain_for_conditioning,pending
raw,<LOCAL_WORKSPACE>\GRID_D22_GitHub\data\real_munich\data\bohrungen_epsg25832_shp\bohrungen.shp,1813.0,7835BG006553,coordinates,outside_model_inside_legacy_buffer,info,,,,,,retain_for_conditioning,pending
raw,<LOCAL_WORKSPACE>\GRID_D22_GitHub\data\real_munich\data\bohrungen_epsg25832_shp\bohrungen.shp,1814.0,7835BG006555,coordinates,outside_model_inside_legacy_buffer,info,,,,,,retain_for_conditioning,pending
raw,<LOCAL_WORKSPACE>\GRID_D22_GitHub\data\real_munich\data\bohrungen_epsg25832_shp\bohrungen.shp,1815.0,7835BG006556,coordinates,outside_model_inside_legacy_buffer,info,,,,,,retain_for_conditioning,pending
raw,<LOCAL_WORKSPACE>\GRID_D22_GitHub\data\real_munich\data\bohrungen_epsg25832_shp\bohrungen.shp,1820.0,7835BG006999,coordinates,outside_model_inside_legacy_buffer,info,,,,,,retain_for_conditioning,pending
raw,<LOCAL_WORKSPACE>\GRID_D22_GitHub\data\real_munich\data\bohrungen_epsg25832_shp\bohrungen.shp,1821.0,7835BG007000,coordinates,outside_model_inside_legacy_buffer,info,,,,,,retain_for_conditioning,pending
raw,<LOCAL_WORKSPACE>\GRID_D22_GitHub\data\real_munich\data\bohrungen_epsg25832_shp\bohrungen.shp,1823.0,7835BG007003,coordinates,outside_model_inside_legacy_buffer,info,,,,,,retain_for_conditioning,pending
raw,<LOCAL_WORKSPACE>\GRID_D22_GitHub\data\real_munich\data\bohrungen_epsg25832_shp\bohrungen.shp,1829.0,7835BG007139,coordinates,outside_model_inside_legacy_buffer,info,,,,,,retain_for_conditioning,pending
raw,<LOCAL_WORKSPACE>\GRID_D22_GitHub\data\real_munich\data\bohrungen_epsg25832_shp\bohrungen.shp,1830.0,7835BG007140,coordinates,outside_model_inside_legacy_buffer,info,,,,,,retain_for_conditioning,pending
raw,<LOCAL_WORKSPACE>\GRID_D22_GitHub\data\real_munich\data\bohrungen_epsg25832_shp\bohrungen.shp,1831.0,7835BG007145,coordinates,outside_model_inside_legacy_buffer,info,,,,,,retain_for_conditioning,pending
raw,<LOCAL_WORKSPACE>\GRID_D22_GitHub\data\real_munich\data\bohrungen_epsg25832_shp\bohrungen.shp,1832.0,7835BG007146,coordinates,outside_model_inside_legacy_buffer,info,,,,,,retain_for_conditioning,pending
raw,<LOCAL_WORKSPACE>\GRID_D22_GitHub\data\real_munich\data\bohrungen_epsg25832_shp\bohrungen.shp,1833.0,7835BG007148,coordinates,outside_model_inside_legacy_buffer,info,,,,,,retain_for_conditioning,pending
raw,<LOCAL_WORKSPACE>\GRID_D22_GitHub\data\real_munich\data\bohrungen_epsg25832_shp\bohrungen.shp,1834.0,7835BG007149,coordinates,outside_model_inside_legacy_buffer,info,,,,,,retain_for_conditioning,pending
raw,<LOCAL_WORKSPACE>\GRID_D22_GitHub\data\real_munich\data\bohrungen_epsg25832_shp\bohrungen.shp,1835.0,7835BG007151,coordinates,outside_model_inside_legacy_buffer,info,,,,,,retain_for_conditioning,pending
raw,<LOCAL_WORKSPACE>\GRID_D22_GitHub\data\real_munich\data\bohrungen_epsg25832_shp\bohrungen.shp,1841.0,7835BG006557,coordinates,outside_model_inside_legacy_buffer,info,,,,,,retain_for_conditioning,pending
raw,<LOCAL_WORKSPACE>\GRID_D22_GitHub\data\real_munich\data\bohrungen_epsg25832_shp\bohrungen.shp,1842.0,7835BG006562,coordinates,outside_model_inside_legacy_buffer,info,,,,,,retain_for_conditioning,pending
raw,<LOCAL_WORKSPACE>\GRID_D22_GitHub\data\real_munich\data\bohrungen_epsg25832_shp\bohrungen.shp,1843.0,7835BG006563,coordinates,outside_model_inside_legacy_buffer,info,,,,,,retain_for_conditioning,pending
raw,<LOCAL_WORKSPACE>\GRID_D22_GitHub\data\real_munich\data\bohrungen_epsg25832_shp\bohrungen.shp,1844.0,7835BG006565,coordinates,outside_model_inside_legacy_buffer,info,,,,,,retain_for_conditioning,pending
raw,<LOCAL_WORKSPACE>\GRID_D22_GitHub\data\real_munich\data\bohrungen_epsg25832_shp\bohrungen.shp,1845.0,7835BG006566,coordinates,outside_model_inside_legacy_buffer,info,,,,,,retain_for_conditioning,pending
raw,<LOCAL_WORKSPACE>\GRID_D22_GitHub\data\real_munich\data\bohrungen_epsg25832_shp\bohrungen.shp,1846.0,7835BG006567,coordinates,outside_model_inside_legacy_buffer,info,,,,,,retain_for_conditioning,pending
raw,<LOCAL_WORKSPACE>\GRID_D22_GitHub\data\real_munich\data\bohrungen_epsg25832_shp\bohrungen.shp,1847.0,7835BG006569,coordinates,outside_model_inside_legacy_buffer,info,,,,,,retain_for_conditioning,pending
raw,<LOCAL_WORKSPACE>\GRID_D22_GitHub\data\real_munich\data\bohrungen_epsg25832_shp\bohrungen.shp,1848.0,7835BG006458,coordinates,outside_model_inside_legacy_buffer,info,,,,,,retain_for_conditioning,pending
raw,<LOCAL_WORKSPACE>\GRID_D22_GitHub\data\real_munich\data\bohrungen_epsg25832_shp\bohrungen.shp,1849.0,7835BG006459,coordinates,outside_model_inside_legacy_buffer,info,,,,,,retain_for_conditioning,pending
raw,<LOCAL_WORKSPACE>\GRID_D22_GitHub\data\real_munich\data\bohrungen_epsg25832_shp\bohrungen.shp,1850.0,7835BG006461,coordinates,outside_model_inside_legacy_buffer,info,,,,,,retain_for_conditioning,pending
raw,<LOCAL_WORKSPACE>\GRID_D22_GitHub\data\real_munich\data\bohrungen_epsg25832_shp\bohrungen.shp,1851.0,7835BG006462,coordinates,outside_model_inside_legacy_buffer,info,,,,,,retain_for_conditioning,pending
raw,<LOCAL_WORKSPACE>\GRID_D22_GitHub\data\real_munich\data\bohrungen_epsg25832_shp\bohrungen.shp,1852.0,7835BG006463,coordinates,outside_model_inside_legacy_buffer,info,,,,,,retain_for_conditioning,pending
raw,<LOCAL_WORKSPACE>\GRID_D22_GitHub\data\real_munich\data\bohrungen_epsg25832_shp\bohrungen.shp,1853.0,7835BG006570,coordinates,outside_model_inside_legacy_buffer,info,,,,,,retain_for_conditioning,pending
raw,<LOCAL_WORKSPACE>\GRID_D22_GitHub\data\real_munich\data\bohrungen_epsg25832_shp\bohrungen.shp,1854.0,7835BG006572,coordinates,outside_model_inside_legacy_buffer,info,,,,,,retain_for_conditioning,pending
raw,<LOCAL_WORKSPACE>\GRID_D22_GitHub\data\real_munich\data\bohrungen_epsg25832_shp\bohrungen.shp,1855.0,7835BG006573,coordinates,outside_model_inside_legacy_buffer,info,,,,,,retain_for_conditioning,pending
raw,<LOCAL_WORKSPACE>\GRID_D22_GitHub\data\real_munich\data\bohrungen_epsg25832_shp\bohrungen.shp,1856.0,7835BG006574,coordinates,outside_model_inside_legacy_buffer,info,,,,,,retain_for_conditioning,pending
raw,<LOCAL_WORKSPACE>\GRID_D22_GitHub\data\real_munich\data\bohrungen_epsg25832_shp\bohrungen.shp,1857.0,7835BG006576,coordinates,outside_model_inside_legacy_buffer,info,,,,,,retain_for_conditioning,pending
raw,<LOCAL_WORKSPACE>\GRID_D22_GitHub\data\real_munich\data\bohrungen_epsg25832_shp\bohrungen.shp,1858.0,7835BG006577,coordinates,outside_model_inside_legacy_buffer,info,,,,,,retain_for_conditioning,pending
raw,<LOCAL_WORKSPACE>\GRID_D22_GitHub\data\real_munich\data\bohrungen_epsg25832_shp\bohrungen.shp,1859.0,7835BG006578,coordinates,outside_model_inside_legacy_buffer,info,,,,,,retain_for_conditioning,pending
raw,<LOCAL_WORKSPACE>\GRID_D22_GitHub\data\real_munich\data\bohrungen_epsg25832_shp\bohrungen.shp,1860.0,7835BG006580,coordinates,outside_model_inside_legacy_buffer,info,,,,,,retain_for_conditioning,pending
raw,<LOCAL_WORKSPACE>\GRID_D22_GitHub\data\real_munich\data\bohrungen_epsg25832_shp\bohrungen.shp,1861.0,7835BG006581,coordinates,outside_model_inside_legacy_buffer,info,,,,,,retain_for_conditioning,pending
raw,<LOCAL_WORKSPACE>\GRID_D22_GitHub\data\real_munich\data\bohrungen_epsg25832_shp\bohrungen.shp,1862.0,7835BG006583,coordinates,outside_model_inside_legacy_buffer,info,,,,,,retain_for_conditioning,pending
raw,<LOCAL_WORKSPACE>\GRID_D22_GitHub\data\real_munich\data\bohrungen_epsg25832_shp\bohrungen.shp,1863.0,7835BG006584,coordinates,outside_model_inside_legacy_buffer,info,,,,,,retain_for_conditioning,pending
raw,<LOCAL_WORKSPACE>\GRID_D22_GitHub\data\real_munich\data\bohrungen_epsg25832_shp\bohrungen.shp,1864.0,7835BG006585,coordinates,outside_model_inside_legacy_buffer,info,,,,,,retain_for_conditioning,pending
raw,<LOCAL_WORKSPACE>\GRID_D22_GitHub\data\real_munich\data\bohrungen_epsg25832_shp\bohrungen.shp,1865.0,7835BG006587,coordinates,outside_model_inside_legacy_buffer,info,,,,,,retain_for_conditioning,pending
raw,<LOCAL_WORKSPACE>\GRID_D22_GitHub\data\real_munich\data\bohrungen_epsg25832_shp\bohrungen.shp,1866.0,7835BG006588,coordinates,outside_model_inside_legacy_buffer,info,,,,,,retain_for_conditioning,pending
raw,<LOCAL_WORKSPACE>\GRID_D22_GitHub\data\real_munich\data\bohrungen_epsg25832_shp\bohrungen.shp,1867.0,7835BG006589,coordinates,outside_model_inside_legacy_buffer,info,,,,,,retain_for_conditioning,pending
raw,<LOCAL_WORKSPACE>\GRID_D22_GitHub\data\real_munich\data\bohrungen_epsg25832_shp\bohrungen.shp,1868.0,7835BG007004,coordinates,outside_model_inside_legacy_buffer,info,,,,,,retain_for_conditioning,pending
raw,<LOCAL_WORKSPACE>\GRID_D22_GitHub\data\real_munich\data\bohrungen_epsg25832_shp\bohrungen.shp,1869.0,7835BG007006,coordinates,outside_model_inside_legacy_buffer,info,,,,,,retain_for_conditioning,pending
raw,<LOCAL_WORKSPACE>\GRID_D22_GitHub\data\real_munich\data\bohrungen_epsg25832_shp\bohrungen.shp,1873.0,7835BG007011,coordinates,outside_model_inside_legacy_buffer,info,,,,,,retain_for_conditioning,pending
raw,<LOCAL_WORKSPACE>\GRID_D22_GitHub\data\real_munich\data\bohrungen_epsg25832_shp\bohrungen.shp,1874.0,7835BG007012,coordinates,outside_model_inside_legacy_buffer,info,,,,,,retain_for_conditioning,pending
raw,<LOCAL_WORKSPACE>\GRID_D22_GitHub\data\real_munich\data\bohrungen_epsg25832_shp\bohrungen.shp,1875.0,7835BG007014,coordinates,outside_model_inside_legacy_buffer,info,,,,,,retain_for_conditioning,pending
raw,<LOCAL_WORKSPACE>\GRID_D22_GitHub\data\real_munich\data\bohrungen_epsg25832_shp\bohrungen.shp,1876.0,7835BG007015,coordinates,outside_model_inside_legacy_buffer,info,,,,,,retain_for_conditioning,pending
raw,<LOCAL_WORKSPACE>\GRID_D22_GitHub\data\real_munich\data\bohrungen_epsg25832_shp\bohrungen.shp,1881.0,7835BG007025,coordinates,outside_model_inside_legacy_buffer,info,,,,,,retain_for_conditioning,pending
raw,<LOCAL_WORKSPACE>\GRID_D22_GitHub\data\real_munich\data\bohrungen_epsg25832_shp\bohrungen.shp,1882.0,7835BG007026,coordinates,outside_model_inside_legacy_buffer,info,,,,,,retain_for_conditioning,pending
raw,<LOCAL_WORKSPACE>\GRID_D22_GitHub\data\real_munich\data\bohrungen_epsg25832_shp\bohrungen.shp,1883.0,7835BG007027,coordinates,outside_model_inside_legacy_buffer,info,,,,,,retain_for_conditioning,pending
raw,<LOCAL_WORKSPACE>\GRID_D22_GitHub\data\real_munich\data\bohrungen_epsg25832_shp\bohrungen.shp,1885.0,7835BG007532,coordinates,outside_model_inside_legacy_buffer,info,,,,,,retain_for_conditioning,pending
raw,<LOCAL_WORKSPACE>\GRID_D22_GitHub\data\real_munich\data\bohrungen_epsg25832_shp\bohrungen.shp,1886.0,7835BG007067,coordinates,outside_model_inside_legacy_buffer,info,,,,,,retain_for_conditioning,pending
raw,<LOCAL_WORKSPACE>\GRID_D22_GitHub\data\real_munich\data\bohrungen_epsg25832_shp\bohrungen.shp,1887.0,7835BG007068,coordinates,outside_model_inside_legacy_buffer,info,,,,,,retain_for_conditioning,pending
raw,<LOCAL_WORKSPACE>\GRID_D22_GitHub\data\real_munich\data\bohrungen_epsg25832_shp\bohrungen.shp,1890.0,7835BG007078,coordinates,outside_model_inside_legacy_buffer,info,,,,,,retain_for_conditioning,pending
raw,<LOCAL_WORKSPACE>\GRID_D22_GitHub\data\real_munich\data\bohrungen_epsg25832_shp\bohrungen.shp,1891.0,7835BG007079,coordinates,outside_model_inside_legacy_buffer,info,,,,,,retain_for_conditioning,pending
raw,<LOCAL_WORKSPACE>\GRID_D22_GitHub\data\real_munich\data\bohrungen_epsg25832_shp\bohrungen.shp,1892.0,7835BG007083,coordinates,outside_model_inside_legacy_buffer,info,,,,,,retain_for_conditioning,pending
raw,<LOCAL_WORKSPACE>\GRID_D22_GitHub\data\real_munich\data\bohrungen_epsg25832_shp\bohrungen.shp,1924.0,7835BG007514,coordinates,outside_model_inside_legacy_buffer,info,,,,,,retain_for_conditioning,pending
raw,<LOCAL_WORKSPACE>\GRID_D22_GitHub\data\real_munich\data\bohrungen_epsg25832_shp\bohrungen.shp,1925.0,7835BG007516,coordinates,outside_model_inside_legacy_buffer,info,,,,,,retain_for_conditioning,pending
raw,<LOCAL_WORKSPACE>\GRID_D22_GitHub\data\real_munich\data\bohrungen_epsg25832_shp\bohrungen.shp,1926.0,7835BG007517,coordinates,outside_model_inside_legacy_buffer,info,,,,,,retain_for_conditioning,pending
raw,<LOCAL_WORKSPACE>\GRID_D22_GitHub\data\real_munich\data\bohrungen_epsg25832_shp\bohrungen.shp,1927.0,7835BG007518,coordinates,outside_model_inside_legacy_buffer,info,,,,,,retain_for_conditioning,pending
raw,<LOCAL_WORKSPACE>\GRID_D22_GitHub\data\real_munich\data\bohrungen_epsg25832_shp\bohrungen.shp,1929.0,7835BG007525,coordinates,outside_model_inside_legacy_buffer,info,,,,,,retain_for_conditioning,pending
raw,<LOCAL_WORKSPACE>\GRID_D22_GitHub\data\real_munich\data\bohrungen_epsg25832_shp\bohrungen.shp,1930.0,7835BG007531,coordinates,outside_model_inside_legacy_buffer,info,,,,,,retain_for_conditioning,pending
raw,<LOCAL_WORKSPACE>\GRID_D22_GitHub\data\real_munich\data\bohrungen_epsg25832_shp\bohrungen.shp,1932.0,7835BG004098,coordinates,outside_model_inside_legacy_buffer,info,,,,,,retain_for_conditioning,pending
raw,<LOCAL_WORKSPACE>\GRID_D22_GitHub\data\real_munich\data\bohrungen_epsg25832_shp\bohrungen.shp,1933.0,7835BG007080,coordinates,outside_model_inside_legacy_buffer,info,,,,,,retain_for_conditioning,pending
raw,<LOCAL_WORKSPACE>\GRID_D22_GitHub\data\real_munich\data\bohrungen_epsg25832_shp\bohrungen.shp,1934.0,7835BG006543,coordinates,outside_model_inside_legacy_buffer,info,,,,,,retain_for_conditioning,pending
raw,<LOCAL_WORKSPACE>\GRID_D22_GitHub\data\real_munich\data\bohrungen_epsg25832_shp\bohrungen.shp,1935.0,7835BG007526,coordinates,outside_model_inside_legacy_buffer,info,,,,,,retain_for_conditioning,pending
raw,<LOCAL_WORKSPACE>\GRID_D22_GitHub\data\real_munich\data\bohrungen_epsg25832_shp\bohrungen.shp,1937.0,7835BG007546,coordinates,outside_model_inside_legacy_buffer,info,,,,,,retain_for_conditioning,pending
raw,<LOCAL_WORKSPACE>\GRID_D22_GitHub\data\real_munich\data\bohrungen_epsg25832_shp\bohrungen.shp,1938.0,7835BG007540,coordinates,outside_model_inside_legacy_buffer,info,,,,,,retain_for_conditioning,pending
raw,<LOCAL_WORKSPACE>\GRID_D22_GitHub\data\real_munich\data\bohrungen_epsg25832_shp\bohrungen.shp,1940.0,7835BG015973,coordinates,outside_model_inside_legacy_buffer,info,,,,,,retain_for_conditioning,pending
raw,<LOCAL_WORKSPACE>\GRID_D22_GitHub\data\real_munich\data\bohrungen_epsg25832_shp\bohrungen.shp,1941.0,7835BG015109,coordinates,outside_model_inside_legacy_buffer,info,,,,,,retain_for_conditioning,pending
raw,<LOCAL_WORKSPACE>\GRID_D22_GitHub\data\real_munich\data\bohrungen_epsg25832_shp\bohrungen.shp,1943.0,7835BG015125,coordinates,outside_model_inside_legacy_buffer,info,,,,,,retain_for_conditioning,pending
raw,<LOCAL_WORKSPACE>\GRID_D22_GitHub\data\real_munich\data\bohrungen_epsg25832_shp\bohrungen.shp,1945.0,7835BG015164,coordinates,outside_model_inside_legacy_buffer,info,,,,,,retain_for_conditioning,pending
raw,<LOCAL_WORKSPACE>\GRID_D22_GitHub\data\real_munich\data\bohrungen_epsg25832_shp\bohrungen.shp,1946.0,7835BG015024,coordinates,outside_model_inside_legacy_buffer,info,,,,,,retain_for_conditioning,pending
raw,<LOCAL_WORKSPACE>\GRID_D22_GitHub\data\real_munich\data\bohrungen_epsg25832_shp\bohrungen.shp,1948.0,7835BG015393,coordinates,outside_model_inside_legacy_buffer,info,,,,,,retain_for_conditioning,pending
raw,<LOCAL_WORKSPACE>\GRID_D22_GitHub\data\real_munich\data\bohrungen_epsg25832_shp\bohrungen.shp,1949.0,7835BG015124,coordinates,outside_model_inside_legacy_buffer,info,,,,,,retain_for_conditioning,pending
raw,<LOCAL_WORKSPACE>\GRID_D22_GitHub\data\real_munich\data\bohrungen_epsg25832_shp\bohrungen.shp,1950.0,7835BG015243,coordinates,outside_model_inside_legacy_buffer,info,,,,,,retain_for_conditioning,pending
raw,<LOCAL_WORKSPACE>\GRID_D22_GitHub\data\real_munich\data\bohrungen_epsg25832_shp\bohrungen.shp,1952.0,7835BG015231,coordinates,outside_model_inside_legacy_buffer,info,,,,,,retain_for_conditioning,pending
raw,<LOCAL_WORKSPACE>\GRID_D22_GitHub\data\real_munich\data\bohrungen_epsg25832_shp\bohrungen.shp,1953.0,7835BG016889,coordinates,outside_model_inside_legacy_buffer,info,,,,,,retain_for_conditioning,pending
raw,<LOCAL_WORKSPACE>\GRID_D22_GitHub\data\real_munich\data\bohrungen_epsg25832_shp\bohrungen.shp,1954.0,7835BG015551,coordinates,outside_model_inside_legacy_buffer,info,,,,,,retain_for_conditioning,pending
raw,<LOCAL_WORKSPACE>\GRID_D22_GitHub\data\real_munich\data\bohrungen_epsg25832_shp\bohrungen.shp,1955.0,7835BG015462,coordinates,outside_model_inside_legacy_buffer,info,,,,,,retain_for_conditioning,pending
raw,<LOCAL_WORKSPACE>\GRID_D22_GitHub\data\real_munich\data\bohrungen_epsg25832_shp\bohrungen.shp,1956.0,7835BG015588,coordinates,outside_model_inside_legacy_buffer,info,,,,,,retain_for_conditioning,pending
raw,<LOCAL_WORKSPACE>\GRID_D22_GitHub\data\real_munich\data\bohrungen_epsg25832_shp\bohrungen.shp,1957.0,7835BG015574,coordinates,outside_model_inside_legacy_buffer,info,,,,,,retain_for_conditioning,pending
raw,<LOCAL_WORKSPACE>\GRID_D22_GitHub\data\real_munich\data\bohrungen_epsg25832_shp\bohrungen.shp,1958.0,7835BG015575,coordinates,outside_model_inside_legacy_buffer,info,,,,,,retain_for_conditioning,pending
raw,<LOCAL_WORKSPACE>\GRID_D22_GitHub\data\real_munich\data\bohrungen_epsg25832_shp\bohrungen.shp,1959.0,7835BG015576,coordinates,outside_model_inside_legacy_buffer,info,,,,,,retain_for_conditioning,pending
raw,<LOCAL_WORKSPACE>\GRID_D22_GitHub\data\real_munich\data\bohrungen_epsg25832_shp\bohrungen.shp,1960.0,7835BG015573,coordinates,outside_model_inside_legacy_buffer,info,,,,,,retain_for_conditioning,pending
raw,<LOCAL_WORKSPACE>\GRID_D22_GitHub\data\real_munich\data\bohrungen_epsg25832_shp\bohrungen.shp,1962.0,7835BG015585,coordinates,outside_model_inside_legacy_buffer,info,,,,,,retain_for_conditioning,pending
raw,<LOCAL_WORKSPACE>\GRID_D22_GitHub\data\real_munich\data\bohrungen_epsg25832_shp\bohrungen.shp,1963.0,7835BG015578,coordinates,outside_model_inside_legacy_buffer,info,,,,,,retain_for_conditioning,pending
raw,<LOCAL_WORKSPACE>\GRID_D22_GitHub\data\real_munich\data\bohrungen_epsg25832_shp\bohrungen.shp,1965.0,7835BG015584,coordinates,outside_model_inside_legacy_buffer,info,,,,,,retain_for_conditioning,pending
raw,<LOCAL_WORKSPACE>\GRID_D22_GitHub\data\real_munich\data\bohrungen_epsg25832_shp\bohrungen.shp,1967.0,7835BG015586,coordinates,outside_model_inside_legacy_buffer,info,,,,,,retain_for_conditioning,pending
raw,<LOCAL_WORKSPACE>\GRID_D22_GitHub\data\real_munich\data\bohrungen_epsg25832_shp\bohrungen.shp,1968.0,7835BG015587,coordinates,outside_model_inside_legacy_buffer,info,,,,,,retain_for_conditioning,pending
raw,<LOCAL_WORKSPACE>\GRID_D22_GitHub\data\real_munich\data\bohrungen_epsg25832_shp\bohrungen.shp,1971.0,7835BG015580,coordinates,outside_model_inside_legacy_buffer,info,,,,,,retain_for_conditioning,pending
raw,<LOCAL_WORKSPACE>\GRID_D22_GitHub\data\real_munich\data\bohrungen_epsg25832_shp\bohrungen.shp,1973.0,7835BG015499,coordinates,outside_model_inside_legacy_buffer,info,,,,,,retain_for_conditioning,pending
raw,<LOCAL_WORKSPACE>\GRID_D22_GitHub\data\real_munich\data\bohrungen_epsg25832_shp\bohrungen.shp,1974.0,7835BG015581,coordinates,outside_model_inside_legacy_buffer,info,,,,,,retain_for_conditioning,pending
raw,<LOCAL_WORKSPACE>\GRID_D22_GitHub\data\real_munich\data\bohrungen_epsg25832_shp\bohrungen.shp,1975.0,7835BG015577,coordinates,outside_model_inside_legacy_buffer,info,,,,,,retain_for_conditioning,pending
raw,<LOCAL_WORKSPACE>\GRID_D22_GitHub\data\real_munich\data\bohrungen_epsg25832_shp\bohrungen.shp,1976.0,7835BG015582,coordinates,outside_model_inside_legacy_buffer,info,,,,,,retain_for_conditioning,pending
raw,<LOCAL_WORKSPACE>\GRID_D22_GitHub\data\real_munich\data\bohrungen_epsg25832_shp\bohrungen.shp,1978.0,7835BG015583,coordinates,outside_model_inside_legacy_buffer,info,,,,,,retain_for_conditioning,pending
raw,<LOCAL_WORKSPACE>\GRID_D22_GitHub\data\real_munich\data\bohrungen_epsg25832_shp\bohrungen.shp,1979.0,7835BG015976,coordinates,outside_model_inside_legacy_buffer,info,,,,,,retain_for_conditioning,pending
raw,<LOCAL_WORKSPACE>\GRID_D22_GitHub\data\real_munich\data\bohrungen_epsg25832_shp\bohrungen.shp,1980.0,7835BG008624,coordinates,outside_model_inside_legacy_buffer,info,,,,,,retain_for_conditioning,pending
raw,<LOCAL_WORKSPACE>\GRID_D22_GitHub\data\real_munich\data\bohrungen_epsg25832_shp\bohrungen.shp,1981.0,7835BG017003,coordinates,outside_model_inside_legacy_buffer,info,,,,,,retain_for_conditioning,pending
raw,<LOCAL_WORKSPACE>\GRID_D22_GitHub\data\real_munich\data\bohrungen_epsg25832_shp\bohrungen.shp,1984.0,7835BG015579,coordinates,outside_model_inside_legacy_buffer,info,,,,,,retain_for_conditioning,pending
raw,<LOCAL_WORKSPACE>\GRID_D22_GitHub\data\real_munich\data\bohrungen_epsg25832_shp\bohrungen.shp,1985.0,7835BG015552,coordinates,outside_model_inside_legacy_buffer,info,,,,,,retain_for_conditioning,pending
raw,<LOCAL_WORKSPACE>\GRID_D22_GitHub\data\real_munich\data\bohrungen_epsg25832_shp\bohrungen.shp,1986.0,7835BG016940,coordinates,outside_model_inside_legacy_buffer,info,,,,,,retain_for_conditioning,pending
raw,<LOCAL_WORKSPACE>\GRID_D22_GitHub\data\real_munich\data\bohrungen_epsg25832_shp\bohrungen.shp,1987.0,7835BG016942,coordinates,outside_model_inside_legacy_buffer,info,,,,,,retain_for_conditioning,pending
raw,<LOCAL_WORKSPACE>\GRID_D22_GitHub\data\real_munich\data\bohrungen_epsg25832_shp\bohrungen.shp,1988.0,7835BG015553,coordinates,outside_model_inside_legacy_buffer,info,,,,,,retain_for_conditioning,pending
raw,<LOCAL_WORKSPACE>\GRID_D22_GitHub\data\real_munich\data\bohrungen_epsg25832_shp\bohrungen.shp,1989.0,7835BG015500,coordinates,outside_model_inside_legacy_buffer,info,,,,,,retain_for_conditioning,pending
raw,<LOCAL_WORKSPACE>\GRID_D22_GitHub\data\real_munich\data\bohrungen_epsg25832_shp\bohrungen.shp,1991.0,7835BG018091,coordinates,outside_model_inside_legacy_buffer,info,,,,,,retain_for_conditioning,pending
raw,<LOCAL_WORKSPACE>\GRID_D22_GitHub\data\real_munich\data\bohrungen_epsg25832_shp\bohrungen.shp,1993.0,7835BG015550,coordinates,outside_model_inside_legacy_buffer,info,,,,,,retain_for_conditioning,pending
raw,<LOCAL_WORKSPACE>\GRID_D22_GitHub\data\real_munich\data\bohrungen_epsg25832_shp\bohrungen.shp,1994.0,7835BG015501,coordinates,outside_model_inside_legacy_buffer,info,,,,,,retain_for_conditioning,pending
raw,<LOCAL_WORKSPACE>\GRID_D22_GitHub\data\real_munich\data\bohrungen_epsg25832_shp\bohrungen.shp,1995.0,7835BG015464,coordinates,outside_model_inside_legacy_buffer,info,,,,,,retain_for_conditioning,pending
raw,<LOCAL_WORKSPACE>\GRID_D22_GitHub\data\real_munich\data\bohrungen_epsg25832_shp\bohrungen.shp,1996.0,7835BG015549,coordinates,outside_model_inside_legacy_buffer,info,,,,,,retain_for_conditioning,pending
raw,<LOCAL_WORKSPACE>\GRID_D22_GitHub\data\real_munich\data\bohrungen_epsg25832_shp\bohrungen.shp,1998.0,7835BG016964,coordinates,outside_model_inside_legacy_buffer,info,,,,,,retain_for_conditioning,pending
raw,<LOCAL_WORKSPACE>\GRID_D22_GitHub\data\real_munich\data\bohrungen_epsg25832_shp\bohrungen.shp,2001.0,7835BG015465,coordinates,outside_model_inside_legacy_buffer,info,,,,,,retain_for_conditioning,pending
raw,<LOCAL_WORKSPACE>\GRID_D22_GitHub\data\real_munich\data\bohrungen_epsg25832_shp\bohrungen.shp,2002.0,7835BG015463,coordinates,outside_model_inside_legacy_buffer,info,,,,,,retain_for_conditioning,pending
raw,<LOCAL_WORKSPACE>\GRID_D22_GitHub\data\real_munich\data\bohrungen_epsg25832_shp\bohrungen.shp,2005.0,7835BG015788,coordinates,outside_model_inside_legacy_buffer,info,,,,,,retain_for_conditioning,pending
raw,<LOCAL_WORKSPACE>\GRID_D22_GitHub\data\real_munich\data\bohrungen_epsg25832_shp\bohrungen.shp,2006.0,7835BG016941,coordinates,outside_model_inside_legacy_buffer,info,,,,,,retain_for_conditioning,pending
raw,<LOCAL_WORKSPACE>\GRID_D22_GitHub\data\real_munich\data\bohrungen_epsg25832_shp\bohrungen.shp,2007.0,7835BG018090,coordinates,outside_model_inside_legacy_buffer,info,,,,,,retain_for_conditioning,pending
raw,<LOCAL_WORKSPACE>\GRID_D22_GitHub\data\real_munich\data\bohrungen_epsg25832_shp\bohrungen.shp,2008.0,7835BG015772,coordinates,outside_model_inside_legacy_buffer,info,,,,,,retain_for_conditioning,pending
raw,<LOCAL_WORKSPACE>\GRID_D22_GitHub\data\real_munich\data\bohrungen_epsg25832_shp\bohrungen.shp,2009.0,7835BG017979,coordinates,outside_model_inside_legacy_buffer,info,,,,,,retain_for_conditioning,pending
raw,<LOCAL_WORKSPACE>\GRID_D22_GitHub\data\real_munich\data\bohrungen_epsg25832_shp\bohrungen.shp,2011.0,7835BG016165,coordinates,outside_model_inside_legacy_buffer,info,,,,,,retain_for_conditioning,pending
raw,<LOCAL_WORKSPACE>\GRID_D22_GitHub\data\real_munich\data\bohrungen_epsg25832_shp\bohrungen.shp,2012.0,7835BG015948,coordinates,outside_model_inside_legacy_buffer,info,,,,,,retain_for_conditioning,pending
raw,<LOCAL_WORKSPACE>\GRID_D22_GitHub\data\real_munich\data\bohrungen_epsg25832_shp\bohrungen.shp,2013.0,7835BG015962,coordinates,outside_model_inside_legacy_buffer,info,,,,,,retain_for_conditioning,pending
raw,<LOCAL_WORKSPACE>\GRID_D22_GitHub\data\real_munich\data\bohrungen_epsg25832_shp\bohrungen.shp,2014.0,7835BG015877,coordinates,outside_model_inside_legacy_buffer,info,,,,,,retain_for_conditioning,pending
raw,<LOCAL_WORKSPACE>\GRID_D22_GitHub\data\real_munich\data\bohrungen_epsg25832_shp\bohrungen.shp,2015.0,7835BG016885,coordinates,outside_model_inside_legacy_buffer,info,,,,,,retain_for_conditioning,pending
raw,<LOCAL_WORKSPACE>\GRID_D22_GitHub\data\real_munich\data\bohrungen_epsg25832_shp\bohrungen.shp,2016.0,7835BG016886,coordinates,outside_model_inside_legacy_buffer,info,,,,,,retain_for_conditioning,pending
raw,<LOCAL_WORKSPACE>\GRID_D22_GitHub\data\real_munich\data\bohrungen_epsg25832_shp\bohrungen.shp,2020.0,7835BG015925,coordinates,outside_model_inside_legacy_buffer,info,,,,,,retain_for_conditioning,pending
raw,<LOCAL_WORKSPACE>\GRID_D22_GitHub\data\real_munich\data\bohrungen_epsg25832_shp\bohrungen.shp,2022.0,7835BG016891,coordinates,outside_model_inside_legacy_buffer,info,,,,,,retain_for_conditioning,pending
raw,<LOCAL_WORKSPACE>\GRID_D22_GitHub\data\real_munich\data\bohrungen_epsg25832_shp\bohrungen.shp,2023.0,7835BG015893,coordinates,outside_model_inside_legacy_buffer,info,,,,,,retain_for_conditioning,pending
raw,<LOCAL_WORKSPACE>\GRID_D22_GitHub\data\real_munich\data\bohrungen_epsg25832_shp\bohrungen.shp,2024.0,7835BG015950,coordinates,outside_model_inside_legacy_buffer,info,,,,,,retain_for_conditioning,pending
raw,<LOCAL_WORKSPACE>\GRID_D22_GitHub\data\real_munich\data\bohrungen_epsg25832_shp\bohrungen.shp,2028.0,7835BG016256,coordinates,outside_model_inside_legacy_buffer,info,,,,,,retain_for_conditioning,pending
raw,<LOCAL_WORKSPACE>\GRID_D22_GitHub\data\real_munich\data\bohrungen_epsg25832_shp\bohrungen.shp,2029.0,7835BG016538,coordinates,outside_model_inside_legacy_buffer,info,,,,,,retain_for_conditioning,pending
raw,<LOCAL_WORKSPACE>\GRID_D22_GitHub\data\real_munich\data\bohrungen_epsg25832_shp\bohrungen.shp,2031.0,7835BG015892,coordinates,outside_model_inside_legacy_buffer,info,,,,,,retain_for_conditioning,pending
raw,<LOCAL_WORKSPACE>\GRID_D22_GitHub\data\real_munich\data\bohrungen_epsg25832_shp\bohrungen.shp,2032.0,7835BG015741,coordinates,outside_model_inside_legacy_buffer,info,,,,,,retain_for_conditioning,pending
raw,<LOCAL_WORKSPACE>\GRID_D22_GitHub\data\real_munich\data\bohrungen_epsg25832_shp\bohrungen.shp,2033.0,7835BG016994,coordinates,outside_model_inside_legacy_buffer,info,,,,,,retain_for_conditioning,pending
raw,<LOCAL_WORKSPACE>\GRID_D22_GitHub\data\real_munich\data\bohrungen_epsg25832_shp\bohrungen.shp,2038.0,7835BG015905,coordinates,outside_model_inside_legacy_buffer,info,,,,,,retain_for_conditioning,pending
raw,<LOCAL_WORKSPACE>\GRID_D22_GitHub\data\real_munich\data\bohrungen_epsg25832_shp\bohrungen.shp,2039.0,7835BG015956,coordinates,outside_model_inside_legacy_buffer,info,,,,,,retain_for_conditioning,pending
raw,<LOCAL_WORKSPACE>\GRID_D22_GitHub\data\real_munich\data\bohrungen_epsg25832_shp\bohrungen.shp,2040.0,7835BG015955,coordinates,outside_model_inside_legacy_buffer,info,,,,,,retain_for_conditioning,pending
raw,<LOCAL_WORKSPACE>\GRID_D22_GitHub\data\real_munich\data\bohrungen_epsg25832_shp\bohrungen.shp,2042.0,7835BG016993,coordinates,outside_model_inside_legacy_buffer,info,,,,,,retain_for_conditioning,pending
raw,<LOCAL_WORKSPACE>\GRID_D22_GitHub\data\real_munich\data\bohrungen_epsg25832_shp\bohrungen.shp,2043.0,7835BG017002,coordinates,outside_model_inside_legacy_buffer,info,,,,,,retain_for_conditioning,pending
raw,<LOCAL_WORKSPACE>\GRID_D22_GitHub\data\real_munich\data\bohrungen_epsg25832_shp\bohrungen.shp,2044.0,7835BG015957,coordinates,outside_model_inside_legacy_buffer,info,,,,,,retain_for_conditioning,pending
raw,<LOCAL_WORKSPACE>\GRID_D22_GitHub\data\real_munich\data\bohrungen_epsg25832_shp\bohrungen.shp,2045.0,7835BG016273,coordinates,outside_model_inside_legacy_buffer,info,,,,,,retain_for_conditioning,pending
raw,<LOCAL_WORKSPACE>\GRID_D22_GitHub\data\real_munich\data\bohrungen_epsg25832_shp\bohrungen.shp,2046.0,7835BG015952,coordinates,outside_model_inside_legacy_buffer,info,,,,,,retain_for_conditioning,pending
raw,<LOCAL_WORKSPACE>\GRID_D22_GitHub\data\real_munich\data\bohrungen_epsg25832_shp\bohrungen.shp,2048.0,7835BG016892,coordinates,outside_model_inside_legacy_buffer,info,,,,,,retain_for_conditioning,pending
raw,<LOCAL_WORKSPACE>\GRID_D22_GitHub\data\real_munich\data\bohrungen_epsg25832_shp\bohrungen.shp,2049.0,7835BG015951,coordinates,outside_model_inside_legacy_buffer,info,,,,,,retain_for_conditioning,pending
raw,<LOCAL_WORKSPACE>\GRID_D22_GitHub\data\real_munich\data\bohrungen_epsg25832_shp\bohrungen.shp,2052.0,7835BG016271,coordinates,outside_model_inside_legacy_buffer,info,,,,,,retain_for_conditioning,pending
raw,<LOCAL_WORKSPACE>\GRID_D22_GitHub\data\real_munich\data\bohrungen_epsg25832_shp\bohrungen.shp,2053.0,7835BG016893,coordinates,outside_model_inside_legacy_buffer,info,,,,,,retain_for_conditioning,pending
raw,<LOCAL_WORKSPACE>\GRID_D22_GitHub\data\real_munich\data\bohrungen_epsg25832_shp\bohrungen.shp,2054.0,7835BG015949,coordinates,outside_model_inside_legacy_buffer,info,,,,,,retain_for_conditioning,pending
raw,<LOCAL_WORKSPACE>\GRID_D22_GitHub\data\real_munich\data\bohrungen_epsg25832_shp\bohrungen.shp,2055.0,7835BG016537,coordinates,outside_model_inside_legacy_buffer,info,,,,,,retain_for_conditioning,pending
raw,<LOCAL_WORKSPACE>\GRID_D22_GitHub\data\real_munich\data\bohrungen_epsg25832_shp\bohrungen.shp,2059.0,7835BG016888,coordinates,outside_model_inside_legacy_buffer,info,,,,,,retain_for_conditioning,pending
raw,<LOCAL_WORKSPACE>\GRID_D22_GitHub\data\real_munich\data\bohrungen_epsg25832_shp\bohrungen.shp,2060.0,7835BG016023,coordinates,outside_model_inside_legacy_buffer,info,,,,,,retain_for_conditioning,pending
raw,<LOCAL_WORKSPACE>\GRID_D22_GitHub\data\real_munich\data\bohrungen_epsg25832_shp\bohrungen.shp,2062.0,7835BG016268,coordinates,outside_model_inside_legacy_buffer,info,,,,,,retain_for_conditioning,pending
raw,<LOCAL_WORKSPACE>\GRID_D22_GitHub\data\real_munich\data\bohrungen_epsg25832_shp\bohrungen.shp,2063.0,7835BG016887,coordinates,outside_model_inside_legacy_buffer,info,,,,,,retain_for_conditioning,pending
raw,<LOCAL_WORKSPACE>\GRID_D22_GitHub\data\real_munich\data\bohrungen_epsg25832_shp\bohrungen.shp,2064.0,7835BG016272,coordinates,outside_model_inside_legacy_buffer,info,,,,,,retain_for_conditioning,pending
raw,<LOCAL_WORKSPACE>\GRID_D22_GitHub\data\real_munich\data\bohrungen_epsg25832_shp\bohrungen.shp,2066.0,7835BG016257,coordinates,outside_model_inside_legacy_buffer,info,,,,,,retain_for_conditioning,pending
raw,<LOCAL_WORKSPACE>\GRID_D22_GitHub\data\real_munich\data\bohrungen_epsg25832_shp\bohrungen.shp,2067.0,7835BG016894,coordinates,outside_model_inside_legacy_buffer,info,,,,,,retain_for_conditioning,pending
raw,<LOCAL_WORKSPACE>\GRID_D22_GitHub\data\real_munich\data\bohrungen_epsg25832_shp\bohrungen.shp,2068.0,7835BG016539,coordinates,outside_model_inside_legacy_buffer,info,,,,,,retain_for_conditioning,pending
raw,<LOCAL_WORKSPACE>\GRID_D22_GitHub\data\real_munich\data\bohrungen_epsg25832_shp\bohrungen.shp,2069.0,7835BG016904,coordinates,outside_model_inside_legacy_buffer,info,,,,,,retain_for_conditioning,pending
raw,<LOCAL_WORKSPACE>\GRID_D22_GitHub\data\real_munich\data\bohrungen_epsg25832_shp\bohrungen.shp,2070.0,7835BG016902,coordinates,outside_model_inside_legacy_buffer,info,,,,,,retain_for_conditioning,pending
raw,<LOCAL_WORKSPACE>\GRID_D22_GitHub\data\real_munich\data\bohrungen_epsg25832_shp\bohrungen.shp,2071.0,7835BG016753,coordinates,outside_model_inside_legacy_buffer,info,,,,,,retain_for_conditioning,pending
raw,<LOCAL_WORKSPACE>\GRID_D22_GitHub\data\real_munich\data\bohrungen_epsg25832_shp\bohrungen.shp,2072.0,7835BG016793,coordinates,outside_model_inside_legacy_buffer,info,,,,,,retain_for_conditioning,pending
raw,<LOCAL_WORKSPACE>\GRID_D22_GitHub\data\real_munich\data\bohrungen_epsg25832_shp\bohrungen.shp,2073.0,7835BG016655,coordinates,outside_model_inside_legacy_buffer,info,,,,,,retain_for_conditioning,pending
raw,<LOCAL_WORKSPACE>\GRID_D22_GitHub\data\real_munich\data\bohrungen_epsg25832_shp\bohrungen.shp,2074.0,7835BG017092,coordinates,outside_model_inside_legacy_buffer,info,,,,,,retain_for_conditioning,pending
raw,<LOCAL_WORKSPACE>\GRID_D22_GitHub\data\real_munich\data\bohrungen_epsg25832_shp\bohrungen.shp,2075.0,7835BG017004,coordinates,outside_model_inside_legacy_buffer,info,,,,,,retain_for_conditioning,pending
raw,<LOCAL_WORKSPACE>\GRID_D22_GitHub\data\real_munich\data\bohrungen_epsg25832_shp\bohrungen.shp,2076.0,7835BG016903,coordinates,outside_model_inside_legacy_buffer,info,,,,,,retain_for_conditioning,pending
raw,<LOCAL_WORKSPACE>\GRID_D22_GitHub\data\real_munich\data\bohrungen_epsg25832_shp\bohrungen.shp,2078.0,7835BG016800,coordinates,outside_model_inside_legacy_buffer,info,,,,,,retain_for_conditioning,pending
raw,<LOCAL_WORKSPACE>\GRID_D22_GitHub\data\real_munich\data\bohrungen_epsg25832_shp\bohrungen.shp,2079.0,7835BG017180,coordinates,outside_model_inside_legacy_buffer,info,,,,,,retain_for_conditioning,pending
raw,<LOCAL_WORKSPACE>\GRID_D22_GitHub\data\real_munich\data\bohrungen_epsg25832_shp\bohrungen.shp,2080.0,7835BG017093,coordinates,outside_model_inside_legacy_buffer,info,,,,,,retain_for_conditioning,pending
raw,<LOCAL_WORKSPACE>\GRID_D22_GitHub\data\real_munich\data\bohrungen_epsg25832_shp\bohrungen.shp,2081.0,7835BG016844,coordinates,outside_model_inside_legacy_buffer,info,,,,,,retain_for_conditioning,pending
raw,<LOCAL_WORKSPACE>\GRID_D22_GitHub\data\real_munich\data\bohrungen_epsg25832_shp\bohrungen.shp,2082.0,7835BG017147,coordinates,outside_model_inside_legacy_buffer,info,,,,,,retain_for_conditioning,pending
raw,<LOCAL_WORKSPACE>\GRID_D22_GitHub\data\real_munich\data\bohrungen_epsg25832_shp\bohrungen.shp,2083.0,7835BG017107,coordinates,outside_model_inside_legacy_buffer,info,,,,,,retain_for_conditioning,pending
raw,<LOCAL_WORKSPACE>\GRID_D22_GitHub\data\real_munich\data\bohrungen_epsg25832_shp\bohrungen.shp,2084.0,7835BG017105,coordinates,outside_model_inside_legacy_buffer,info,,,,,,retain_for_conditioning,pending
raw,<LOCAL_WORKSPACE>\GRID_D22_GitHub\data\real_munich\data\bohrungen_epsg25832_shp\bohrungen.shp,2085.0,7835BG016901,coordinates,outside_model_inside_legacy_buffer,info,,,,,,retain_for_conditioning,pending
raw,<LOCAL_WORKSPACE>\GRID_D22_GitHub\data\real_munich\data\bohrungen_epsg25832_shp\bohrungen.shp,2086.0,7835BG017102,coordinates,outside_model_inside_legacy_buffer,info,,,,,,retain_for_conditioning,pending
raw,<LOCAL_WORKSPACE>\GRID_D22_GitHub\data\real_munich\data\bohrungen_epsg25832_shp\bohrungen.shp,2087.0,7835BG017114,coordinates,outside_model_inside_legacy_buffer,info,,,,,,retain_for_conditioning,pending
raw,<LOCAL_WORKSPACE>\GRID_D22_GitHub\data\real_munich\data\bohrungen_epsg25832_shp\bohrungen.shp,2088.0,7835BG017112,coordinates,outside_model_inside_legacy_buffer,info,,,,,,retain_for_conditioning,pending
raw,<LOCAL_WORKSPACE>\GRID_D22_GitHub\data\real_munich\data\bohrungen_epsg25832_shp\bohrungen.shp,2089.0,7835BG017116,coordinates,outside_model_inside_legacy_buffer,info,,,,,,retain_for_conditioning,pending
raw,<LOCAL_WORKSPACE>\GRID_D22_GitHub\data\real_munich\data\bohrungen_epsg25832_shp\bohrungen.shp,2091.0,7835BG016992,coordinates,outside_model_inside_legacy_buffer,info,,,,,,retain_for_conditioning,pending
raw,<LOCAL_WORKSPACE>\GRID_D22_GitHub\data\real_munich\data\bohrungen_epsg25832_shp\bohrungen.shp,2093.0,7835BG017104,coordinates,outside_model_inside_legacy_buffer,info,,,,,,retain_for_conditioning,pending
raw,<LOCAL_WORKSPACE>\GRID_D22_GitHub\data\real_munich\data\bohrungen_epsg25832_shp\bohrungen.shp,2096.0,7835BG017324,coordinates,outside_model_inside_legacy_buffer,info,,,,,,retain_for_conditioning,pending
raw,<LOCAL_WORKSPACE>\GRID_D22_GitHub\data\real_munich\data\bohrungen_epsg25832_shp\bohrungen.shp,2097.0,7835BG017095,coordinates,outside_model_inside_legacy_buffer,info,,,,,,retain_for_conditioning,pending
raw,<LOCAL_WORKSPACE>\GRID_D22_GitHub\data\real_munich\data\bohrungen_epsg25832_shp\bohrungen.shp,2099.0,7835BG017323,coordinates,outside_model_inside_legacy_buffer,info,,,,,,retain_for_conditioning,pending
raw,<LOCAL_WORKSPACE>\GRID_D22_GitHub\data\real_munich\data\bohrungen_epsg25832_shp\bohrungen.shp,2100.0,7835BG017094,coordinates,outside_model_inside_legacy_buffer,info,,,,,,retain_for_conditioning,pending
raw,<LOCAL_WORKSPACE>\GRID_D22_GitHub\data\real_munich\data\bohrungen_epsg25832_shp\bohrungen.shp,2101.0,7835BG017347,coordinates,outside_model_inside_legacy_buffer,info,,,,,,retain_for_conditioning,pending
raw,<LOCAL_WORKSPACE>\GRID_D22_GitHub\data\real_munich\data\bohrungen_epsg25832_shp\bohrungen.shp,2103.0,7835BG017096,coordinates,outside_model_inside_legacy_buffer,info,,,,,,retain_for_conditioning,pending
raw,<LOCAL_WORKSPACE>\GRID_D22_GitHub\data\real_munich\data\bohrungen_epsg25832_shp\bohrungen.shp,2105.0,7835BG017106,coordinates,outside_model_inside_legacy_buffer,info,,,,,,retain_for_conditioning,pending
raw,<LOCAL_WORKSPACE>\GRID_D22_GitHub\data\real_munich\data\bohrungen_epsg25832_shp\bohrungen.shp,2106.0,7835BG018526,coordinates,outside_model_inside_legacy_buffer,info,,,,,,retain_for_conditioning,pending
raw,<LOCAL_WORKSPACE>\GRID_D22_GitHub\data\real_munich\data\bohrungen_epsg25832_shp\bohrungen.shp,2107.0,7835BG017103,coordinates,outside_model_inside_legacy_buffer,info,,,,,,retain_for_conditioning,pending
raw,<LOCAL_WORKSPACE>\GRID_D22_GitHub\data\real_munich\data\bohrungen_epsg25832_shp\bohrungen.shp,2108.0,7835BG017146,coordinates,outside_model_inside_legacy_buffer,info,,,,,,retain_for_conditioning,pending
raw,<LOCAL_WORKSPACE>\GRID_D22_GitHub\data\real_munich\data\bohrungen_epsg25832_shp\bohrungen.shp,2109.0,7835BG017348,coordinates,outside_model_inside_legacy_buffer,info,,,,,,retain_for_conditioning,pending
raw,<LOCAL_WORKSPACE>\GRID_D22_GitHub\data\real_munich\data\bohrungen_epsg25832_shp\bohrungen.shp,2110.0,7835BG017113,coordinates,outside_model_inside_legacy_buffer,info,,,,,,retain_for_conditioning,pending
raw,<LOCAL_WORKSPACE>\GRID_D22_GitHub\data\real_munich\data\bohrungen_epsg25832_shp\bohrungen.shp,2111.0,7835BG017377,coordinates,outside_model_inside_legacy_buffer,info,,,,,,retain_for_conditioning,pending
raw,<LOCAL_WORKSPACE>\GRID_D22_GitHub\data\real_munich\data\bohrungen_epsg25832_shp\bohrungen.shp,2113.0,7835BG015115,coordinates,outside_model_inside_legacy_buffer,info,,,,,,retain_for_conditioning,pending
raw,<LOCAL_WORKSPACE>\GRID_D22_GitHub\data\real_munich\data\bohrungen_epsg25832_shp\bohrungen.shp,2115.0,7835BG010186,coordinates,outside_model_inside_legacy_buffer,info,,,,,,retain_for_conditioning,pending
raw,<LOCAL_WORKSPACE>\GRID_D22_GitHub\data\real_munich\data\bohrungen_epsg25832_shp\bohrungen.shp,2116.0,7835BG017464,coordinates,outside_model_inside_legacy_buffer,info,,,,,,retain_for_conditioning,pending
raw,<LOCAL_WORKSPACE>\GRID_D22_GitHub\data\real_munich\data\bohrungen_epsg25832_shp\bohrungen.shp,2118.0,7835BG017346,coordinates,outside_model_inside_legacy_buffer,info,,,,,,retain_for_conditioning,pending
raw,<LOCAL_WORKSPACE>\GRID_D22_GitHub\data\real_munich\data\bohrungen_epsg25832_shp\bohrungen.shp,2119.0,7835BG017115,coordinates,outside_model_inside_legacy_buffer,info,,,,,,retain_for_conditioning,pending
raw,<LOCAL_WORKSPACE>\GRID_D22_GitHub\data\real_munich\data\bohrungen_epsg25832_shp\bohrungen.shp,2120.0,7835BG017468,coordinates,outside_model_inside_legacy_buffer,info,,,,,,retain_for_conditioning,pending
raw,<LOCAL_WORKSPACE>\GRID_D22_GitHub\data\real_munich\data\bohrungen_epsg25832_shp\bohrungen.shp,2121.0,7835BG017463,coordinates,outside_model_inside_legacy_buffer,info,,,,,,retain_for_conditioning,pending
raw,<LOCAL_WORKSPACE>\GRID_D22_GitHub\data\real_munich\data\bohrungen_epsg25832_shp\bohrungen.shp,2123.0,7835BG017117,coordinates,outside_model_inside_legacy_buffer,info,,,,,,retain_for_conditioning,pending
raw,<LOCAL_WORKSPACE>\GRID_D22_GitHub\data\real_munich\data\bohrungen_epsg25832_shp\bohrungen.shp,2127.0,7835BG017325,coordinates,outside_model_inside_legacy_buffer,info,,,,,,retain_for_conditioning,pending
raw,<LOCAL_WORKSPACE>\GRID_D22_GitHub\data\real_munich\data\bohrungen_epsg25832_shp\bohrungen.shp,2130.0,7835BG017874,coordinates,outside_model_inside_legacy_buffer,info,,,,,,retain_for_conditioning,pending
raw,<LOCAL_WORKSPACE>\GRID_D22_GitHub\data\real_munich\data\bohrungen_epsg25832_shp\bohrungen.shp,2133.0,7835BG017793,coordinates,outside_model_inside_legacy_buffer,info,,,,,,retain_for_conditioning,pending
raw,<LOCAL_WORKSPACE>\GRID_D22_GitHub\data\real_munich\data\bohrungen_epsg25832_shp\bohrungen.shp,2134.0,7835BG017794,coordinates,outside_model_inside_legacy_buffer,info,,,,,,retain_for_conditioning,pending
raw,<LOCAL_WORKSPACE>\GRID_D22_GitHub\data\real_munich\data\bohrungen_epsg25832_shp\bohrungen.shp,2135.0,7835BG010646,coordinates,outside_model_inside_legacy_buffer,info,,,,,,retain_for_conditioning,pending
raw,<LOCAL_WORKSPACE>\GRID_D22_GitHub\data\real_munich\data\bohrungen_epsg25832_shp\bohrungen.shp,2136.0,7835BG008651,coordinates,outside_model_inside_legacy_buffer,info,,,,,,retain_for_conditioning,pending
raw,<LOCAL_WORKSPACE>\GRID_D22_GitHub\data\real_munich\data\bohrungen_epsg25832_shp\bohrungen.shp,2137.0,7835BG017803,coordinates,outside_model_inside_legacy_buffer,info,,,,,,retain_for_conditioning,pending
raw,<LOCAL_WORKSPACE>\GRID_D22_GitHub\data\real_munich\data\bohrungen_epsg25832_shp\bohrungen.shp,2138.0,7835BG017872,coordinates,outside_model_inside_legacy_buffer,info,,,,,,retain_for_conditioning,pending
raw,<LOCAL_WORKSPACE>\GRID_D22_GitHub\data\real_munich\data\bohrungen_epsg25832_shp\bohrungen.shp,2139.0,7835BG017978,coordinates,outside_model_inside_legacy_buffer,info,,,,,,retain_for_conditioning,pending
raw,<LOCAL_WORKSPACE>\GRID_D22_GitHub\data\real_munich\data\bohrungen_epsg25832_shp\bohrungen.shp,2140.0,7835BG017469,coordinates,outside_model_inside_legacy_buffer,info,,,,,,retain_for_conditioning,pending
raw,<LOCAL_WORKSPACE>\GRID_D22_GitHub\data\real_munich\data\bohrungen_epsg25832_shp\bohrungen.shp,2147.0,7835BG017637,coordinates,outside_model_inside_legacy_buffer,info,,,,,,retain_for_conditioning,pending
raw,<LOCAL_WORKSPACE>\GRID_D22_GitHub\data\real_munich\data\bohrungen_epsg25832_shp\bohrungen.shp,2151.0,7835BG017638,coordinates,outside_model_inside_legacy_buffer,info,,,,,,retain_for_conditioning,pending
raw,<LOCAL_WORKSPACE>\GRID_D22_GitHub\data\real_munich\data\bohrungen_epsg25832_shp\bohrungen.shp,2152.0,7835BG010147,coordinates,outside_model_inside_legacy_buffer,info,,,,,,retain_for_conditioning,pending
raw,<LOCAL_WORKSPACE>\GRID_D22_GitHub\data\real_munich\data\bohrungen_epsg25832_shp\bohrungen.shp,2154.0,7835BG017991,coordinates,outside_model_inside_legacy_buffer,info,,,,,,retain_for_conditioning,pending
raw,<LOCAL_WORKSPACE>\GRID_D22_GitHub\data\real_munich\data\bohrungen_epsg25832_shp\bohrungen.shp,2155.0,7835BG017987,coordinates,outside_model_inside_legacy_buffer,info,,,,,,retain_for_conditioning,pending
raw,<LOCAL_WORKSPACE>\GRID_D22_GitHub\data\real_munich\data\bohrungen_epsg25832_shp\bohrungen.shp,2156.0,7835BG017990,coordinates,outside_model_inside_legacy_buffer,info,,,,,,retain_for_conditioning,pending
raw,<LOCAL_WORKSPACE>\GRID_D22_GitHub\data\real_munich\data\bohrungen_epsg25832_shp\bohrungen.shp,2157.0,7835BG017989,coordinates,outside_model_inside_legacy_buffer,info,,,,,,retain_for_conditioning,pending
raw,<LOCAL_WORKSPACE>\GRID_D22_GitHub\data\real_munich\data\bohrungen_epsg25832_shp\bohrungen.shp,2158.0,7835BG017988,coordinates,outside_model_inside_legacy_buffer,info,,,,,,retain_for_conditioning,pending
raw,<LOCAL_WORKSPACE>\GRID_D22_GitHub\data\real_munich\data\bohrungen_epsg25832_shp\bohrungen.shp,2159.0,7835BG017657,coordinates,outside_model_inside_legacy_buffer,info,,,,,,retain_for_conditioning,pending
raw,<LOCAL_WORKSPACE>\GRID_D22_GitHub\data\real_munich\data\bohrungen_epsg25832_shp\bohrungen.shp,2160.0,7835BG017658,coordinates,outside_model_inside_legacy_buffer,info,,,,,,retain_for_conditioning,pending
raw,<LOCAL_WORKSPACE>\GRID_D22_GitHub\data\real_munich\data\bohrungen_epsg25832_shp\bohrungen.shp,2161.0,7835BG017585,coordinates,outside_model_inside_legacy_buffer,info,,,,,,retain_for_conditioning,pending
raw,<LOCAL_WORKSPACE>\GRID_D22_GitHub\data\real_munich\data\bohrungen_epsg25832_shp\bohrungen.shp,2179.0,7835BG011951,coordinates,outside_model_inside_legacy_buffer,info,,,,,,retain_for_conditioning,pending
raw,<LOCAL_WORKSPACE>\GRID_D22_GitHub\data\real_munich\data\bohrungen_epsg25832_shp\bohrungen.shp,2186.0,7835BG018307,coordinates,outside_model_inside_legacy_buffer,info,,,,,,retain_for_conditioning,pending
raw,<LOCAL_WORKSPACE>\GRID_D22_GitHub\data\real_munich\data\bohrungen_epsg25832_shp\bohrungen.shp,2188.0,7835BG018446,coordinates,outside_model_inside_legacy_buffer,info,,,,,,retain_for_conditioning,pending
raw,<LOCAL_WORKSPACE>\GRID_D22_GitHub\data\real_munich\data\bohrungen_epsg25832_shp\bohrungen.shp,2189.0,7835BG018443,coordinates,outside_model_inside_legacy_buffer,info,,,,,,retain_for_conditioning,pending
raw,<LOCAL_WORKSPACE>\GRID_D22_GitHub\data\real_munich\data\bohrungen_epsg25832_shp\bohrungen.shp,2190.0,7835BG018451,coordinates,outside_model_inside_legacy_buffer,info,,,,,,retain_for_conditioning,pending
raw,<LOCAL_WORKSPACE>\GRID_D22_GitHub\data\real_munich\data\bohrungen_epsg25832_shp\bohrungen.shp,2191.0,7835BG018452,coordinates,outside_model_inside_legacy_buffer,info,,,,,,retain_for_conditioning,pending
raw,<LOCAL_WORKSPACE>\GRID_D22_GitHub\data\real_munich\data\bohrungen_epsg25832_shp\bohrungen.shp,2192.0,7835BG018448,coordinates,outside_model_inside_legacy_buffer,info,,,,,,retain_for_conditioning,pending
raw,<LOCAL_WORKSPACE>\GRID_D22_GitHub\data\real_munich\data\bohrungen_epsg25832_shp\bohrungen.shp,2193.0,7835BG018453,coordinates,outside_model_inside_legacy_buffer,info,,,,,,retain_for_conditioning,pending
raw,<LOCAL_WORKSPACE>\GRID_D22_GitHub\data\real_munich\data\bohrungen_epsg25832_shp\bohrungen.shp,2194.0,7835BG018450,coordinates,outside_model_inside_legacy_buffer,info,,,,,,retain_for_conditioning,pending
raw,<LOCAL_WORKSPACE>\GRID_D22_GitHub\data\real_munich\data\bohrungen_epsg25832_shp\bohrungen.shp,2195.0,7835BG018444,coordinates,outside_model_inside_legacy_buffer,info,,,,,,retain_for_conditioning,pending
raw,<LOCAL_WORKSPACE>\GRID_D22_GitHub\data\real_munich\data\bohrungen_epsg25832_shp\bohrungen.shp,2196.0,7835BG018457,coordinates,outside_model_inside_legacy_buffer,info,,,,,,retain_for_conditioning,pending
raw,<LOCAL_WORKSPACE>\GRID_D22_GitHub\data\real_munich\data\bohrungen_epsg25832_shp\bohrungen.shp,2197.0,7835BG018402,coordinates,outside_model_inside_legacy_buffer,info,,,,,,retain_for_conditioning,pending
raw,<LOCAL_WORKSPACE>\GRID_D22_GitHub\data\real_munich\data\bohrungen_epsg25832_shp\bohrungen.shp,2198.0,7835BG018401,coordinates,outside_model_inside_legacy_buffer,info,,,,,,retain_for_conditioning,pending
raw,<LOCAL_WORKSPACE>\GRID_D22_GitHub\data\real_munich\data\bohrungen_epsg25832_shp\bohrungen.shp,2199.0,7835BG018454,coordinates,outside_model_inside_legacy_buffer,info,,,,,,retain_for_conditioning,pending
raw,<LOCAL_WORKSPACE>\GRID_D22_GitHub\data\real_munich\data\bohrungen_epsg25832_shp\bohrungen.shp,2200.0,7835BG018447,coordinates,outside_model_inside_legacy_buffer,info,,,,,,retain_for_conditioning,pending
raw,<LOCAL_WORKSPACE>\GRID_D22_GitHub\data\real_munich\data\bohrungen_epsg25832_shp\bohrungen.shp,2201.0,7835BG018449,coordinates,outside_model_inside_legacy_buffer,info,,,,,,retain_for_conditioning,pending
raw,<LOCAL_WORKSPACE>\GRID_D22_GitHub\data\real_munich\data\bohrungen_epsg25832_shp\bohrungen.shp,2202.0,7835BG018456,coordinates,outside_model_inside_legacy_buffer,info,,,,,,retain_for_conditioning,pending
raw,<LOCAL_WORKSPACE>\GRID_D22_GitHub\data\real_munich\data\bohrungen_epsg25832_shp\bohrungen.shp,2203.0,7835BG018445,coordinates,outside_model_inside_legacy_buffer,info,,,,,,retain_for_conditioning,pending
raw,<LOCAL_WORKSPACE>\GRID_D22_GitHub\data\real_munich\data\bohrungen_epsg25832_shp\bohrungen.shp,2205.0,7835BG018209,coordinates,outside_model_inside_legacy_buffer,info,,,,,,retain_for_conditioning,pending
raw,<LOCAL_WORKSPACE>\GRID_D22_GitHub\data\real_munich\data\bohrungen_epsg25832_shp\bohrungen.shp,2206.0,7835BG018208,coordinates,outside_model_inside_legacy_buffer,info,,,,,,retain_for_conditioning,pending
raw,<LOCAL_WORKSPACE>\GRID_D22_GitHub\data\real_munich\data\bohrungen_epsg25832_shp\bohrungen.shp,2207.0,7835BG018221,coordinates,outside_model_inside_legacy_buffer,info,,,,,,retain_for_conditioning,pending
raw,<LOCAL_WORKSPACE>\GRID_D22_GitHub\data\real_munich\data\bohrungen_epsg25832_shp\bohrungen.shp,2209.0,7835BG018220,coordinates,outside_model_inside_legacy_buffer,info,,,,,,retain_for_conditioning,pending
raw,<LOCAL_WORKSPACE>\GRID_D22_GitHub\data\real_munich\data\bohrungen_epsg25832_shp\bohrungen.shp,2210.0,7835BG018333,coordinates,outside_model_inside_legacy_buffer,info,,,,,,retain_for_conditioning,pending
raw,<LOCAL_WORKSPACE>\GRID_D22_GitHub\data\real_munich\data\bohrungen_epsg25832_shp\bohrungen.shp,2211.0,7835BG018196,coordinates,outside_model_inside_legacy_buffer,info,,,,,,retain_for_conditioning,pending
raw,<LOCAL_WORKSPACE>\GRID_D22_GitHub\data\real_munich\data\bohrungen_epsg25832_shp\bohrungen.shp,2212.0,7835BG015104,coordinates,outside_model_inside_legacy_buffer,info,,,,,,retain_for_conditioning,pending
raw,<LOCAL_WORKSPACE>\GRID_D22_GitHub\data\real_munich\data\bohrungen_epsg25832_shp\bohrungen.shp,2213.0,7835BG018085,coordinates,outside_model_inside_legacy_buffer,info,,,,,,retain_for_conditioning,pending
raw,<LOCAL_WORKSPACE>\GRID_D22_GitHub\data\real_munich\data\bohrungen_epsg25832_shp\bohrungen.shp,2214.0,7835BG018562,coordinates,outside_model_inside_legacy_buffer,info,,,,,,retain_for_conditioning,pending
raw,<LOCAL_WORKSPACE>\GRID_D22_GitHub\data\real_munich\data\bohrungen_epsg25832_shp\bohrungen.shp,2215.0,7835BG018204,coordinates,outside_model_inside_legacy_buffer,info,,,,,,retain_for_conditioning,pending
raw,<LOCAL_WORKSPACE>\GRID_D22_GitHub\data\real_munich\data\bohrungen_epsg25832_shp\bohrungen.shp,2216.0,7835BG018276,coordinates,outside_model_inside_legacy_buffer,info,,,,,,retain_for_conditioning,pending
raw,<LOCAL_WORKSPACE>\GRID_D22_GitHub\data\real_munich\data\bohrungen_epsg25832_shp\bohrungen.shp,2217.0,7835BG018455,coordinates,outside_model_inside_legacy_buffer,info,,,,,,retain_for_conditioning,pending
raw,<LOCAL_WORKSPACE>\GRID_D22_GitHub\data\real_munich\data\bohrungen_epsg25832_shp\bohrungen.shp,2219.0,7835BG018129,coordinates,outside_model_inside_legacy_buffer,info,,,,,,retain_for_conditioning,pending
raw,<LOCAL_WORKSPACE>\GRID_D22_GitHub\data\real_munich\data\bohrungen_epsg25832_shp\bohrungen.shp,2220.0,7835BG018541,coordinates,outside_model_inside_legacy_buffer,info,,,,,,retain_for_conditioning,pending
raw,<LOCAL_WORKSPACE>\GRID_D22_GitHub\data\real_munich\data\bohrungen_epsg25832_shp\bohrungen.shp,2221.0,7835BG018540,coordinates,outside_model_inside_legacy_buffer,info,,,,,,retain_for_conditioning,pending
raw,<LOCAL_WORKSPACE>\GRID_D22_GitHub\data\real_munich\data\bohrungen_epsg25832_shp\bohrungen.shp,2222.0,7835BG018539,coordinates,outside_model_inside_legacy_buffer,info,,,,,,retain_for_conditioning,pending
raw,<LOCAL_WORKSPACE>\GRID_D22_GitHub\data\real_munich\data\bohrungen_epsg25832_shp\bohrungen.shp,2223.0,7835BG018538,coordinates,outside_model_inside_legacy_buffer,info,,,,,,retain_for_conditioning,pending
raw,<LOCAL_WORKSPACE>\GRID_D22_GitHub\data\real_munich\data\bohrungen_epsg25832_shp\bohrungen.shp,2224.0,7835BG018537,coordinates,outside_model_inside_legacy_buffer,info,,,,,,retain_for_conditioning,pending
raw,<LOCAL_WORKSPACE>\GRID_D22_GitHub\data\real_munich\data\bohrungen_epsg25832_shp\bohrungen.shp,2225.0,7835BG018536,coordinates,outside_model_inside_legacy_buffer,info,,,,,,retain_for_conditioning,pending
raw,<LOCAL_WORKSPACE>\GRID_D22_GitHub\data\real_munich\data\bohrungen_epsg25832_shp\bohrungen.shp,2226.0,7835BG018535,coordinates,outside_model_inside_legacy_buffer,info,,,,,,retain_for_conditioning,pending
raw,<LOCAL_WORKSPACE>\GRID_D22_GitHub\data\real_munich\data\bohrungen_epsg25832_shp\bohrungen.shp,2227.0,7835BG018534,coordinates,outside_model_inside_legacy_buffer,info,,,,,,retain_for_conditioning,pending
raw,<LOCAL_WORKSPACE>\GRID_D22_GitHub\data\real_munich\data\bohrungen_epsg25832_shp\bohrungen.shp,2228.0,7835BG018068,coordinates,outside_model_inside_legacy_buffer,info,,,,,,retain_for_conditioning,pending
raw,<LOCAL_WORKSPACE>\GRID_D22_GitHub\data\real_munich\data\bohrungen_epsg25832_shp\bohrungen.shp,2229.0,7835BG018051,coordinates,outside_model_inside_legacy_buffer,info,,,,,,retain_for_conditioning,pending
raw,<LOCAL_WORKSPACE>\GRID_D22_GitHub\data\real_munich\data\bohrungen_epsg25832_shp\bohrungen.shp,2230.0,7835BG018050,coordinates,outside_model_inside_legacy_buffer,info,,,,,,retain_for_conditioning,pending
raw,<LOCAL_WORKSPACE>\GRID_D22_GitHub\data\real_munich\data\bohrungen_epsg25832_shp\bohrungen.shp,2231.0,7835BG018274,coordinates,outside_model_inside_legacy_buffer,info,,,,,,retain_for_conditioning,pending
raw,<LOCAL_WORKSPACE>\GRID_D22_GitHub\data\real_munich\data\bohrungen_epsg25832_shp\bohrungen.shp,2233.0,7835BG018442,coordinates,outside_model_inside_legacy_buffer,info,,,,,,retain_for_conditioning,pending
raw,<LOCAL_WORKSPACE>\GRID_D22_GitHub\data\real_munich\data\bohrungen_epsg25832_shp\bohrungen.shp,2234.0,7835BG018275,coordinates,outside_model_inside_legacy_buffer,info,,,,,,retain_for_conditioning,pending
raw,<LOCAL_WORKSPACE>\GRID_D22_GitHub\data\real_munich\data\bohrungen_epsg25832_shp\bohrungen.shp,2236.0,7835BG018278,coordinates,outside_model_inside_legacy_buffer,info,,,,,,retain_for_conditioning,pending
raw,<LOCAL_WORKSPACE>\GRID_D22_GitHub\data\real_munich\data\bohrungen_epsg25832_shp\bohrungen.shp,2237.0,7835BG018207,coordinates,outside_model_inside_legacy_buffer,info,,,,,,retain_for_conditioning,pending
raw,<LOCAL_WORKSPACE>\GRID_D22_GitHub\data\real_munich\data\bohrungen_epsg25832_shp\bohrungen.shp,2238.0,7835BG018277,coordinates,outside_model_inside_legacy_buffer,info,,,,,,retain_for_conditioning,pending
raw,<LOCAL_WORKSPACE>\GRID_D22_GitHub\data\real_munich\data\bohrungen_epsg25832_shp\bohrungen.shp,2239.0,7835BG018527,coordinates,outside_model_inside_legacy_buffer,info,,,,,,retain_for_conditioning,pending
raw,<LOCAL_WORKSPACE>\GRID_D22_GitHub\data\real_munich\data\bohrungen_epsg25832_shp\bohrungen.shp,2240.0,7835BG018525,coordinates,outside_model_inside_legacy_buffer,info,,,,,,retain_for_conditioning,pending
raw,<LOCAL_WORKSPACE>\GRID_D22_GitHub\data\real_munich\data\bohrungen_epsg25832_shp\bohrungen.shp,2241.0,7835BG018405,coordinates,outside_model_inside_legacy_buffer,info,,,,,,retain_for_conditioning,pending
raw,<LOCAL_WORKSPACE>\GRID_D22_GitHub\data\real_munich\data\bohrungen_epsg25832_shp\bohrungen.shp,2242.0,7835BG018404,coordinates,outside_model_inside_legacy_buffer,info,,,,,,retain_for_conditioning,pending
raw,<LOCAL_WORKSPACE>\GRID_D22_GitHub\data\real_munich\data\bohrungen_epsg25832_shp\bohrungen.shp,2243.0,7835BG018573,coordinates,outside_model_inside_legacy_buffer,info,,,,,,retain_for_conditioning,pending
raw,<LOCAL_WORKSPACE>\GRID_D22_GitHub\data\real_munich\data\bohrungen_epsg25832_shp\bohrungen.shp,2244.0,7835BG018845,coordinates,outside_model_inside_legacy_buffer,info,,,,,,retain_for_conditioning,pending
raw,<LOCAL_WORKSPACE>\GRID_D22_GitHub\data\real_munich\data\bohrungen_epsg25832_shp\bohrungen.shp,2245.0,7835BG018791,coordinates,outside_model_inside_legacy_buffer,info,,,,,,retain_for_conditioning,pending
raw,<LOCAL_WORKSPACE>\GRID_D22_GitHub\data\real_munich\data\bohrungen_epsg25832_shp\bohrungen.shp,2246.0,7835BG018790,coordinates,outside_model_inside_legacy_buffer,info,,,,,,retain_for_conditioning,pending
raw,<LOCAL_WORKSPACE>\GRID_D22_GitHub\data\real_munich\data\bohrungen_epsg25832_shp\bohrungen.shp,2247.0,7835BG018914,coordinates,outside_model_inside_legacy_buffer,info,,,,,,retain_for_conditioning,pending
raw,<LOCAL_WORKSPACE>\GRID_D22_GitHub\data\real_munich\data\bohrungen_epsg25832_shp\bohrungen.shp,2248.0,7835BG018913,coordinates,outside_model_inside_legacy_buffer,info,,,,,,retain_for_conditioning,pending
raw,<LOCAL_WORKSPACE>\GRID_D22_GitHub\data\real_munich\data\bohrungen_epsg25832_shp\bohrungen.shp,2250.0,7835BG007739,coordinates,outside_model_inside_legacy_buffer,info,,,,,,retain_for_conditioning,pending
raw,<LOCAL_WORKSPACE>\GRID_D22_GitHub\data\real_munich\data\bohrungen_epsg25832_shp\bohrungen.shp,2251.0,7835BG018864,coordinates,outside_model_inside_legacy_buffer,info,,,,,,retain_for_conditioning,pending
raw,<LOCAL_WORKSPACE>\GRID_D22_GitHub\data\real_munich\data\bohrungen_epsg25832_shp\bohrungen.shp,2252.0,7835BG018943,coordinates,outside_model_inside_legacy_buffer,info,,,,,,retain_for_conditioning,pending
raw,<LOCAL_WORKSPACE>\GRID_D22_GitHub\data\real_munich\data\bohrungen_epsg25832_shp\bohrungen.shp,2253.0,7835BG009106,coordinates,outside_model_inside_legacy_buffer,info,,,,,,retain_for_conditioning,pending
raw,<LOCAL_WORKSPACE>\GRID_D22_GitHub\data\real_munich\data\bohrungen_epsg25832_shp\bohrungen.shp,2261.0,7835BG018944,coordinates,outside_model_inside_legacy_buffer,info,,,,,,retain_for_conditioning,pending
raw,<LOCAL_WORKSPACE>\GRID_D22_GitHub\data\real_munich\data\bohrungen_epsg25832_shp\bohrungen.shp,2262.0,7835BG018888,coordinates,outside_model_inside_legacy_buffer,info,,,,,,retain_for_conditioning,pending
raw,<LOCAL_WORKSPACE>\GRID_D22_GitHub\data\real_munich\data\bohrungen_epsg25832_shp\bohrungen.shp,2263.0,7835BG018842,coordinates,outside_model_inside_legacy_buffer,info,,,,,,retain_for_conditioning,pending
raw,<LOCAL_WORKSPACE>\GRID_D22_GitHub\data\real_munich\data\bohrungen_epsg25832_shp\bohrungen_schichten.csv,,7835BG015007,Untergrenz,original_interval_order,warning,,,,,,legacy_sorts_by_lower_depth,pending
raw,<LOCAL_WORKSPACE>\GRID_D22_GitHub\data\real_munich\data\bohrungen_epsg25832_shp\bohrungen_schichten.csv,,7835BG015006,Untergrenz,original_interval_order,warning,,,,,,legacy_sorts_by_lower_depth,pending
raw,<LOCAL_WORKSPACE>\GRID_D22_GitHub\data\real_munich\data\bohrungen_epsg25832_shp\bohrungen_schichten.csv,,7835BG015009,Untergrenz,original_interval_order,warning,,,,,,legacy_sorts_by_lower_depth,pending
raw,<LOCAL_WORKSPACE>\GRID_D22_GitHub\data\real_munich\data\bohrungen_epsg25832_shp\bohrungen_schichten.csv,,7835BG015008,Untergrenz,original_interval_order,warning,,,,,,legacy_sorts_by_lower_depth,pending
raw,<LOCAL_WORKSPACE>\GRID_D22_GitHub\data\real_munich\data\bohrungen_epsg25832_shp\bohrungen_schichten.csv,92.0,7835BG013059,DIN,unknown_DIN_legacy_default_10,warning,"X,g,s",,,,,flag_for_review,pending
raw,<LOCAL_WORKSPACE>\GRID_D22_GitHub\data\real_munich\data\bohrungen_epsg25832_shp\bohrungen_schichten.csv,97.0,7835BG013061,DIN,unknown_DIN_legacy_default_10,warning,"H,g',x'",,,,,flag_for_review,pending
raw,<LOCAL_WORKSPACE>\GRID_D22_GitHub\data\real_munich\data\bohrungen_epsg25832_shp\bohrungen_schichten.csv,,7835BG013015,Untergrenz,original_interval_order,warning,,,,,,legacy_sorts_by_lower_depth,pending
raw,<LOCAL_WORKSPACE>\GRID_D22_GitHub\data\real_munich\data\bohrungen_epsg25832_shp\bohrungen_schichten.csv,,7835BG012877,Untergrenz,original_interval_order,warning,,,,,,legacy_sorts_by_lower_depth,pending
raw,<LOCAL_WORKSPACE>\GRID_D22_GitHub\data\real_munich\data\bohrungen_epsg25832_shp\bohrungen_schichten.csv,216.0,7835BG012877,DIN,unknown_DIN_legacy_default_10,warning,H,,,,,flag_for_review,pending
raw,<LOCAL_WORKSPACE>\GRID_D22_GitHub\data\real_munich\data\bohrungen_epsg25832_shp\bohrungen_schichten.csv,217.0,7835BG013066,DIN,unknown_DIN_legacy_default_10,warning,"X,h",,,,,flag_for_review,pending
raw,<LOCAL_WORKSPACE>\GRID_D22_GitHub\data\real_munich\data\bohrungen_epsg25832_shp\bohrungen_schichten.csv,228.0,7835BG013067,DIN,unknown_DIN_legacy_default_10,warning,X,,,,,flag_for_review,pending
raw,<LOCAL_WORKSPACE>\GRID_D22_GitHub\data\real_munich\data\bohrungen_epsg25832_shp\bohrungen_schichten.csv,,7835BG013017,Untergrenz,original_interval_order,warning,,,,,,legacy_sorts_by_lower_depth,pending
raw,<LOCAL_WORKSPACE>\GRID_D22_GitHub\data\real_munich\data\bohrungen_epsg25832_shp\bohrungen_schichten.csv,323.0,7835BG012915,DIN,unknown_DIN_legacy_default_10,warning,"X,h",,,,,flag_for_review,pending
raw,<LOCAL_WORKSPACE>\GRID_D22_GitHub\data\real_munich\data\bohrungen_epsg25832_shp\bohrungen_schichten.csv,376.0,7835BG012882,DIN,unknown_DIN_legacy_default_10,warning,"H,u,g,x",,,,,flag_for_review,pending
raw,<LOCAL_WORKSPACE>\GRID_D22_GitHub\data\real_munich\data\bohrungen_epsg25832_shp\bohrungen_schichten.csv,,7835BG013079,Untergrenz,original_interval_order,warning,,,,,,legacy_sorts_by_lower_depth,pending
raw,<LOCAL_WORKSPACE>\GRID_D22_GitHub\data\real_munich\data\bohrungen_epsg25832_shp\bohrungen_schichten.csv,466.0,7835BG013079,DIN,unknown_DIN_legacy_default_10,warning,X,,,,,flag_for_review,pending
raw,<LOCAL_WORKSPACE>\GRID_D22_GitHub\data\real_munich\data\bohrungen_epsg25832_shp\bohrungen_schichten.csv,,7835BG013087,Untergrenz,original_interval_order,warning,,,,,,legacy_sorts_by_lower_depth,pending
raw,<LOCAL_WORKSPACE>\GRID_D22_GitHub\data\real_munich\data\bohrungen_epsg25832_shp\bohrungen_schichten.csv,,7835BG013088,Untergrenz,original_interval_order,warning,,,,,,legacy_sorts_by_lower_depth,pending
raw,<LOCAL_WORKSPACE>\GRID_D22_GitHub\data\real_munich\data\bohrungen_epsg25832_shp\bohrungen_schichten.csv,677.0,7835BG013091,DIN,unknown_DIN_legacy_default_10,warning,"H,g",,,,,flag_for_review,pending
raw,<LOCAL_WORKSPACE>\GRID_D22_GitHub\data\real_munich\data\bohrungen_epsg25832_shp\bohrungen_schichten.csv,,7835BG012907,Untergrenz,original_interval_order,warning,,,,,,legacy_sorts_by_lower_depth,pending
raw,<LOCAL_WORKSPACE>\GRID_D22_GitHub\data\real_munich\data\bohrungen_epsg25832_shp\bohrungen_schichten.csv,750.0,7835BG012952,DIN,unknown_DIN_legacy_default_10,warning,"X,s",,,,,flag_for_review,pending
raw,<LOCAL_WORKSPACE>\GRID_D22_GitHub\data\real_munich\data\bohrungen_epsg25832_shp\bohrungen_schichten.csv,769.0,7835BG013353,DIN,unknown_DIN_legacy_default_10,warning,"X,g',s'",,,,,flag_for_review,pending
raw,<LOCAL_WORKSPACE>\GRID_D22_GitHub\data\real_munich\data\bohrungen_epsg25832_shp\bohrungen_schichten.csv,785.0,7835BG013353,DIN,unknown_DIN_legacy_default_10,warning,nb,,,,,flag_for_review,pending
raw,<LOCAL_WORKSPACE>\GRID_D22_GitHub\data\real_munich\data\bohrungen_epsg25832_shp\bohrungen_schichten.csv,788.0,7835BG013354,DIN,unknown_DIN_legacy_default_10,warning,"X,s,u,g",,,,,flag_for_review,pending
raw,<LOCAL_WORKSPACE>\GRID_D22_GitHub\data\real_munich\data\bohrungen_epsg25832_shp\bohrungen_schichten.csv,802.0,7835BG013354,DIN,unknown_DIN_legacy_default_10,warning,nb,,,,,flag_for_review,pending
raw,<LOCAL_WORKSPACE>\GRID_D22_GitHub\data\real_munich\data\bohrungen_epsg25832_shp\bohrungen_schichten.csv,,7835BG013367,Untergrenz,original_interval_order,warning,,,,,,legacy_sorts_by_lower_depth,pending
raw,<LOCAL_WORKSPACE>\GRID_D22_GitHub\data\real_munich\data\bohrungen_epsg25832_shp\bohrungen_schichten.csv,823.0,7835BG013367,DIN,unknown_DIN_legacy_default_10,warning,nb,,,,,flag_for_review,pending
raw,<LOCAL_WORKSPACE>\GRID_D22_GitHub\data\real_munich\data\bohrungen_epsg25832_shp\bohrungen_schichten.csv,,7835BG013370,Untergrenz,original_interval_order,warning,,,,,,legacy_sorts_by_lower_depth,pending
raw,<LOCAL_WORKSPACE>\GRID_D22_GitHub\data\real_munich\data\bohrungen_epsg25832_shp\bohrungen_schichten.csv,,7835BG011956,Untergrenz,original_interval_order,warning,,,,,,legacy_sorts_by_lower_depth,pending
raw,<LOCAL_WORKSPACE>\GRID_D22_GitHub\data\real_munich\data\bohrungen_epsg25832_shp\bohrungen_schichten.csv,,7835BG011976,Untergrenz,original_interval_order,warning,,,,,,legacy_sorts_by_lower_depth,pending
raw,<LOCAL_WORKSPACE>\GRID_D22_GitHub\data\real_munich\data\bohrungen_epsg25832_shp\bohrungen_schichten.csv,,7835BG011979,Untergrenz,original_interval_order,warning,,,,,,legacy_sorts_by_lower_depth,pending
raw,<LOCAL_WORKSPACE>\GRID_D22_GitHub\data\real_munich\data\bohrungen_epsg25832_shp\bohrungen_schichten.csv,,7835BG011934,Untergrenz,original_interval_order,warning,,,,,,legacy_sorts_by_lower_depth,pending
raw,<LOCAL_WORKSPACE>\GRID_D22_GitHub\data\real_munich\data\bohrungen_epsg25832_shp\bohrungen_schichten.csv,,7835BG012342,Untergrenz,original_interval_order,warning,,,,,,legacy_sorts_by_lower_depth,pending
raw,<LOCAL_WORKSPACE>\GRID_D22_GitHub\data\real_munich\data\bohrungen_epsg25832_shp\bohrungen_schichten.csv,,7835BG012007,Untergrenz,original_interval_order,warning,,,,,,legacy_sorts_by_lower_depth,pending
raw,<LOCAL_WORKSPACE>\GRID_D22_GitHub\data\real_munich\data\bohrungen_epsg25832_shp\bohrungen_schichten.csv,,7835BG011916,Untergrenz,original_interval_order,warning,,,,,,legacy_sorts_by_lower_depth,pending
raw,<LOCAL_WORKSPACE>\GRID_D22_GitHub\data\real_munich\data\bohrungen_epsg25832_shp\bohrungen_schichten.csv,1453.0,7835BG011893,DIN,unknown_DIN_legacy_default_10,warning,H,,,,,flag_for_review,pending
raw,<LOCAL_WORKSPACE>\GRID_D22_GitHub\data\real_munich\data\bohrungen_epsg25832_shp\bohrungen_schichten.csv,1465.0,7835BG011992,DIN,unknown_DIN_legacy_default_10,warning,X,,,,,flag_for_review,pending
raw,<LOCAL_WORKSPACE>\GRID_D22_GitHub\data\real_munich\data\bohrungen_epsg25832_shp\bohrungen_schichten.csv,1493.0,7835BG011945,DIN,unknown_DIN_legacy_default_10,warning,"H,x",,,,,flag_for_review,pending
raw,<LOCAL_WORKSPACE>\GRID_D22_GitHub\data\real_munich\data\bohrungen_epsg25832_shp\bohrungen_schichten.csv,1507.0,7835BG011947,DIN,unknown_DIN_legacy_default_10,warning,X,,,,,flag_for_review,pending
raw,<LOCAL_WORKSPACE>\GRID_D22_GitHub\data\real_munich\data\bohrungen_epsg25832_shp\bohrungen_schichten.csv,1521.0,7835BG011996,DIN,unknown_DIN_legacy_default_10,warning,H,,,,,flag_for_review,pending
raw,<LOCAL_WORKSPACE>\GRID_D22_GitHub\data\real_munich\data\bohrungen_epsg25832_shp\bohrungen_schichten.csv,1578.0,7835BG012045,DIN,unknown_DIN_legacy_default_10,warning,X,,,,,flag_for_review,pending
raw,<LOCAL_WORKSPACE>\GRID_D22_GitHub\data\real_munich\data\bohrungen_epsg25832_shp\bohrungen_schichten.csv,1606.0,7835BG011897,DIN,unknown_DIN_legacy_default_10,warning,X,,,,,flag_for_review,pending
raw,<LOCAL_WORKSPACE>\GRID_D22_GitHub\data\real_munich\data\bohrungen_epsg25832_shp\bohrungen_schichten.csv,1689.0,7835BG012464,DIN,unknown_DIN_legacy_default_10,warning,X,,,,,flag_for_review,pending
raw,<LOCAL_WORKSPACE>\GRID_D22_GitHub\data\real_munich\data\bohrungen_epsg25832_shp\bohrungen_schichten.csv,,7835BG012465,Untergrenz,original_interval_order,warning,,,,,,legacy_sorts_by_lower_depth,pending
raw,<LOCAL_WORKSPACE>\GRID_D22_GitHub\data\real_munich\data\bohrungen_epsg25832_shp\bohrungen_schichten.csv,1709.0,7835BG012000,DIN,unknown_DIN_legacy_default_10,warning,"H,gs,gg,x",,,,,flag_for_review,pending
raw,<LOCAL_WORKSPACE>\GRID_D22_GitHub\data\real_munich\data\bohrungen_epsg25832_shp\bohrungen_schichten.csv,,7835BG012028,Untergrenz,original_interval_order,warning,,,,,,legacy_sorts_by_lower_depth,pending
raw,<LOCAL_WORKSPACE>\GRID_D22_GitHub\data\real_munich\data\bohrungen_epsg25832_shp\bohrungen_schichten.csv,,7835BG012119,Untergrenz,original_interval_order,warning,,,,,,legacy_sorts_by_lower_depth,pending
raw,<LOCAL_WORKSPACE>\GRID_D22_GitHub\data\real_munich\data\bohrungen_epsg25832_shp\bohrungen_schichten.csv,1859.0,7835BG012301,DIN,unknown_DIN_legacy_default_10,warning,"H,g,x",,,,,flag_for_review,pending
raw,<LOCAL_WORKSPACE>\GRID_D22_GitHub\data\real_munich\data\bohrungen_epsg25832_shp\bohrungen_schichten.csv,1874.0,7835BG012305,DIN,unknown_DIN_legacy_default_10,warning,"X,g,s",,,,,flag_for_review,pending
raw,<LOCAL_WORKSPACE>\GRID_D22_GitHub\data\real_munich\data\bohrungen_epsg25832_shp\bohrungen_schichten.csv,1888.0,7835BG012309,DIN,unknown_DIN_legacy_default_10,warning,"H,x",,,,,flag_for_review,pending
raw,<LOCAL_WORKSPACE>\GRID_D22_GitHub\data\real_munich\data\bohrungen_epsg25832_shp\bohrungen_schichten.csv,1891.0,7835BG012309,DIN,unknown_DIN_legacy_default_10,warning,X,,,,,flag_for_review,pending
raw,<LOCAL_WORKSPACE>\GRID_D22_GitHub\data\real_munich\data\bohrungen_epsg25832_shp\bohrungen_schichten.csv,1963.0,7835BG012133,DIN,unknown_DIN_legacy_default_10,warning,X,,,,,flag_for_review,pending
raw,<LOCAL_WORKSPACE>\GRID_D22_GitHub\data\real_munich\data\bohrungen_epsg25832_shp\bohrungen_schichten.csv,,7835BG012313,Untergrenz,original_interval_order,warning,,,,,,legacy_sorts_by_lower_depth,pending
raw,<LOCAL_WORKSPACE>\GRID_D22_GitHub\data\real_munich\data\bohrungen_epsg25832_shp\bohrungen_schichten.csv,,7835BG012491,Untergrenz,original_interval_order,warning,,,,,,legacy_sorts_by_lower_depth,pending
raw,<LOCAL_WORKSPACE>\GRID_D22_GitHub\data\real_munich\data\bohrungen_epsg25832_shp\bohrungen_schichten.csv,2099.0,7835BG012491,DIN,unknown_DIN_legacy_default_10,warning,"H,x",,,,,flag_for_review,pending
raw,<LOCAL_WORKSPACE>\GRID_D22_GitHub\data\real_munich\data\bohrungen_epsg25832_shp\bohrungen_schichten.csv,2100.0,7835BG012491,DIN,unknown_DIN_legacy_default_10,warning,"H,g,s,x",,,,,flag_for_review,pending
raw,<LOCAL_WORKSPACE>\GRID_D22_GitHub\data\real_munich\data\bohrungen_epsg25832_shp\bohrungen_schichten.csv,,7835BG012147,Untergrenz,original_interval_order,warning,,,,,,legacy_sorts_by_lower_depth,pending
raw,<LOCAL_WORKSPACE>\GRID_D22_GitHub\data\real_munich\data\bohrungen_epsg25832_shp\bohrungen_schichten.csv,,7835BG012324,Untergrenz,original_interval_order,warning,,,,,,legacy_sorts_by_lower_depth,pending
raw,<LOCAL_WORKSPACE>\GRID_D22_GitHub\data\real_munich\data\bohrungen_epsg25832_shp\bohrungen_schichten.csv,2160.0,7835BG012324,DIN,unknown_DIN_legacy_default_10,warning,"X,g",,,,,flag_for_review,pending
raw,<LOCAL_WORKSPACE>\GRID_D22_GitHub\data\real_munich\data\bohrungen_epsg25832_shp\bohrungen_schichten.csv,2162.0,7835BG012324,DIN,unknown_DIN_legacy_default_10,warning,"H,u,t",,,,,flag_for_review,pending
raw,<LOCAL_WORKSPACE>\GRID_D22_GitHub\data\real_munich\data\bohrungen_epsg25832_shp\bohrungen_schichten.csv,,7835BG012337,Untergrenz,original_interval_order,warning,,,,,,legacy_sorts_by_lower_depth,pending
raw,<LOCAL_WORKSPACE>\GRID_D22_GitHub\data\real_munich\data\bohrungen_epsg25832_shp\bohrungen_schichten.csv,,7835BG012394,Untergrenz,original_interval_order,warning,,,,,,legacy_sorts_by_lower_depth,pending
raw,<LOCAL_WORKSPACE>\GRID_D22_GitHub\data\real_munich\data\bohrungen_epsg25832_shp\bohrungen_schichten.csv,2216.0,7835BG012442,DIN,unknown_DIN_legacy_default_10,warning,X,,,,,flag_for_review,pending
raw,<LOCAL_WORKSPACE>\GRID_D22_GitHub\data\real_munich\data\bohrungen_epsg25832_shp\bohrungen_schichten.csv,,7835BG010380,Untergrenz,original_interval_order,warning,,,,,,legacy_sorts_by_lower_depth,pending
raw,<LOCAL_WORKSPACE>\GRID_D22_GitHub\data\real_munich\data\bohrungen_epsg25832_shp\bohrungen_schichten.csv,,7835BG010606,Untergrenz,original_interval_order,warning,,,,,,legacy_sorts_by_lower_depth,pending
raw,<LOCAL_WORKSPACE>\GRID_D22_GitHub\data\real_munich\data\bohrungen_epsg25832_shp\bohrungen_schichten.csv,,7835BG010607,Untergrenz,original_interval_order,warning,,,,,,legacy_sorts_by_lower_depth,pending
raw,<LOCAL_WORKSPACE>\GRID_D22_GitHub\data\real_munich\data\bohrungen_epsg25832_shp\bohrungen_schichten.csv,2484.0,7835BG010614,DIN,unknown_DIN_legacy_default_10,warning,Mst,,,,,flag_for_review,pending
raw,<LOCAL_WORKSPACE>\GRID_D22_GitHub\data\real_munich\data\bohrungen_epsg25832_shp\bohrungen_schichten.csv,2494.0,7835BG010614,DIN,unknown_DIN_legacy_default_10,warning,Mst,,,,,flag_for_review,pending
raw,<LOCAL_WORKSPACE>\GRID_D22_GitHub\data\real_munich\data\bohrungen_epsg25832_shp\bohrungen_schichten.csv,2500.0,7835BG010614,DIN,unknown_DIN_legacy_default_10,warning,Mst,,,,,flag_for_review,pending
raw,<LOCAL_WORKSPACE>\GRID_D22_GitHub\data\real_munich\data\bohrungen_epsg25832_shp\bohrungen_schichten.csv,2502.0,7835BG010614,DIN,unknown_DIN_legacy_default_10,warning,Mst,,,,,flag_for_review,pending
raw,<LOCAL_WORKSPACE>\GRID_D22_GitHub\data\real_munich\data\bohrungen_epsg25832_shp\bohrungen_schichten.csv,,7835BG010615,Untergrenz,original_interval_order,warning,,,,,,legacy_sorts_by_lower_depth,pending
raw,<LOCAL_WORKSPACE>\GRID_D22_GitHub\data\real_munich\data\bohrungen_epsg25832_shp\bohrungen_schichten.csv,2574.0,7835BG010619,DIN,unknown_DIN_legacy_default_10,warning,"X,g/,s",,,,,flag_for_review,pending
raw,<LOCAL_WORKSPACE>\GRID_D22_GitHub\data\real_munich\data\bohrungen_epsg25832_shp\bohrungen_schichten.csv,2576.0,7835BG010619,DIN,unknown_DIN_legacy_default_10,warning,"X,g/,s'",,,,,flag_for_review,pending
raw,<LOCAL_WORKSPACE>\GRID_D22_GitHub\data\real_munich\data\bohrungen_epsg25832_shp\bohrungen_schichten.csv,,7835BG010396,Endteufe,end_depth_mismatch,warning,12.3,12.0,,1e-06,,flag_for_review,pending
raw,<LOCAL_WORKSPACE>\GRID_D22_GitHub\data\real_munich\data\bohrungen_epsg25832_shp\bohrungen_schichten.csv,2763.0,7835BG010641,DIN,unknown_DIN_legacy_default_10,warning,"H,g/",,,,,flag_for_review,pending
raw,<LOCAL_WORKSPACE>\GRID_D22_GitHub\data\real_munich\data\bohrungen_epsg25832_shp\bohrungen_schichten.csv,,7835BG011123,Untergrenz,original_interval_order,warning,,,,,,legacy_sorts_by_lower_depth,pending
raw,<LOCAL_WORKSPACE>\GRID_D22_GitHub\data\real_munich\data\bohrungen_epsg25832_shp\bohrungen_schichten.csv,,7835BG010654,Untergrenz,original_interval_order,warning,,,,,,legacy_sorts_by_lower_depth,pending
raw,<LOCAL_WORKSPACE>\GRID_D22_GitHub\data\real_munich\data\bohrungen_epsg25832_shp\bohrungen_schichten.csv,3094.0,7835BG011128,DIN,unknown_DIN_legacy_default_10,warning,"H,g",,,,,flag_for_review,pending
raw,<LOCAL_WORKSPACE>\GRID_D22_GitHub\data\real_munich\data\bohrungen_epsg25832_shp\bohrungen_schichten.csv,,7835BG010620,Untergrenz,original_interval_order,warning,,,,,,legacy_sorts_by_lower_depth,pending
raw,<LOCAL_WORKSPACE>\GRID_D22_GitHub\data\real_munich\data\bohrungen_epsg25832_shp\bohrungen_schichten.csv,3219.0,7835BG010661,DIN,unknown_DIN_legacy_default_10,warning,nb,,,,,flag_for_review,pending
raw,<LOCAL_WORKSPACE>\GRID_D22_GitHub\data\real_munich\data\bohrungen_epsg25832_shp\bohrungen_schichten.csv,,7835BG010623,Untergrenz,original_interval_order,warning,,,,,,legacy_sorts_by_lower_depth,pending
raw,<LOCAL_WORKSPACE>\GRID_D22_GitHub\data\real_munich\data\bohrungen_epsg25832_shp\bohrungen_schichten.csv,3306.0,7835BG010623,DIN,unknown_DIN_legacy_default_10,warning,"X,s",,,,,flag_for_review,pending
raw,<LOCAL_WORKSPACE>\GRID_D22_GitHub\data\real_munich\data\bohrungen_epsg25832_shp\bohrungen_schichten.csv,3308.0,7835BG010623,DIN,unknown_DIN_legacy_default_10,warning,"X,s,g",,,,,flag_for_review,pending
raw,<LOCAL_WORKSPACE>\GRID_D22_GitHub\data\real_munich\data\bohrungen_epsg25832_shp\bohrungen_schichten.csv,3325.0,7835BG010625,DIN,unknown_DIN_legacy_default_10,warning,"X,g",,,,,flag_for_review,pending
raw,<LOCAL_WORKSPACE>\GRID_D22_GitHub\data\real_munich\data\bohrungen_epsg25832_shp\bohrungen_schichten.csv,,7835BG010662,Untergrenz,original_interval_order,warning,,,,,,legacy_sorts_by_lower_depth,pending
raw,<LOCAL_WORKSPACE>\GRID_D22_GitHub\data\real_munich\data\bohrungen_epsg25832_shp\bohrungen_schichten.csv,3429.0,7835BG010662,DIN,unknown_DIN_legacy_default_10,warning,"X,g,s'",,,,,flag_for_review,pending
raw,<LOCAL_WORKSPACE>\GRID_D22_GitHub\data\real_munich\data\bohrungen_epsg25832_shp\bohrungen_schichten.csv,,7835BG010824,Untergrenz,original_interval_order,warning,,,,,,legacy_sorts_by_lower_depth,pending
raw,<LOCAL_WORKSPACE>\GRID_D22_GitHub\data\real_munich\data\bohrungen_epsg25832_shp\bohrungen_schichten.csv,,7835BG010832,Untergrenz,original_interval_order,warning,,,,,,legacy_sorts_by_lower_depth,pending
raw,<LOCAL_WORKSPACE>\GRID_D22_GitHub\data\real_munich\data\bohrungen_epsg25832_shp\bohrungen_schichten.csv,,7835BG010630,Untergrenz,original_interval_order,warning,,,,,,legacy_sorts_by_lower_depth,pending
raw,<LOCAL_WORKSPACE>\GRID_D22_GitHub\data\real_munich\data\bohrungen_epsg25832_shp\bohrungen_schichten.csv,3623.0,7835BG010671,DIN,unknown_DIN_legacy_default_10,warning,"X,g/,s",,,,,flag_for_review,pending
raw,<LOCAL_WORKSPACE>\GRID_D22_GitHub\data\real_munich\data\bohrungen_epsg25832_shp\bohrungen_schichten.csv,,7835BG010672,Untergrenz,original_interval_order,warning,,,,,,legacy_sorts_by_lower_depth,pending
raw,<LOCAL_WORKSPACE>\GRID_D22_GitHub\data\real_munich\data\bohrungen_epsg25832_shp\bohrungen_schichten.csv,3696.0,7835BG010634,DIN,unknown_DIN_legacy_default_10,warning,"H,g",,,,,flag_for_review,pending
raw,<LOCAL_WORKSPACE>\GRID_D22_GitHub\data\real_munich\data\bohrungen_epsg25832_shp\bohrungen_schichten.csv,,7835BG010635,Untergrenz,original_interval_order,warning,,,,,,legacy_sorts_by_lower_depth,pending
raw,<LOCAL_WORKSPACE>\GRID_D22_GitHub\data\real_munich\data\bohrungen_epsg25832_shp\bohrungen_schichten.csv,,7835BG010639,Untergrenz,original_interval_order,warning,,,,,,legacy_sorts_by_lower_depth,pending
raw,<LOCAL_WORKSPACE>\GRID_D22_GitHub\data\real_munich\data\bohrungen_epsg25832_shp\bohrungen_schichten.csv,3771.0,7835BG010676,DIN,unknown_DIN_legacy_default_10,warning,"X,g,s'",,,,,flag_for_review,pending
raw,<LOCAL_WORKSPACE>\GRID_D22_GitHub\data\real_munich\data\bohrungen_epsg25832_shp\bohrungen_schichten.csv,,7835BG010990,Untergrenz,original_interval_order,warning,,,,,,legacy_sorts_by_lower_depth,pending
raw,<LOCAL_WORKSPACE>\GRID_D22_GitHub\data\real_munich\data\bohrungen_epsg25832_shp\bohrungen_schichten.csv,3984.0,7835BG010995,DIN,unknown_DIN_legacy_default_10,warning,Mst,,,,,flag_for_review,pending
raw,<LOCAL_WORKSPACE>\GRID_D22_GitHub\data\real_munich\data\bohrungen_epsg25832_shp\bohrungen_schichten.csv,3993.0,7835BG010995,DIN,unknown_DIN_legacy_default_10,warning,Mst,,,,,flag_for_review,pending
raw,<LOCAL_WORKSPACE>\GRID_D22_GitHub\data\real_munich\data\bohrungen_epsg25832_shp\bohrungen_schichten.csv,3996.0,7835BG010995,DIN,unknown_DIN_legacy_default_10,warning,Mst,,,,,flag_for_review,pending
raw,<LOCAL_WORKSPACE>\GRID_D22_GitHub\data\real_munich\data\bohrungen_epsg25832_shp\bohrungen_schichten.csv,,7835BG011103,Untergrenz,original_interval_order,warning,,,,,,legacy_sorts_by_lower_depth,pending
raw,<LOCAL_WORKSPACE>\GRID_D22_GitHub\data\real_munich\data\bohrungen_epsg25832_shp\bohrungen_schichten.csv,4121.0,7835BG011105,DIN,unknown_DIN_legacy_default_10,warning,"H,g",,,,,flag_for_review,pending
raw,<LOCAL_WORKSPACE>\GRID_D22_GitHub\data\real_munich\data\bohrungen_epsg25832_shp\bohrungen_schichten.csv,4197.0,7835BG009095,DIN,unknown_DIN_legacy_default_10,warning,X,,,,,flag_for_review,pending
raw,<LOCAL_WORKSPACE>\GRID_D22_GitHub\data\real_munich\data\bohrungen_epsg25832_shp\bohrungen_schichten.csv,,7835BG011048,Untergrenz,original_interval_order,warning,,,,,,legacy_sorts_by_lower_depth,pending
raw,<LOCAL_WORKSPACE>\GRID_D22_GitHub\data\real_munich\data\bohrungen_epsg25832_shp\bohrungen_schichten.csv,4335.0,7835BG009277,DIN,unknown_DIN_legacy_default_10,warning,X,,,,,flag_for_review,pending
raw,<LOCAL_WORKSPACE>\GRID_D22_GitHub\data\real_munich\data\bohrungen_epsg25832_shp\bohrungen_schichten.csv,,7835BG011091,Untergrenz,original_interval_order,warning,,,,,,legacy_sorts_by_lower_depth,pending
raw,<LOCAL_WORKSPACE>\GRID_D22_GitHub\data\real_munich\data\bohrungen_epsg25832_shp\bohrungen_schichten.csv,,7835BG009287,Untergrenz,original_interval_order,warning,,,,,,legacy_sorts_by_lower_depth,pending
raw,<LOCAL_WORKSPACE>\GRID_D22_GitHub\data\real_munich\data\bohrungen_epsg25832_shp\bohrungen_schichten.csv,,7835BG008597,Untergrenz,original_interval_order,warning,,,,,,legacy_sorts_by_lower_depth,pending
raw,<LOCAL_WORKSPACE>\GRID_D22_GitHub\data\real_munich\data\bohrungen_epsg25832_shp\bohrungen_schichten.csv,,7835BG008736,Untergrenz,original_interval_order,warning,,,,,,legacy_sorts_by_lower_depth,pending
raw,<LOCAL_WORKSPACE>\GRID_D22_GitHub\data\real_munich\data\bohrungen_epsg25832_shp\bohrungen_schichten.csv,,7835BG008626,Untergrenz,original_interval_order,warning,,,,,,legacy_sorts_by_lower_depth,pending
raw,<LOCAL_WORKSPACE>\GRID_D22_GitHub\data\real_munich\data\bohrungen_epsg25832_shp\bohrungen_schichten.csv,,7835BG008626,Endteufe,end_depth_mismatch,warning,20.05,20.0,,1e-06,,flag_for_review,pending
raw,<LOCAL_WORKSPACE>\GRID_D22_GitHub\data\real_munich\data\bohrungen_epsg25832_shp\bohrungen_schichten.csv,,7835BG008632,Untergrenz,original_interval_order,warning,,,,,,legacy_sorts_by_lower_depth,pending
raw,<LOCAL_WORKSPACE>\GRID_D22_GitHub\data\real_munich\data\bohrungen_epsg25832_shp\bohrungen_schichten.csv,4943.0,7835BG009099,DIN,unknown_DIN_legacy_default_10,warning,X,,,,,flag_for_review,pending
raw,<LOCAL_WORKSPACE>\GRID_D22_GitHub\data\real_munich\data\bohrungen_epsg25832_shp\bohrungen_schichten.csv,,7835BG008502,Untergrenz,original_interval_order,warning,,,,,,legacy_sorts_by_lower_depth,pending
raw,<LOCAL_WORKSPACE>\GRID_D22_GitHub\data\real_munich\data\bohrungen_epsg25832_shp\bohrungen_schichten.csv,,7835BG008639,Untergrenz,original_interval_order,warning,,,,,,legacy_sorts_by_lower_depth,pending
raw,<LOCAL_WORKSPACE>\GRID_D22_GitHub\data\real_munich\data\bohrungen_epsg25832_shp\bohrungen_schichten.csv,,7835BG008639,Endteufe,end_depth_mismatch,warning,25.0,23.4,,1e-06,,flag_for_review,pending
raw,<LOCAL_WORKSPACE>\GRID_D22_GitHub\data\real_munich\data\bohrungen_epsg25832_shp\bohrungen_schichten.csv,,7835BG008643,Untergrenz,original_interval_order,warning,,,,,,legacy_sorts_by_lower_depth,pending
raw,<LOCAL_WORKSPACE>\GRID_D22_GitHub\data\real_munich\data\bohrungen_epsg25832_shp\bohrungen_schichten.csv,5226.0,7835BG008647,DIN,unknown_DIN_legacy_default_10,warning,"H,s,s",,,,,flag_for_review,pending
raw,<LOCAL_WORKSPACE>\GRID_D22_GitHub\data\real_munich\data\bohrungen_epsg25832_shp\bohrungen_schichten.csv,,7835BG008893,Endteufe,end_depth_mismatch,warning,9.5,9.1,,1e-06,,flag_for_review,pending
raw,<LOCAL_WORKSPACE>\GRID_D22_GitHub\data\real_munich\data\bohrungen_epsg25832_shp\bohrungen_schichten.csv,,7835BG008895,Untergrenz,original_interval_order,warning,,,,,,legacy_sorts_by_lower_depth,pending
raw,<LOCAL_WORKSPACE>\GRID_D22_GitHub\data\real_munich\data\bohrungen_epsg25832_shp\bohrungen_schichten.csv,5304.0,7835BG009292,DIN,unknown_DIN_legacy_default_10,warning,"H,g,s,u",,,,,flag_for_review,pending
raw,<LOCAL_WORKSPACE>\GRID_D22_GitHub\data\real_munich\data\bohrungen_epsg25832_shp\bohrungen_schichten.csv,5306.0,7835BG009292,DIN,unknown_DIN_legacy_default_10,warning,"X,g,s",,,,,flag_for_review,pending
raw,<LOCAL_WORKSPACE>\GRID_D22_GitHub\data\real_munich\data\bohrungen_epsg25832_shp\bohrungen_schichten.csv,,7835BG008650,Untergrenz,original_interval_order,warning,,,,,,legacy_sorts_by_lower_depth,pending
raw,<LOCAL_WORKSPACE>\GRID_D22_GitHub\data\real_munich\data\bohrungen_epsg25832_shp\bohrungen_schichten.csv,5419.0,7835BG008653,DIN,unknown_DIN_legacy_default_10,warning,"H,s,s",,,,,flag_for_review,pending
raw,<LOCAL_WORKSPACE>\GRID_D22_GitHub\data\real_munich\data\bohrungen_epsg25832_shp\bohrungen_schichten.csv,5421.0,7835BG008653,DIN,unknown_DIN_legacy_default_10,warning,"H,g,s",,,,,flag_for_review,pending
raw,<LOCAL_WORKSPACE>\GRID_D22_GitHub\data\real_munich\data\bohrungen_epsg25832_shp\bohrungen_schichten.csv,,7835BG009192,Untergrenz,original_interval_order,warning,,,,,,legacy_sorts_by_lower_depth,pending
raw,<LOCAL_WORKSPACE>\GRID_D22_GitHub\data\real_munich\data\bohrungen_epsg25832_shp\bohrungen_schichten.csv,,7835BG010132,Untergrenz,original_interval_order,warning,,,,,,legacy_sorts_by_lower_depth,pending
raw,<LOCAL_WORKSPACE>\GRID_D22_GitHub\data\real_munich\data\bohrungen_epsg25832_shp\bohrungen_schichten.csv,,7835BG010137,Untergrenz,original_interval_order,warning,,,,,,legacy_sorts_by_lower_depth,pending
raw,<LOCAL_WORKSPACE>\GRID_D22_GitHub\data\real_munich\data\bohrungen_epsg25832_shp\bohrungen_schichten.csv,,7835BG010140,Untergrenz,original_interval_order,warning,,,,,,legacy_sorts_by_lower_depth,pending
raw,<LOCAL_WORKSPACE>\GRID_D22_GitHub\data\real_munich\data\bohrungen_epsg25832_shp\bohrungen_schichten.csv,,7835BG010175,Endteufe,end_depth_mismatch,warning,16.9,16.5,,1e-06,,flag_for_review,pending
raw,<LOCAL_WORKSPACE>\GRID_D22_GitHub\data\real_munich\data\bohrungen_epsg25832_shp\bohrungen_schichten.csv,,7835BG010143,Untergrenz,original_interval_order,warning,,,,,,legacy_sorts_by_lower_depth,pending
raw,<LOCAL_WORKSPACE>\GRID_D22_GitHub\data\real_munich\data\bohrungen_epsg25832_shp\bohrungen_schichten.csv,6018.0,7835BG009470,DIN,unknown_DIN_legacy_default_10,warning,Mst,,,,,flag_for_review,pending
raw,<LOCAL_WORKSPACE>\GRID_D22_GitHub\data\real_munich\data\bohrungen_epsg25832_shp\bohrungen_schichten.csv,6025.0,7835BG009470,DIN,unknown_DIN_legacy_default_10,warning,Mst,,,,,flag_for_review,pending
raw,<LOCAL_WORKSPACE>\GRID_D22_GitHub\data\real_munich\data\bohrungen_epsg25832_shp\bohrungen_schichten.csv,6040.0,7835BG009470,DIN,unknown_DIN_legacy_default_10,warning,Mst,,,,,flag_for_review,pending
raw,<LOCAL_WORKSPACE>\GRID_D22_GitHub\data\real_munich\data\bohrungen_epsg25832_shp\bohrungen_schichten.csv,6043.0,7835BG009470,DIN,unknown_DIN_legacy_default_10,warning,Mst,,,,,flag_for_review,pending
raw,<LOCAL_WORKSPACE>\GRID_D22_GitHub\data\real_munich\data\bohrungen_epsg25832_shp\bohrungen_schichten.csv,,7835BG009513,Untergrenz,original_interval_order,warning,,,,,,legacy_sorts_by_lower_depth,pending
raw,<LOCAL_WORKSPACE>\GRID_D22_GitHub\data\real_munich\data\bohrungen_epsg25832_shp\bohrungen_schichten.csv,,7835BG009474,Endteufe,end_depth_mismatch,warning,11.3,11.2,,1e-06,,flag_for_review,pending
raw,<LOCAL_WORKSPACE>\GRID_D22_GitHub\data\real_munich\data\bohrungen_epsg25832_shp\bohrungen_schichten.csv,,7835BG009517,Untergrenz,original_interval_order,warning,,,,,,legacy_sorts_by_lower_depth,pending
raw,<LOCAL_WORKSPACE>\GRID_D22_GitHub\data\real_munich\data\bohrungen_epsg25832_shp\bohrungen_schichten.csv,,7835BG010117,Untergrenz,original_interval_order,warning,,,,,,legacy_sorts_by_lower_depth,pending
raw,<LOCAL_WORKSPACE>\GRID_D22_GitHub\data\real_munich\data\bohrungen_epsg25832_shp\bohrungen_schichten.csv,,7835BG010149,Untergrenz,original_interval_order,warning,,,,,,legacy_sorts_by_lower_depth,pending
raw,<LOCAL_WORKSPACE>\GRID_D22_GitHub\data\real_munich\data\bohrungen_epsg25832_shp\bohrungen_schichten.csv,,7835BG010122,Untergrenz,original_interval_order,warning,,,,,,legacy_sorts_by_lower_depth,pending
raw,<LOCAL_WORKSPACE>\GRID_D22_GitHub\data\real_munich\data\bohrungen_epsg25832_shp\bohrungen_schichten.csv,,7835BG010126,Untergrenz,original_interval_order,warning,,,,,,legacy_sorts_by_lower_depth,pending
raw,<LOCAL_WORKSPACE>\GRID_D22_GitHub\data\real_munich\data\bohrungen_epsg25832_shp\bohrungen_schichten.csv,,7835BG010130,Untergrenz,original_interval_order,warning,,,,,,legacy_sorts_by_lower_depth,pending
raw,<LOCAL_WORKSPACE>\GRID_D22_GitHub\data\real_munich\data\bohrungen_epsg25832_shp\bohrungen_schichten.csv,,7835BG007752,Untergrenz,original_interval_order,warning,,,,,,legacy_sorts_by_lower_depth,pending
raw,<LOCAL_WORKSPACE>\GRID_D22_GitHub\data\real_munich\data\bohrungen_epsg25832_shp\bohrungen_schichten.csv,,7835BG010182,Untergrenz,original_interval_order,warning,,,,,,legacy_sorts_by_lower_depth,pending
raw,<LOCAL_WORKSPACE>\GRID_D22_GitHub\data\real_munich\data\bohrungen_epsg25832_shp\bohrungen_schichten.csv,,7835BG010190,Untergrenz,original_interval_order,warning,,,,,,legacy_sorts_by_lower_depth,pending
raw,<LOCAL_WORKSPACE>\GRID_D22_GitHub\data\real_munich\data\bohrungen_epsg25832_shp\bohrungen_schichten.csv,6888.0,7835BG010193,DIN,unknown_DIN_legacy_default_10,warning,"X,g",,,,,flag_for_review,pending
raw,<LOCAL_WORKSPACE>\GRID_D22_GitHub\data\real_munich\data\bohrungen_epsg25832_shp\bohrungen_schichten.csv,,7835BG007839,Untergrenz,original_interval_order,warning,,,,,,legacy_sorts_by_lower_depth,pending
raw,<LOCAL_WORKSPACE>\GRID_D22_GitHub\data\real_munich\data\bohrungen_epsg25832_shp\bohrungen_schichten.csv,,7835BG008111,Untergrenz,original_interval_order,warning,,,,,,legacy_sorts_by_lower_depth,pending
raw,<LOCAL_WORKSPACE>\GRID_D22_GitHub\data\real_munich\data\bohrungen_epsg25832_shp\bohrungen_schichten.csv,,7835BG007837,Endteufe,end_depth_mismatch,warning,34.5,34.1,,1e-06,,flag_for_review,pending
raw,<LOCAL_WORKSPACE>\GRID_D22_GitHub\data\real_munich\data\bohrungen_epsg25832_shp\bohrungen_schichten.csv,,7835BG007749,Untergrenz,original_interval_order,warning,,,,,,legacy_sorts_by_lower_depth,pending
raw,<LOCAL_WORKSPACE>\GRID_D22_GitHub\data\real_munich\data\bohrungen_epsg25832_shp\bohrungen_schichten.csv,7210.0,7835BG007849,DIN,unknown_DIN_legacy_default_10,warning,"H,s",,,,,flag_for_review,pending
raw,<LOCAL_WORKSPACE>\GRID_D22_GitHub\data\real_munich\data\bohrungen_epsg25832_shp\bohrungen_schichten.csv,7227.0,7835BG008108,DIN,unknown_DIN_legacy_default_10,warning,"X,h",,,,,flag_for_review,pending
raw,<LOCAL_WORKSPACE>\GRID_D22_GitHub\data\real_munich\data\bohrungen_epsg25832_shp\bohrungen_schichten.csv,7236.0,7835BG017223,DIN,missing_DIN,warning,,,,,,flag_for_review,pending
raw,<LOCAL_WORKSPACE>\GRID_D22_GitHub\data\real_munich\data\bohrungen_epsg25832_shp\bohrungen_schichten.csv,,7835BG007783,Untergrenz,original_interval_order,warning,,,,,,legacy_sorts_by_lower_depth,pending
raw,<LOCAL_WORKSPACE>\GRID_D22_GitHub\data\real_munich\data\bohrungen_epsg25832_shp\bohrungen_schichten.csv,,7835BG007744,Untergrenz,original_interval_order,warning,,,,,,legacy_sorts_by_lower_depth,pending
raw,<LOCAL_WORKSPACE>\GRID_D22_GitHub\data\real_munich\data\bohrungen_epsg25832_shp\bohrungen_schichten.csv,7439.0,7835BG009094,DIN,unknown_DIN_legacy_default_10,warning,X,,,,,flag_for_review,pending
raw,<LOCAL_WORKSPACE>\GRID_D22_GitHub\data\real_munich\data\bohrungen_epsg25832_shp\bohrungen_schichten.csv,,7835BG010602,Untergrenz,original_interval_order,warning,,,,,,legacy_sorts_by_lower_depth,pending
raw,<LOCAL_WORKSPACE>\GRID_D22_GitHub\data\real_munich\data\bohrungen_epsg25832_shp\bohrungen_schichten.csv,7503.0,7835BG010605,DIN,unknown_DIN_legacy_default_10,warning,Mst,,,,,flag_for_review,pending
raw,<LOCAL_WORKSPACE>\GRID_D22_GitHub\data\real_munich\data\bohrungen_epsg25832_shp\bohrungen_schichten.csv,7508.0,7835BG010605,DIN,unknown_DIN_legacy_default_10,warning,Mst,,,,,flag_for_review,pending
raw,<LOCAL_WORKSPACE>\GRID_D22_GitHub\data\real_munich\data\bohrungen_epsg25832_shp\bohrungen_schichten.csv,7521.0,7835BG010605,DIN,unknown_DIN_legacy_default_10,warning,Mst,,,,,flag_for_review,pending
raw,<LOCAL_WORKSPACE>\GRID_D22_GitHub\data\real_munich\data\bohrungen_epsg25832_shp\bohrungen_schichten.csv,7523.0,7835BG010605,DIN,unknown_DIN_legacy_default_10,warning,Mst,,,,,flag_for_review,pending
raw,<LOCAL_WORKSPACE>\GRID_D22_GitHub\data\real_munich\data\bohrungen_epsg25832_shp\bohrungen_schichten.csv,7636.0,7835BG010628,DIN,unknown_DIN_legacy_default_10,warning,"H,g/,s",,,,,flag_for_review,pending
raw,<LOCAL_WORKSPACE>\GRID_D22_GitHub\data\real_munich\data\bohrungen_epsg25832_shp\bohrungen_schichten.csv,,7835BG009229,Untergrenz,original_interval_order,warning,,,,,,legacy_sorts_by_lower_depth,pending
raw,<LOCAL_WORKSPACE>\GRID_D22_GitHub\data\real_munich\data\bohrungen_epsg25832_shp\bohrungen_schichten.csv,,7835BG009244,Untergrenz,original_interval_order,warning,,,,,,legacy_sorts_by_lower_depth,pending
raw,<LOCAL_WORKSPACE>\GRID_D22_GitHub\data\real_munich\data\bohrungen_epsg25832_shp\bohrungen_schichten.csv,,7835BG010114,Untergrenz,original_interval_order,warning,,,,,,legacy_sorts_by_lower_depth,pending
raw,<LOCAL_WORKSPACE>\GRID_D22_GitHub\data\real_munich\data\bohrungen_epsg25832_shp\bohrungen_schichten.csv,7834.0,7835BG010636,DIN,unknown_DIN_legacy_default_10,warning,"H,g",,,,,flag_for_review,pending
raw,<LOCAL_WORKSPACE>\GRID_D22_GitHub\data\real_munich\data\bohrungen_epsg25832_shp\bohrungen_schichten.csv,7850.0,7835BG010638,DIN,unknown_DIN_legacy_default_10,warning,"H,g",,,,,flag_for_review,pending
raw,<LOCAL_WORKSPACE>\GRID_D22_GitHub\data\real_munich\data\bohrungen_epsg25832_shp\bohrungen_schichten.csv,,7835BG010651,Untergrenz,original_interval_order,warning,,,,,,legacy_sorts_by_lower_depth,pending
raw,<LOCAL_WORKSPACE>\GRID_D22_GitHub\data\real_munich\data\bohrungen_epsg25832_shp\bohrungen_schichten.csv,7924.0,7835BG010651,DIN,unknown_DIN_legacy_default_10,warning,"H,g",,,,,flag_for_review,pending
raw,<LOCAL_WORKSPACE>\GRID_D22_GitHub\data\real_munich\data\bohrungen_epsg25832_shp\bohrungen_schichten.csv,,7835BG010674,Untergrenz,original_interval_order,warning,,,,,,legacy_sorts_by_lower_depth,pending
raw,<LOCAL_WORKSPACE>\GRID_D22_GitHub\data\real_munich\data\bohrungen_epsg25832_shp\bohrungen_schichten.csv,,7835BG008622,Untergrenz,original_interval_order,warning,,,,,,legacy_sorts_by_lower_depth,pending
raw,<LOCAL_WORKSPACE>\GRID_D22_GitHub\data\real_munich\data\bohrungen_epsg25832_shp\bohrungen_schichten.csv,8131.0,7835BG009275,DIN,unknown_DIN_legacy_default_10,warning,"X,s",,,,,flag_for_review,pending
raw,<LOCAL_WORKSPACE>\GRID_D22_GitHub\data\real_munich\data\bohrungen_epsg25832_shp\bohrungen_schichten.csv,8160.0,7835BG009290,DIN,unknown_DIN_legacy_default_10,warning,X,,,,,flag_for_review,pending
raw,<LOCAL_WORKSPACE>\GRID_D22_GitHub\data\real_munich\data\bohrungen_epsg25832_shp\bohrungen_schichten.csv,,7835BG010156,Untergrenz,original_interval_order,warning,,,,,,legacy_sorts_by_lower_depth,pending
raw,<LOCAL_WORKSPACE>\GRID_D22_GitHub\data\real_munich\data\bohrungen_epsg25832_shp\bohrungen_schichten.csv,,7835BG008658,Endteufe,end_depth_mismatch,warning,13.5,13.3,,1e-06,,flag_for_review,pending
raw,<LOCAL_WORKSPACE>\GRID_D22_GitHub\data\real_munich\data\bohrungen_epsg25832_shp\bohrungen_schichten.csv,,7835BG008666,Untergrenz,original_interval_order,warning,,,,,,legacy_sorts_by_lower_depth,pending
raw,<LOCAL_WORKSPACE>\GRID_D22_GitHub\data\real_munich\data\bohrungen_epsg25832_shp\bohrungen_schichten.csv,,7835BG010180,Endteufe,end_depth_mismatch,warning,16.87,16.6,,1e-06,,flag_for_review,pending
raw,<LOCAL_WORKSPACE>\GRID_D22_GitHub\data\real_munich\data\bohrungen_epsg25832_shp\bohrungen_schichten.csv,,7835BG010191,Untergrenz,original_interval_order,warning,,,,,,legacy_sorts_by_lower_depth,pending
raw,<LOCAL_WORKSPACE>\GRID_D22_GitHub\data\real_munich\data\bohrungen_epsg25832_shp\bohrungen_schichten.csv,,7835BG007666,Untergrenz,original_interval_order,warning,,,,,,legacy_sorts_by_lower_depth,pending
raw,<LOCAL_WORKSPACE>\GRID_D22_GitHub\data\real_munich\data\bohrungen_epsg25832_shp\bohrungen_schichten.csv,8737.0,7835BG011414,DIN,unknown_DIN_legacy_default_10,warning,"H,s,u",,,,,flag_for_review,pending
raw,<LOCAL_WORKSPACE>\GRID_D22_GitHub\data\real_munich\data\bohrungen_epsg25832_shp\bohrungen_schichten.csv,8772.0,7835BG011895,DIN,unknown_DIN_legacy_default_10,warning,X,,,,,flag_for_review,pending
raw,<LOCAL_WORKSPACE>\GRID_D22_GitHub\data\real_munich\data\bohrungen_epsg25832_shp\bohrungen_schichten.csv,8811.0,7835BG011042,DIN,unknown_DIN_legacy_default_10,warning,Mb,,,,,flag_for_review,pending
raw,<LOCAL_WORKSPACE>\GRID_D22_GitHub\data\real_munich\data\bohrungen_epsg25832_shp\bohrungen_schichten.csv,,7835BG009789,Untergrenz,original_interval_order,warning,,,,,,legacy_sorts_by_lower_depth,pending
raw,<LOCAL_WORKSPACE>\GRID_D22_GitHub\data\real_munich\data\bohrungen_epsg25832_shp\bohrungen_schichten.csv,8925.0,7835BG012304,DIN,unknown_DIN_legacy_default_10,warning,"X,g,s",,,,,flag_for_review,pending
raw,<LOCAL_WORKSPACE>\GRID_D22_GitHub\data\real_munich\data\bohrungen_epsg25832_shp\bohrungen_schichten.csv,8926.0,7835BG012304,DIN,unknown_DIN_legacy_default_10,warning,"X,g",,,,,flag_for_review,pending
raw,<LOCAL_WORKSPACE>\GRID_D22_GitHub\data\real_munich\data\bohrungen_epsg25832_shp\bohrungen_schichten.csv,,7835BG010888,Untergrenz,original_interval_order,warning,,,,,,legacy_sorts_by_lower_depth,pending
raw,<LOCAL_WORKSPACE>\GRID_D22_GitHub\data\real_munich\data\bohrungen_epsg25832_shp\bohrungen_schichten.csv,,7835BG009145,Untergrenz,original_interval_order,warning,,,,,,legacy_sorts_by_lower_depth,pending
raw,<LOCAL_WORKSPACE>\GRID_D22_GitHub\data\real_munich\data\bohrungen_epsg25832_shp\bohrungen_schichten.csv,,7835BG011107,Untergrenz,original_interval_order,warning,,,,,,legacy_sorts_by_lower_depth,pending
raw,<LOCAL_WORKSPACE>\GRID_D22_GitHub\data\real_munich\data\bohrungen_epsg25832_shp\bohrungen_schichten.csv,,7835BG011119,Untergrenz,original_interval_order,warning,,,,,,legacy_sorts_by_lower_depth,pending
raw,<LOCAL_WORKSPACE>\GRID_D22_GitHub\data\real_munich\data\bohrungen_epsg25832_shp\bohrungen_schichten.csv,,7835BG011126,Untergrenz,original_interval_order,warning,,,,,,legacy_sorts_by_lower_depth,pending
raw,<LOCAL_WORKSPACE>\GRID_D22_GitHub\data\real_munich\data\bohrungen_epsg25832_shp\bohrungen_schichten.csv,,7835BG010522,Untergrenz,original_interval_order,warning,,,,,,legacy_sorts_by_lower_depth,pending
raw,<LOCAL_WORKSPACE>\GRID_D22_GitHub\data\real_munich\data\bohrungen_epsg25832_shp\bohrungen_schichten.csv,9332.0,7835BG012384,DIN,unknown_DIN_legacy_default_10,warning,"H,s,g",,,,,flag_for_review,pending
raw,<LOCAL_WORKSPACE>\GRID_D22_GitHub\data\real_munich\data\bohrungen_epsg25832_shp\bohrungen_schichten.csv,9357.0,7835BG013355,DIN,unknown_DIN_legacy_default_10,warning,nb,,,,,flag_for_review,pending
raw,<LOCAL_WORKSPACE>\GRID_D22_GitHub\data\real_munich\data\bohrungen_epsg25832_shp\bohrungen_schichten.csv,,7835BG013358,Endteufe,end_depth_mismatch,warning,19.8,18.83,,1e-06,,flag_for_review,pending
raw,<LOCAL_WORKSPACE>\GRID_D22_GitHub\data\real_munich\data\bohrungen_epsg25832_shp\bohrungen_schichten.csv,9413.0,7835BG013358,DIN,unknown_DIN_legacy_default_10,warning,nb,,,,,flag_for_review,pending
raw,<LOCAL_WORKSPACE>\GRID_D22_GitHub\data\real_munich\data\bohrungen_epsg25832_shp\bohrungen_schichten.csv,,7835BG010962,Untergrenz,original_interval_order,warning,,,,,,legacy_sorts_by_lower_depth,pending
raw,<LOCAL_WORKSPACE>\GRID_D22_GitHub\data\real_munich\data\bohrungen_epsg25832_shp\bohrungen_schichten.csv,,7835BG010965,Untergrenz,original_interval_order,warning,,,,,,legacy_sorts_by_lower_depth,pending
raw,<LOCAL_WORKSPACE>\GRID_D22_GitHub\data\real_munich\data\bohrungen_epsg25832_shp\bohrungen_schichten.csv,9610.0,7835BG012146,DIN,unknown_DIN_legacy_default_10,warning,X,,,,,flag_for_review,pending
raw,<LOCAL_WORKSPACE>\GRID_D22_GitHub\data\real_munich\data\bohrungen_epsg25832_shp\bohrungen_schichten.csv,,7835BG012874,Untergrenz,original_interval_order,warning,,,,,,legacy_sorts_by_lower_depth,pending
raw,<LOCAL_WORKSPACE>\GRID_D22_GitHub\data\real_munich\data\bohrungen_epsg25832_shp\bohrungen_schichten.csv,9651.0,7835BG012874,DIN,unknown_DIN_legacy_default_10,warning,"H,x",,,,,flag_for_review,pending
raw,<LOCAL_WORKSPACE>\GRID_D22_GitHub\data\real_munich\data\bohrungen_epsg25832_shp\bohrungen_schichten.csv,,7835BG011387,Untergrenz,original_interval_order,warning,,,,,,legacy_sorts_by_lower_depth,pending
raw,<LOCAL_WORKSPACE>\GRID_D22_GitHub\data\real_munich\data\bohrungen_epsg25832_shp\bohrungen_schichten.csv,9881.0,7835BG017258,DIN,missing_DIN,warning,,,,,,flag_for_review,pending
raw,<LOCAL_WORKSPACE>\GRID_D22_GitHub\data\real_munich\data\bohrungen_epsg25832_shp\bohrungen_schichten.csv,9882.0,7835BG007557,DIN,unknown_DIN_legacy_default_10,warning,X,,,,,flag_for_review,pending
raw,<LOCAL_WORKSPACE>\GRID_D22_GitHub\data\real_munich\data\bohrungen_epsg25832_shp\bohrungen_schichten.csv,,7835BG007561,Untergrenz,original_interval_order,warning,,,,,,legacy_sorts_by_lower_depth,pending
raw,<LOCAL_WORKSPACE>\GRID_D22_GitHub\data\real_munich\data\bohrungen_epsg25832_shp\bohrungen_schichten.csv,,7835BG001711,Untergrenz,original_interval_order,warning,,,,,,legacy_sorts_by_lower_depth,pending
raw,<LOCAL_WORKSPACE>\GRID_D22_GitHub\data\real_munich\data\bohrungen_epsg25832_shp\bohrungen_schichten.csv,9912.0,7835BG000784,DIN,unknown_DIN_legacy_default_10,warning,H,,,,,flag_for_review,pending
raw,<LOCAL_WORKSPACE>\GRID_D22_GitHub\data\real_munich\data\bohrungen_epsg25832_shp\bohrungen_schichten.csv,10108.0,7835BG000805,DIN,unknown_DIN_legacy_default_10,warning,"H,g",,,,,flag_for_review,pending
raw,<LOCAL_WORKSPACE>\GRID_D22_GitHub\data\real_munich\data\bohrungen_epsg25832_shp\bohrungen_schichten.csv,10120.0,7835BG000825,DIN,unknown_DIN_legacy_default_10,warning,H,,,,,flag_for_review,pending
raw,<LOCAL_WORKSPACE>\GRID_D22_GitHub\data\real_munich\data\bohrungen_epsg25832_shp\bohrungen_schichten.csv,,7835BG000930,Untergrenz,original_interval_order,warning,,,,,,legacy_sorts_by_lower_depth,pending
raw,<LOCAL_WORKSPACE>\GRID_D22_GitHub\data\real_munich\data\bohrungen_epsg25832_shp\bohrungen_schichten.csv,10326.0,7835BG000686,DIN,unknown_DIN_legacy_default_10,warning,"H,g",,,,,flag_for_review,pending
raw,<LOCAL_WORKSPACE>\GRID_D22_GitHub\data\real_munich\data\bohrungen_epsg25832_shp\bohrungen_schichten.csv,10332.0,7835BG000693,DIN,unknown_DIN_legacy_default_10,warning,H,,,,,flag_for_review,pending
raw,<LOCAL_WORKSPACE>\GRID_D22_GitHub\data\real_munich\data\bohrungen_epsg25832_shp\bohrungen_schichten.csv,10345.0,7835BG000942,DIN,unknown_DIN_legacy_default_10,warning,X,,,,,flag_for_review,pending
raw,<LOCAL_WORKSPACE>\GRID_D22_GitHub\data\real_munich\data\bohrungen_epsg25832_shp\bohrungen_schichten.csv,,7835BG007143,Untergrenz,original_interval_order,warning,,,,,,legacy_sorts_by_lower_depth,pending
raw,<LOCAL_WORKSPACE>\GRID_D22_GitHub\data\real_munich\data\bohrungen_epsg25832_shp\bohrungen_schichten.csv,10570.0,7835BG003940,DIN,unknown_DIN_legacy_default_10,warning,"H,g,x",,,,,flag_for_review,pending
raw,<LOCAL_WORKSPACE>\GRID_D22_GitHub\data\real_munich\data\bohrungen_epsg25832_shp\bohrungen_schichten.csv,,7835BG000218,Untergrenz,original_interval_order,warning,,,,,,legacy_sorts_by_lower_depth,pending
raw,<LOCAL_WORKSPACE>\GRID_D22_GitHub\data\real_munich\data\bohrungen_epsg25832_shp\bohrungen_schichten.csv,,7835BG003970,Untergrenz,original_interval_order,warning,,,,,,legacy_sorts_by_lower_depth,pending
raw,<LOCAL_WORKSPACE>\GRID_D22_GitHub\data\real_munich\data\bohrungen_epsg25832_shp\bohrungen_schichten.csv,10656.0,7835BG003970,DIN,unknown_DIN_legacy_default_10,warning,X,,,,,flag_for_review,pending
raw,<LOCAL_WORKSPACE>\GRID_D22_GitHub\data\real_munich\data\bohrungen_epsg25832_shp\bohrungen_schichten.csv,,7835BG000237,Untergrenz,original_interval_order,warning,,,,,,legacy_sorts_by_lower_depth,pending
raw,<LOCAL_WORKSPACE>\GRID_D22_GitHub\data\real_munich\data\bohrungen_epsg25832_shp\bohrungen_schichten.csv,,7835BG007185,Untergrenz,original_interval_order,warning,,,,,,legacy_sorts_by_lower_depth,pending
raw,<LOCAL_WORKSPACE>\GRID_D22_GitHub\data\real_munich\data\bohrungen_epsg25832_shp\bohrungen_schichten.csv,,7835BG004001,Untergrenz,original_interval_order,warning,,,,,,legacy_sorts_by_lower_depth,pending
raw,<LOCAL_WORKSPACE>\GRID_D22_GitHub\data\real_munich\data\bohrungen_epsg25832_shp\bohrungen_schichten.csv,,7835BG000254,Untergrenz,original_interval_order,warning,,,,,,legacy_sorts_by_lower_depth,pending
raw,<LOCAL_WORKSPACE>\GRID_D22_GitHub\data\real_munich\data\bohrungen_epsg25832_shp\bohrungen_schichten.csv,,7835BG000261,Untergrenz,original_interval_order,warning,,,,,,legacy_sorts_by_lower_depth,pending
raw,<LOCAL_WORKSPACE>\GRID_D22_GitHub\data\real_munich\data\bohrungen_epsg25832_shp\bohrungen_schichten.csv,,7835BG000287,Untergrenz,original_interval_order,warning,,,,,,legacy_sorts_by_lower_depth,pending
raw,<LOCAL_WORKSPACE>\GRID_D22_GitHub\data\real_munich\data\bohrungen_epsg25832_shp\bohrungen_schichten.csv,,7835BG000288,Untergrenz,original_interval_order,warning,,,,,,legacy_sorts_by_lower_depth,pending
raw,<LOCAL_WORKSPACE>\GRID_D22_GitHub\data\real_munich\data\bohrungen_epsg25832_shp\bohrungen_schichten.csv,11486.0,7835BG004027,DIN,unknown_DIN_legacy_default_10,warning,H,,,,,flag_for_review,pending
raw,<LOCAL_WORKSPACE>\GRID_D22_GitHub\data\real_munich\data\bohrungen_epsg25832_shp\bohrungen_schichten.csv,11512.0,7835BG004038,DIN,unknown_DIN_legacy_default_10,warning,"H,x",,,,,flag_for_review,pending
raw,<LOCAL_WORKSPACE>\GRID_D22_GitHub\data\real_munich\data\bohrungen_epsg25832_shp\bohrungen_schichten.csv,11690.0,7835BG000620,DIN,unknown_DIN_legacy_default_10,warning,"H,g",,,,,flag_for_review,pending
raw,<LOCAL_WORKSPACE>\GRID_D22_GitHub\data\real_munich\data\bohrungen_epsg25832_shp\bohrungen_schichten.csv,,7835BG000630,Untergrenz,original_interval_order,warning,,,,,,legacy_sorts_by_lower_depth,pending
raw,<LOCAL_WORKSPACE>\GRID_D22_GitHub\data\real_munich\data\bohrungen_epsg25832_shp\bohrungen_schichten.csv,11705.0,7835BG000653,DIN,unknown_DIN_legacy_default_10,warning,"H,g",,,,,flag_for_review,pending
raw,<LOCAL_WORKSPACE>\GRID_D22_GitHub\data\real_munich\data\bohrungen_epsg25832_shp\bohrungen_schichten.csv,,7835BG007065,Untergrenz,original_interval_order,warning,,,,,,legacy_sorts_by_lower_depth,pending
raw,<LOCAL_WORKSPACE>\GRID_D22_GitHub\data\real_munich\data\bohrungen_epsg25832_shp\bohrungen_schichten.csv,11865.0,7835BG007081,DIN,unknown_DIN_legacy_default_10,warning,Mb,,,,,flag_for_review,pending
raw,<LOCAL_WORKSPACE>\GRID_D22_GitHub\data\real_munich\data\bohrungen_epsg25832_shp\bohrungen_schichten.csv,11987.0,7835BG003854,DIN,unknown_DIN_legacy_default_10,warning,"H,g",,,,,flag_for_review,pending
raw,<LOCAL_WORKSPACE>\GRID_D22_GitHub\data\real_munich\data\bohrungen_epsg25832_shp\bohrungen_schichten.csv,12095.0,7835BG003909,DIN,unknown_DIN_legacy_default_10,warning,"X,g",,,,,flag_for_review,pending
raw,<LOCAL_WORKSPACE>\GRID_D22_GitHub\data\real_munich\data\bohrungen_epsg25832_shp\bohrungen_schichten.csv,,7835BG005286,Untergrenz,original_interval_order,warning,,,,,,legacy_sorts_by_lower_depth,pending
raw,<LOCAL_WORKSPACE>\GRID_D22_GitHub\data\real_munich\data\bohrungen_epsg25832_shp\bohrungen_schichten.csv,12309.0,7835BG002282,DIN,unknown_DIN_legacy_default_10,warning,H,,,,,flag_for_review,pending
raw,<LOCAL_WORKSPACE>\GRID_D22_GitHub\data\real_munich\data\bohrungen_epsg25832_shp\bohrungen_schichten.csv,12354.0,7835BG006546,DIN,unknown_DIN_legacy_default_10,warning,"X,s,g",,,,,flag_for_review,pending
raw,<LOCAL_WORKSPACE>\GRID_D22_GitHub\data\real_munich\data\bohrungen_epsg25832_shp\bohrungen_schichten.csv,12365.0,7835BG006550,DIN,unknown_DIN_legacy_default_10,warning,"X,s,u",,,,,flag_for_review,pending
raw,<LOCAL_WORKSPACE>\GRID_D22_GitHub\data\real_munich\data\bohrungen_epsg25832_shp\bohrungen_schichten.csv,12384.0,7835BG006559,DIN,unknown_DIN_legacy_default_10,warning,X,,,,,flag_for_review,pending
raw,<LOCAL_WORKSPACE>\GRID_D22_GitHub\data\real_munich\data\bohrungen_epsg25832_shp\bohrungen_schichten.csv,,7835BG006579,Untergrenz,original_interval_order,warning,,,,,,legacy_sorts_by_lower_depth,pending
raw,<LOCAL_WORKSPACE>\GRID_D22_GitHub\data\real_munich\data\bohrungen_epsg25832_shp\bohrungen_schichten.csv,12522.0,7835BG006460,DIN,unknown_DIN_legacy_default_10,warning,X,,,,,flag_for_review,pending
raw,<LOCAL_WORKSPACE>\GRID_D22_GitHub\data\real_munich\data\bohrungen_epsg25832_shp\bohrungen_schichten.csv,,7835BG006471,Untergrenz,original_interval_order,warning,,,,,,legacy_sorts_by_lower_depth,pending
raw,<LOCAL_WORKSPACE>\GRID_D22_GitHub\data\real_munich\data\bohrungen_epsg25832_shp\bohrungen_schichten.csv,12550.0,7835BG003524,DIN,unknown_DIN_legacy_default_10,warning,X,,,,,flag_for_review,pending
raw,<LOCAL_WORKSPACE>\GRID_D22_GitHub\data\real_munich\data\bohrungen_epsg25832_shp\bohrungen_schichten.csv,12573.0,7835BG003530,DIN,unknown_DIN_legacy_default_10,warning,X,,,,,flag_for_review,pending
raw,<LOCAL_WORKSPACE>\GRID_D22_GitHub\data\real_munich\data\bohrungen_epsg25832_shp\bohrungen_schichten.csv,12824.0,7835BG006998,DIN,unknown_DIN_legacy_default_10,warning,"X,g'",,,,,flag_for_review,pending
raw,<LOCAL_WORKSPACE>\GRID_D22_GitHub\data\real_munich\data\bohrungen_epsg25832_shp\bohrungen_schichten.csv,12900.0,7835BG007035,DIN,unknown_DIN_legacy_default_10,warning,Mb,,,,,flag_for_review,pending
raw,<LOCAL_WORKSPACE>\GRID_D22_GitHub\data\real_munich\data\bohrungen_epsg25832_shp\bohrungen_schichten.csv,,7835BG006524,Untergrenz,original_interval_order,warning,,,,,,legacy_sorts_by_lower_depth,pending
raw,<LOCAL_WORKSPACE>\GRID_D22_GitHub\data\real_munich\data\bohrungen_epsg25832_shp\bohrungen_schichten.csv,,7835BG003603,Untergrenz,original_interval_order,warning,,,,,,legacy_sorts_by_lower_depth,pending
raw,<LOCAL_WORKSPACE>\GRID_D22_GitHub\data\real_munich\data\bohrungen_epsg25832_shp\bohrungen_schichten.csv,13091.0,7835BG003625,DIN,unknown_DIN_legacy_default_10,warning,"X,g",,,,,flag_for_review,pending
raw,<LOCAL_WORKSPACE>\GRID_D22_GitHub\data\real_munich\data\bohrungen_epsg25832_shp\bohrungen_schichten.csv,13188.0,7835BG005549,DIN,unknown_DIN_legacy_default_10,warning,H,,,,,flag_for_review,pending
raw,<LOCAL_WORKSPACE>\GRID_D22_GitHub\data\real_munich\data\bohrungen_epsg25832_shp\bohrungen_schichten.csv,13275.0,7835BG007515,DIN,unknown_DIN_legacy_default_10,warning,nb,,,,,flag_for_review,pending
raw,<LOCAL_WORKSPACE>\GRID_D22_GitHub\data\real_munich\data\bohrungen_epsg25832_shp\bohrungen_schichten.csv,13288.0,7835BG007530,DIN,unknown_DIN_legacy_default_10,warning,nb,,,,,flag_for_review,pending
raw,<LOCAL_WORKSPACE>\GRID_D22_GitHub\data\real_munich\data\bohrungen_epsg25832_shp\bohrungen_schichten.csv,,7835BG015004,Untergrenz,original_interval_order,warning,,,,,,legacy_sorts_by_lower_depth,pending
raw,<LOCAL_WORKSPACE>\GRID_D22_GitHub\data\real_munich\data\bohrungen_epsg25832_shp\bohrungen_schichten.csv,,7835BG017470,Untergrenz,original_interval_order,warning,,,,,,legacy_sorts_by_lower_depth,pending
raw,<LOCAL_WORKSPACE>\GRID_D22_GitHub\data\real_munich\data\bohrungen_epsg25832_shp\bohrungen_schichten.csv,13378.0,7835BG000964,DIN,unknown_DIN_legacy_default_10,warning,X,,,,,flag_for_review,pending
raw,<LOCAL_WORKSPACE>\GRID_D22_GitHub\data\real_munich\data\bohrungen_epsg25832_shp\bohrungen_schichten.csv,13379.0,7835BG000964,DIN,unknown_DIN_legacy_default_10,warning,"H,g,u,s",,,,,flag_for_review,pending
raw,<LOCAL_WORKSPACE>\GRID_D22_GitHub\data\real_munich\data\bohrungen_epsg25832_shp\bohrungen_schichten.csv,,7835BG000652,Untergrenz,original_interval_order,warning,,,,,,legacy_sorts_by_lower_depth,pending
raw,<LOCAL_WORKSPACE>\GRID_D22_GitHub\data\real_munich\data\bohrungen_epsg25832_shp\bohrungen_schichten.csv,13405.0,7835BG000816,DIN,unknown_DIN_legacy_default_10,warning,"X,g",,,,,flag_for_review,pending
raw,<LOCAL_WORKSPACE>\GRID_D22_GitHub\data\real_munich\data\bohrungen_epsg25832_shp\bohrungen_schichten.csv,,7835BG000824,Untergrenz,original_interval_order,warning,,,,,,legacy_sorts_by_lower_depth,pending
raw,<LOCAL_WORKSPACE>\GRID_D22_GitHub\data\real_munich\data\bohrungen_epsg25832_shp\bohrungen_schichten.csv,13423.0,7835BG001296,DIN,unknown_DIN_legacy_default_10,warning,nb,,,,,flag_for_review,pending
raw,<LOCAL_WORKSPACE>\GRID_D22_GitHub\data\real_munich\data\bohrungen_epsg25832_shp\bohrungen_schichten.csv,,7835BG000241,Untergrenz,original_interval_order,warning,,,,,,legacy_sorts_by_lower_depth,pending
raw,<LOCAL_WORKSPACE>\GRID_D22_GitHub\data\real_munich\data\bohrungen_epsg25832_shp\bohrungen_schichten.csv,13775.0,7835BG000826,DIN,unknown_DIN_legacy_default_10,warning,H,,,,,flag_for_review,pending
raw,<LOCAL_WORKSPACE>\GRID_D22_GitHub\data\real_munich\data\bohrungen_epsg25832_shp\bohrungen_schichten.csv,13780.0,7835BG001438,DIN,unknown_DIN_legacy_default_10,warning,"H,g",,,,,flag_for_review,pending
raw,<LOCAL_WORKSPACE>\GRID_D22_GitHub\data\real_munich\data\bohrungen_epsg25832_shp\bohrungen_schichten.csv,,7835BG000694,Untergrenz,original_interval_order,warning,,,,,,legacy_sorts_by_lower_depth,pending
raw,<LOCAL_WORKSPACE>\GRID_D22_GitHub\data\real_munich\data\bohrungen_epsg25832_shp\bohrungen_schichten.csv,13846.0,7835BG000694,DIN,unknown_DIN_legacy_default_10,warning,H,,,,,flag_for_review,pending
raw,<LOCAL_WORKSPACE>\GRID_D22_GitHub\data\real_munich\data\bohrungen_epsg25832_shp\bohrungen_schichten.csv,13852.0,7835BG000695,DIN,unknown_DIN_legacy_default_10,warning,"H,x",,,,,flag_for_review,pending
raw,<LOCAL_WORKSPACE>\GRID_D22_GitHub\data\real_munich\data\bohrungen_epsg25832_shp\bohrungen_schichten.csv,13859.0,7835BG000703,DIN,unknown_DIN_legacy_default_10,warning,"H,g",,,,,flag_for_review,pending
raw,<LOCAL_WORKSPACE>\GRID_D22_GitHub\data\real_munich\data\bohrungen_epsg25832_shp\bohrungen_schichten.csv,13881.0,7835BG000833,DIN,unknown_DIN_legacy_default_10,warning,"H,s",,,,,flag_for_review,pending
raw,<LOCAL_WORKSPACE>\GRID_D22_GitHub\data\real_munich\data\bohrungen_epsg25832_shp\bohrungen_schichten.csv,13934.0,7835BG001332,DIN,unknown_DIN_legacy_default_10,warning,H,,,,,flag_for_review,pending
raw,<LOCAL_WORKSPACE>\GRID_D22_GitHub\data\real_munich\data\bohrungen_epsg25832_shp\bohrungen_schichten.csv,,7835BG000270,Untergrenz,original_interval_order,warning,,,,,,legacy_sorts_by_lower_depth,pending
raw,<LOCAL_WORKSPACE>\GRID_D22_GitHub\data\real_munich\data\bohrungen_epsg25832_shp\bohrungen_schichten.csv,,7835BG000280,Untergrenz,original_interval_order,warning,,,,,,legacy_sorts_by_lower_depth,pending
raw,<LOCAL_WORKSPACE>\GRID_D22_GitHub\data\real_munich\data\bohrungen_epsg25832_shp\bohrungen_schichten.csv,14438.0,7835BG000742,DIN,unknown_DIN_legacy_default_10,warning,"H,g",,,,,flag_for_review,pending
raw,<LOCAL_WORKSPACE>\GRID_D22_GitHub\data\real_munich\data\bohrungen_epsg25832_shp\bohrungen_schichten.csv,14439.0,7835BG000742,DIN,unknown_DIN_legacy_default_10,warning,"H,u,s",,,,,flag_for_review,pending
raw,<LOCAL_WORKSPACE>\GRID_D22_GitHub\data\real_munich\data\bohrungen_epsg25832_shp\bohrungen_schichten.csv,14445.0,7835BG000877,DIN,unknown_DIN_legacy_default_10,warning,X,,,,,flag_for_review,pending
raw,<LOCAL_WORKSPACE>\GRID_D22_GitHub\data\real_munich\data\bohrungen_epsg25832_shp\bohrungen_schichten.csv,14446.0,7835BG000877,DIN,unknown_DIN_legacy_default_10,warning,"H,g,s,u",,,,,flag_for_review,pending
raw,<LOCAL_WORKSPACE>\GRID_D22_GitHub\data\real_munich\data\bohrungen_epsg25832_shp\bohrungen_schichten.csv,14453.0,7835BG000888,DIN,unknown_DIN_legacy_default_10,warning,L,,,,,flag_for_review,pending
raw,<LOCAL_WORKSPACE>\GRID_D22_GitHub\data\real_munich\data\bohrungen_epsg25832_shp\bohrungen_schichten.csv,,7835BG000615,Untergrenz,original_interval_order,warning,,,,,,legacy_sorts_by_lower_depth,pending
raw,<LOCAL_WORKSPACE>\GRID_D22_GitHub\data\real_munich\data\bohrungen_epsg25832_shp\bohrungen_schichten.csv,,7835BG000632,Untergrenz,original_interval_order,warning,,,,,,legacy_sorts_by_lower_depth,pending
raw,<LOCAL_WORKSPACE>\GRID_D22_GitHub\data\real_munich\data\bohrungen_epsg25832_shp\bohrungen_schichten.csv,,7835BG000908,Untergrenz,original_interval_order,warning,,,,,,legacy_sorts_by_lower_depth,pending
raw,<LOCAL_WORKSPACE>\GRID_D22_GitHub\data\real_munich\data\bohrungen_epsg25832_shp\bohrungen_schichten.csv,14603.0,7835BG000908,DIN,unknown_DIN_legacy_default_10,warning,H,,,,,flag_for_review,pending
raw,<LOCAL_WORKSPACE>\GRID_D22_GitHub\data\real_munich\data\bohrungen_epsg25832_shp\bohrungen_schichten.csv,14608.0,7835BG000642,DIN,unknown_DIN_legacy_default_10,warning,"H,g",,,,,flag_for_review,pending
raw,<LOCAL_WORKSPACE>\GRID_D22_GitHub\data\real_munich\data\bohrungen_epsg25832_shp\bohrungen_schichten.csv,14772.0,7835BG001005,DIN,unknown_DIN_legacy_default_10,warning,H,,,,,flag_for_review,pending
raw,<LOCAL_WORKSPACE>\GRID_D22_GitHub\data\real_munich\data\bohrungen_epsg25832_shp\bohrungen_schichten.csv,,7835BG002834,Untergrenz,original_interval_order,warning,,,,,,legacy_sorts_by_lower_depth,pending
raw,<LOCAL_WORKSPACE>\GRID_D22_GitHub\data\real_munich\data\bohrungen_epsg25832_shp\bohrungen_schichten.csv,,7835BG002838,Untergrenz,original_interval_order,warning,,,,,,legacy_sorts_by_lower_depth,pending
raw,<LOCAL_WORKSPACE>\GRID_D22_GitHub\data\real_munich\data\bohrungen_epsg25832_shp\bohrungen_schichten.csv,,7835BG002840,Untergrenz,original_interval_order,warning,,,,,,legacy_sorts_by_lower_depth,pending
raw,<LOCAL_WORKSPACE>\GRID_D22_GitHub\data\real_munich\data\bohrungen_epsg25832_shp\bohrungen_schichten.csv,14926.0,7835BG001033,DIN,unknown_DIN_legacy_default_10,warning,H,,,,,flag_for_review,pending
raw,<LOCAL_WORKSPACE>\GRID_D22_GitHub\data\real_munich\data\bohrungen_epsg25832_shp\bohrungen_schichten.csv,15050.0,7835BG003979,DIN,unknown_DIN_legacy_default_10,warning,H,,,,,flag_for_review,pending
raw,<LOCAL_WORKSPACE>\GRID_D22_GitHub\data\real_munich\data\bohrungen_epsg25832_shp\bohrungen_schichten.csv,,7835BG003992,Untergrenz,original_interval_order,warning,,,,,,legacy_sorts_by_lower_depth,pending
raw,<LOCAL_WORKSPACE>\GRID_D22_GitHub\data\real_munich\data\bohrungen_epsg25832_shp\bohrungen_schichten.csv,,7835BG004246,Untergrenz,original_interval_order,warning,,,,,,legacy_sorts_by_lower_depth,pending
raw,<LOCAL_WORKSPACE>\GRID_D22_GitHub\data\real_munich\data\bohrungen_epsg25832_shp\bohrungen_schichten.csv,,7835BG002999,Untergrenz,original_interval_order,warning,,,,,,legacy_sorts_by_lower_depth,pending
raw,<LOCAL_WORKSPACE>\GRID_D22_GitHub\data\real_munich\data\bohrungen_epsg25832_shp\bohrungen_schichten.csv,15360.0,7835BG003617,DIN,unknown_DIN_legacy_default_10,warning,"H,g",,,,,flag_for_review,pending
raw,<LOCAL_WORKSPACE>\GRID_D22_GitHub\data\real_munich\data\bohrungen_epsg25832_shp\bohrungen_schichten.csv,15375.0,7835BG003620,DIN,unknown_DIN_legacy_default_10,warning,X,,,,,flag_for_review,pending
raw,<LOCAL_WORKSPACE>\GRID_D22_GitHub\data\real_munich\data\bohrungen_epsg25832_shp\bohrungen_schichten.csv,15385.0,7835BG003621,DIN,unknown_DIN_legacy_default_10,warning,X,,,,,flag_for_review,pending
raw,<LOCAL_WORKSPACE>\GRID_D22_GitHub\data\real_munich\data\bohrungen_epsg25832_shp\bohrungen_schichten.csv,15447.0,7835BG003008,DIN,unknown_DIN_legacy_default_10,warning,"H,g",,,,,flag_for_review,pending
raw,<LOCAL_WORKSPACE>\GRID_D22_GitHub\data\real_munich\data\bohrungen_epsg25832_shp\bohrungen_schichten.csv,,7835BG004132,Untergrenz,original_interval_order,warning,,,,,,legacy_sorts_by_lower_depth,pending
raw,<LOCAL_WORKSPACE>\GRID_D22_GitHub\data\real_munich\data\bohrungen_epsg25832_shp\bohrungen_schichten.csv,15534.0,7835BG004151,DIN,unknown_DIN_legacy_default_10,warning,L,,,,,flag_for_review,pending
raw,<LOCAL_WORKSPACE>\GRID_D22_GitHub\data\real_munich\data\bohrungen_epsg25832_shp\bohrungen_schichten.csv,15551.0,7835BG003855,DIN,unknown_DIN_legacy_default_10,warning,"H,g",,,,,flag_for_review,pending
raw,<LOCAL_WORKSPACE>\GRID_D22_GitHub\data\real_munich\data\bohrungen_epsg25832_shp\bohrungen_schichten.csv,15571.0,7835BG003857,DIN,unknown_DIN_legacy_default_10,warning,"H,g,x",,,,,flag_for_review,pending
raw,<LOCAL_WORKSPACE>\GRID_D22_GitHub\data\real_munich\data\bohrungen_epsg25832_shp\bohrungen_schichten.csv,15576.0,7835BG003859,DIN,unknown_DIN_legacy_default_10,warning,"H,g",,,,,flag_for_review,pending
raw,<LOCAL_WORKSPACE>\GRID_D22_GitHub\data\real_munich\data\bohrungen_epsg25832_shp\bohrungen_schichten.csv,,7835BG003860,Untergrenz,original_interval_order,warning,,,,,,legacy_sorts_by_lower_depth,pending
raw,<LOCAL_WORKSPACE>\GRID_D22_GitHub\data\real_munich\data\bohrungen_epsg25832_shp\bohrungen_schichten.csv,,7835BG003863,Untergrenz,original_interval_order,warning,,,,,,legacy_sorts_by_lower_depth,pending
raw,<LOCAL_WORKSPACE>\GRID_D22_GitHub\data\real_munich\data\bohrungen_epsg25832_shp\bohrungen_schichten.csv,15648.0,7835BG004005,DIN,unknown_DIN_legacy_default_10,warning,H,,,,,flag_for_review,pending
raw,<LOCAL_WORKSPACE>\GRID_D22_GitHub\data\real_munich\data\bohrungen_epsg25832_shp\bohrungen_schichten.csv,,7835BG003880,Untergrenz,original_interval_order,warning,,,,,,legacy_sorts_by_lower_depth,pending
raw,<LOCAL_WORKSPACE>\GRID_D22_GitHub\data\real_munich\data\bohrungen_epsg25832_shp\bohrungen_schichten.csv,15782.0,7835BG004016,DIN,unknown_DIN_legacy_default_10,warning,H,,,,,flag_for_review,pending
raw,<LOCAL_WORKSPACE>\GRID_D22_GitHub\data\real_munich\data\bohrungen_epsg25832_shp\bohrungen_schichten.csv,15790.0,7835BG004017,DIN,unknown_DIN_legacy_default_10,warning,H,,,,,flag_for_review,pending
raw,<LOCAL_WORKSPACE>\GRID_D22_GitHub\data\real_munich\data\bohrungen_epsg25832_shp\bohrungen_schichten.csv,15839.0,7835BG004026,DIN,unknown_DIN_legacy_default_10,warning,"H,g,u",,,,,flag_for_review,pending
raw,<LOCAL_WORKSPACE>\GRID_D22_GitHub\data\real_munich\data\bohrungen_epsg25832_shp\bohrungen_schichten.csv,,7835BG002932,Untergrenz,original_interval_order,warning,,,,,,legacy_sorts_by_lower_depth,pending
raw,<LOCAL_WORKSPACE>\GRID_D22_GitHub\data\real_munich\data\bohrungen_epsg25832_shp\bohrungen_schichten.csv,16005.0,7835BG003529,DIN,unknown_DIN_legacy_default_10,warning,"X,g,s",,,,,flag_for_review,pending
raw,<LOCAL_WORKSPACE>\GRID_D22_GitHub\data\real_munich\data\bohrungen_epsg25832_shp\bohrungen_schichten.csv,,7835BG004030,Untergrenz,original_interval_order,warning,,,,,,legacy_sorts_by_lower_depth,pending
raw,<LOCAL_WORKSPACE>\GRID_D22_GitHub\data\real_munich\data\bohrungen_epsg25832_shp\bohrungen_schichten.csv,16155.0,7835BG003911,DIN,unknown_DIN_legacy_default_10,warning,"X,g",,,,,flag_for_review,pending
raw,<LOCAL_WORKSPACE>\GRID_D22_GitHub\data\real_munich\data\bohrungen_epsg25832_shp\bohrungen_schichten.csv,,7835BG002945,Untergrenz,original_interval_order,warning,,,,,,legacy_sorts_by_lower_depth,pending
raw,<LOCAL_WORKSPACE>\GRID_D22_GitHub\data\real_munich\data\bohrungen_epsg25832_shp\bohrungen_schichten.csv,,7835BG003536,Untergrenz,original_interval_order,warning,,,,,,legacy_sorts_by_lower_depth,pending
raw,<LOCAL_WORKSPACE>\GRID_D22_GitHub\data\real_munich\data\bohrungen_epsg25832_shp\bohrungen_schichten.csv,,7835BG003948,Untergrenz,original_interval_order,warning,,,,,,legacy_sorts_by_lower_depth,pending
raw,<LOCAL_WORKSPACE>\GRID_D22_GitHub\data\real_munich\data\bohrungen_epsg25832_shp\bohrungen_schichten.csv,16501.0,7835BG003954,DIN,unknown_DIN_legacy_default_10,warning,"H,x",,,,,flag_for_review,pending
raw,<LOCAL_WORKSPACE>\GRID_D22_GitHub\data\real_munich\data\bohrungen_epsg25832_shp\bohrungen_schichten.csv,,7835BG004344,Untergrenz,original_interval_order,warning,,,,,,legacy_sorts_by_lower_depth,pending
raw,<LOCAL_WORKSPACE>\GRID_D22_GitHub\data\real_munich\data\bohrungen_epsg25832_shp\bohrungen_schichten.csv,,7835BG002969,Untergrenz,original_interval_order,warning,,,,,,legacy_sorts_by_lower_depth,pending
raw,<LOCAL_WORKSPACE>\GRID_D22_GitHub\data\real_munich\data\bohrungen_epsg25832_shp\bohrungen_schichten.csv,,7835BG002976,Untergrenz,original_interval_order,warning,,,,,,legacy_sorts_by_lower_depth,pending
raw,<LOCAL_WORKSPACE>\GRID_D22_GitHub\data\real_munich\data\bohrungen_epsg25832_shp\bohrungen_schichten.csv,,7835BG002980,Untergrenz,original_interval_order,warning,,,,,,legacy_sorts_by_lower_depth,pending
raw,<LOCAL_WORKSPACE>\GRID_D22_GitHub\data\real_munich\data\bohrungen_epsg25832_shp\bohrungen_schichten.csv,16788.0,7835BG003969,DIN,unknown_DIN_legacy_default_10,warning,X,,,,,flag_for_review,pending
raw,<LOCAL_WORKSPACE>\GRID_D22_GitHub\data\real_munich\data\bohrungen_epsg25832_shp\bohrungen_schichten.csv,,7835BG004099,Untergrenz,original_interval_order,warning,,,,,,legacy_sorts_by_lower_depth,pending
raw,<LOCAL_WORKSPACE>\GRID_D22_GitHub\data\real_munich\data\bohrungen_epsg25832_shp\bohrungen_schichten.csv,,7835BG005241,Untergrenz,original_interval_order,warning,,,,,,legacy_sorts_by_lower_depth,pending
raw,<LOCAL_WORKSPACE>\GRID_D22_GitHub\data\real_munich\data\bohrungen_epsg25832_shp\bohrungen_schichten.csv,16942.0,7835BG005242,DIN,unknown_DIN_legacy_default_10,warning,"H,g",,,,,flag_for_review,pending
raw,<LOCAL_WORKSPACE>\GRID_D22_GitHub\data\real_munich\data\bohrungen_epsg25832_shp\bohrungen_schichten.csv,,7835BG005369,Untergrenz,original_interval_order,warning,,,,,,legacy_sorts_by_lower_depth,pending
raw,<LOCAL_WORKSPACE>\GRID_D22_GitHub\data\real_munich\data\bohrungen_epsg25832_shp\bohrungen_schichten.csv,17307.0,7835BG005379,DIN,unknown_DIN_legacy_default_10,warning,H,,,,,flag_for_review,pending
raw,<LOCAL_WORKSPACE>\GRID_D22_GitHub\data\real_munich\data\bohrungen_epsg25832_shp\bohrungen_schichten.csv,,7835BG005520,Untergrenz,original_interval_order,warning,,,,,,legacy_sorts_by_lower_depth,pending
raw,<LOCAL_WORKSPACE>\GRID_D22_GitHub\data\real_munich\data\bohrungen_epsg25832_shp\bohrungen_schichten.csv,,7835BG004176,Untergrenz,original_interval_order,warning,,,,,,legacy_sorts_by_lower_depth,pending
raw,<LOCAL_WORKSPACE>\GRID_D22_GitHub\data\real_munich\data\bohrungen_epsg25832_shp\bohrungen_schichten.csv,,7835BG005530,Untergrenz,original_interval_order,warning,,,,,,legacy_sorts_by_lower_depth,pending
raw,<LOCAL_WORKSPACE>\GRID_D22_GitHub\data\real_munich\data\bohrungen_epsg25832_shp\bohrungen_schichten.csv,,7835BG005552,Untergrenz,original_interval_order,warning,,,,,,legacy_sorts_by_lower_depth,pending
raw,<LOCAL_WORKSPACE>\GRID_D22_GitHub\data\real_munich\data\bohrungen_epsg25832_shp\bohrungen_schichten.csv,18003.0,7835BG004208,DIN,unknown_DIN_legacy_default_10,warning,H,,,,,flag_for_review,pending
raw,<LOCAL_WORKSPACE>\GRID_D22_GitHub\data\real_munich\data\bohrungen_epsg25832_shp\bohrungen_schichten.csv,18011.0,7835BG004209,DIN,unknown_DIN_legacy_default_10,warning,L,,,,,flag_for_review,pending
raw,<LOCAL_WORKSPACE>\GRID_D22_GitHub\data\real_munich\data\bohrungen_epsg25832_shp\bohrungen_schichten.csv,18029.0,7835BG004213,DIN,unknown_DIN_legacy_default_10,warning,L,,,,,flag_for_review,pending
raw,<LOCAL_WORKSPACE>\GRID_D22_GitHub\data\real_munich\data\bohrungen_epsg25832_shp\bohrungen_schichten.csv,18034.0,7835BG004214,DIN,unknown_DIN_legacy_default_10,warning,"H,x",,,,,flag_for_review,pending
raw,<LOCAL_WORKSPACE>\GRID_D22_GitHub\data\real_munich\data\bohrungen_epsg25832_shp\bohrungen_schichten.csv,18056.0,7835BG004218,DIN,unknown_DIN_legacy_default_10,warning,X,,,,,flag_for_review,pending
raw,<LOCAL_WORKSPACE>\GRID_D22_GitHub\data\real_munich\data\bohrungen_epsg25832_shp\bohrungen_schichten.csv,,7835BG005101,Untergrenz,original_interval_order,warning,,,,,,legacy_sorts_by_lower_depth,pending
raw,<LOCAL_WORKSPACE>\GRID_D22_GitHub\data\real_munich\data\bohrungen_epsg25832_shp\bohrungen_schichten.csv,,7835BG004220,Untergrenz,original_interval_order,warning,,,,,,legacy_sorts_by_lower_depth,pending
raw,<LOCAL_WORKSPACE>\GRID_D22_GitHub\data\real_munich\data\bohrungen_epsg25832_shp\bohrungen_schichten.csv,,7835BG005446,Untergrenz,original_interval_order,warning,,,,,,legacy_sorts_by_lower_depth,pending
raw,<LOCAL_WORKSPACE>\GRID_D22_GitHub\data\real_munich\data\bohrungen_epsg25832_shp\bohrungen_schichten.csv,,7835BG005562,Untergrenz,original_interval_order,warning,,,,,,legacy_sorts_by_lower_depth,pending
raw,<LOCAL_WORKSPACE>\GRID_D22_GitHub\data\real_munich\data\bohrungen_epsg25832_shp\bohrungen_schichten.csv,,7835BG004367,Untergrenz,original_interval_order,warning,,,,,,legacy_sorts_by_lower_depth,pending
raw,<LOCAL_WORKSPACE>\GRID_D22_GitHub\data\real_munich\data\bohrungen_epsg25832_shp\bohrungen_schichten.csv,18372.0,7835BG004373,DIN,unknown_DIN_legacy_default_10,warning,"H,g/",,,,,flag_for_review,pending
raw,<LOCAL_WORKSPACE>\GRID_D22_GitHub\data\real_munich\data\bohrungen_epsg25832_shp\bohrungen_schichten.csv,,7835BG007159,Untergrenz,original_interval_order,warning,,,,,,legacy_sorts_by_lower_depth,pending
raw,<LOCAL_WORKSPACE>\GRID_D22_GitHub\data\real_munich\data\bohrungen_epsg25832_shp\bohrungen_schichten.csv,,7835BG007174,Untergrenz,original_interval_order,warning,,,,,,legacy_sorts_by_lower_depth,pending
raw,<LOCAL_WORKSPACE>\GRID_D22_GitHub\data\real_munich\data\bohrungen_epsg25832_shp\bohrungen_schichten.csv,,7835BG006602,Untergrenz,original_interval_order,warning,,,,,,legacy_sorts_by_lower_depth,pending
raw,<LOCAL_WORKSPACE>\GRID_D22_GitHub\data\real_munich\data\bohrungen_epsg25832_shp\bohrungen_schichten.csv,,7835BG007047,Untergrenz,original_interval_order,warning,,,,,,legacy_sorts_by_lower_depth,pending
raw,<LOCAL_WORKSPACE>\GRID_D22_GitHub\data\real_munich\data\bohrungen_epsg25832_shp\bohrungen_schichten.csv,,7835BG007049,Untergrenz,original_interval_order,warning,,,,,,legacy_sorts_by_lower_depth,pending
raw,<LOCAL_WORKSPACE>\GRID_D22_GitHub\data\real_munich\data\bohrungen_epsg25832_shp\bohrungen_schichten.csv,,7835BG007056,Untergrenz,original_interval_order,warning,,,,,,legacy_sorts_by_lower_depth,pending
raw,<LOCAL_WORKSPACE>\GRID_D22_GitHub\data\real_munich\data\bohrungen_epsg25832_shp\bohrungen_schichten.csv,19205.0,7835BG006474,DIN,unknown_DIN_legacy_default_10,warning,X,,,,,flag_for_review,pending
raw,<LOCAL_WORKSPACE>\GRID_D22_GitHub\data\real_munich\data\bohrungen_epsg25832_shp\bohrungen_schichten.csv,19211.0,7835BG006476,DIN,unknown_DIN_legacy_default_10,warning,X,,,,,flag_for_review,pending
raw,<LOCAL_WORKSPACE>\GRID_D22_GitHub\data\real_munich\data\bohrungen_epsg25832_shp\bohrungen_schichten.csv,19327.0,7835BG007187,DIN,unknown_DIN_legacy_default_10,warning,"H,g",,,,,flag_for_review,pending
raw,<LOCAL_WORKSPACE>\GRID_D22_GitHub\data\real_munich\data\bohrungen_epsg25832_shp\bohrungen_schichten.csv,,7835BG007195,Untergrenz,original_interval_order,warning,,,,,,legacy_sorts_by_lower_depth,pending
raw,<LOCAL_WORKSPACE>\GRID_D22_GitHub\data\real_munich\data\bohrungen_epsg25832_shp\bohrungen_schichten.csv,,7835BG007206,Untergrenz,original_interval_order,warning,,,,,,legacy_sorts_by_lower_depth,pending
raw,<LOCAL_WORKSPACE>\GRID_D22_GitHub\data\real_munich\data\bohrungen_epsg25832_shp\bohrungen_schichten.csv,,7835BG006506,Untergrenz,original_interval_order,warning,,,,,,legacy_sorts_by_lower_depth,pending
raw,<LOCAL_WORKSPACE>\GRID_D22_GitHub\data\real_munich\data\bohrungen_epsg25832_shp\bohrungen_schichten.csv,,7835BG006507,Untergrenz,original_interval_order,warning,,,,,,legacy_sorts_by_lower_depth,pending
raw,<LOCAL_WORKSPACE>\GRID_D22_GitHub\data\real_munich\data\bohrungen_epsg25832_shp\bohrungen_schichten.csv,19971.0,7835BG006553,DIN,unknown_DIN_legacy_default_10,warning,X,,,,,flag_for_review,pending
raw,<LOCAL_WORKSPACE>\GRID_D22_GitHub\data\real_munich\data\bohrungen_epsg25832_shp\bohrungen_schichten.csv,,7835BG007131,Untergrenz,original_interval_order,warning,,,,,,legacy_sorts_by_lower_depth,pending
raw,<LOCAL_WORKSPACE>\GRID_D22_GitHub\data\real_munich\data\bohrungen_epsg25832_shp\bohrungen_schichten.csv,20343.0,7835BG006462,DIN,unknown_DIN_legacy_default_10,warning,X,,,,,flag_for_review,pending
raw,<LOCAL_WORKSPACE>\GRID_D22_GitHub\data\real_munich\data\bohrungen_epsg25832_shp\bohrungen_schichten.csv,,7835BG007027,Untergrenz,original_interval_order,warning,,,,,,legacy_sorts_by_lower_depth,pending
raw,<LOCAL_WORKSPACE>\GRID_D22_GitHub\data\real_munich\data\bohrungen_epsg25832_shp\bohrungen_schichten.csv,20562.0,7835BG007532,DIN,unknown_DIN_legacy_default_10,warning,nb,,,,,flag_for_review,pending
raw,<LOCAL_WORKSPACE>\GRID_D22_GitHub\data\real_munich\data\bohrungen_epsg25832_shp\bohrungen_schichten.csv,,7835BG007090,Untergrenz,original_interval_order,warning,,,,,,legacy_sorts_by_lower_depth,pending
raw,<LOCAL_WORKSPACE>\GRID_D22_GitHub\data\real_munich\data\bohrungen_epsg25832_shp\bohrungen_schichten.csv,,7835BG007100,Untergrenz,original_interval_order,warning,,,,,,legacy_sorts_by_lower_depth,pending
raw,<LOCAL_WORKSPACE>\GRID_D22_GitHub\data\real_munich\data\bohrungen_epsg25832_shp\bohrungen_schichten.csv,,7835BG007110,Untergrenz,original_interval_order,warning,,,,,,legacy_sorts_by_lower_depth,pending
raw,<LOCAL_WORKSPACE>\GRID_D22_GitHub\data\real_munich\data\bohrungen_epsg25832_shp\bohrungen_schichten.csv,21025.0,7835BG007514,DIN,unknown_DIN_legacy_default_10,warning,nb,,,,,flag_for_review,pending
raw,<LOCAL_WORKSPACE>\GRID_D22_GitHub\data\real_munich\data\bohrungen_epsg25832_shp\bohrungen_schichten.csv,21036.0,7835BG007516,DIN,unknown_DIN_legacy_default_10,warning,nb,,,,,flag_for_review,pending
raw,<LOCAL_WORKSPACE>\GRID_D22_GitHub\data\real_munich\data\bohrungen_epsg25832_shp\bohrungen_schichten.csv,,7835BG007517,Untergrenz,original_interval_order,warning,,,,,,legacy_sorts_by_lower_depth,pending
raw,<LOCAL_WORKSPACE>\GRID_D22_GitHub\data\real_munich\data\bohrungen_epsg25832_shp\bohrungen_schichten.csv,21057.0,7835BG007517,DIN,unknown_DIN_legacy_default_10,warning,nb,,,,,flag_for_review,pending
raw,<LOCAL_WORKSPACE>\GRID_D22_GitHub\data\real_munich\data\bohrungen_epsg25832_shp\bohrungen_schichten.csv,21060.0,7835BG007518,DIN,unknown_DIN_legacy_default_10,warning,nb,,,,,flag_for_review,pending
raw,<LOCAL_WORKSPACE>\GRID_D22_GitHub\data\real_munich\data\bohrungen_epsg25832_shp\bohrungen_schichten.csv,21074.0,7835BG007524,DIN,unknown_DIN_legacy_default_10,warning,nb,,,,,flag_for_review,pending
raw,<LOCAL_WORKSPACE>\GRID_D22_GitHub\data\real_munich\data\bohrungen_epsg25832_shp\bohrungen_schichten.csv,21088.0,7835BG007525,DIN,unknown_DIN_legacy_default_10,warning,nb,,,,,flag_for_review,pending
raw,<LOCAL_WORKSPACE>\GRID_D22_GitHub\data\real_munich\data\bohrungen_epsg25832_shp\bohrungen_schichten.csv,21093.0,7835BG007531,DIN,unknown_DIN_legacy_default_10,warning,nb,,,,,flag_for_review,pending
raw,<LOCAL_WORKSPACE>\GRID_D22_GitHub\data\real_munich\data\bohrungen_epsg25832_shp\bohrungen_schichten.csv,21094.0,7835BG007531,DIN,unknown_DIN_legacy_default_10,warning,X,,,,,flag_for_review,pending
raw,<LOCAL_WORKSPACE>\GRID_D22_GitHub\data\real_munich\data\bohrungen_epsg25832_shp\bohrungen_schichten.csv,,7835BG006543,Untergrenz,original_interval_order,warning,,,,,,legacy_sorts_by_lower_depth,pending
raw,<LOCAL_WORKSPACE>\GRID_D22_GitHub\data\real_munich\data\bohrungen_epsg25832_shp\bohrungen_schichten.csv,21140.0,7835BG007526,DIN,unknown_DIN_legacy_default_10,warning,nb,,,,,flag_for_review,pending
raw,<LOCAL_WORKSPACE>\GRID_D22_GitHub\data\real_munich\data\bohrungen_epsg25832_shp\bohrungen_schichten.csv,21141.0,7835BG007526,DIN,unknown_DIN_legacy_default_10,warning,nb,,,,,flag_for_review,pending
raw,<LOCAL_WORKSPACE>\GRID_D22_GitHub\data\real_munich\data\bohrungen_epsg25832_shp\bohrungen_schichten.csv,,7835BG007550,Untergrenz,original_interval_order,warning,,,,,,legacy_sorts_by_lower_depth,pending
raw,<LOCAL_WORKSPACE>\GRID_D22_GitHub\data\real_munich\data\bohrungen_epsg25832_shp\bohrungen_schichten.csv,,7835BG007546,Untergrenz,original_interval_order,warning,,,,,,legacy_sorts_by_lower_depth,pending
raw,<LOCAL_WORKSPACE>\GRID_D22_GitHub\data\real_munich\data\bohrungen_epsg25832_shp\bohrungen_schichten.csv,21235.0,7835BG007546,DIN,unknown_DIN_legacy_default_10,warning,"Mst,T",,,,,flag_for_review,pending
raw,<LOCAL_WORKSPACE>\GRID_D22_GitHub\data\real_munich\data\bohrungen_epsg25832_shp\bohrungen_schichten.csv,21241.0,7835BG007546,DIN,unknown_DIN_legacy_default_10,warning,"Mst,t",,,,,flag_for_review,pending
raw,<LOCAL_WORKSPACE>\GRID_D22_GitHub\data\real_munich\data\bohrungen_epsg25832_shp\bohrungen_schichten.csv,,7835BG007540,Untergrenz,original_interval_order,warning,,,,,,legacy_sorts_by_lower_depth,pending
raw,<LOCAL_WORKSPACE>\GRID_D22_GitHub\data\real_munich\data\bohrungen_epsg25832_shp\bohrungen_schichten.csv,21306.0,7835BG015971,DIN,missing_DIN,warning,,,,,,flag_for_review,pending
raw,<LOCAL_WORKSPACE>\GRID_D22_GitHub\data\real_munich\data\bohrungen_epsg25832_shp\bohrungen_schichten.csv,21307.0,7835BG015973,DIN,missing_DIN,warning,,,,,,flag_for_review,pending
raw,<LOCAL_WORKSPACE>\GRID_D22_GitHub\data\real_munich\data\bohrungen_epsg25832_shp\bohrungen_schichten.csv,,7835BG015109,Untergrenz,original_interval_order,warning,,,,,,legacy_sorts_by_lower_depth,pending
raw,<LOCAL_WORKSPACE>\GRID_D22_GitHub\data\real_munich\data\bohrungen_epsg25832_shp\bohrungen_schichten.csv,,7835BG015109,Endteufe,end_depth_mismatch,warning,15.3,10.2,,1e-06,,flag_for_review,pending
raw,<LOCAL_WORKSPACE>\GRID_D22_GitHub\data\real_munich\data\bohrungen_epsg25832_shp\bohrungen_schichten.csv,,7835BG015125,Untergrenz,original_interval_order,warning,,,,,,legacy_sorts_by_lower_depth,pending
raw,<LOCAL_WORKSPACE>\GRID_D22_GitHub\data\real_munich\data\bohrungen_epsg25832_shp\bohrungen_schichten.csv,,7835BG015124,Untergrenz,original_interval_order,warning,,,,,,legacy_sorts_by_lower_depth,pending
raw,<LOCAL_WORKSPACE>\GRID_D22_GitHub\data\real_munich\data\bohrungen_epsg25832_shp\bohrungen_schichten.csv,21374.0,7835BG015124,DIN,unknown_DIN_legacy_default_10,warning,"M,X",,,,,flag_for_review,pending
raw,<LOCAL_WORKSPACE>\GRID_D22_GitHub\data\real_munich\data\bohrungen_epsg25832_shp\bohrungen_schichten.csv,21381.0,7835BG015124,DIN,unknown_DIN_legacy_default_10,warning,X,,,,,flag_for_review,pending
raw,<LOCAL_WORKSPACE>\GRID_D22_GitHub\data\real_munich\data\bohrungen_epsg25832_shp\bohrungen_schichten.csv,21389.0,7835BG015124,DIN,unknown_DIN_legacy_default_10,warning,M,,,,,flag_for_review,pending
raw,<LOCAL_WORKSPACE>\GRID_D22_GitHub\data\real_munich\data\bohrungen_epsg25832_shp\bohrungen_schichten.csv,,7835BG016889,Untergrenz,original_interval_order,warning,,,,,,legacy_sorts_by_lower_depth,pending
raw,<LOCAL_WORKSPACE>\GRID_D22_GitHub\data\real_munich\data\bohrungen_epsg25832_shp\bohrungen_schichten.csv,,7835BG015551,Untergrenz,original_interval_order,warning,,,,,,legacy_sorts_by_lower_depth,pending
raw,<LOCAL_WORKSPACE>\GRID_D22_GitHub\data\real_munich\data\bohrungen_epsg25832_shp\bohrungen_schichten.csv,21427.0,7835BG015551,DIN,missing_DIN,warning,,,,,,flag_for_review,pending
raw,<LOCAL_WORKSPACE>\GRID_D22_GitHub\data\real_munich\data\bohrungen_epsg25832_shp\bohrungen_schichten.csv,,7835BG015574,Untergrenz,original_interval_order,warning,,,,,,legacy_sorts_by_lower_depth,pending
raw,<LOCAL_WORKSPACE>\GRID_D22_GitHub\data\real_munich\data\bohrungen_epsg25832_shp\bohrungen_schichten.csv,21433.0,7835BG015574,DIN,missing_DIN,warning,,,,,,flag_for_review,pending
raw,<LOCAL_WORKSPACE>\GRID_D22_GitHub\data\real_munich\data\bohrungen_epsg25832_shp\bohrungen_schichten.csv,,7835BG015575,Untergrenz,original_interval_order,warning,,,,,,legacy_sorts_by_lower_depth,pending
raw,<LOCAL_WORKSPACE>\GRID_D22_GitHub\data\real_munich\data\bohrungen_epsg25832_shp\bohrungen_schichten.csv,21435.0,7835BG015575,DIN,missing_DIN,warning,,,,,,flag_for_review,pending
raw,<LOCAL_WORKSPACE>\GRID_D22_GitHub\data\real_munich\data\bohrungen_epsg25832_shp\bohrungen_schichten.csv,,7835BG015576,Untergrenz,original_interval_order,warning,,,,,,legacy_sorts_by_lower_depth,pending
raw,<LOCAL_WORKSPACE>\GRID_D22_GitHub\data\real_munich\data\bohrungen_epsg25832_shp\bohrungen_schichten.csv,21437.0,7835BG015576,DIN,missing_DIN,warning,,,,,,flag_for_review,pending
raw,<LOCAL_WORKSPACE>\GRID_D22_GitHub\data\real_munich\data\bohrungen_epsg25832_shp\bohrungen_schichten.csv,,7835BG015573,Untergrenz,original_interval_order,warning,,,,,,legacy_sorts_by_lower_depth,pending
raw,<LOCAL_WORKSPACE>\GRID_D22_GitHub\data\real_munich\data\bohrungen_epsg25832_shp\bohrungen_schichten.csv,21441.0,7835BG015573,DIN,missing_DIN,warning,,,,,,flag_for_review,pending
raw,<LOCAL_WORKSPACE>\GRID_D22_GitHub\data\real_munich\data\bohrungen_epsg25832_shp\bohrungen_schichten.csv,21443.0,7835BG015972,DIN,missing_DIN,warning,,,,,,flag_for_review,pending
raw,<LOCAL_WORKSPACE>\GRID_D22_GitHub\data\real_munich\data\bohrungen_epsg25832_shp\bohrungen_schichten.csv,,7835BG015578,Untergrenz,original_interval_order,warning,,,,,,legacy_sorts_by_lower_depth,pending
raw,<LOCAL_WORKSPACE>\GRID_D22_GitHub\data\real_munich\data\bohrungen_epsg25832_shp\bohrungen_schichten.csv,21444.0,7835BG015578,DIN,missing_DIN,warning,,,,,,flag_for_review,pending
raw,<LOCAL_WORKSPACE>\GRID_D22_GitHub\data\real_munich\data\bohrungen_epsg25832_shp\bohrungen_schichten.csv,,7835BG015567,Untergrenz,original_interval_order,warning,,,,,,legacy_sorts_by_lower_depth,pending
raw,<LOCAL_WORKSPACE>\GRID_D22_GitHub\data\real_munich\data\bohrungen_epsg25832_shp\bohrungen_schichten.csv,21450.0,7835BG015567,DIN,missing_DIN,warning,,,,,,flag_for_review,pending
raw,<LOCAL_WORKSPACE>\GRID_D22_GitHub\data\real_munich\data\bohrungen_epsg25832_shp\bohrungen_schichten.csv,21452.0,7835BG015567,DIN,missing_DIN,warning,,,,,,flag_for_review,pending
raw,<LOCAL_WORKSPACE>\GRID_D22_GitHub\data\real_munich\data\bohrungen_epsg25832_shp\bohrungen_schichten.csv,,7835BG015566,Untergrenz,original_interval_order,warning,,,,,,legacy_sorts_by_lower_depth,pending
raw,<LOCAL_WORKSPACE>\GRID_D22_GitHub\data\real_munich\data\bohrungen_epsg25832_shp\bohrungen_schichten.csv,21455.0,7835BG015566,DIN,missing_DIN,warning,,,,,,flag_for_review,pending
raw,<LOCAL_WORKSPACE>\GRID_D22_GitHub\data\real_munich\data\bohrungen_epsg25832_shp\bohrungen_schichten.csv,,7835BG015587,Untergrenz,original_interval_order,warning,,,,,,legacy_sorts_by_lower_depth,pending
raw,<LOCAL_WORKSPACE>\GRID_D22_GitHub\data\real_munich\data\bohrungen_epsg25832_shp\bohrungen_schichten.csv,,7835BG015569,Untergrenz,original_interval_order,warning,,,,,,legacy_sorts_by_lower_depth,pending
raw,<LOCAL_WORKSPACE>\GRID_D22_GitHub\data\real_munich\data\bohrungen_epsg25832_shp\bohrungen_schichten.csv,21461.0,7835BG015569,DIN,missing_DIN,warning,,,,,,flag_for_review,pending
raw,<LOCAL_WORKSPACE>\GRID_D22_GitHub\data\real_munich\data\bohrungen_epsg25832_shp\bohrungen_schichten.csv,21464.0,7835BG015569,DIN,missing_DIN,warning,,,,,,flag_for_review,pending
raw,<LOCAL_WORKSPACE>\GRID_D22_GitHub\data\real_munich\data\bohrungen_epsg25832_shp\bohrungen_schichten.csv,,7835BG015508,Untergrenz,original_interval_order,warning,,,,,,legacy_sorts_by_lower_depth,pending
raw,<LOCAL_WORKSPACE>\GRID_D22_GitHub\data\real_munich\data\bohrungen_epsg25832_shp\bohrungen_schichten.csv,21469.0,7835BG015508,DIN,missing_DIN,warning,,,,,,flag_for_review,pending
raw,<LOCAL_WORKSPACE>\GRID_D22_GitHub\data\real_munich\data\bohrungen_epsg25832_shp\bohrungen_schichten.csv,,7835BG015565,Untergrenz,original_interval_order,warning,,,,,,legacy_sorts_by_lower_depth,pending
raw,<LOCAL_WORKSPACE>\GRID_D22_GitHub\data\real_munich\data\bohrungen_epsg25832_shp\bohrungen_schichten.csv,21472.0,7835BG015565,DIN,missing_DIN,warning,,,,,,flag_for_review,pending
raw,<LOCAL_WORKSPACE>\GRID_D22_GitHub\data\real_munich\data\bohrungen_epsg25832_shp\bohrungen_schichten.csv,,7835BG015499,Untergrenz,original_interval_order,warning,,,,,,legacy_sorts_by_lower_depth,pending
raw,<LOCAL_WORKSPACE>\GRID_D22_GitHub\data\real_munich\data\bohrungen_epsg25832_shp\bohrungen_schichten.csv,21473.0,7835BG015499,DIN,missing_DIN,warning,,,,,,flag_for_review,pending
raw,<LOCAL_WORKSPACE>\GRID_D22_GitHub\data\real_munich\data\bohrungen_epsg25832_shp\bohrungen_schichten.csv,,7835BG015577,Untergrenz,original_interval_order,warning,,,,,,legacy_sorts_by_lower_depth,pending
raw,<LOCAL_WORKSPACE>\GRID_D22_GitHub\data\real_munich\data\bohrungen_epsg25832_shp\bohrungen_schichten.csv,21478.0,7835BG015577,DIN,missing_DIN,warning,,,,,,flag_for_review,pending
raw,<LOCAL_WORKSPACE>\GRID_D22_GitHub\data\real_munich\data\bohrungen_epsg25832_shp\bohrungen_schichten.csv,,7835BG015568,Untergrenz,original_interval_order,warning,,,,,,legacy_sorts_by_lower_depth,pending
raw,<LOCAL_WORKSPACE>\GRID_D22_GitHub\data\real_munich\data\bohrungen_epsg25832_shp\bohrungen_schichten.csv,21485.0,7835BG015568,DIN,missing_DIN,warning,,,,,,flag_for_review,pending
raw,<LOCAL_WORKSPACE>\GRID_D22_GitHub\data\real_munich\data\bohrungen_epsg25832_shp\bohrungen_schichten.csv,21487.0,7835BG015568,DIN,missing_DIN,warning,,,,,,flag_for_review,pending
raw,<LOCAL_WORKSPACE>\GRID_D22_GitHub\data\real_munich\data\bohrungen_epsg25832_shp\bohrungen_schichten.csv,,7835BG015976,Endteufe,end_depth_mismatch,warning,16.89,16.8,,1e-06,,flag_for_review,pending
raw,<LOCAL_WORKSPACE>\GRID_D22_GitHub\data\real_munich\data\bohrungen_epsg25832_shp\bohrungen_schichten.csv,21489.0,7835BG015976,DIN,missing_DIN,warning,,,,,,flag_for_review,pending
raw,<LOCAL_WORKSPACE>\GRID_D22_GitHub\data\real_munich\data\bohrungen_epsg25832_shp\bohrungen_schichten.csv,21506.0,7835BG017003,DIN,missing_DIN,warning,,,,,,flag_for_review,pending
raw,<LOCAL_WORKSPACE>\GRID_D22_GitHub\data\real_munich\data\bohrungen_epsg25832_shp\bohrungen_schichten.csv,,7835BG015563,Untergrenz,original_interval_order,warning,,,,,,legacy_sorts_by_lower_depth,pending
raw,<LOCAL_WORKSPACE>\GRID_D22_GitHub\data\real_munich\data\bohrungen_epsg25832_shp\bohrungen_schichten.csv,21508.0,7835BG015563,DIN,missing_DIN,warning,,,,,,flag_for_review,pending
raw,<LOCAL_WORKSPACE>\GRID_D22_GitHub\data\real_munich\data\bohrungen_epsg25832_shp\bohrungen_schichten.csv,,7835BG015564,Untergrenz,original_interval_order,warning,,,,,,legacy_sorts_by_lower_depth,pending
raw,<LOCAL_WORKSPACE>\GRID_D22_GitHub\data\real_munich\data\bohrungen_epsg25832_shp\bohrungen_schichten.csv,21512.0,7835BG015564,DIN,missing_DIN,warning,,,,,,flag_for_review,pending
raw,<LOCAL_WORKSPACE>\GRID_D22_GitHub\data\real_munich\data\bohrungen_epsg25832_shp\bohrungen_schichten.csv,21513.0,7835BG015552,DIN,missing_DIN,warning,,,,,,flag_for_review,pending
raw,<LOCAL_WORKSPACE>\GRID_D22_GitHub\data\real_munich\data\bohrungen_epsg25832_shp\bohrungen_schichten.csv,21516.0,7835BG016940,DIN,missing_DIN,warning,,,,,,flag_for_review,pending
raw,<LOCAL_WORKSPACE>\GRID_D22_GitHub\data\real_munich\data\bohrungen_epsg25832_shp\bohrungen_schichten.csv,,7835BG016942,Untergrenz,original_interval_order,warning,,,,,,legacy_sorts_by_lower_depth,pending
raw,<LOCAL_WORKSPACE>\GRID_D22_GitHub\data\real_munich\data\bohrungen_epsg25832_shp\bohrungen_schichten.csv,21560.0,7835BG016942,DIN,unknown_DIN_legacy_default_10,warning,"Mst,Tst",,,,,flag_for_review,pending
raw,<LOCAL_WORKSPACE>\GRID_D22_GitHub\data\real_munich\data\bohrungen_epsg25832_shp\bohrungen_schichten.csv,,7835BG015553,Untergrenz,original_interval_order,warning,,,,,,legacy_sorts_by_lower_depth,pending
raw,<LOCAL_WORKSPACE>\GRID_D22_GitHub\data\real_munich\data\bohrungen_epsg25832_shp\bohrungen_schichten.csv,21592.0,7835BG015553,DIN,missing_DIN,warning,,,,,,flag_for_review,pending
raw,<LOCAL_WORKSPACE>\GRID_D22_GitHub\data\real_munich\data\bohrungen_epsg25832_shp\bohrungen_schichten.csv,21593.0,7835BG015500,DIN,missing_DIN,warning,,,,,,flag_for_review,pending
raw,<LOCAL_WORKSPACE>\GRID_D22_GitHub\data\real_munich\data\bohrungen_epsg25832_shp\bohrungen_schichten.csv,,7835BG015507,Untergrenz,original_interval_order,warning,,,,,,legacy_sorts_by_lower_depth,pending
raw,<LOCAL_WORKSPACE>\GRID_D22_GitHub\data\real_munich\data\bohrungen_epsg25832_shp\bohrungen_schichten.csv,21597.0,7835BG015507,DIN,missing_DIN,warning,,,,,,flag_for_review,pending
raw,<LOCAL_WORKSPACE>\GRID_D22_GitHub\data\real_munich\data\bohrungen_epsg25832_shp\bohrungen_schichten.csv,,7835BG015550,Untergrenz,original_interval_order,warning,,,,,,legacy_sorts_by_lower_depth,pending
raw,<LOCAL_WORKSPACE>\GRID_D22_GitHub\data\real_munich\data\bohrungen_epsg25832_shp\bohrungen_schichten.csv,21602.0,7835BG015550,DIN,missing_DIN,warning,,,,,,flag_for_review,pending
raw,<LOCAL_WORKSPACE>\GRID_D22_GitHub\data\real_munich\data\bohrungen_epsg25832_shp\bohrungen_schichten.csv,,7835BG015501,Untergrenz,original_interval_order,warning,,,,,,legacy_sorts_by_lower_depth,pending
raw,<LOCAL_WORKSPACE>\GRID_D22_GitHub\data\real_munich\data\bohrungen_epsg25832_shp\bohrungen_schichten.csv,21604.0,7835BG015501,DIN,missing_DIN,warning,,,,,,flag_for_review,pending
raw,<LOCAL_WORKSPACE>\GRID_D22_GitHub\data\real_munich\data\bohrungen_epsg25832_shp\bohrungen_schichten.csv,,7835BG015549,Untergrenz,original_interval_order,warning,,,,,,legacy_sorts_by_lower_depth,pending
raw,<LOCAL_WORKSPACE>\GRID_D22_GitHub\data\real_munich\data\bohrungen_epsg25832_shp\bohrungen_schichten.csv,21609.0,7835BG015549,DIN,missing_DIN,warning,,,,,,flag_for_review,pending
raw,<LOCAL_WORKSPACE>\GRID_D22_GitHub\data\real_munich\data\bohrungen_epsg25832_shp\bohrungen_schichten.csv,,7835BG016965,Untergrenz,original_interval_order,warning,,,,,,legacy_sorts_by_lower_depth,pending
raw,<LOCAL_WORKSPACE>\GRID_D22_GitHub\data\real_munich\data\bohrungen_epsg25832_shp\bohrungen_schichten.csv,21680.0,7835BG016964,DIN,missing_DIN,warning,,,,,,flag_for_review,pending
raw,<LOCAL_WORKSPACE>\GRID_D22_GitHub\data\real_munich\data\bohrungen_epsg25832_shp\bohrungen_schichten.csv,,7835BG015788,Untergrenz,original_interval_order,warning,,,,,,legacy_sorts_by_lower_depth,pending
raw,<LOCAL_WORKSPACE>\GRID_D22_GitHub\data\real_munich\data\bohrungen_epsg25832_shp\bohrungen_schichten.csv,21706.0,7835BG016941,DIN,missing_DIN,warning,,,,,,flag_for_review,pending
raw,<LOCAL_WORKSPACE>\GRID_D22_GitHub\data\real_munich\data\bohrungen_epsg25832_shp\bohrungen_schichten.csv,,7835BG015772,Untergrenz,original_interval_order,warning,,,,,,legacy_sorts_by_lower_depth,pending
raw,<LOCAL_WORKSPACE>\GRID_D22_GitHub\data\real_munich\data\bohrungen_epsg25832_shp\bohrungen_schichten.csv,21731.0,7835BG015772,DIN,unknown_DIN_legacy_default_10,warning,"Kst,t",,,,,flag_for_review,pending
raw,<LOCAL_WORKSPACE>\GRID_D22_GitHub\data\real_munich\data\bohrungen_epsg25832_shp\bohrungen_schichten.csv,21744.0,7835BG015772,DIN,unknown_DIN_legacy_default_10,warning,"KO,fs,ms",,,,,flag_for_review,pending
raw,<LOCAL_WORKSPACE>\GRID_D22_GitHub\data\real_munich\data\bohrungen_epsg25832_shp\bohrungen_schichten.csv,21751.0,7835BG015772,DIN,unknown_DIN_legacy_default_10,warning,X,,,,,flag_for_review,pending
raw,<LOCAL_WORKSPACE>\GRID_D22_GitHub\data\real_munich\data\bohrungen_epsg25832_shp\bohrungen_schichten.csv,21755.0,7835BG015772,DIN,unknown_DIN_legacy_default_10,warning,Kst,,,,,flag_for_review,pending
raw,<LOCAL_WORKSPACE>\GRID_D22_GitHub\data\real_munich\data\bohrungen_epsg25832_shp\bohrungen_schichten.csv,21766.0,7835BG015772,DIN,unknown_DIN_legacy_default_10,warning,"Kst,t",,,,,flag_for_review,pending
raw,<LOCAL_WORKSPACE>\GRID_D22_GitHub\data\real_munich\data\bohrungen_epsg25832_shp\bohrungen_schichten.csv,21772.0,7835BG015772,DIN,unknown_DIN_legacy_default_10,warning,"X,t",,,,,flag_for_review,pending
raw,<LOCAL_WORKSPACE>\GRID_D22_GitHub\data\real_munich\data\bohrungen_epsg25832_shp\bohrungen_schichten.csv,21790.0,7835BG015948,DIN,missing_DIN,warning,,,,,,flag_for_review,pending
raw,<LOCAL_WORKSPACE>\GRID_D22_GitHub\data\real_munich\data\bohrungen_epsg25832_shp\bohrungen_schichten.csv,,7835BG015962,Untergrenz,original_interval_order,warning,,,,,,legacy_sorts_by_lower_depth,pending
raw,<LOCAL_WORKSPACE>\GRID_D22_GitHub\data\real_munich\data\bohrungen_epsg25832_shp\bohrungen_schichten.csv,,7835BG016885,Untergrenz,original_interval_order,warning,,,,,,legacy_sorts_by_lower_depth,pending
raw,<LOCAL_WORKSPACE>\GRID_D22_GitHub\data\real_munich\data\bohrungen_epsg25832_shp\bohrungen_schichten.csv,21850.0,7835BG016886,DIN,missing_DIN,warning,,,,,,flag_for_review,pending
raw,<LOCAL_WORKSPACE>\GRID_D22_GitHub\data\real_munich\data\bohrungen_epsg25832_shp\bohrungen_schichten.csv,21851.0,7835BG015902,DIN,missing_DIN,warning,,,,,,flag_for_review,pending
raw,<LOCAL_WORKSPACE>\GRID_D22_GitHub\data\real_munich\data\bohrungen_epsg25832_shp\bohrungen_schichten.csv,21852.0,7835BG015903,DIN,missing_DIN,warning,,,,,,flag_for_review,pending
raw,<LOCAL_WORKSPACE>\GRID_D22_GitHub\data\real_munich\data\bohrungen_epsg25832_shp\bohrungen_schichten.csv,21853.0,7835BG015954,DIN,missing_DIN,warning,,,,,,flag_for_review,pending
raw,<LOCAL_WORKSPACE>\GRID_D22_GitHub\data\real_munich\data\bohrungen_epsg25832_shp\bohrungen_schichten.csv,,7835BG015925,Untergrenz,original_interval_order,warning,,,,,,legacy_sorts_by_lower_depth,pending
raw,<LOCAL_WORKSPACE>\GRID_D22_GitHub\data\real_munich\data\bohrungen_epsg25832_shp\bohrungen_schichten.csv,21864.0,7835BG015890,DIN,missing_DIN,warning,,,,,,flag_for_review,pending
raw,<LOCAL_WORKSPACE>\GRID_D22_GitHub\data\real_munich\data\bohrungen_epsg25832_shp\bohrungen_schichten.csv,21865.0,7835BG016891,DIN,missing_DIN,warning,,,,,,flag_for_review,pending
raw,<LOCAL_WORKSPACE>\GRID_D22_GitHub\data\real_munich\data\bohrungen_epsg25832_shp\bohrungen_schichten.csv,21866.0,7835BG015893,DIN,missing_DIN,warning,,,,,,flag_for_review,pending
raw,<LOCAL_WORKSPACE>\GRID_D22_GitHub\data\real_munich\data\bohrungen_epsg25832_shp\bohrungen_schichten.csv,21867.0,7835BG015950,DIN,missing_DIN,warning,,,,,,flag_for_review,pending
raw,<LOCAL_WORKSPACE>\GRID_D22_GitHub\data\real_munich\data\bohrungen_epsg25832_shp\bohrungen_schichten.csv,21868.0,7835BG015891,DIN,missing_DIN,warning,,,,,,flag_for_review,pending
raw,<LOCAL_WORKSPACE>\GRID_D22_GitHub\data\real_munich\data\bohrungen_epsg25832_shp\bohrungen_schichten.csv,,7835BG016170,Untergrenz,original_interval_order,warning,,,,,,legacy_sorts_by_lower_depth,pending
raw,<LOCAL_WORKSPACE>\GRID_D22_GitHub\data\real_munich\data\bohrungen_epsg25832_shp\bohrungen_schichten.csv,,7835BG016170,Endteufe,end_depth_mismatch,warning,13.0,12.3,,1e-06,,flag_for_review,pending
raw,<LOCAL_WORKSPACE>\GRID_D22_GitHub\data\real_munich\data\bohrungen_epsg25832_shp\bohrungen_schichten.csv,21877.0,7835BG015885,DIN,missing_DIN,warning,,,,,,flag_for_review,pending
raw,<LOCAL_WORKSPACE>\GRID_D22_GitHub\data\real_munich\data\bohrungen_epsg25832_shp\bohrungen_schichten.csv,21878.0,7835BG016256,DIN,missing_DIN,warning,,,,,,flag_for_review,pending
raw,<LOCAL_WORKSPACE>\GRID_D22_GitHub\data\real_munich\data\bohrungen_epsg25832_shp\bohrungen_schichten.csv,21879.0,7835BG016538,DIN,unknown_DIN_legacy_default_10,warning,nb,,,,,flag_for_review,pending
raw,<LOCAL_WORKSPACE>\GRID_D22_GitHub\data\real_munich\data\bohrungen_epsg25832_shp\bohrungen_schichten.csv,21880.0,7835BG016252,DIN,missing_DIN,warning,,,,,,flag_for_review,pending
raw,<LOCAL_WORKSPACE>\GRID_D22_GitHub\data\real_munich\data\bohrungen_epsg25832_shp\bohrungen_schichten.csv,21881.0,7835BG015892,DIN,missing_DIN,warning,,,,,,flag_for_review,pending
raw,<LOCAL_WORKSPACE>\GRID_D22_GitHub\data\real_munich\data\bohrungen_epsg25832_shp\bohrungen_schichten.csv,,7835BG015741,Untergrenz,original_interval_order,warning,,,,,,legacy_sorts_by_lower_depth,pending
raw,<LOCAL_WORKSPACE>\GRID_D22_GitHub\data\real_munich\data\bohrungen_epsg25832_shp\bohrungen_schichten.csv,21883.0,7835BG015741,DIN,unknown_DIN_legacy_default_10,warning,"M,t",,,,,flag_for_review,pending
raw,<LOCAL_WORKSPACE>\GRID_D22_GitHub\data\real_munich\data\bohrungen_epsg25832_shp\bohrungen_schichten.csv,21898.0,7835BG015741,DIN,unknown_DIN_legacy_default_10,warning,"M,t",,,,,flag_for_review,pending
raw,<LOCAL_WORKSPACE>\GRID_D22_GitHub\data\real_munich\data\bohrungen_epsg25832_shp\bohrungen_schichten.csv,21899.0,7835BG015741,DIN,unknown_DIN_legacy_default_10,warning,"M,t,g'",,,,,flag_for_review,pending
raw,<LOCAL_WORKSPACE>\GRID_D22_GitHub\data\real_munich\data\bohrungen_epsg25832_shp\bohrungen_schichten.csv,21908.0,7835BG015741,DIN,unknown_DIN_legacy_default_10,warning,M,,,,,flag_for_review,pending
raw,<LOCAL_WORKSPACE>\GRID_D22_GitHub\data\real_munich\data\bohrungen_epsg25832_shp\bohrungen_schichten.csv,21910.0,7835BG015741,DIN,unknown_DIN_legacy_default_10,warning,"M,t",,,,,flag_for_review,pending
raw,<LOCAL_WORKSPACE>\GRID_D22_GitHub\data\real_munich\data\bohrungen_epsg25832_shp\bohrungen_schichten.csv,21912.0,7835BG015741,DIN,unknown_DIN_legacy_default_10,warning,"M,t",,,,,flag_for_review,pending
raw,<LOCAL_WORKSPACE>\GRID_D22_GitHub\data\real_munich\data\bohrungen_epsg25832_shp\bohrungen_schichten.csv,21914.0,7835BG015741,DIN,unknown_DIN_legacy_default_10,warning,"M,gg",,,,,flag_for_review,pending
raw,<LOCAL_WORKSPACE>\GRID_D22_GitHub\data\real_munich\data\bohrungen_epsg25832_shp\bohrungen_schichten.csv,21915.0,7835BG016994,DIN,missing_DIN,warning,,,,,,flag_for_review,pending
raw,<LOCAL_WORKSPACE>\GRID_D22_GitHub\data\real_munich\data\bohrungen_epsg25832_shp\bohrungen_schichten.csv,21916.0,7835BG016991,DIN,missing_DIN,warning,,,,,,flag_for_review,pending
raw,<LOCAL_WORKSPACE>\GRID_D22_GitHub\data\real_munich\data\bohrungen_epsg25832_shp\bohrungen_schichten.csv,21917.0,7835BG015904,DIN,missing_DIN,warning,,,,,,flag_for_review,pending
raw,<LOCAL_WORKSPACE>\GRID_D22_GitHub\data\real_munich\data\bohrungen_epsg25832_shp\bohrungen_schichten.csv,21918.0,7835BG015905,DIN,missing_DIN,warning,,,,,,flag_for_review,pending
raw,<LOCAL_WORKSPACE>\GRID_D22_GitHub\data\real_munich\data\bohrungen_epsg25832_shp\bohrungen_schichten.csv,21919.0,7835BG015956,DIN,missing_DIN,warning,,,,,,flag_for_review,pending
raw,<LOCAL_WORKSPACE>\GRID_D22_GitHub\data\real_munich\data\bohrungen_epsg25832_shp\bohrungen_schichten.csv,21920.0,7835BG015955,DIN,missing_DIN,warning,,,,,,flag_for_review,pending
raw,<LOCAL_WORKSPACE>\GRID_D22_GitHub\data\real_munich\data\bohrungen_epsg25832_shp\bohrungen_schichten.csv,21921.0,7835BG016253,DIN,missing_DIN,warning,,,,,,flag_for_review,pending
raw,<LOCAL_WORKSPACE>\GRID_D22_GitHub\data\real_munich\data\bohrungen_epsg25832_shp\bohrungen_schichten.csv,21922.0,7835BG016993,DIN,missing_DIN,warning,,,,,,flag_for_review,pending
raw,<LOCAL_WORKSPACE>\GRID_D22_GitHub\data\real_munich\data\bohrungen_epsg25832_shp\bohrungen_schichten.csv,,7835BG017002,Untergrenz,original_interval_order,warning,,,,,,legacy_sorts_by_lower_depth,pending
raw,<LOCAL_WORKSPACE>\GRID_D22_GitHub\data\real_munich\data\bohrungen_epsg25832_shp\bohrungen_schichten.csv,21983.0,7835BG017002,DIN,unknown_DIN_legacy_default_10,warning,KV,,,,,flag_for_review,pending
raw,<LOCAL_WORKSPACE>\GRID_D22_GitHub\data\real_munich\data\bohrungen_epsg25832_shp\bohrungen_schichten.csv,22005.0,7835BG015957,DIN,missing_DIN,warning,,,,,,flag_for_review,pending
raw,<LOCAL_WORKSPACE>\GRID_D22_GitHub\data\real_munich\data\bohrungen_epsg25832_shp\bohrungen_schichten.csv,22006.0,7835BG016273,DIN,missing_DIN,warning,,,,,,flag_for_review,pending
raw,<LOCAL_WORKSPACE>\GRID_D22_GitHub\data\real_munich\data\bohrungen_epsg25832_shp\bohrungen_schichten.csv,22007.0,7835BG015952,DIN,missing_DIN,warning,,,,,,flag_for_review,pending
raw,<LOCAL_WORKSPACE>\GRID_D22_GitHub\data\real_munich\data\bohrungen_epsg25832_shp\bohrungen_schichten.csv,22008.0,7835BG016251,DIN,missing_DIN,warning,,,,,,flag_for_review,pending
raw,<LOCAL_WORKSPACE>\GRID_D22_GitHub\data\real_munich\data\bohrungen_epsg25832_shp\bohrungen_schichten.csv,,7835BG016892,Untergrenz,original_interval_order,warning,,,,,,legacy_sorts_by_lower_depth,pending
raw,<LOCAL_WORKSPACE>\GRID_D22_GitHub\data\real_munich\data\bohrungen_epsg25832_shp\bohrungen_schichten.csv,22040.0,7835BG015951,DIN,missing_DIN,warning,,,,,,flag_for_review,pending
raw,<LOCAL_WORKSPACE>\GRID_D22_GitHub\data\real_munich\data\bohrungen_epsg25832_shp\bohrungen_schichten.csv,22041.0,7835BG015953,DIN,missing_DIN,warning,,,,,,flag_for_review,pending
raw,<LOCAL_WORKSPACE>\GRID_D22_GitHub\data\real_munich\data\bohrungen_epsg25832_shp\bohrungen_schichten.csv,22042.0,7835BG016294,DIN,missing_DIN,warning,,,,,,flag_for_review,pending
raw,<LOCAL_WORKSPACE>\GRID_D22_GitHub\data\real_munich\data\bohrungen_epsg25832_shp\bohrungen_schichten.csv,22043.0,7835BG016271,DIN,missing_DIN,warning,,,,,,flag_for_review,pending
raw,<LOCAL_WORKSPACE>\GRID_D22_GitHub\data\real_munich\data\bohrungen_epsg25832_shp\bohrungen_schichten.csv,22044.0,7835BG016893,DIN,missing_DIN,warning,,,,,,flag_for_review,pending
raw,<LOCAL_WORKSPACE>\GRID_D22_GitHub\data\real_munich\data\bohrungen_epsg25832_shp\bohrungen_schichten.csv,22045.0,7835BG015949,DIN,missing_DIN,warning,,,,,,flag_for_review,pending
raw,<LOCAL_WORKSPACE>\GRID_D22_GitHub\data\real_munich\data\bohrungen_epsg25832_shp\bohrungen_schichten.csv,22046.0,7835BG016537,DIN,unknown_DIN_legacy_default_10,warning,nb,,,,,flag_for_review,pending
raw,<LOCAL_WORKSPACE>\GRID_D22_GitHub\data\real_munich\data\bohrungen_epsg25832_shp\bohrungen_schichten.csv,22047.0,7835BG016254,DIN,missing_DIN,warning,,,,,,flag_for_review,pending
raw,<LOCAL_WORKSPACE>\GRID_D22_GitHub\data\real_munich\data\bohrungen_epsg25832_shp\bohrungen_schichten.csv,22048.0,7835BG015901,DIN,missing_DIN,warning,,,,,,flag_for_review,pending
raw,<LOCAL_WORKSPACE>\GRID_D22_GitHub\data\real_munich\data\bohrungen_epsg25832_shp\bohrungen_schichten.csv,22049.0,7835BG016258,DIN,missing_DIN,warning,,,,,,flag_for_review,pending
raw,<LOCAL_WORKSPACE>\GRID_D22_GitHub\data\real_munich\data\bohrungen_epsg25832_shp\bohrungen_schichten.csv,22050.0,7835BG016888,DIN,missing_DIN,warning,,,,,,flag_for_review,pending
raw,<LOCAL_WORKSPACE>\GRID_D22_GitHub\data\real_munich\data\bohrungen_epsg25832_shp\bohrungen_schichten.csv,,7835BG016023,Untergrenz,original_interval_order,warning,,,,,,legacy_sorts_by_lower_depth,pending
raw,<LOCAL_WORKSPACE>\GRID_D22_GitHub\data\real_munich\data\bohrungen_epsg25832_shp\bohrungen_schichten.csv,22076.0,7835BG016260,DIN,missing_DIN,warning,,,,,,flag_for_review,pending
raw,<LOCAL_WORKSPACE>\GRID_D22_GitHub\data\real_munich\data\bohrungen_epsg25832_shp\bohrungen_schichten.csv,22077.0,7835BG016268,DIN,missing_DIN,warning,,,,,,flag_for_review,pending
raw,<LOCAL_WORKSPACE>\GRID_D22_GitHub\data\real_munich\data\bohrungen_epsg25832_shp\bohrungen_schichten.csv,,7835BG016887,Untergrenz,original_interval_order,warning,,,,,,legacy_sorts_by_lower_depth,pending
raw,<LOCAL_WORKSPACE>\GRID_D22_GitHub\data\real_munich\data\bohrungen_epsg25832_shp\bohrungen_schichten.csv,22079.0,7835BG016887,DIN,unknown_DIN_legacy_default_10,warning,O,,,,,flag_for_review,pending
raw,<LOCAL_WORKSPACE>\GRID_D22_GitHub\data\real_munich\data\bohrungen_epsg25832_shp\bohrungen_schichten.csv,22083.0,7835BG016887,DIN,unknown_DIN_legacy_default_10,warning,O,,,,,flag_for_review,pending
raw,<LOCAL_WORKSPACE>\GRID_D22_GitHub\data\real_munich\data\bohrungen_epsg25832_shp\bohrungen_schichten.csv,22107.0,7835BG016272,DIN,missing_DIN,warning,,,,,,flag_for_review,pending
raw,<LOCAL_WORKSPACE>\GRID_D22_GitHub\data\real_munich\data\bohrungen_epsg25832_shp\bohrungen_schichten.csv,22108.0,7835BG016255,DIN,missing_DIN,warning,,,,,,flag_for_review,pending
raw,<LOCAL_WORKSPACE>\GRID_D22_GitHub\data\real_munich\data\bohrungen_epsg25832_shp\bohrungen_schichten.csv,22109.0,7835BG016257,DIN,missing_DIN,warning,,,,,,flag_for_review,pending
raw,<LOCAL_WORKSPACE>\GRID_D22_GitHub\data\real_munich\data\bohrungen_epsg25832_shp\bohrungen_schichten.csv,,7835BG016894,Untergrenz,original_interval_order,warning,,,,,,legacy_sorts_by_lower_depth,pending
raw,<LOCAL_WORKSPACE>\GRID_D22_GitHub\data\real_munich\data\bohrungen_epsg25832_shp\bohrungen_schichten.csv,22116.0,7835BG016539,DIN,unknown_DIN_legacy_default_10,warning,nb,,,,,flag_for_review,pending
raw,<LOCAL_WORKSPACE>\GRID_D22_GitHub\data\real_munich\data\bohrungen_epsg25832_shp\bohrungen_schichten.csv,,7835BG016904,Untergrenz,original_interval_order,warning,,,,,,legacy_sorts_by_lower_depth,pending
raw,<LOCAL_WORKSPACE>\GRID_D22_GitHub\data\real_munich\data\bohrungen_epsg25832_shp\bohrungen_schichten.csv,22120.0,7835BG016904,DIN,unknown_DIN_legacy_default_10,warning,"Mst,Tst",,,,,flag_for_review,pending
raw,<LOCAL_WORKSPACE>\GRID_D22_GitHub\data\real_munich\data\bohrungen_epsg25832_shp\bohrungen_schichten.csv,22158.0,7835BG016904,DIN,unknown_DIN_legacy_default_10,warning,KV,,,,,flag_for_review,pending
raw,<LOCAL_WORKSPACE>\GRID_D22_GitHub\data\real_munich\data\bohrungen_epsg25832_shp\bohrungen_schichten.csv,22160.0,7835BG016904,DIN,unknown_DIN_legacy_default_10,warning,KV,,,,,flag_for_review,pending
raw,<LOCAL_WORKSPACE>\GRID_D22_GitHub\data\real_munich\data\bohrungen_epsg25832_shp\bohrungen_schichten.csv,22195.0,7835BG016904,DIN,unknown_DIN_legacy_default_10,warning,"Kst,Mst",,,,,flag_for_review,pending
raw,<LOCAL_WORKSPACE>\GRID_D22_GitHub\data\real_munich\data\bohrungen_epsg25832_shp\bohrungen_schichten.csv,22215.0,7835BG016902,DIN,missing_DIN,warning,,,,,,flag_for_review,pending
raw,<LOCAL_WORKSPACE>\GRID_D22_GitHub\data\real_munich\data\bohrungen_epsg25832_shp\bohrungen_schichten.csv,,7835BG016753,Untergrenz,original_interval_order,warning,,,,,,legacy_sorts_by_lower_depth,pending
raw,<LOCAL_WORKSPACE>\GRID_D22_GitHub\data\real_munich\data\bohrungen_epsg25832_shp\bohrungen_schichten.csv,22244.0,7835BG016793,DIN,missing_DIN,warning,,,,,,flag_for_review,pending
raw,<LOCAL_WORKSPACE>\GRID_D22_GitHub\data\real_munich\data\bohrungen_epsg25832_shp\bohrungen_schichten.csv,22245.0,7835BG016655,DIN,missing_DIN,warning,,,,,,flag_for_review,pending
raw,<LOCAL_WORKSPACE>\GRID_D22_GitHub\data\real_munich\data\bohrungen_epsg25832_shp\bohrungen_schichten.csv,22246.0,7835BG017092,DIN,missing_DIN,warning,,,,,,flag_for_review,pending
raw,<LOCAL_WORKSPACE>\GRID_D22_GitHub\data\real_munich\data\bohrungen_epsg25832_shp\bohrungen_schichten.csv,22247.0,7835BG017004,DIN,missing_DIN,warning,,,,,,flag_for_review,pending
raw,<LOCAL_WORKSPACE>\GRID_D22_GitHub\data\real_munich\data\bohrungen_epsg25832_shp\bohrungen_schichten.csv,22248.0,7835BG016903,DIN,missing_DIN,warning,,,,,,flag_for_review,pending
raw,<LOCAL_WORKSPACE>\GRID_D22_GitHub\data\real_munich\data\bohrungen_epsg25832_shp\bohrungen_schichten.csv,22249.0,7835BG017099,DIN,missing_DIN,warning,,,,,,flag_for_review,pending
raw,<LOCAL_WORKSPACE>\GRID_D22_GitHub\data\real_munich\data\bohrungen_epsg25832_shp\bohrungen_schichten.csv,22250.0,7835BG016800,DIN,missing_DIN,warning,,,,,,flag_for_review,pending
raw,<LOCAL_WORKSPACE>\GRID_D22_GitHub\data\real_munich\data\bohrungen_epsg25832_shp\bohrungen_schichten.csv,,7835BG017180,Untergrenz,original_interval_order,warning,,,,,,legacy_sorts_by_lower_depth,pending
raw,<LOCAL_WORKSPACE>\GRID_D22_GitHub\data\real_munich\data\bohrungen_epsg25832_shp\bohrungen_schichten.csv,22258.0,7835BG017180,DIN,unknown_DIN_legacy_default_10,warning,Mst,,,,,flag_for_review,pending
raw,<LOCAL_WORKSPACE>\GRID_D22_GitHub\data\real_munich\data\bohrungen_epsg25832_shp\bohrungen_schichten.csv,22288.0,7835BG017180,DIN,unknown_DIN_legacy_default_10,warning,Mst,,,,,flag_for_review,pending
raw,<LOCAL_WORKSPACE>\GRID_D22_GitHub\data\real_munich\data\bohrungen_epsg25832_shp\bohrungen_schichten.csv,22293.0,7835BG017180,DIN,unknown_DIN_legacy_default_10,warning,Mst,,,,,flag_for_review,pending
raw,<LOCAL_WORKSPACE>\GRID_D22_GitHub\data\real_munich\data\bohrungen_epsg25832_shp\bohrungen_schichten.csv,22295.0,7835BG017180,DIN,unknown_DIN_legacy_default_10,warning,Mst,,,,,flag_for_review,pending
raw,<LOCAL_WORKSPACE>\GRID_D22_GitHub\data\real_munich\data\bohrungen_epsg25832_shp\bohrungen_schichten.csv,22302.0,7835BG017180,DIN,unknown_DIN_legacy_default_10,warning,Mst,,,,,flag_for_review,pending
raw,<LOCAL_WORKSPACE>\GRID_D22_GitHub\data\real_munich\data\bohrungen_epsg25832_shp\bohrungen_schichten.csv,22313.0,7835BG017180,DIN,unknown_DIN_legacy_default_10,warning,Mst,,,,,flag_for_review,pending
raw,<LOCAL_WORKSPACE>\GRID_D22_GitHub\data\real_munich\data\bohrungen_epsg25832_shp\bohrungen_schichten.csv,22318.0,7835BG017093,DIN,missing_DIN,warning,,,,,,flag_for_review,pending
raw,<LOCAL_WORKSPACE>\GRID_D22_GitHub\data\real_munich\data\bohrungen_epsg25832_shp\bohrungen_schichten.csv,22319.0,7835BG016844,DIN,missing_DIN,warning,,,,,,flag_for_review,pending
raw,<LOCAL_WORKSPACE>\GRID_D22_GitHub\data\real_munich\data\bohrungen_epsg25832_shp\bohrungen_schichten.csv,,7835BG017147,Untergrenz,original_interval_order,warning,,,,,,legacy_sorts_by_lower_depth,pending
raw,<LOCAL_WORKSPACE>\GRID_D22_GitHub\data\real_munich\data\bohrungen_epsg25832_shp\bohrungen_schichten.csv,22339.0,7835BG017147,DIN,unknown_DIN_legacy_default_10,warning,Mst,,,,,flag_for_review,pending
raw,<LOCAL_WORKSPACE>\GRID_D22_GitHub\data\real_munich\data\bohrungen_epsg25832_shp\bohrungen_schichten.csv,22358.0,7835BG017147,DIN,unknown_DIN_legacy_default_10,warning,Mst,,,,,flag_for_review,pending
raw,<LOCAL_WORKSPACE>\GRID_D22_GitHub\data\real_munich\data\bohrungen_epsg25832_shp\bohrungen_schichten.csv,22364.0,7835BG017147,DIN,unknown_DIN_legacy_default_10,warning,KV,,,,,flag_for_review,pending
raw,<LOCAL_WORKSPACE>\GRID_D22_GitHub\data\real_munich\data\bohrungen_epsg25832_shp\bohrungen_schichten.csv,22396.0,7835BG017107,DIN,missing_DIN,warning,,,,,,flag_for_review,pending
raw,<LOCAL_WORKSPACE>\GRID_D22_GitHub\data\real_munich\data\bohrungen_epsg25832_shp\bohrungen_schichten.csv,,7835BG017105,Untergrenz,original_interval_order,warning,,,,,,legacy_sorts_by_lower_depth,pending
raw,<LOCAL_WORKSPACE>\GRID_D22_GitHub\data\real_munich\data\bohrungen_epsg25832_shp\bohrungen_schichten.csv,22403.0,7835BG017105,DIN,unknown_DIN_legacy_default_10,warning,Mst,,,,,flag_for_review,pending
raw,<LOCAL_WORKSPACE>\GRID_D22_GitHub\data\real_munich\data\bohrungen_epsg25832_shp\bohrungen_schichten.csv,22423.0,7835BG017105,DIN,unknown_DIN_legacy_default_10,warning,Mst,,,,,flag_for_review,pending
raw,<LOCAL_WORKSPACE>\GRID_D22_GitHub\data\real_munich\data\bohrungen_epsg25832_shp\bohrungen_schichten.csv,22454.0,7835BG017105,DIN,unknown_DIN_legacy_default_10,warning,Mst,,,,,flag_for_review,pending
raw,<LOCAL_WORKSPACE>\GRID_D22_GitHub\data\real_munich\data\bohrungen_epsg25832_shp\bohrungen_schichten.csv,,7835BG016901,Untergrenz,original_interval_order,warning,,,,,,legacy_sorts_by_lower_depth,pending
raw,<LOCAL_WORKSPACE>\GRID_D22_GitHub\data\real_munich\data\bohrungen_epsg25832_shp\bohrungen_schichten.csv,22507.0,7835BG016901,DIN,unknown_DIN_legacy_default_10,warning,"Mst,Tst",,,,,flag_for_review,pending
raw,<LOCAL_WORKSPACE>\GRID_D22_GitHub\data\real_munich\data\bohrungen_epsg25832_shp\bohrungen_schichten.csv,22531.0,7835BG016901,DIN,unknown_DIN_legacy_default_10,warning,"Mst,Tst",,,,,flag_for_review,pending
raw,<LOCAL_WORKSPACE>\GRID_D22_GitHub\data\real_munich\data\bohrungen_epsg25832_shp\bohrungen_schichten.csv,,7835BG017102,Untergrenz,original_interval_order,warning,,,,,,legacy_sorts_by_lower_depth,pending
raw,<LOCAL_WORKSPACE>\GRID_D22_GitHub\data\real_munich\data\bohrungen_epsg25832_shp\bohrungen_schichten.csv,22624.0,7835BG017102,DIN,unknown_DIN_legacy_default_10,warning,Mst,,,,,flag_for_review,pending
raw,<LOCAL_WORKSPACE>\GRID_D22_GitHub\data\real_munich\data\bohrungen_epsg25832_shp\bohrungen_schichten.csv,22640.0,7835BG017114,DIN,missing_DIN,warning,,,,,,flag_for_review,pending
raw,<LOCAL_WORKSPACE>\GRID_D22_GitHub\data\real_munich\data\bohrungen_epsg25832_shp\bohrungen_schichten.csv,,7835BG017112,Untergrenz,original_interval_order,warning,,,,,,legacy_sorts_by_lower_depth,pending
raw,<LOCAL_WORKSPACE>\GRID_D22_GitHub\data\real_munich\data\bohrungen_epsg25832_shp\bohrungen_schichten.csv,22658.0,7835BG017112,DIN,unknown_DIN_legacy_default_10,warning,Mst,,,,,flag_for_review,pending
raw,<LOCAL_WORKSPACE>\GRID_D22_GitHub\data\real_munich\data\bohrungen_epsg25832_shp\bohrungen_schichten.csv,22660.0,7835BG017112,DIN,unknown_DIN_legacy_default_10,warning,Mst,,,,,flag_for_review,pending
raw,<LOCAL_WORKSPACE>\GRID_D22_GitHub\data\real_munich\data\bohrungen_epsg25832_shp\bohrungen_schichten.csv,22668.0,7835BG017112,DIN,unknown_DIN_legacy_default_10,warning,Mst,,,,,flag_for_review,pending
raw,<LOCAL_WORKSPACE>\GRID_D22_GitHub\data\real_munich\data\bohrungen_epsg25832_shp\bohrungen_schichten.csv,22681.0,7835BG017112,DIN,unknown_DIN_legacy_default_10,warning,Mst,,,,,flag_for_review,pending
raw,<LOCAL_WORKSPACE>\GRID_D22_GitHub\data\real_munich\data\bohrungen_epsg25832_shp\bohrungen_schichten.csv,22708.0,7835BG017116,DIN,missing_DIN,warning,,,,,,flag_for_review,pending
raw,<LOCAL_WORKSPACE>\GRID_D22_GitHub\data\real_munich\data\bohrungen_epsg25832_shp\bohrungen_schichten.csv,22709.0,7835BG016966,DIN,missing_DIN,warning,,,,,,flag_for_review,pending
raw,<LOCAL_WORKSPACE>\GRID_D22_GitHub\data\real_munich\data\bohrungen_epsg25832_shp\bohrungen_schichten.csv,,7835BG016992,Untergrenz,original_interval_order,warning,,,,,,legacy_sorts_by_lower_depth,pending
raw,<LOCAL_WORKSPACE>\GRID_D22_GitHub\data\real_munich\data\bohrungen_epsg25832_shp\bohrungen_schichten.csv,,7835BG017148,Untergrenz,original_interval_order,warning,,,,,,legacy_sorts_by_lower_depth,pending
raw,<LOCAL_WORKSPACE>\GRID_D22_GitHub\data\real_munich\data\bohrungen_epsg25832_shp\bohrungen_schichten.csv,22791.0,7835BG017148,DIN,unknown_DIN_legacy_default_10,warning,Mst,,,,,flag_for_review,pending
raw,<LOCAL_WORKSPACE>\GRID_D22_GitHub\data\real_munich\data\bohrungen_epsg25832_shp\bohrungen_schichten.csv,22811.0,7835BG017148,DIN,unknown_DIN_legacy_default_10,warning,Mst,,,,,flag_for_review,pending
raw,<LOCAL_WORKSPACE>\GRID_D22_GitHub\data\real_munich\data\bohrungen_epsg25832_shp\bohrungen_schichten.csv,22814.0,7835BG017148,DIN,unknown_DIN_legacy_default_10,warning,Mst,,,,,flag_for_review,pending
raw,<LOCAL_WORKSPACE>\GRID_D22_GitHub\data\real_munich\data\bohrungen_epsg25832_shp\bohrungen_schichten.csv,22816.0,7835BG017148,DIN,unknown_DIN_legacy_default_10,warning,Mst,,,,,flag_for_review,pending
raw,<LOCAL_WORKSPACE>\GRID_D22_GitHub\data\real_munich\data\bohrungen_epsg25832_shp\bohrungen_schichten.csv,22819.0,7835BG017148,DIN,unknown_DIN_legacy_default_10,warning,Mst,,,,,flag_for_review,pending
raw,<LOCAL_WORKSPACE>\GRID_D22_GitHub\data\real_munich\data\bohrungen_epsg25832_shp\bohrungen_schichten.csv,22825.0,7835BG017148,DIN,unknown_DIN_legacy_default_10,warning,"Mst,Kst",,,,,flag_for_review,pending
raw,<LOCAL_WORKSPACE>\GRID_D22_GitHub\data\real_munich\data\bohrungen_epsg25832_shp\bohrungen_schichten.csv,22858.0,7835BG017104,DIN,missing_DIN,warning,,,,,,flag_for_review,pending
raw,<LOCAL_WORKSPACE>\GRID_D22_GitHub\data\real_munich\data\bohrungen_epsg25832_shp\bohrungen_schichten.csv,,7835BG017457,Untergrenz,original_interval_order,warning,,,,,,legacy_sorts_by_lower_depth,pending
raw,<LOCAL_WORKSPACE>\GRID_D22_GitHub\data\real_munich\data\bohrungen_epsg25832_shp\bohrungen_schichten.csv,22869.0,7835BG017457,DIN,missing_DIN,warning,,,,,,flag_for_review,pending
raw,<LOCAL_WORKSPACE>\GRID_D22_GitHub\data\real_munich\data\bohrungen_epsg25832_shp\bohrungen_schichten.csv,22879.0,7835BG017457,DIN,missing_DIN,warning,,,,,,flag_for_review,pending
raw,<LOCAL_WORKSPACE>\GRID_D22_GitHub\data\real_munich\data\bohrungen_epsg25832_shp\bohrungen_schichten.csv,22903.0,7835BG017457,DIN,missing_DIN,warning,,,,,,flag_for_review,pending
raw,<LOCAL_WORKSPACE>\GRID_D22_GitHub\data\real_munich\data\bohrungen_epsg25832_shp\bohrungen_schichten.csv,22916.0,7835BG017101,DIN,missing_DIN,warning,,,,,,flag_for_review,pending
raw,<LOCAL_WORKSPACE>\GRID_D22_GitHub\data\real_munich\data\bohrungen_epsg25832_shp\bohrungen_schichten.csv,22919.0,7835BG017095,DIN,missing_DIN,warning,,,,,,flag_for_review,pending
raw,<LOCAL_WORKSPACE>\GRID_D22_GitHub\data\real_munich\data\bohrungen_epsg25832_shp\bohrungen_schichten.csv,22920.0,7835BG017466,DIN,missing_DIN,warning,,,,,,flag_for_review,pending
raw,<LOCAL_WORKSPACE>\GRID_D22_GitHub\data\real_munich\data\bohrungen_epsg25832_shp\bohrungen_schichten.csv,,7835BG017323,Untergrenz,original_interval_order,warning,,,,,,legacy_sorts_by_lower_depth,pending
raw,<LOCAL_WORKSPACE>\GRID_D22_GitHub\data\real_munich\data\bohrungen_epsg25832_shp\bohrungen_schichten.csv,22925.0,7835BG017094,DIN,missing_DIN,warning,,,,,,flag_for_review,pending
raw,<LOCAL_WORKSPACE>\GRID_D22_GitHub\data\real_munich\data\bohrungen_epsg25832_shp\bohrungen_schichten.csv,,7835BG017347,Untergrenz,original_interval_order,warning,,,,,,legacy_sorts_by_lower_depth,pending
raw,<LOCAL_WORKSPACE>\GRID_D22_GitHub\data\real_munich\data\bohrungen_epsg25832_shp\bohrungen_schichten.csv,,7835BG017097,Untergrenz,original_interval_order,warning,,,,,,legacy_sorts_by_lower_depth,pending
raw,<LOCAL_WORKSPACE>\GRID_D22_GitHub\data\real_munich\data\bohrungen_epsg25832_shp\bohrungen_schichten.csv,22956.0,7835BG017097,DIN,unknown_DIN_legacy_default_10,warning,"Mst,Tst",,,,,flag_for_review,pending
raw,<LOCAL_WORKSPACE>\GRID_D22_GitHub\data\real_munich\data\bohrungen_epsg25832_shp\bohrungen_schichten.csv,22964.0,7835BG017097,DIN,unknown_DIN_legacy_default_10,warning,"Mst,Tst",,,,,flag_for_review,pending
raw,<LOCAL_WORKSPACE>\GRID_D22_GitHub\data\real_munich\data\bohrungen_epsg25832_shp\bohrungen_schichten.csv,22976.0,7835BG017097,DIN,unknown_DIN_legacy_default_10,warning,"Mst,Tst",,,,,flag_for_review,pending
raw,<LOCAL_WORKSPACE>\GRID_D22_GitHub\data\real_munich\data\bohrungen_epsg25832_shp\bohrungen_schichten.csv,,7835BG017096,Untergrenz,original_interval_order,warning,,,,,,legacy_sorts_by_lower_depth,pending
raw,<LOCAL_WORKSPACE>\GRID_D22_GitHub\data\real_munich\data\bohrungen_epsg25832_shp\bohrungen_schichten.csv,23059.0,7835BG017098,DIN,missing_DIN,warning,,,,,,flag_for_review,pending
raw,<LOCAL_WORKSPACE>\GRID_D22_GitHub\data\real_munich\data\bohrungen_epsg25832_shp\bohrungen_schichten.csv,23060.0,7835BG017106,DIN,missing_DIN,warning,,,,,,flag_for_review,pending
raw,<LOCAL_WORKSPACE>\GRID_D22_GitHub\data\real_munich\data\bohrungen_epsg25832_shp\bohrungen_schichten.csv,23061.0,7835BG017103,DIN,missing_DIN,warning,,,,,,flag_for_review,pending
raw,<LOCAL_WORKSPACE>\GRID_D22_GitHub\data\real_munich\data\bohrungen_epsg25832_shp\bohrungen_schichten.csv,,7835BG017146,Untergrenz,original_interval_order,warning,,,,,,legacy_sorts_by_lower_depth,pending
raw,<LOCAL_WORKSPACE>\GRID_D22_GitHub\data\real_munich\data\bohrungen_epsg25832_shp\bohrungen_schichten.csv,23128.0,7835BG017146,DIN,unknown_DIN_legacy_default_10,warning,"Mst,Tst",,,,,flag_for_review,pending
raw,<LOCAL_WORKSPACE>\GRID_D22_GitHub\data\real_munich\data\bohrungen_epsg25832_shp\bohrungen_schichten.csv,23143.0,7835BG017146,DIN,unknown_DIN_legacy_default_10,warning,"Mst,Tst",,,,,flag_for_review,pending
raw,<LOCAL_WORKSPACE>\GRID_D22_GitHub\data\real_munich\data\bohrungen_epsg25832_shp\bohrungen_schichten.csv,,7835BG017348,Untergrenz,original_interval_order,warning,,,,,,legacy_sorts_by_lower_depth,pending
raw,<LOCAL_WORKSPACE>\GRID_D22_GitHub\data\real_munich\data\bohrungen_epsg25832_shp\bohrungen_schichten.csv,23158.0,7835BG017113,DIN,missing_DIN,warning,,,,,,flag_for_review,pending
raw,<LOCAL_WORKSPACE>\GRID_D22_GitHub\data\real_munich\data\bohrungen_epsg25832_shp\bohrungen_schichten.csv,,7835BG017377,Untergrenz,original_interval_order,warning,,,,,,legacy_sorts_by_lower_depth,pending
raw,<LOCAL_WORKSPACE>\GRID_D22_GitHub\data\real_munich\data\bohrungen_epsg25832_shp\bohrungen_schichten.csv,23162.0,7835BG017100,DIN,missing_DIN,warning,,,,,,flag_for_review,pending
raw,<LOCAL_WORKSPACE>\GRID_D22_GitHub\data\real_munich\data\bohrungen_epsg25832_shp\bohrungen_schichten.csv,23196.0,7835BG017464,DIN,missing_DIN,warning,,,,,,flag_for_review,pending
raw,<LOCAL_WORKSPACE>\GRID_D22_GitHub\data\real_munich\data\bohrungen_epsg25832_shp\bohrungen_schichten.csv,,7835BG017471,Untergrenz,original_interval_order,warning,,,,,,legacy_sorts_by_lower_depth,pending
raw,<LOCAL_WORKSPACE>\GRID_D22_GitHub\data\real_munich\data\bohrungen_epsg25832_shp\bohrungen_schichten.csv,23210.0,7835BG017471,DIN,missing_DIN,warning,,,,,,flag_for_review,pending
raw,<LOCAL_WORKSPACE>\GRID_D22_GitHub\data\real_munich\data\bohrungen_epsg25832_shp\bohrungen_schichten.csv,23219.0,7835BG017471,DIN,unknown_DIN_legacy_default_10,warning,Mst,,,,,flag_for_review,pending
raw,<LOCAL_WORKSPACE>\GRID_D22_GitHub\data\real_munich\data\bohrungen_epsg25832_shp\bohrungen_schichten.csv,23239.0,7835BG017471,DIN,unknown_DIN_legacy_default_10,warning,Mst,,,,,flag_for_review,pending
raw,<LOCAL_WORKSPACE>\GRID_D22_GitHub\data\real_munich\data\bohrungen_epsg25832_shp\bohrungen_schichten.csv,,7835BG017346,Untergrenz,original_interval_order,warning,,,,,,legacy_sorts_by_lower_depth,pending
raw,<LOCAL_WORKSPACE>\GRID_D22_GitHub\data\real_munich\data\bohrungen_epsg25832_shp\bohrungen_schichten.csv,,7835BG017115,Untergrenz,original_interval_order,warning,,,,,,legacy_sorts_by_lower_depth,pending
raw,<LOCAL_WORKSPACE>\GRID_D22_GitHub\data\real_munich\data\bohrungen_epsg25832_shp\bohrungen_schichten.csv,23302.0,7835BG017115,DIN,unknown_DIN_legacy_default_10,warning,Mst,,,,,flag_for_review,pending
raw,<LOCAL_WORKSPACE>\GRID_D22_GitHub\data\real_munich\data\bohrungen_epsg25832_shp\bohrungen_schichten.csv,,7835BG017468,Untergrenz,original_interval_order,warning,,,,,,legacy_sorts_by_lower_depth,pending
raw,<LOCAL_WORKSPACE>\GRID_D22_GitHub\data\real_munich\data\bohrungen_epsg25832_shp\bohrungen_schichten.csv,23356.0,7835BG017468,DIN,unknown_DIN_legacy_default_10,warning,Mst,,,,,flag_for_review,pending
raw,<LOCAL_WORKSPACE>\GRID_D22_GitHub\data\real_munich\data\bohrungen_epsg25832_shp\bohrungen_schichten.csv,,7835BG017463,Untergrenz,original_interval_order,warning,,,,,,legacy_sorts_by_lower_depth,pending
raw,<LOCAL_WORKSPACE>\GRID_D22_GitHub\data\real_munich\data\bohrungen_epsg25832_shp\bohrungen_schichten.csv,,7835BG017463,Endteufe,end_depth_mismatch,warning,45.7,45.4,,1e-06,,flag_for_review,pending
raw,<LOCAL_WORKSPACE>\GRID_D22_GitHub\data\real_munich\data\bohrungen_epsg25832_shp\bohrungen_schichten.csv,23385.0,7835BG017463,DIN,unknown_DIN_legacy_default_10,warning,"Mst,s",,,,,flag_for_review,pending
raw,<LOCAL_WORKSPACE>\GRID_D22_GitHub\data\real_munich\data\bohrungen_epsg25832_shp\bohrungen_schichten.csv,23400.0,7835BG017463,DIN,unknown_DIN_legacy_default_10,warning,"Mst,Tst",,,,,flag_for_review,pending
raw,<LOCAL_WORKSPACE>\GRID_D22_GitHub\data\real_munich\data\bohrungen_epsg25832_shp\bohrungen_schichten.csv,,7835BG017652,Untergrenz,original_interval_order,warning,,,,,,legacy_sorts_by_lower_depth,pending
raw,<LOCAL_WORKSPACE>\GRID_D22_GitHub\data\real_munich\data\bohrungen_epsg25832_shp\bohrungen_schichten.csv,23460.0,7835BG017117,DIN,missing_DIN,warning,,,,,,flag_for_review,pending
raw,<LOCAL_WORKSPACE>\GRID_D22_GitHub\data\real_munich\data\bohrungen_epsg25832_shp\bohrungen_schichten.csv,,7835BG017325,Untergrenz,original_interval_order,warning,,,,,,legacy_sorts_by_lower_depth,pending
raw,<LOCAL_WORKSPACE>\GRID_D22_GitHub\data\real_munich\data\bohrungen_epsg25832_shp\bohrungen_schichten.csv,23465.0,7835BG017458,DIN,unknown_DIN_legacy_default_10,warning,nb,,,,,flag_for_review,pending
raw,<LOCAL_WORKSPACE>\GRID_D22_GitHub\data\real_munich\data\bohrungen_epsg25832_shp\bohrungen_schichten.csv,23466.0,7835BG017459,DIN,missing_DIN,warning,,,,,,flag_for_review,pending
raw,<LOCAL_WORKSPACE>\GRID_D22_GitHub\data\real_munich\data\bohrungen_epsg25832_shp\bohrungen_schichten.csv,,7835BG017651,Untergrenz,original_interval_order,warning,,,,,,legacy_sorts_by_lower_depth,pending
raw,<LOCAL_WORKSPACE>\GRID_D22_GitHub\data\real_munich\data\bohrungen_epsg25832_shp\bohrungen_schichten.csv,,7835BG017793,Untergrenz,original_interval_order,warning,,,,,,legacy_sorts_by_lower_depth,pending
raw,<LOCAL_WORKSPACE>\GRID_D22_GitHub\data\real_munich\data\bohrungen_epsg25832_shp\bohrungen_schichten.csv,,7835BG017794,Untergrenz,original_interval_order,warning,,,,,,legacy_sorts_by_lower_depth,pending
raw,<LOCAL_WORKSPACE>\GRID_D22_GitHub\data\real_munich\data\bohrungen_epsg25832_shp\bohrungen_schichten.csv,23519.0,7835BG017469,DIN,missing_DIN,warning,,,,,,flag_for_review,pending
raw,<LOCAL_WORKSPACE>\GRID_D22_GitHub\data\real_munich\data\bohrungen_epsg25832_shp\bohrungen_schichten.csv,,7835BG017465,Untergrenz,original_interval_order,warning,,,,,,legacy_sorts_by_lower_depth,pending
raw,<LOCAL_WORKSPACE>\GRID_D22_GitHub\data\real_munich\data\bohrungen_epsg25832_shp\bohrungen_schichten.csv,23545.0,7835BG017465,DIN,missing_DIN,warning,,,,,,flag_for_review,pending
raw,<LOCAL_WORKSPACE>\GRID_D22_GitHub\data\real_munich\data\bohrungen_epsg25832_shp\bohrungen_schichten.csv,23589.0,7835BG017467,DIN,missing_DIN,warning,,,,,,flag_for_review,pending
raw,<LOCAL_WORKSPACE>\GRID_D22_GitHub\data\real_munich\data\bohrungen_epsg25832_shp\bohrungen_schichten.csv,,7835BG017653,Untergrenz,original_interval_order,warning,,,,,,legacy_sorts_by_lower_depth,pending
raw,<LOCAL_WORKSPACE>\GRID_D22_GitHub\data\real_munich\data\bohrungen_epsg25832_shp\bohrungen_schichten.csv,23605.0,7835BG017637,DIN,missing_DIN,warning,,,,,,flag_for_review,pending
raw,<LOCAL_WORKSPACE>\GRID_D22_GitHub\data\real_munich\data\bohrungen_epsg25832_shp\bohrungen_schichten.csv,23640.0,7835BG017638,DIN,missing_DIN,warning,,,,,,flag_for_review,pending
raw,<LOCAL_WORKSPACE>\GRID_D22_GitHub\data\real_munich\data\bohrungen_epsg25832_shp\bohrungen_schichten.csv,,7835BG017991,Untergrenz,original_interval_order,warning,,,,,,legacy_sorts_by_lower_depth,pending
raw,<LOCAL_WORKSPACE>\GRID_D22_GitHub\data\real_munich\data\bohrungen_epsg25832_shp\bohrungen_schichten.csv,23670.0,7835BG017991,DIN,missing_DIN,warning,,,,,,flag_for_review,pending
raw,<LOCAL_WORKSPACE>\GRID_D22_GitHub\data\real_munich\data\bohrungen_epsg25832_shp\bohrungen_schichten.csv,,7835BG017990,Untergrenz,original_interval_order,warning,,,,,,legacy_sorts_by_lower_depth,pending
raw,<LOCAL_WORKSPACE>\GRID_D22_GitHub\data\real_munich\data\bohrungen_epsg25832_shp\bohrungen_schichten.csv,,7835BG017657,Untergrenz,original_interval_order,warning,,,,,,legacy_sorts_by_lower_depth,pending
raw,<LOCAL_WORKSPACE>\GRID_D22_GitHub\data\real_munich\data\bohrungen_epsg25832_shp\bohrungen_schichten.csv,,7835BG017658,Untergrenz,original_interval_order,warning,,,,,,legacy_sorts_by_lower_depth,pending
raw,<LOCAL_WORKSPACE>\GRID_D22_GitHub\data\real_munich\data\bohrungen_epsg25832_shp\bohrungen_schichten.csv,,7835BG017585,Untergrenz,original_interval_order,warning,,,,,,legacy_sorts_by_lower_depth,pending
raw,<LOCAL_WORKSPACE>\GRID_D22_GitHub\data\real_munich\data\bohrungen_epsg25832_shp\bohrungen_schichten.csv,,7835BG017631,Untergrenz,original_interval_order,warning,,,,,,legacy_sorts_by_lower_depth,pending
raw,<LOCAL_WORKSPACE>\GRID_D22_GitHub\data\real_munich\data\bohrungen_epsg25832_shp\bohrungen_schichten.csv,,7835BG017630,Untergrenz,original_interval_order,warning,,,,,,legacy_sorts_by_lower_depth,pending
raw,<LOCAL_WORKSPACE>\GRID_D22_GitHub\data\real_munich\data\bohrungen_epsg25832_shp\bohrungen_schichten.csv,,7835BG017624,Untergrenz,original_interval_order,warning,,,,,,legacy_sorts_by_lower_depth,pending
raw,<LOCAL_WORKSPACE>\GRID_D22_GitHub\data\real_munich\data\bohrungen_epsg25832_shp\bohrungen_schichten.csv,,7835BG010663,Untergrenz,original_interval_order,warning,,,,,,legacy_sorts_by_lower_depth,pending
raw,<LOCAL_WORKSPACE>\GRID_D22_GitHub\data\real_munich\data\bohrungen_epsg25832_shp\bohrungen_schichten.csv,23844.0,7835BG011951,DIN,unknown_DIN_legacy_default_10,warning,"H,s,u",,,,,flag_for_review,pending
raw,<LOCAL_WORKSPACE>\GRID_D22_GitHub\data\real_munich\data\bohrungen_epsg25832_shp\bohrungen_schichten.csv,,7835BG018209,Untergrenz,original_interval_order,warning,,,,,,legacy_sorts_by_lower_depth,pending
raw,<LOCAL_WORKSPACE>\GRID_D22_GitHub\data\real_munich\data\bohrungen_epsg25832_shp\bohrungen_schichten.csv,23898.0,7835BG018209,DIN,unknown_DIN_legacy_default_10,warning,"M,t",,,,,flag_for_review,pending
raw,<LOCAL_WORKSPACE>\GRID_D22_GitHub\data\real_munich\data\bohrungen_epsg25832_shp\bohrungen_schichten.csv,23904.0,7835BG018209,DIN,unknown_DIN_legacy_default_10,warning,"M,t",,,,,flag_for_review,pending
raw,<LOCAL_WORKSPACE>\GRID_D22_GitHub\data\real_munich\data\bohrungen_epsg25832_shp\bohrungen_schichten.csv,23906.0,7835BG018209,DIN,unknown_DIN_legacy_default_10,warning,"M,t",,,,,flag_for_review,pending
raw,<LOCAL_WORKSPACE>\GRID_D22_GitHub\data\real_munich\data\bohrungen_epsg25832_shp\bohrungen_schichten.csv,23912.0,7835BG018209,DIN,unknown_DIN_legacy_default_10,warning,"M,t",,,,,flag_for_review,pending
raw,<LOCAL_WORKSPACE>\GRID_D22_GitHub\data\real_munich\data\bohrungen_epsg25832_shp\bohrungen_schichten.csv,23917.0,7835BG018209,DIN,unknown_DIN_legacy_default_10,warning,"M,t",,,,,flag_for_review,pending
raw,<LOCAL_WORKSPACE>\GRID_D22_GitHub\data\real_munich\data\bohrungen_epsg25832_shp\bohrungen_schichten.csv,23923.0,7835BG018209,DIN,unknown_DIN_legacy_default_10,warning,"M,t",,,,,flag_for_review,pending
raw,<LOCAL_WORKSPACE>\GRID_D22_GitHub\data\real_munich\data\bohrungen_epsg25832_shp\bohrungen_schichten.csv,23924.0,7835BG018209,DIN,unknown_DIN_legacy_default_10,warning,"M,t",,,,,flag_for_review,pending
raw,<LOCAL_WORKSPACE>\GRID_D22_GitHub\data\real_munich\data\bohrungen_epsg25832_shp\bohrungen_schichten.csv,23926.0,7835BG018209,DIN,unknown_DIN_legacy_default_10,warning,"M,t",,,,,flag_for_review,pending
raw,<LOCAL_WORKSPACE>\GRID_D22_GitHub\data\real_munich\data\bohrungen_epsg25832_shp\bohrungen_schichten.csv,,7835BG018208,Untergrenz,original_interval_order,warning,,,,,,legacy_sorts_by_lower_depth,pending
raw,<LOCAL_WORKSPACE>\GRID_D22_GitHub\data\real_munich\data\bohrungen_epsg25832_shp\bohrungen_schichten.csv,23931.0,7835BG018208,DIN,unknown_DIN_legacy_default_10,warning,"M,U,t,fs",,,,,flag_for_review,pending
raw,<LOCAL_WORKSPACE>\GRID_D22_GitHub\data\real_munich\data\bohrungen_epsg25832_shp\bohrungen_schichten.csv,23933.0,7835BG018208,DIN,unknown_DIN_legacy_default_10,warning,"M,U,t",,,,,flag_for_review,pending
raw,<LOCAL_WORKSPACE>\GRID_D22_GitHub\data\real_munich\data\bohrungen_epsg25832_shp\bohrungen_schichten.csv,23942.0,7835BG018208,DIN,unknown_DIN_legacy_default_10,warning,"M,t",,,,,flag_for_review,pending
raw,<LOCAL_WORKSPACE>\GRID_D22_GitHub\data\real_munich\data\bohrungen_epsg25832_shp\bohrungen_schichten.csv,23950.0,7835BG018208,DIN,unknown_DIN_legacy_default_10,warning,"M,U,t",,,,,flag_for_review,pending
raw,<LOCAL_WORKSPACE>\GRID_D22_GitHub\data\real_munich\data\bohrungen_epsg25832_shp\bohrungen_schichten.csv,,7835BG018276,Untergrenz,original_interval_order,warning,,,,,,legacy_sorts_by_lower_depth,pending
raw,<LOCAL_WORKSPACE>\GRID_D22_GitHub\data\real_munich\data\bohrungen_epsg25832_shp\bohrungen_schichten.csv,,7835BG018051,Untergrenz,original_interval_order,warning,,,,,,legacy_sorts_by_lower_depth,pending
raw,<LOCAL_WORKSPACE>\GRID_D22_GitHub\data\real_munich\data\bohrungen_epsg25832_shp\bohrungen_schichten.csv,,7835BG018278,Untergrenz,original_interval_order,warning,,,,,,legacy_sorts_by_lower_depth,pending
raw,<LOCAL_WORKSPACE>\GRID_D22_GitHub\data\real_munich\data\bohrungen_epsg25832_shp\bohrungen_schichten.csv,,7835BG018207,Untergrenz,original_interval_order,warning,,,,,,legacy_sorts_by_lower_depth,pending
raw,<LOCAL_WORKSPACE>\GRID_D22_GitHub\data\real_munich\data\bohrungen_epsg25832_shp\bohrungen_schichten.csv,,7835BG018277,Untergrenz,original_interval_order,warning,,,,,,legacy_sorts_by_lower_depth,pending
raw,<LOCAL_WORKSPACE>\GRID_D22_GitHub\data\real_munich\data\bohrungen_epsg25832_shp\bohrungen_schichten.csv,,7835BG018845,Untergrenz,original_interval_order,warning,,,,,,legacy_sorts_by_lower_depth,pending
raw,<LOCAL_WORKSPACE>\GRID_D22_GitHub\data\real_munich\data\bohrungen_epsg25832_shp\bohrungen_schichten.csv,,7835BG018886,Untergrenz,original_interval_order,warning,,,,,,legacy_sorts_by_lower_depth,pending
raw,<LOCAL_WORKSPACE>\GRID_D22_GitHub\data\real_munich\data\bohrungen_epsg25832_shp\bohrungen_schichten.csv,,7835BG018886,Endteufe,end_depth_mismatch,warning,45.6,30.35,,1e-06,,flag_for_review,pending
raw,<LOCAL_WORKSPACE>\GRID_D22_GitHub\data\real_munich\data\bohrungen_epsg25832_shp\bohrungen_schichten.csv,24018.0,7835BG018886,DIN,unknown_DIN_legacy_default_10,warning,"M,S",,,,,flag_for_review,pending
raw,<LOCAL_WORKSPACE>\GRID_D22_GitHub\data\real_munich\data\bohrungen_epsg25832_shp\bohrungen_schichten.csv,24020.0,7835BG018886,DIN,unknown_DIN_legacy_default_10,warning,M,,,,,flag_for_review,pending
raw,<LOCAL_WORKSPACE>\GRID_D22_GitHub\data\real_munich\data\bohrungen_epsg25832_shp\bohrungen_schichten.csv,24021.0,7835BG018886,DIN,unknown_DIN_legacy_default_10,warning,"M,U",,,,,flag_for_review,pending
raw,<LOCAL_WORKSPACE>\GRID_D22_GitHub\data\real_munich\data\bohrungen_epsg25832_shp\bohrungen_schichten.csv,24022.0,7835BG018886,DIN,unknown_DIN_legacy_default_10,warning,M,,,,,flag_for_review,pending
raw,<LOCAL_WORKSPACE>\GRID_D22_GitHub\data\real_munich\data\bohrungen_epsg25832_shp\bohrungen_schichten.csv,24025.0,7835BG018886,DIN,unknown_DIN_legacy_default_10,warning,"M,U",,,,,flag_for_review,pending
raw,<LOCAL_WORKSPACE>\GRID_D22_GitHub\data\real_munich\data\bohrungen_epsg25832_shp\bohrungen_schichten.csv,24028.0,7835BG018886,DIN,unknown_DIN_legacy_default_10,warning,M,,,,,flag_for_review,pending
raw,<LOCAL_WORKSPACE>\GRID_D22_GitHub\data\real_munich\data\bohrungen_epsg25832_shp\bohrungen_schichten.csv,,7835BG007739,Untergrenz,original_interval_order,warning,,,,,,legacy_sorts_by_lower_depth,pending
raw,<LOCAL_WORKSPACE>\GRID_D22_GitHub\data\real_munich\data\bohrungen_epsg25832_shp\bohrungen_schichten.csv,,7835BG018864,Untergrenz,original_interval_order,warning,,,,,,legacy_sorts_by_lower_depth,pending
raw,<LOCAL_WORKSPACE>\GRID_D22_GitHub\data\real_munich\data\bohrungen_epsg25832_shp\bohrungen_schichten.csv,24046.0,7835BG018864,DIN,unknown_DIN_legacy_default_10,warning,Mb,,,,,flag_for_review,pending
raw,<LOCAL_WORKSPACE>\GRID_D22_GitHub\data\real_munich\data\bohrungen_epsg25832_shp\bohrungen_schichten.csv,,7835BG018943,Untergrenz,original_interval_order,warning,,,,,,legacy_sorts_by_lower_depth,pending
raw,<LOCAL_WORKSPACE>\GRID_D22_GitHub\data\real_munich\data\bohrungen_epsg25832_shp\bohrungen_schichten.csv,,7835BG018944,Untergrenz,original_interval_order,warning,,,,,,legacy_sorts_by_lower_depth,pending
raw,<LOCAL_WORKSPACE>\GRID_D22_GitHub\data\real_munich\data\bohrungen_epsg25832_shp\bohrungen_schichten.csv,,7835BG018888,Untergrenz,original_interval_order,warning,,,,,,legacy_sorts_by_lower_depth,pending
geological,qnd_compositing,,7835BG009095,compositing,legacy_compositing_exception,warning,,,,,,legacy_compositing_skipped,pending
geological,qnd_compositing,,7835BG017223,compositing,legacy_compositing_exception,warning,,,,,,legacy_compositing_skipped,pending
geological,qnd_compositing,,7835BG017258,compositing,legacy_compositing_exception,warning,,,,,,legacy_compositing_skipped,pending
geological,qnd_compositing,,7835BG015971,compositing,legacy_compositing_exception,warning,,,,,,legacy_compositing_skipped,pending
geological,qnd_compositing,,7835BG015973,compositing,legacy_compositing_exception,warning,,,,,,legacy_compositing_skipped,pending
geological,qnd_compositing,,7835BG015103,compositing,legacy_compositing_exception,warning,,,,,,legacy_compositing_skipped,pending
geological,qnd_compositing,,7835BG015033,compositing,legacy_compositing_exception,warning,,,,,,legacy_compositing_skipped,pending
geological,qnd_compositing,,7835BG015164,compositing,legacy_compositing_exception,warning,,,,,,legacy_compositing_skipped,pending
geological,qnd_compositing,,7835BG015024,compositing,legacy_compositing_exception,warning,,,,,,legacy_compositing_skipped,pending
geological,qnd_compositing,,7835BG015240,compositing,legacy_compositing_exception,warning,,,,,,legacy_compositing_skipped,pending
geological,qnd_compositing,,7835BG015393,compositing,legacy_compositing_exception,warning,,,,,,legacy_compositing_skipped,pending
geological,qnd_compositing,,7835BG015243,compositing,legacy_compositing_exception,warning,,,,,,legacy_compositing_skipped,pending
geological,qnd_compositing,,7835BG015081,compositing,legacy_compositing_exception,warning,,,,,,legacy_compositing_skipped,pending
geological,qnd_compositing,,7835BG015231,compositing,legacy_compositing_exception,warning,,,,,,legacy_compositing_skipped,pending
geological,qnd_compositing,,7835BG015462,compositing,legacy_compositing_exception,warning,,,,,,legacy_compositing_skipped,pending
geological,qnd_compositing,,7835BG015972,compositing,legacy_compositing_exception,warning,,,,,,legacy_compositing_skipped,pending
geological,qnd_compositing,,7835BG015585,compositing,legacy_compositing_exception,warning,,,,,,legacy_compositing_skipped,pending
geological,qnd_compositing,,7835BG015584,compositing,legacy_compositing_exception,warning,,,,,,legacy_compositing_skipped,pending
geological,qnd_compositing,,7835BG015586,compositing,legacy_compositing_exception,warning,,,,,,legacy_compositing_skipped,pending
geological,qnd_compositing,,7835BG015580,compositing,legacy_compositing_exception,warning,,,,,,legacy_compositing_skipped,pending
geological,qnd_compositing,,7835BG015581,compositing,legacy_compositing_exception,warning,,,,,,legacy_compositing_skipped,pending
geological,qnd_compositing,,7835BG015582,compositing,legacy_compositing_exception,warning,,,,,,legacy_compositing_skipped,pending
geological,qnd_compositing,,7835BG015583,compositing,legacy_compositing_exception,warning,,,,,,legacy_compositing_skipped,pending
geological,qnd_compositing,,7835BG015976,compositing,legacy_compositing_exception,warning,,,,,,legacy_compositing_skipped,pending
geological,qnd_compositing,,7835BG017003,compositing,legacy_compositing_exception,warning,,,,,,legacy_compositing_skipped,pending
geological,qnd_compositing,,7835BG015579,compositing,legacy_compositing_exception,warning,,,,,,legacy_compositing_skipped,pending
geological,qnd_compositing,,7835BG016940,compositing,legacy_compositing_exception,warning,,,,,,legacy_compositing_skipped,pending
geological,qnd_compositing,,7835BG015464,compositing,legacy_compositing_exception,warning,,,,,,legacy_compositing_skipped,pending
geological,qnd_compositing,,7835BG016964,compositing,legacy_compositing_exception,warning,,,,,,legacy_compositing_skipped,pending
geological,qnd_compositing,,7835BG015465,compositing,legacy_compositing_exception,warning,,,,,,legacy_compositing_skipped,pending
geological,qnd_compositing,,7835BG015463,compositing,legacy_compositing_exception,warning,,,,,,legacy_compositing_skipped,pending
geological,qnd_compositing,,7835BG016941,compositing,legacy_compositing_exception,warning,,,,,,legacy_compositing_skipped,pending
geological,qnd_compositing,,7835BG015889,compositing,legacy_compositing_exception,warning,,,,,,legacy_compositing_skipped,pending
geological,qnd_compositing,,7835BG016165,compositing,legacy_compositing_exception,warning,,,,,,legacy_compositing_skipped,pending
geological,qnd_compositing,,7835BG015948,compositing,legacy_compositing_exception,warning,,,,,,legacy_compositing_skipped,pending
geological,qnd_compositing,,7835BG015877,compositing,legacy_compositing_exception,warning,,,,,,legacy_compositing_skipped,pending
geological,qnd_compositing,,7835BG016886,compositing,legacy_compositing_exception,warning,,,,,,legacy_compositing_skipped,pending
geological,qnd_compositing,,7835BG015902,compositing,legacy_compositing_exception,warning,,,,,,legacy_compositing_skipped,pending
geological,qnd_compositing,,7835BG015903,compositing,legacy_compositing_exception,warning,,,,,,legacy_compositing_skipped,pending
geological,qnd_compositing,,7835BG015954,compositing,legacy_compositing_exception,warning,,,,,,legacy_compositing_skipped,pending
geological,qnd_compositing,,7835BG015890,compositing,legacy_compositing_exception,warning,,,,,,legacy_compositing_skipped,pending
geological,qnd_compositing,,7835BG016891,compositing,legacy_compositing_exception,warning,,,,,,legacy_compositing_skipped,pending
geological,qnd_compositing,,7835BG015893,compositing,legacy_compositing_exception,warning,,,,,,legacy_compositing_skipped,pending
geological,qnd_compositing,,7835BG015950,compositing,legacy_compositing_exception,warning,,,,,,legacy_compositing_skipped,pending
geological,qnd_compositing,,7835BG015891,compositing,legacy_compositing_exception,warning,,,,,,legacy_compositing_skipped,pending
geological,qnd_compositing,,7835BG015885,compositing,legacy_compositing_exception,warning,,,,,,legacy_compositing_skipped,pending
geological,qnd_compositing,,7835BG016256,compositing,legacy_compositing_exception,warning,,,,,,legacy_compositing_skipped,pending
geological,qnd_compositing,,7835BG016538,compositing,legacy_compositing_exception,warning,,,,,,legacy_compositing_skipped,pending
geological,qnd_compositing,,7835BG016252,compositing,legacy_compositing_exception,warning,,,,,,legacy_compositing_skipped,pending
geological,qnd_compositing,,7835BG015892,compositing,legacy_compositing_exception,warning,,,,,,legacy_compositing_skipped,pending
geological,qnd_compositing,,7835BG016994,compositing,legacy_compositing_exception,warning,,,,,,legacy_compositing_skipped,pending
geological,qnd_compositing,,7835BG016991,compositing,legacy_compositing_exception,warning,,,,,,legacy_compositing_skipped,pending
geological,qnd_compositing,,7835BG015886,compositing,legacy_compositing_exception,warning,,,,,,legacy_compositing_skipped,pending
geological,qnd_compositing,,7835BG015888,compositing,legacy_compositing_exception,warning,,,,,,legacy_compositing_skipped,pending
geological,qnd_compositing,,7835BG015904,compositing,legacy_compositing_exception,warning,,,,,,legacy_compositing_skipped,pending
geological,qnd_compositing,,7835BG015905,compositing,legacy_compositing_exception,warning,,,,,,legacy_compositing_skipped,pending
geological,qnd_compositing,,7835BG015956,compositing,legacy_compositing_exception,warning,,,,,,legacy_compositing_skipped,pending
geological,qnd_compositing,,7835BG015955,compositing,legacy_compositing_exception,warning,,,,,,legacy_compositing_skipped,pending
geological,qnd_compositing,,7835BG016253,compositing,legacy_compositing_exception,warning,,,,,,legacy_compositing_skipped,pending
geological,qnd_compositing,,7835BG016993,compositing,legacy_compositing_exception,warning,,,,,,legacy_compositing_skipped,pending
geological,qnd_compositing,,7835BG015957,compositing,legacy_compositing_exception,warning,,,,,,legacy_compositing_skipped,pending
geological,qnd_compositing,,7835BG016273,compositing,legacy_compositing_exception,warning,,,,,,legacy_compositing_skipped,pending
geological,qnd_compositing,,7835BG015952,compositing,legacy_compositing_exception,warning,,,,,,legacy_compositing_skipped,pending
geological,qnd_compositing,,7835BG016251,compositing,legacy_compositing_exception,warning,,,,,,legacy_compositing_skipped,pending
geological,qnd_compositing,,7835BG015951,compositing,legacy_compositing_exception,warning,,,,,,legacy_compositing_skipped,pending
geological,qnd_compositing,,7835BG015953,compositing,legacy_compositing_exception,warning,,,,,,legacy_compositing_skipped,pending
geological,qnd_compositing,,7835BG016294,compositing,legacy_compositing_exception,warning,,,,,,legacy_compositing_skipped,pending
geological,qnd_compositing,,7835BG016271,compositing,legacy_compositing_exception,warning,,,,,,legacy_compositing_skipped,pending
geological,qnd_compositing,,7835BG016893,compositing,legacy_compositing_exception,warning,,,,,,legacy_compositing_skipped,pending
geological,qnd_compositing,,7835BG015949,compositing,legacy_compositing_exception,warning,,,,,,legacy_compositing_skipped,pending
geological,qnd_compositing,,7835BG016537,compositing,legacy_compositing_exception,warning,,,,,,legacy_compositing_skipped,pending
geological,qnd_compositing,,7835BG016254,compositing,legacy_compositing_exception,warning,,,,,,legacy_compositing_skipped,pending
geological,qnd_compositing,,7835BG015901,compositing,legacy_compositing_exception,warning,,,,,,legacy_compositing_skipped,pending
geological,qnd_compositing,,7835BG016258,compositing,legacy_compositing_exception,warning,,,,,,legacy_compositing_skipped,pending
geological,qnd_compositing,,7835BG016888,compositing,legacy_compositing_exception,warning,,,,,,legacy_compositing_skipped,pending
geological,qnd_compositing,,7835BG016260,compositing,legacy_compositing_exception,warning,,,,,,legacy_compositing_skipped,pending
geological,qnd_compositing,,7835BG016268,compositing,legacy_compositing_exception,warning,,,,,,legacy_compositing_skipped,pending
geological,qnd_compositing,,7835BG016272,compositing,legacy_compositing_exception,warning,,,,,,legacy_compositing_skipped,pending
geological,qnd_compositing,,7835BG016255,compositing,legacy_compositing_exception,warning,,,,,,legacy_compositing_skipped,pending
geological,qnd_compositing,,7835BG016257,compositing,legacy_compositing_exception,warning,,,,,,legacy_compositing_skipped,pending
geological,qnd_compositing,,7835BG016539,compositing,legacy_compositing_exception,warning,,,,,,legacy_compositing_skipped,pending
geological,qnd_compositing,,7835BG016902,compositing,legacy_compositing_exception,warning,,,,,,legacy_compositing_skipped,pending
geological,qnd_compositing,,7835BG016793,compositing,legacy_compositing_exception,warning,,,,,,legacy_compositing_skipped,pending
geological,qnd_compositing,,7835BG016655,compositing,legacy_compositing_exception,warning,,,,,,legacy_compositing_skipped,pending
geological,qnd_compositing,,7835BG017092,compositing,legacy_compositing_exception,warning,,,,,,legacy_compositing_skipped,pending
geological,qnd_compositing,,7835BG017004,compositing,legacy_compositing_exception,warning,,,,,,legacy_compositing_skipped,pending
geological,qnd_compositing,,7835BG016903,compositing,legacy_compositing_exception,warning,,,,,,legacy_compositing_skipped,pending
geological,qnd_compositing,,7835BG017099,compositing,legacy_compositing_exception,warning,,,,,,legacy_compositing_skipped,pending
geological,qnd_compositing,,7835BG016800,compositing,legacy_compositing_exception,warning,,,,,,legacy_compositing_skipped,pending
geological,qnd_compositing,,7835BG017093,compositing,legacy_compositing_exception,warning,,,,,,legacy_compositing_skipped,pending
geological,qnd_compositing,,7835BG016844,compositing,legacy_compositing_exception,warning,,,,,,legacy_compositing_skipped,pending
geological,qnd_compositing,,7835BG017107,compositing,legacy_compositing_exception,warning,,,,,,legacy_compositing_skipped,pending
geological,qnd_compositing,,7835BG017114,compositing,legacy_compositing_exception,warning,,,,,,legacy_compositing_skipped,pending
geological,qnd_compositing,,7835BG017116,compositing,legacy_compositing_exception,warning,,,,,,legacy_compositing_skipped,pending
geological,qnd_compositing,,7835BG016966,compositing,legacy_compositing_exception,warning,,,,,,legacy_compositing_skipped,pending
geological,qnd_compositing,,7835BG017104,compositing,legacy_compositing_exception,warning,,,,,,legacy_compositing_skipped,pending
geological,qnd_compositing,,7835BG017101,compositing,legacy_compositing_exception,warning,,,,,,legacy_compositing_skipped,pending
geological,qnd_compositing,,7835BG017095,compositing,legacy_compositing_exception,warning,,,,,,legacy_compositing_skipped,pending
geological,qnd_compositing,,7835BG017466,compositing,legacy_compositing_exception,warning,,,,,,legacy_compositing_skipped,pending
geological,qnd_compositing,,7835BG017094,compositing,legacy_compositing_exception,warning,,,,,,legacy_compositing_skipped,pending
geological,qnd_compositing,,7835BG017098,compositing,legacy_compositing_exception,warning,,,,,,legacy_compositing_skipped,pending
geological,qnd_compositing,,7835BG017106,compositing,legacy_compositing_exception,warning,,,,,,legacy_compositing_skipped,pending
geological,qnd_compositing,,7835BG017103,compositing,legacy_compositing_exception,warning,,,,,,legacy_compositing_skipped,pending
geological,qnd_compositing,,7835BG017113,compositing,legacy_compositing_exception,warning,,,,,,legacy_compositing_skipped,pending
geological,qnd_compositing,,7835BG017100,compositing,legacy_compositing_exception,warning,,,,,,legacy_compositing_skipped,pending
geological,qnd_compositing,,7835BG015115,compositing,legacy_compositing_exception,warning,,,,,,legacy_compositing_skipped,pending
geological,qnd_compositing,,7835BG017464,compositing,legacy_compositing_exception,warning,,,,,,legacy_compositing_skipped,pending
geological,qnd_compositing,,7835BG017117,compositing,legacy_compositing_exception,warning,,,,,,legacy_compositing_skipped,pending
geological,qnd_compositing,,7835BG017614,compositing,legacy_compositing_exception,warning,,,,,,legacy_compositing_skipped,pending
geological,qnd_compositing,,7835BG017613,compositing,legacy_compositing_exception,warning,,,,,,legacy_compositing_skipped,pending
geological,qnd_compositing,,7835BG017612,compositing,legacy_compositing_exception,warning,,,,,,legacy_compositing_skipped,pending
geological,qnd_compositing,,7835BG017458,compositing,legacy_compositing_exception,warning,,,,,,legacy_compositing_skipped,pending
geological,qnd_compositing,,7835BG017459,compositing,legacy_compositing_exception,warning,,,,,,legacy_compositing_skipped,pending
geological,qnd_compositing,,7835BG017469,compositing,legacy_compositing_exception,warning,,,,,,legacy_compositing_skipped,pending
geological,qnd_compositing,,7835BG017467,compositing,legacy_compositing_exception,warning,,,,,,legacy_compositing_skipped,pending
geological,qnd_compositing,,7835BG017637,compositing,legacy_compositing_exception,warning,,,,,,legacy_compositing_skipped,pending
geological,qnd_compositing,,7835BG017638,compositing,legacy_compositing_exception,warning,,,,,,legacy_compositing_skipped,pending
geological,qnd_compositing,,7835BG017629,compositing,legacy_compositing_exception,warning,,,,,,legacy_compositing_skipped,pending
geological,qnd_compositing,,7835BG017628,compositing,legacy_compositing_exception,warning,,,,,,legacy_compositing_skipped,pending
geological,qnd_compositing,,7835BG017627,compositing,legacy_compositing_exception,warning,,,,,,legacy_compositing_skipped,pending
geological,qnd_compositing,,7835BG017625,compositing,legacy_compositing_exception,warning,,,,,,legacy_compositing_skipped,pending
geological,qnd_compositing,,7835BG017626,compositing,legacy_compositing_exception,warning,,,,,,legacy_compositing_skipped,pending
geological,qnd_compositing,,7835BG017623,compositing,legacy_compositing_exception,warning,,,,,,legacy_compositing_skipped,pending
geological,qnd_compositing,,7835BG017622,compositing,legacy_compositing_exception,warning,,,,,,legacy_compositing_skipped,pending
geological,qnd_compositing,,7835BG017620,compositing,legacy_compositing_exception,warning,,,,,,legacy_compositing_skipped,pending
geological,qnd_compositing,,7835BG017619,compositing,legacy_compositing_exception,warning,,,,,,legacy_compositing_skipped,pending
geological,qnd_compositing,,7835BG017618,compositing,legacy_compositing_exception,warning,,,,,,legacy_compositing_skipped,pending
geological,qnd_compositing,,7835BG017616,compositing,legacy_compositing_exception,warning,,,,,,legacy_compositing_skipped,pending
geological,qnd_compositing,,7835BG017617,compositing,legacy_compositing_exception,warning,,,,,,legacy_compositing_skipped,pending
geological,qnd_compositing,,7835BG015104,compositing,legacy_compositing_exception,warning,,,,,,legacy_compositing_skipped,pending
geological,qnd_compositing,63.0,7835BG012904,coordinates,base_collar_coordinate_mismatch,warning,"[690324.769, 5335301.108]","[689952.998, 5335980.145]",,,,flag_for_review,pending
geological,qnd_compositing,104.0,7835BG011909,coordinates,base_collar_coordinate_mismatch,warning,"[689907.271, 5335895.295]","[689913.29, 5335920.55]",,,,flag_for_review,pending
geological,qnd_compositing,126.0,7835BG011910,coordinates,base_collar_coordinate_mismatch,warning,"[690214.776, 5334811.434]","[689910.98, 5335928.466]",,,,flag_for_review,pending
geological,qnd_compositing,144.0,7835BG011892,coordinates,base_collar_coordinate_mismatch,warning,"[691427.184, 5335569.305]","[690953.129, 5335304.611]",,,,flag_for_review,pending
geological,qnd_compositing,181.0,7835BG012024,coordinates,base_collar_coordinate_mismatch,warning,"[691293.525, 5335609.124]","[691319.164, 5335875.335]",,,,flag_for_review,pending
geological,qnd_compositing,355.0,7835BG009095,coordinates,base_collar_coordinate_mismatch,warning,"[691886.743, 5335230.955]","[691464.654, 5335301.553]",,,,flag_for_review,pending
geological,qnd_compositing,359.0,7835BG009264,coordinates,base_collar_coordinate_mismatch,warning,"[691280.181, 5334591.799]","[691054.692, 5334651.054]",,,,flag_for_review,pending
geological,qnd_compositing,398.0,7835BG008598,coordinates,base_collar_coordinate_mismatch,warning,"[691783.686, 5335461.119]","[691708.131, 5335448.163]",,,,flag_for_review,pending
geological,qnd_compositing,448.0,7835BG009105,coordinates,base_collar_coordinate_mismatch,warning,"[691718.692, 5334638.932]","[690531.876, 5335533.366]",,,,flag_for_review,pending
geological,qnd_compositing,449.0,7835BG009108,coordinates,base_collar_coordinate_mismatch,warning,"[691718.692, 5334638.932]","[690283.687, 5335635.769]",,,,flag_for_review,pending
geological,qnd_compositing,478.0,7835BG009230,coordinates,base_collar_coordinate_mismatch,warning,"[691708.93, 5335325.096]","[691770.573, 5335540.671]",,,,flag_for_review,pending
geological,qnd_compositing,489.0,7835BG009125,coordinates,base_collar_coordinate_mismatch,warning,"[691553.062, 5335010.77]","[691441.115, 5335058.443]",,,,flag_for_review,pending
geological,qnd_compositing,588.0,7835BG007780,coordinates,base_collar_coordinate_mismatch,warning,"[690034.902, 5334676.316]","[691088.576, 5334885.561]",,,,flag_for_review,pending
geological,qnd_compositing,612.0,7835BG017223,coordinates,base_collar_coordinate_mismatch,warning,"[691267.52, 5334275.054]","[691281.061, 5334269.918]",,,,flag_for_review,pending
geological,qnd_compositing,629.0,7835BG009094,coordinates,base_collar_coordinate_mismatch,warning,"[691665.537, 5335257.351]","[691554.642, 5335278.043]",,,,flag_for_review,pending
geological,qnd_compositing,699.0,7835BG007662,coordinates,base_collar_coordinate_mismatch,warning,"[690703.033, 5334968.595]","[690788.064, 5334943.89]",,,,flag_for_review,pending
geological,qnd_compositing,830.0,7835BG012906,coordinates,base_collar_coordinate_mismatch,warning,"[689969.947, 5335366.324]","[690049.77, 5335987.924]",,,,flag_for_review,pending
geological,qnd_compositing,844.0,7835BG017258,coordinates,base_collar_coordinate_mismatch,warning,"[691419.043, 5335008.543]","[691636.552, 5334773.957]",,,,flag_for_review,pending
geological,qnd_compositing,888.0,7835BG000656,coordinates,base_collar_coordinate_mismatch,warning,"[691587.588, 5334921.045]","[691678.601, 5335538.083]",,,,flag_for_review,pending
geological,qnd_compositing,975.0,7835BG000265,coordinates,base_collar_coordinate_mismatch,warning,"[690910.038, 5334972.669]","[690994.732, 5334930.938]",,,,flag_for_review,pending
geological,qnd_compositing,1000.0,7835BG005148,coordinates,base_collar_coordinate_mismatch,warning,"[690446.455, 5334952.578]","[690398.997, 5334937.716]",,,,flag_for_review,pending
geological,qnd_compositing,1013.0,7835BG000654,coordinates,base_collar_coordinate_mismatch,warning,"[691323.988, 5334469.41]","[691050.029, 5335155.271]",,,,flag_for_review,pending
geological,qnd_compositing,1014.0,7835BG000655,coordinates,base_collar_coordinate_mismatch,warning,"[691323.988, 5334469.41]","[690847.131, 5334609.93]",,,,flag_for_review,pending
geological,qnd_compositing,1031.0,7835BG007088,coordinates,base_collar_coordinate_mismatch,warning,"[690607.07, 5335504.275]","[690509.521, 5335029.097]",,,,flag_for_review,pending
geological,qnd_compositing,1033.0,7835BG007096,coordinates,base_collar_coordinate_mismatch,warning,"[690522.385, 5334981.562]","[690530.852, 5335097.983]",,,,flag_for_review,pending
geological,qnd_compositing,1034.0,7835BG007099,coordinates,base_collar_coordinate_mismatch,warning,"[690522.385, 5334981.562]","[690537.301, 5335112.246]",,,,flag_for_review,pending
geological,qnd_compositing,1035.0,7835BG007103,coordinates,base_collar_coordinate_mismatch,warning,"[690522.385, 5334981.562]","[690529.789, 5335073.923]",,,,flag_for_review,pending
geological,qnd_compositing,1054.0,7835BG003909,coordinates,base_collar_coordinate_mismatch,warning,"[690587.976, 5334044.381]","[691667.242, 5334752.016]",,,,flag_for_review,pending
geological,qnd_compositing,1079.0,7835BG002248,coordinates,base_collar_coordinate_mismatch,warning,"[690685.968, 5334969.93]","[691300.21, 5334514.518]",,,,flag_for_review,pending
geological,qnd_compositing,1082.0,7835BG007115,coordinates,base_collar_coordinate_mismatch,warning,"[690533.377, 5334981.99]","[690538.875, 5335046.255]",,,,flag_for_review,pending
geological,qnd_compositing,1123.0,7835BG004368,coordinates,base_collar_coordinate_mismatch,warning,"[691796.315, 5335009.253]","[690493.664, 5334999.456]",,,,flag_for_review,pending
geological,qnd_compositing,1168.0,7835BG003625,coordinates,base_collar_coordinate_mismatch,warning,"[691496.727, 5334787.396]","[691696.469, 5334721.131]",,,,flag_for_review,pending
geological,qnd_compositing,1171.0,7835BG005527,coordinates,base_collar_coordinate_mismatch,warning,"[691757.115, 5335346.993]","[691502.509, 5335306.033]",,,,flag_for_review,pending
geological,qnd_compositing,1184.0,7835BG000652,coordinates,base_collar_coordinate_mismatch,warning,"[691735.452, 5335389.181]","[691478.468, 5335409.177]",,,,flag_for_review,pending
geological,qnd_compositing,1186.0,7835BG000674,coordinates,base_collar_coordinate_mismatch,warning,"[691496.631, 5335507.964]","[690262.742, 5335223.628]",,,,flag_for_review,pending
geological,qnd_compositing,1211.0,7835BG001438,coordinates,base_collar_coordinate_mismatch,warning,"[690262.508, 5335639.947]","[691466.701, 5335556.836]",,,,flag_for_review,pending
geological,qnd_compositing,1221.0,7835BG000828,coordinates,base_collar_coordinate_mismatch,warning,"[691515.796, 5334914.24]","[690196.907, 5335423.218]",,,,flag_for_review,pending
geological,qnd_compositing,1239.0,7835BG000263,coordinates,base_collar_coordinate_mismatch,warning,"[690935.697, 5334930.636]","[690841.624, 5334904.948]",,,,flag_for_review,pending
geological,qnd_compositing,1273.0,7835BG000632,coordinates,base_collar_coordinate_mismatch,warning,"[691269.016, 5334211.062]","[691141.805, 5334059.983]",,,,flag_for_review,pending
geological,qnd_compositing,1384.0,7835BG003853,coordinates,base_collar_coordinate_mismatch,warning,"[691759.291, 5334547.442]","[691711.699, 5335459.311]",,,,flag_for_review,pending
geological,qnd_compositing,1516.0,7835BG005241,coordinates,base_collar_coordinate_mismatch,warning,"[690459.856, 5335250.335]","[690749.726, 5334977.422]",,,,flag_for_review,pending
geological,qnd_compositing,1542.0,7835BG005149,coordinates,base_collar_coordinate_mismatch,warning,"[690422.824, 5334942.649]","[690369.706, 5334944.58]",,,,flag_for_review,pending
geological,qnd_compositing,1543.0,7835BG005150,coordinates,base_collar_coordinate_mismatch,warning,"[690422.824, 5334942.649]","[690463.092, 5334962.235]",,,,flag_for_review,pending
geological,qnd_compositing,1584.0,7835BG005524,coordinates,base_collar_coordinate_mismatch,warning,"[691758.333, 5335367.056]","[691748.004, 5335349.639]",,,,flag_for_review,pending
geological,qnd_compositing,1586.0,7835BG005526,coordinates,base_collar_coordinate_mismatch,warning,"[691737.895, 5335352.247]","[691516.163, 5335289.552]",,,,flag_for_review,pending
geological,qnd_compositing,1613.0,7835BG005550,coordinates,base_collar_coordinate_mismatch,warning,"[691226.515, 5335300.267]","[691272.223, 5335283.036]",,,,flag_for_review,pending
geological,qnd_compositing,1734.0,7835BG006473,coordinates,base_collar_coordinate_mismatch,warning,"[690484.418, 5335723.665]","[691382.956, 5334035.365]",,,,flag_for_review,pending
geological,qnd_compositing,1893.0,7835BG007085,coordinates,base_collar_coordinate_mismatch,warning,"[690681.211, 5335707.326]","[690522.477, 5334953.543]",,,,flag_for_review,pending
geological,qnd_compositing,1894.0,7835BG007086,coordinates,base_collar_coordinate_mismatch,warning,"[690681.211, 5335707.326]","[690506.397, 5334980.938]",,,,flag_for_review,pending
geological,qnd_compositing,1896.0,7835BG007089,coordinates,base_collar_coordinate_mismatch,warning,"[690507.537, 5335003.0]","[690508.624, 5335052.081]",,,,flag_for_review,pending
geological,qnd_compositing,1897.0,7835BG007090,coordinates,base_collar_coordinate_mismatch,warning,"[690507.537, 5335003.0]","[690512.685, 5335076.258]",,,,flag_for_review,pending
geological,qnd_compositing,1898.0,7835BG007091,coordinates,base_collar_coordinate_mismatch,warning,"[690507.537, 5335003.0]","[690513.616, 5335129.336]",,,,flag_for_review,pending
geological,qnd_compositing,1899.0,7835BG007093,coordinates,base_collar_coordinate_mismatch,warning,"[690507.537, 5335003.0]","[690525.563, 5335002.702]",,,,flag_for_review,pending
geological,qnd_compositing,1901.0,7835BG007095,coordinates,base_collar_coordinate_mismatch,warning,"[690526.587, 5335027.762]","[690528.688, 5335050.862]",,,,flag_for_review,pending
geological,qnd_compositing,1902.0,7835BG007097,coordinates,base_collar_coordinate_mismatch,warning,"[690526.587, 5335027.762]","[690532.836, 5335124.081]",,,,flag_for_review,pending
geological,qnd_compositing,1905.0,7835BG007101,coordinates,base_collar_coordinate_mismatch,warning,"[690500.986, 5334965.715]","[690513.358, 5335110.311]",,,,flag_for_review,pending
geological,qnd_compositing,1906.0,7835BG007102,coordinates,base_collar_coordinate_mismatch,warning,"[690500.986, 5334965.715]","[690510.623, 5335052.159]",,,,flag_for_review,pending
geological,qnd_compositing,1908.0,7835BG007105,coordinates,base_collar_coordinate_mismatch,warning,"[690524.461, 5334979.641]","[690538.797, 5335048.254]",,,,flag_for_review,pending
geological,qnd_compositing,1915.0,7835BG007114,coordinates,base_collar_coordinate_mismatch,warning,"[690537.189, 5335038.183]","[690543.067, 5335041.415]",,,,flag_for_review,pending
geological,qnd_compositing,1916.0,7835BG007116,coordinates,base_collar_coordinate_mismatch,warning,"[690537.189, 5335038.183]","[690543.56, 5335054.445]",,,,flag_for_review,pending
geological,qnd_compositing,1917.0,7835BG007117,coordinates,base_collar_coordinate_mismatch,warning,"[690537.189, 5335038.183]","[690537.525, 5335055.21]",,,,flag_for_review,pending
geological,qnd_compositing,1939.0,7835BG015971,coordinates,base_collar_coordinate_mismatch,warning,"[690108.318, 5335898.137]","[690794.912, 5334999.201]",,,,flag_for_review,pending
geological,qnd_compositing,1940.0,7835BG015973,coordinates,base_collar_coordinate_mismatch,warning,"[690108.318, 5335898.137]","[691741.243, 5335343.371]",,,,flag_for_review,pending
geological,qnd_compositing,1942.0,7835BG015103,coordinates,base_collar_coordinate_mismatch,warning,"[690015.289, 5335589.267]","[690611.686, 5335360.342]",,,,flag_for_review,pending
geological,qnd_compositing,1944.0,7835BG015033,coordinates,base_collar_coordinate_mismatch,warning,"[690109.352, 5335769.076]","[691387.491, 5335483.689]",,,,flag_for_review,pending
geological,qnd_compositing,1945.0,7835BG015164,coordinates,base_collar_coordinate_mismatch,warning,"[690109.352, 5335769.076]","[690247.58, 5335394.023]",,,,flag_for_review,pending
geological,qnd_compositing,1946.0,7835BG015024,coordinates,base_collar_coordinate_mismatch,warning,"[690109.352, 5335769.076]","[690982.805, 5335775.14]",,,,flag_for_review,pending
geological,qnd_compositing,1947.0,7835BG015240,coordinates,base_collar_coordinate_mismatch,warning,"[690109.352, 5335769.076]","[690459.416, 5334799.964]",,,,flag_for_review,pending
geological,qnd_compositing,1948.0,7835BG015393,coordinates,base_collar_coordinate_mismatch,warning,"[690109.352, 5335769.076]","[690079.447, 5335227.485]",,,,flag_for_review,pending
geological,qnd_compositing,1950.0,7835BG015243,coordinates,base_collar_coordinate_mismatch,warning,"[690188.255, 5335773.156]","[691607.184, 5335957.631]",,,,flag_for_review,pending
geological,qnd_compositing,1951.0,7835BG015081,coordinates,base_collar_coordinate_mismatch,warning,"[690188.255, 5335773.156]","[690916.042, 5334613.619]",,,,flag_for_review,pending
geological,qnd_compositing,1952.0,7835BG015231,coordinates,base_collar_coordinate_mismatch,warning,"[690188.255, 5335773.156]","[691897.261, 5335115.273]",,,,flag_for_review,pending
geological,qnd_compositing,1955.0,7835BG015462,coordinates,base_collar_coordinate_mismatch,warning,"[691697.08, 5335551.814]","[690527.396, 5334058.03]",,,,flag_for_review,pending
geological,qnd_compositing,1961.0,7835BG015972,coordinates,base_collar_coordinate_mismatch,warning,"[690540.753, 5334228.685]","[690794.912, 5334999.201]",,,,flag_for_review,pending
geological,qnd_compositing,1962.0,7835BG015585,coordinates,base_collar_coordinate_mismatch,warning,"[690540.753, 5334228.685]","[691897.72, 5335872.893]",,,,flag_for_review,pending
geological,qnd_compositing,1964.0,7835BG015567,coordinates,base_collar_coordinate_mismatch,warning,"[690491.18, 5334216.743]","[691346.509, 5334610.399]",,,,flag_for_review,pending
geological,qnd_compositing,1965.0,7835BG015584,coordinates,base_collar_coordinate_mismatch,warning,"[690491.18, 5334216.743]","[691897.72, 5335872.893]",,,,flag_for_review,pending
geological,qnd_compositing,1967.0,7835BG015586,coordinates,base_collar_coordinate_mismatch,warning,"[691086.651, 5335370.869]","[691897.72, 5335872.893]",,,,flag_for_review,pending
geological,qnd_compositing,1971.0,7835BG015580,coordinates,base_collar_coordinate_mismatch,warning,"[690513.558, 5335438.577]","[691850.876, 5335791.001]",,,,flag_for_review,pending
geological,qnd_compositing,1974.0,7835BG015581,coordinates,base_collar_coordinate_mismatch,warning,"[690736.852, 5334076.21]","[691897.72, 5335872.893]",,,,flag_for_review,pending
geological,qnd_compositing,1976.0,7835BG015582,coordinates,base_collar_coordinate_mismatch,warning,"[690519.988, 5334247.891]","[691897.72, 5335872.893]",,,,flag_for_review,pending
geological,qnd_compositing,1978.0,7835BG015583,coordinates,base_collar_coordinate_mismatch,warning,"[691367.274, 5334591.194]","[691897.72, 5335872.893]",,,,flag_for_review,pending
geological,qnd_compositing,1979.0,7835BG015976,coordinates,base_collar_coordinate_mismatch,warning,"[691367.274, 5334591.194]","[691556.022, 5335217.049]",,,,flag_for_review,pending
geological,qnd_compositing,1981.0,7835BG017003,coordinates,base_collar_coordinate_mismatch,warning,"[691732.6, 5334923.701]","[691750.728, 5334946.425]",,,,flag_for_review,pending
geological,qnd_compositing,1984.0,7835BG015579,coordinates,base_collar_coordinate_mismatch,warning,"[691046.29, 5335379.302]","[691847.561, 5335875.94]",,,,flag_for_review,pending
geological,qnd_compositing,1986.0,7835BG016940,coordinates,base_collar_coordinate_mismatch,warning,"[691717.222, 5335548.597]","[690071.511, 5335123.093]",,,,flag_for_review,pending
geological,qnd_compositing,1988.0,7835BG015553,coordinates,base_collar_coordinate_mismatch,warning,"[690305.246, 5334955.075]","[691727.502, 5335515.972]",,,,flag_for_review,pending
geological,qnd_compositing,1989.0,7835BG015500,coordinates,base_collar_coordinate_mismatch,warning,"[690305.246, 5334955.075]","[690748.015, 5334046.621]",,,,flag_for_review,pending
geological,qnd_compositing,1991.0,7835BG015550,coordinates,base_collar_coordinate_mismatch,warning,"[690461.645, 5335486.591]","[691687.117, 5335499.384]",,,,flag_for_review,pending
geological,qnd_compositing,1992.0,7835BG015501,coordinates,base_collar_coordinate_mismatch,warning,"[690461.645, 5335486.591]","[690767.22, 5334067.387]",,,,flag_for_review,pending
geological,qnd_compositing,1993.0,7835BG015464,coordinates,base_collar_coordinate_mismatch,warning,"[690461.645, 5335486.591]","[691444.341, 5335950.276]",,,,flag_for_review,pending
geological,qnd_compositing,1996.0,7835BG016964,coordinates,base_collar_coordinate_mismatch,warning,"[690888.41, 5335090.919]","[690305.246, 5334955.075]",,,,flag_for_review,pending
geological,qnd_compositing,1997.0,7835BG015465,coordinates,base_collar_coordinate_mismatch,warning,"[690888.41, 5335090.919]","[691446.291, 5335900.312]",,,,flag_for_review,pending
geological,qnd_compositing,1998.0,7835BG015463,coordinates,base_collar_coordinate_mismatch,warning,"[690888.41, 5335090.919]","[691897.72, 5335872.893]",,,,flag_for_review,pending
geological,qnd_compositing,2000.0,7835BG016941,coordinates,base_collar_coordinate_mismatch,warning,"[690430.673, 5334305.454]","[690071.511, 5335123.093]",,,,flag_for_review,pending
geological,qnd_compositing,2002.0,7835BG015889,coordinates,base_collar_coordinate_mismatch,warning,"[690220.0, 5335744.0]","[691252.846, 5334881.963]",,,,flag_for_review,pending
geological,qnd_compositing,2003.0,7835BG016165,coordinates,base_collar_coordinate_mismatch,warning,"[690220.0, 5335744.0]","[690696.711, 5334104.667]",,,,flag_for_review,pending
geological,qnd_compositing,2004.0,7835BG015948,coordinates,base_collar_coordinate_mismatch,warning,"[690220.0, 5335744.0]","[691894.288, 5335345.34]",,,,flag_for_review,pending
geological,qnd_compositing,2006.0,7835BG015877,coordinates,base_collar_coordinate_mismatch,warning,"[690331.955, 5334270.578]","[691409.447, 5334433.713]",,,,flag_for_review,pending
geological,qnd_compositing,2009.0,7835BG015902,coordinates,base_collar_coordinate_mismatch,warning,"[690931.941, 5334360.039]","[690699.343, 5334832.343]",,,,flag_for_review,pending
geological,qnd_compositing,2010.0,7835BG015903,coordinates,base_collar_coordinate_mismatch,warning,"[690931.941, 5334360.039]","[690699.343, 5334832.343]",,,,flag_for_review,pending
geological,qnd_compositing,2011.0,7835BG015954,coordinates,base_collar_coordinate_mismatch,warning,"[690931.941, 5334360.039]","[690424.003, 5334963.712]",,,,flag_for_review,pending
geological,qnd_compositing,2013.0,7835BG015890,coordinates,base_collar_coordinate_mismatch,warning,"[690130.565, 5335635.798]","[691342.278, 5334821.401]",,,,flag_for_review,pending
geological,qnd_compositing,2014.0,7835BG016891,coordinates,base_collar_coordinate_mismatch,warning,"[690130.565, 5335635.798]","[691015.601, 5334242.207]",,,,flag_for_review,pending
geological,qnd_compositing,2015.0,7835BG015893,coordinates,base_collar_coordinate_mismatch,warning,"[690130.565, 5335635.798]","[691749.499, 5334670.158]",,,,flag_for_review,pending
geological,qnd_compositing,2016.0,7835BG015950,coordinates,base_collar_coordinate_mismatch,warning,"[690130.565, 5335635.798]","[691802.34, 5335367.773]",,,,flag_for_review,pending
geological,qnd_compositing,2017.0,7835BG015891,coordinates,base_collar_coordinate_mismatch,warning,"[690130.565, 5335635.798]","[691395.225, 5334849.488]",,,,flag_for_review,pending
geological,qnd_compositing,2019.0,7835BG015885,coordinates,base_collar_coordinate_mismatch,warning,"[691077.024, 5335335.466]","[690859.718, 5334851.611]",,,,flag_for_review,pending
geological,qnd_compositing,2020.0,7835BG016256,coordinates,base_collar_coordinate_mismatch,warning,"[691077.024, 5335335.466]","[691002.407, 5334400.818]",,,,flag_for_review,pending
geological,qnd_compositing,2021.0,7835BG016538,coordinates,base_collar_coordinate_mismatch,warning,"[691077.024, 5335335.466]","[691654.491, 5334873.615]",,,,flag_for_review,pending
geological,qnd_compositing,2022.0,7835BG016252,coordinates,base_collar_coordinate_mismatch,warning,"[691077.024, 5335335.466]","[690558.407, 5335033.007]",,,,flag_for_review,pending
geological,qnd_compositing,2023.0,7835BG015892,coordinates,base_collar_coordinate_mismatch,warning,"[691077.024, 5335335.466]","[691749.499, 5334670.158]",,,,flag_for_review,pending
geological,qnd_compositing,2025.0,7835BG016994,coordinates,base_collar_coordinate_mismatch,warning,"[689912.0, 5335883.0]","[691527.1, 5334906.675]",,,,flag_for_review,pending
geological,qnd_compositing,2026.0,7835BG016991,coordinates,base_collar_coordinate_mismatch,warning,"[689912.0, 5335883.0]","[690888.41, 5335090.919]",,,,flag_for_review,pending
geological,qnd_compositing,2027.0,7835BG015886,coordinates,base_collar_coordinate_mismatch,warning,"[689912.0, 5335883.0]","[690917.69, 5334827.853]",,,,flag_for_review,pending
geological,qnd_compositing,2028.0,7835BG015888,coordinates,base_collar_coordinate_mismatch,warning,"[689912.0, 5335883.0]","[691170.141, 5334872.731]",,,,flag_for_review,pending
geological,qnd_compositing,2029.0,7835BG015904,coordinates,base_collar_coordinate_mismatch,warning,"[689912.0, 5335883.0]","[690782.252, 5334682.458]",,,,flag_for_review,pending
geological,qnd_compositing,2030.0,7835BG015905,coordinates,base_collar_coordinate_mismatch,warning,"[689912.0, 5335883.0]","[690714.559, 5334493.67]",,,,flag_for_review,pending
geological,qnd_compositing,2031.0,7835BG015956,coordinates,base_collar_coordinate_mismatch,warning,"[689912.0, 5335883.0]","[690020.767, 5334730.807]",,,,flag_for_review,pending
geological,qnd_compositing,2032.0,7835BG015955,coordinates,base_collar_coordinate_mismatch,warning,"[689912.0, 5335883.0]","[690020.767, 5334730.807]",,,,flag_for_review,pending
geological,qnd_compositing,2033.0,7835BG016253,coordinates,base_collar_coordinate_mismatch,warning,"[689912.0, 5335883.0]","[690601.751, 5335050.71]",,,,flag_for_review,pending
geological,qnd_compositing,2034.0,7835BG016993,coordinates,base_collar_coordinate_mismatch,warning,"[689912.0, 5335883.0]","[691527.1, 5334906.675]",,,,flag_for_review,pending
geological,qnd_compositing,2036.0,7835BG015957,coordinates,base_collar_coordinate_mismatch,warning,"[691750.728, 5334946.425]","[689926.314, 5334560.992]",,,,flag_for_review,pending
geological,qnd_compositing,2037.0,7835BG016273,coordinates,base_collar_coordinate_mismatch,warning,"[691750.728, 5334946.425]","[690720.869, 5335922.042]",,,,flag_for_review,pending
geological,qnd_compositing,2038.0,7835BG015952,coordinates,base_collar_coordinate_mismatch,warning,"[691750.728, 5334946.425]","[691636.51, 5335411.341]",,,,flag_for_review,pending
geological,qnd_compositing,2039.0,7835BG016251,coordinates,base_collar_coordinate_mismatch,warning,"[691750.728, 5334946.425]","[690484.34, 5335110.179]",,,,flag_for_review,pending
geological,qnd_compositing,2041.0,7835BG015951,coordinates,base_collar_coordinate_mismatch,warning,"[691044.785, 5334289.382]","[691734.102, 5335398.136]",,,,flag_for_review,pending
geological,qnd_compositing,2042.0,7835BG015953,coordinates,base_collar_coordinate_mismatch,warning,"[691044.785, 5334289.382]","[690972.217, 5335123.212]",,,,flag_for_review,pending
geological,qnd_compositing,2043.0,7835BG016294,coordinates,base_collar_coordinate_mismatch,warning,"[691044.785, 5334289.382]","[690848.287, 5334605.972]",,,,flag_for_review,pending
geological,qnd_compositing,2044.0,7835BG016271,coordinates,base_collar_coordinate_mismatch,warning,"[691044.785, 5334289.382]","[690720.869, 5335922.042]",,,,flag_for_review,pending
geological,qnd_compositing,2046.0,7835BG015949,coordinates,base_collar_coordinate_mismatch,warning,"[691044.785, 5334289.382]","[691894.288, 5335345.34]",,,,flag_for_review,pending
geological,qnd_compositing,2047.0,7835BG016537,coordinates,base_collar_coordinate_mismatch,warning,"[691044.785, 5334289.382]","[691654.491, 5334873.615]",,,,flag_for_review,pending
geological,qnd_compositing,2048.0,7835BG016254,coordinates,base_collar_coordinate_mismatch,warning,"[691044.785, 5334289.382]","[690817.192, 5334607.761]",,,,flag_for_review,pending
geological,qnd_compositing,2049.0,7835BG015901,coordinates,base_collar_coordinate_mismatch,warning,"[691044.785, 5334289.382]","[690991.114, 5334664.586]",,,,flag_for_review,pending
geological,qnd_compositing,2050.0,7835BG016258,coordinates,base_collar_coordinate_mismatch,warning,"[691044.785, 5334289.382]","[690602.413, 5334623.4]",,,,flag_for_review,pending
geological,qnd_compositing,2051.0,7835BG016888,coordinates,base_collar_coordinate_mismatch,warning,"[691044.785, 5334289.382]","[690967.266, 5334352.41]",,,,flag_for_review,pending
geological,qnd_compositing,2053.0,7835BG016260,coordinates,base_collar_coordinate_mismatch,warning,"[691033.183, 5335586.955]","[690672.171, 5334554.065]",,,,flag_for_review,pending
geological,qnd_compositing,2054.0,7835BG016268,coordinates,base_collar_coordinate_mismatch,warning,"[691033.183, 5335586.955]","[690697.808, 5335717.982]",,,,flag_for_review,pending
geological,qnd_compositing,2056.0,7835BG016272,coordinates,base_collar_coordinate_mismatch,warning,"[690967.266, 5334352.41]","[690720.869, 5335922.042]",,,,flag_for_review,pending
geological,qnd_compositing,2057.0,7835BG016255,coordinates,base_collar_coordinate_mismatch,warning,"[690967.266, 5334352.41]","[690853.546, 5334548.131]",,,,flag_for_review,pending
geological,qnd_compositing,2058.0,7835BG016257,coordinates,base_collar_coordinate_mismatch,warning,"[690967.266, 5334352.41]","[691042.924, 5334388.388]",,,,flag_for_review,pending
geological,qnd_compositing,2060.0,7835BG016539,coordinates,base_collar_coordinate_mismatch,warning,"[690925.574, 5334266.717]","[691732.6, 5334923.701]",,,,flag_for_review,pending
geological,qnd_compositing,2062.0,7835BG016902,coordinates,base_collar_coordinate_mismatch,warning,"[690071.511, 5335123.093]","[689938.121, 5335232.979]",,,,flag_for_review,pending
geological,qnd_compositing,2064.0,7835BG016793,coordinates,base_collar_coordinate_mismatch,warning,"[690243.833, 5335220.889]","[691844.991, 5334839.015]",,,,flag_for_review,pending
geological,qnd_compositing,2065.0,7835BG016655,coordinates,base_collar_coordinate_mismatch,warning,"[690243.833, 5335220.889]","[691576.186, 5334828.527]",,,,flag_for_review,pending
geological,qnd_compositing,2066.0,7835BG017092,coordinates,base_collar_coordinate_mismatch,warning,"[690243.833, 5335220.889]","[689938.512, 5335233.224]",,,,flag_for_review,pending
geological,qnd_compositing,2067.0,7835BG017004,coordinates,base_collar_coordinate_mismatch,warning,"[690243.833, 5335220.889]","[691750.728, 5334946.425]",,,,flag_for_review,pending
geological,qnd_compositing,2068.0,7835BG016903,coordinates,base_collar_coordinate_mismatch,warning,"[690243.833, 5335220.889]","[689938.121, 5335232.979]",,,,flag_for_review,pending
geological,qnd_compositing,2069.0,7835BG017099,coordinates,base_collar_coordinate_mismatch,warning,"[690243.833, 5335220.889]","[690441.387, 5335009.355]",,,,flag_for_review,pending
geological,qnd_compositing,2070.0,7835BG016800,coordinates,base_collar_coordinate_mismatch,warning,"[690243.833, 5335220.889]","[691015.003, 5334488.379]",,,,flag_for_review,pending
geological,qnd_compositing,2072.0,7835BG017093,coordinates,base_collar_coordinate_mismatch,warning,"[690372.325, 5335048.283]","[689938.512, 5335233.224]",,,,flag_for_review,pending
geological,qnd_compositing,2073.0,7835BG016844,coordinates,base_collar_coordinate_mismatch,warning,"[690372.325, 5335048.283]","[691457.649, 5335045.077]",,,,flag_for_review,pending
geological,qnd_compositing,2075.0,7835BG017107,coordinates,base_collar_coordinate_mismatch,warning,"[689951.601, 5335173.508]","[691603.253, 5334919.955]",,,,flag_for_review,pending
geological,qnd_compositing,2079.0,7835BG017114,coordinates,base_collar_coordinate_mismatch,warning,"[691419.77, 5334950.415]","[691637.767, 5334971.341]",,,,flag_for_review,pending
geological,qnd_compositing,2081.0,7835BG017116,coordinates,base_collar_coordinate_mismatch,warning,"[691637.767, 5334971.341]","[691708.446, 5334914.341]",,,,flag_for_review,pending
geological,qnd_compositing,2082.0,7835BG016966,coordinates,base_collar_coordinate_mismatch,warning,"[691637.767, 5334971.341]","[690888.41, 5335090.919]",,,,flag_for_review,pending
geological,qnd_compositing,2085.0,7835BG017104,coordinates,base_collar_coordinate_mismatch,warning,"[690984.468, 5335075.742]","[691419.77, 5334950.415]",,,,flag_for_review,pending
geological,qnd_compositing,2087.0,7835BG017101,coordinates,base_collar_coordinate_mismatch,warning,"[691272.746, 5334998.04]","[690984.468, 5335075.742]",,,,flag_for_review,pending
geological,qnd_compositing,2089.0,7835BG017095,coordinates,base_collar_coordinate_mismatch,warning,"[690301.263, 5334561.39]","[689951.601, 5335173.508]",,,,flag_for_review,pending
geological,qnd_compositing,2090.0,7835BG017466,coordinates,base_collar_coordinate_mismatch,warning,"[690301.263, 5334561.39]","[690441.387, 5335009.355]",,,,flag_for_review,pending
geological,qnd_compositing,2092.0,7835BG017094,coordinates,base_collar_coordinate_mismatch,warning,"[690295.946, 5334541.457]","[689951.601, 5335173.508]",,,,flag_for_review,pending
geological,qnd_compositing,2096.0,7835BG017098,coordinates,base_collar_coordinate_mismatch,warning,"[689987.295, 5335245.926]","[690441.387, 5335009.355]",,,,flag_for_review,pending
geological,qnd_compositing,2097.0,7835BG017106,coordinates,base_collar_coordinate_mismatch,warning,"[689987.295, 5335245.926]","[691603.253, 5334919.955]",,,,flag_for_review,pending
geological,qnd_compositing,2098.0,7835BG017103,coordinates,base_collar_coordinate_mismatch,warning,"[689987.295, 5335245.926]","[691419.77, 5334950.415]",,,,flag_for_review,pending
geological,qnd_compositing,2100.0,7835BG017348,coordinates,base_collar_coordinate_mismatch,warning,"[689938.512, 5335233.224]","[690057.513, 5335629.765]",,,,flag_for_review,pending
geological,qnd_compositing,2101.0,7835BG017113,coordinates,base_collar_coordinate_mismatch,warning,"[689938.512, 5335233.224]","[691637.767, 5334971.341]",,,,flag_for_review,pending
geological,qnd_compositing,2103.0,7835BG017100,coordinates,base_collar_coordinate_mismatch,warning,"[689931.94, 5334878.46]","[690984.468, 5335075.742]",,,,flag_for_review,pending
geological,qnd_compositing,2104.0,7835BG015115,coordinates,base_collar_coordinate_mismatch,warning,"[689931.94, 5334878.46]","[691891.309, 5334831.815]",,,,flag_for_review,pending
geological,qnd_compositing,2107.0,7835BG017464,coordinates,base_collar_coordinate_mismatch,warning,"[690152.002, 5334830.002]","[689981.838, 5335120.585]",,,,flag_for_review,pending
geological,qnd_compositing,2114.0,7835BG017117,coordinates,base_collar_coordinate_mismatch,warning,"[691272.69, 5335221.585]","[691708.446, 5334914.341]",,,,flag_for_review,pending
geological,qnd_compositing,2115.0,7835BG017614,coordinates,base_collar_coordinate_mismatch,warning,"[691272.69, 5335221.585]","[690896.94, 5334821.038]",,,,flag_for_review,pending
geological,qnd_compositing,2116.0,7835BG017613,coordinates,base_collar_coordinate_mismatch,warning,"[691272.69, 5335221.585]","[690895.214, 5334813.965]",,,,flag_for_review,pending
geological,qnd_compositing,2117.0,7835BG017612,coordinates,base_collar_coordinate_mismatch,warning,"[691272.69, 5335221.585]","[690929.384, 5334810.295]",,,,flag_for_review,pending
geological,qnd_compositing,2119.0,7835BG017458,coordinates,base_collar_coordinate_mismatch,warning,"[690316.094, 5334544.225]","[691272.746, 5334998.04]",,,,flag_for_review,pending
geological,qnd_compositing,2120.0,7835BG017459,coordinates,base_collar_coordinate_mismatch,warning,"[690316.094, 5334544.225]","[691272.746, 5334998.04]",,,,flag_for_review,pending
geological,qnd_compositing,2123.0,7835BG017794,coordinates,base_collar_coordinate_mismatch,warning,"[690078.186, 5334375.467]","[690112.924, 5334397.759]",,,,flag_for_review,pending
geological,qnd_compositing,2126.0,7835BG017469,coordinates,base_collar_coordinate_mismatch,warning,"[691605.141, 5335009.799]","[690329.373, 5335051.831]",,,,flag_for_review,pending
geological,qnd_compositing,2130.0,7835BG017637,coordinates,base_collar_coordinate_mismatch,warning,"[691274.669, 5335204.979]","[691582.128, 5334855.78]",,,,flag_for_review,pending
geological,qnd_compositing,2133.0,7835BG017638,coordinates,base_collar_coordinate_mismatch,warning,"[691229.557, 5335222.324]","[691582.128, 5334855.78]",,,,flag_for_review,pending
geological,qnd_compositing,2138.0,7835BG017657,coordinates,base_collar_coordinate_mismatch,warning,"[690296.376, 5334985.433]","[691530.848, 5335577.453]",,,,flag_for_review,pending
geological,qnd_compositing,2139.0,7835BG017658,coordinates,base_collar_coordinate_mismatch,warning,"[690296.376, 5334985.433]","[691601.534, 5335560.276]",,,,flag_for_review,pending
geological,qnd_compositing,2143.0,7835BG017629,coordinates,base_collar_coordinate_mismatch,warning,"[690886.143, 5335020.775]","[690741.473, 5334958.085]",,,,flag_for_review,pending
geological,qnd_compositing,2144.0,7835BG017628,coordinates,base_collar_coordinate_mismatch,warning,"[690886.143, 5335020.775]","[690821.346, 5334809.082]",,,,flag_for_review,pending
geological,qnd_compositing,2145.0,7835BG017627,coordinates,base_collar_coordinate_mismatch,warning,"[690886.143, 5335020.775]","[690867.844, 5334822.905]",,,,flag_for_review,pending
geological,qnd_compositing,2147.0,7835BG017625,coordinates,base_collar_coordinate_mismatch,warning,"[690909.413, 5334783.495]","[690828.848, 5334796.364]",,,,flag_for_review,pending
geological,qnd_compositing,2148.0,7835BG017626,coordinates,base_collar_coordinate_mismatch,warning,"[690909.413, 5334783.495]","[690815.584, 5334802.852]",,,,flag_for_review,pending
geological,qnd_compositing,2150.0,7835BG017623,coordinates,base_collar_coordinate_mismatch,warning,"[690540.586, 5335079.348]","[690808.37, 5334782.555]",,,,flag_for_review,pending
geological,qnd_compositing,2151.0,7835BG017622,coordinates,base_collar_coordinate_mismatch,warning,"[690540.586, 5335079.348]","[690847.815, 5334900.186]",,,,flag_for_review,pending
geological,qnd_compositing,2152.0,7835BG017620,coordinates,base_collar_coordinate_mismatch,warning,"[690540.586, 5335079.348]","[690845.144, 5334866.054]",,,,flag_for_review,pending
geological,qnd_compositing,2153.0,7835BG017619,coordinates,base_collar_coordinate_mismatch,warning,"[690540.586, 5335079.348]","[690838.217, 5334812.742]",,,,flag_for_review,pending
geological,qnd_compositing,2154.0,7835BG017618,coordinates,base_collar_coordinate_mismatch,warning,"[690540.586, 5335079.348]","[690839.153, 5334788.76]",,,,flag_for_review,pending
geological,qnd_compositing,2155.0,7835BG017616,coordinates,base_collar_coordinate_mismatch,warning,"[690540.586, 5335079.348]","[690932.811, 5334799.42]",,,,flag_for_review,pending
geological,qnd_compositing,2156.0,7835BG017617,coordinates,base_collar_coordinate_mismatch,warning,"[690540.586, 5335079.348]","[690879.148, 5334815.34]",,,,flag_for_review,pending
geological,qnd_compositing,2165.0,7835BG015104,coordinates,base_collar_coordinate_mismatch,warning,"[690297.472, 5334497.493]","[690676.068, 5335762.169]",,,,flag_for_review,pending
geological,qnd_compositing,2174.0,7835BG018864,coordinates,base_collar_coordinate_mismatch,warning,"[690175.571, 5335226.232]","[691549.482, 5334538.256]",,,,flag_for_review,pending
post_compositing_QC,qnd_compositing,11.0,7835BG013061,qbasis,spatial_residual_exceeds_threshold,warning,515.85,510.16315789473674,5.686842105263281,5,19.0,flag_for_review,pending
post_compositing_QC,qnd_compositing,20.0,7835BG012875,qbasis,spatial_residual_exceeds_threshold,warning,510.1,502.7969662921348,7.303033707865211,5,89.0,flag_for_review,pending
post_compositing_QC,qnd_compositing,21.0,7835BG012876,qbasis,spatial_residual_exceeds_threshold,warning,510.6,502.87219780219783,7.727802197802191,5,91.0,flag_for_review,pending
post_compositing_QC,qnd_compositing,22.0,7835BG012877,qbasis,spatial_residual_exceeds_threshold,warning,510.49999999999994,502.33059523809527,8.169404761904673,5,84.0,flag_for_review,pending
post_compositing_QC,qnd_compositing,27.0,7835BG012909,qbasis,spatial_residual_exceeds_threshold,warning,509.45,502.67509803921575,6.774901960784234,5,51.0,flag_for_review,pending
post_compositing_QC,qnd_compositing,29.0,7835BG012915,qbasis,spatial_residual_exceeds_threshold,warning,511.75,505.20984000000004,6.540159999999958,5,125.0,flag_for_review,pending
post_compositing_QC,qnd_compositing,30.0,7835BG012916,qbasis,spatial_residual_exceeds_threshold,warning,510.7,504.59301724137936,6.106982758620632,5,116.0,flag_for_review,pending
post_compositing_QC,qnd_compositing,70.0,7835BG012907,qbasis,spatial_residual_exceeds_threshold,warning,508.90000000000003,499.9664615384616,8.933538461538433,5,65.0,flag_for_review,pending
post_compositing_QC,qnd_compositing,71.0,7835BG012908,qbasis,spatial_residual_exceeds_threshold,warning,508.8,499.4091379310345,9.390862068965532,5,58.0,flag_for_review,pending
post_compositing_QC,qnd_compositing,77.0,7835BG013360,qbasis,spatial_residual_exceeds_threshold,warning,510.04999999999995,498.82727272727277,11.222727272727184,5,55.0,flag_for_review,pending
post_compositing_QC,qnd_compositing,88.0,7835BG011986,qbasis,spatial_residual_exceeds_threshold,warning,509.50000000000006,502.529,6.9710000000000605,5,50.0,flag_for_review,pending
post_compositing_QC,qnd_compositing,89.0,7835BG011987,qbasis,spatial_residual_exceeds_threshold,warning,509.40000000000003,499.01716666666675,10.38283333333328,5,60.0,flag_for_review,pending
post_compositing_QC,qnd_compositing,92.0,7835BG011379,qbasis,spatial_residual_exceeds_threshold,warning,511.15999999999997,504.3250892857142,6.834910714285741,5,112.0,flag_for_review,pending
post_compositing_QC,qnd_compositing,98.0,7835BG011980,qbasis,spatial_residual_exceeds_threshold,warning,509.15,499.96261538461545,9.18738461538453,5,65.0,flag_for_review,pending
post_compositing_QC,qnd_compositing,103.0,7835BG011908,qbasis,spatial_residual_exceeds_threshold,warning,515.1,498.586862745098,16.513137254902006,5,51.0,flag_for_review,pending
post_compositing_QC,qnd_compositing,116.0,7835BG012007,qbasis,spatial_residual_exceeds_threshold,warning,510.5,502.60113043478265,7.898869565217353,5,115.0,flag_for_review,pending
post_compositing_QC,qnd_compositing,117.0,7835BG012008,qbasis,spatial_residual_exceeds_threshold,warning,511.5,502.2297272727273,9.270272727272697,5,110.0,flag_for_review,pending
post_compositing_QC,qnd_compositing,118.0,7835BG012009,qbasis,spatial_residual_exceeds_threshold,warning,511.5,502.01,9.490000000000009,5,107.0,flag_for_review,pending
post_compositing_QC,qnd_compositing,127.0,7835BG012197,qbasis,spatial_residual_exceeds_threshold,warning,495.09999999999997,510.0036697247706,-14.903669724770623,5,109.0,flag_for_review,pending
post_compositing_QC,qnd_compositing,128.0,7835BG012198,qbasis,spatial_residual_exceeds_threshold,warning,494.90000000000003,510.1588495575221,-15.258849557522069,5,113.0,flag_for_review,pending
post_compositing_QC,qnd_compositing,134.0,7835BG011989,qbasis,spatial_residual_exceeds_threshold,warning,514.7,500.1807462686567,14.519253731343326,5,67.0,flag_for_review,pending
post_compositing_QC,qnd_compositing,135.0,7835BG011990,qbasis,spatial_residual_exceeds_threshold,warning,509.1,501.18702702702706,7.912972972972966,5,74.0,flag_for_review,pending
post_compositing_QC,qnd_compositing,140.0,7835BG012202,qbasis,spatial_residual_exceeds_threshold,warning,498.3,509.76528846153843,-11.465288461538421,5,104.0,flag_for_review,pending
post_compositing_QC,qnd_compositing,141.0,7835BG012204,qbasis,spatial_residual_exceeds_threshold,warning,497.40000000000003,510.0183050847458,-12.61830508474577,5,118.0,flag_for_review,pending
post_compositing_QC,qnd_compositing,142.0,7835BG012205,qbasis,spatial_residual_exceeds_threshold,warning,496.65,509.83322916666657,-13.183229166666592,5,96.0,flag_for_review,pending
post_compositing_QC,qnd_compositing,147.0,7835BG011992,qbasis,spatial_residual_exceeds_threshold,warning,512.2,505.03314516129035,7.166854838709696,5,124.0,flag_for_review,pending
post_compositing_QC,qnd_compositing,148.0,7835BG011993,qbasis,spatial_residual_exceeds_threshold,warning,511.1,504.3183035714286,6.781696428571422,5,112.0,flag_for_review,pending
post_compositing_QC,qnd_compositing,152.0,7835BG011945,qbasis,spatial_residual_exceeds_threshold,warning,510.5,502.29705128205137,8.20294871794863,5,78.0,flag_for_review,pending
post_compositing_QC,qnd_compositing,153.0,7835BG011947,qbasis,spatial_residual_exceeds_threshold,warning,508.29999999999995,501.9364197530865,6.363580246913443,5,81.0,flag_for_review,pending
post_compositing_QC,qnd_compositing,175.0,7835BG011954,qbasis,spatial_residual_exceeds_threshold,warning,510.0,504.758559322034,5.241440677966011,5,118.0,flag_for_review,pending
post_compositing_QC,qnd_compositing,199.0,7835BG012305,qbasis,spatial_residual_exceeds_threshold,warning,518.0,511.0879906542056,6.912009345794388,5,214.0,flag_for_review,pending
post_compositing_QC,qnd_compositing,201.0,7835BG012309,qbasis,spatial_residual_exceeds_threshold,warning,515.6,509.8735294117647,5.7264705882353155,5,17.0,flag_for_review,pending
post_compositing_QC,qnd_compositing,368.0,7835BG011109,qbasis,spatial_residual_exceeds_threshold,warning,508.71,503.02580645161294,5.684193548387043,5,93.0,flag_for_review,pending
post_compositing_QC,qnd_compositing,371.0,7835BG009281,qbasis,spatial_residual_exceeds_threshold,warning,503.15,508.8104794520549,-5.660479452054915,5,146.0,flag_for_review,pending
post_compositing_QC,qnd_compositing,396.0,7835BG008596,qbasis,spatial_residual_exceeds_threshold,warning,503.03,508.1861538461538,-5.1561538461538134,5,104.0,flag_for_review,pending
post_compositing_QC,qnd_compositing,397.0,7835BG008597,qbasis,spatial_residual_exceeds_threshold,warning,501.18,508.8641463414634,-7.684146341463418,5,123.0,flag_for_review,pending
post_compositing_QC,qnd_compositing,404.0,7835BG009614,qbasis,spatial_residual_exceeds_threshold,warning,510.97,503.61764705882354,7.352352941176491,5,102.0,flag_for_review,pending
post_compositing_QC,qnd_compositing,412.0,7835BG008738,qbasis,spatial_residual_exceeds_threshold,warning,503.70000000000005,510.1130656934307,-6.413065693430667,5,137.0,flag_for_review,pending
post_compositing_QC,qnd_compositing,419.0,7835BG009148,qbasis,spatial_residual_exceeds_threshold,warning,509.22,503.52191919191915,5.698080808080874,5,99.0,flag_for_review,pending
post_compositing_QC,qnd_compositing,420.0,7835BG009150,qbasis,spatial_residual_exceeds_threshold,warning,510.29,503.58554455445545,6.704455445544568,5,101.0,flag_for_review,pending
post_compositing_QC,qnd_compositing,423.0,7835BG009465,qbasis,spatial_residual_exceeds_threshold,warning,510.39,501.49779220779226,8.892207792207728,5,77.0,flag_for_review,pending
post_compositing_QC,qnd_compositing,450.0,7835BG009109,qbasis,spatial_residual_exceeds_threshold,warning,508.78000000000003,503.03338842975205,5.746611570247978,5,121.0,flag_for_review,pending
post_compositing_QC,qnd_compositing,451.0,7835BG009110,qbasis,spatial_residual_exceeds_threshold,warning,509.93,502.5429464285714,7.387053571428623,5,112.0,flag_for_review,pending
post_compositing_QC,qnd_compositing,520.0,7835BG009788,qbasis,spatial_residual_exceeds_threshold,warning,513.5,503.5706862745098,9.929313725490204,5,102.0,flag_for_review,pending
post_compositing_QC,qnd_compositing,522.0,7835BG009492,qbasis,spatial_residual_exceeds_threshold,warning,510.41,500.2177611940299,10.192238805970135,5,67.0,flag_for_review,pending
post_compositing_QC,qnd_compositing,539.0,7835BG009502,qbasis,spatial_residual_exceeds_threshold,warning,509.86,502.66705882352943,7.192941176470583,5,51.0,flag_for_review,pending
post_compositing_QC,qnd_compositing,542.0,7835BG009470,qbasis,spatial_residual_exceeds_threshold,warning,509.45000000000005,501.010425531915,8.439574468085027,5,94.0,flag_for_review,pending
post_compositing_QC,qnd_compositing,543.0,7835BG009511,qbasis,spatial_residual_exceeds_threshold,warning,510.64000000000004,499.0548333333334,11.585166666666623,5,60.0,flag_for_review,pending
post_compositing_QC,qnd_compositing,544.0,7835BG009513,qbasis,spatial_residual_exceeds_threshold,warning,516.01,501.9239024390244,14.086097560975588,5,82.0,flag_for_review,pending
post_compositing_QC,qnd_compositing,547.0,7835BG009474,qbasis,spatial_residual_exceeds_threshold,warning,510.72999999999996,500.36720588235295,10.362794117647013,5,68.0,flag_for_review,pending
post_compositing_QC,qnd_compositing,548.0,7835BG009517,qbasis,spatial_residual_exceeds_threshold,warning,509.07000000000005,502.51919999999996,6.550800000000095,5,50.0,flag_for_review,pending
post_compositing_QC,qnd_compositing,549.0,7835BG009520,qbasis,spatial_residual_exceeds_threshold,warning,509.78000000000003,502.1891666666667,7.590833333333308,5,84.0,flag_for_review,pending
post_compositing_QC,qnd_compositing,554.0,7835BG009524,qbasis,spatial_residual_exceeds_threshold,warning,510.89,500.2105970149254,10.679402985074603,5,67.0,flag_for_review,pending
post_compositing_QC,qnd_compositing,557.0,7835BG009484,qbasis,spatial_residual_exceeds_threshold,warning,509.23,500.2353731343284,8.994626865671592,5,67.0,flag_for_review,pending
post_compositing_QC,qnd_compositing,558.0,7835BG009528,qbasis,spatial_residual_exceeds_threshold,warning,510.5,502.1805952380953,8.319404761904707,5,84.0,flag_for_review,pending
post_compositing_QC,qnd_compositing,596.0,7835BG007839,qbasis,spatial_residual_exceeds_threshold,warning,507.01,512.4331465517241,-5.42314655172413,5,232.0,flag_for_review,pending
post_compositing_QC,qnd_compositing,617.0,7835BG007841,qbasis,spatial_residual_exceeds_threshold,warning,517.08,510.67505050505054,6.404949494949506,5,198.0,flag_for_review,pending
post_compositing_QC,qnd_compositing,632.0,7835BG009745,qbasis,spatial_residual_exceeds_threshold,warning,509.33000000000004,503.72423076923076,5.605769230769283,5,104.0,flag_for_review,pending
post_compositing_QC,qnd_compositing,642.0,7835BG009759,qbasis,spatial_residual_exceeds_threshold,warning,510.03000000000003,503.6312745098039,6.398725490196114,5,102.0,flag_for_review,pending
post_compositing_QC,qnd_compositing,643.0,7835BG009770,qbasis,spatial_residual_exceeds_threshold,warning,511.91999999999996,501.35921052631585,10.56078947368411,5,76.0,flag_for_review,pending
post_compositing_QC,qnd_compositing,668.0,7835BG008595,qbasis,spatial_residual_exceeds_threshold,warning,503.12,508.57000000000005,-5.4500000000000455,5,114.0,flag_for_review,pending
post_compositing_QC,qnd_compositing,687.0,7835BG009475,qbasis,spatial_residual_exceeds_threshold,warning,511.03,505.0228225806452,6.007177419354775,5,124.0,flag_for_review,pending
post_compositing_QC,qnd_compositing,709.0,7835BG009661,qbasis,spatial_residual_exceeds_threshold,warning,510.42999999999995,503.58415841584156,6.845841584158393,5,101.0,flag_for_review,pending
post_compositing_QC,qnd_compositing,710.0,7835BG009681,qbasis,spatial_residual_exceeds_threshold,warning,511.01,503.7592307692308,7.250769230769208,5,104.0,flag_for_review,pending
post_compositing_QC,qnd_compositing,711.0,7835BG009519,qbasis,spatial_residual_exceeds_threshold,warning,509.90999999999997,500.3318390804599,9.578160919540096,5,87.0,flag_for_review,pending
post_compositing_QC,qnd_compositing,719.0,7835BG010379,qbasis,spatial_residual_exceeds_threshold,warning,500.54,511.25221402214015,-10.712214022140131,5,271.0,flag_for_review,pending
post_compositing_QC,qnd_compositing,749.0,7835BG009130,qbasis,spatial_residual_exceeds_threshold,warning,504.6,511.16435146443513,-6.564351464435106,5,239.0,flag_for_review,pending
post_compositing_QC,qnd_compositing,754.0,7835BG009789,qbasis,spatial_residual_exceeds_threshold,warning,511.06999999999994,503.8778301886793,7.192169811320639,5,106.0,flag_for_review,pending
post_compositing_QC,qnd_compositing,755.0,7835BG012304,qbasis,spatial_residual_exceeds_threshold,warning,518.75,511.16568075117374,7.584319248826262,5,213.0,flag_for_review,pending
post_compositing_QC,qnd_compositing,758.0,7835BG011946,qbasis,spatial_residual_exceeds_threshold,warning,511.0,501.99222222222227,9.007777777777733,5,81.0,flag_for_review,pending
post_compositing_QC,qnd_compositing,773.0,7835BG009149,qbasis,spatial_residual_exceeds_threshold,warning,509.39000000000004,502.0997590361446,7.290240963855467,5,83.0,flag_for_review,pending
post_compositing_QC,qnd_compositing,779.0,7835BG011988,qbasis,spatial_residual_exceeds_threshold,warning,509.1,499.96338461538465,9.136615384615368,5,65.0,flag_for_review,pending
post_compositing_QC,qnd_compositing,789.0,7835BG012010,qbasis,spatial_residual_exceeds_threshold,warning,511.0,502.5309649122807,8.469035087719305,5,114.0,flag_for_review,pending
post_compositing_QC,qnd_compositing,823.0,7835BG012874,qbasis,spatial_residual_exceeds_threshold,warning,510.79999999999995,503.35505617977526,7.444943820224694,5,89.0,flag_for_review,pending
post_compositing_QC,qnd_compositing,827.0,7835BG012195,qbasis,spatial_residual_exceeds_threshold,warning,495.45000000000005,509.7524175824176,-14.302417582417547,5,91.0,flag_for_review,pending
post_compositing_QC,qnd_compositing,828.0,7835BG012196,qbasis,spatial_residual_exceeds_threshold,warning,495.3,509.7640860215054,-14.464086021505409,5,93.0,flag_for_review,pending
post_compositing_QC,qnd_compositing,835.0,7835BG011362,qbasis,spatial_residual_exceeds_threshold,warning,517.22,511.8340298507461,5.385970149253922,5,134.0,flag_for_review,pending
post_compositing_QC,qnd_compositing,845.0,7835BG007557,qbasis,spatial_residual_exceeds_threshold,warning,515.1,509.7101904761905,5.389809523809504,5,105.0,flag_for_review,pending
post_compositing_QC,qnd_compositing,853.0,7835BG002099,qbasis,spatial_residual_exceeds_threshold,warning,509.70000000000005,504.3993693693694,5.3006306306306215,5,111.0,flag_for_review,pending
post_compositing_QC,qnd_compositing,868.0,7835BG000825,qbasis,spatial_residual_exceeds_threshold,warning,512.4699999999999,503.1706504065041,9.299349593495833,5,123.0,flag_for_review,pending
post_compositing_QC,qnd_compositing,891.0,7835BG000941,qbasis,spatial_residual_exceeds_threshold,warning,512.95,506.61053191489367,6.339468085106375,5,94.0,flag_for_review,pending
post_compositing_QC,qnd_compositing,942.0,7835BG005091,qbasis,spatial_residual_exceeds_threshold,warning,511.40000000000003,502.47011494252877,8.929885057471267,5,87.0,flag_for_review,pending
post_compositing_QC,qnd_compositing,943.0,7835BG005099,qbasis,spatial_residual_exceeds_threshold,warning,510.40000000000003,499.7671875,10.632812500000057,5,64.0,flag_for_review,pending
post_compositing_QC,qnd_compositing,946.0,7835BG007177,qbasis,spatial_residual_exceeds_threshold,warning,489.29999999999995,512.6725000000001,-23.372500000000173,5,176.0,flag_for_review,pending
post_compositing_QC,qnd_compositing,988.0,7835BG004034,qbasis,spatial_residual_exceeds_threshold,warning,507.79999999999995,513.3062962962964,-5.506296296296455,5,108.0,flag_for_review,pending
post_compositing_QC,qnd_compositing,997.0,7835BG005103,qbasis,spatial_residual_exceeds_threshold,warning,511.19999999999993,500.3602941176471,10.83970588235286,5,68.0,flag_for_review,pending
post_compositing_QC,qnd_compositing,1032.0,7835BG007092,qbasis,spatial_residual_exceeds_threshold,warning,493.2,510.8805517241379,-17.6805517241379,5,290.0,flag_for_review,pending
post_compositing_QC,qnd_compositing,1145.0,7835BG007013,qbasis,spatial_residual_exceeds_threshold,warning,509.70000000000005,502.37360465116285,7.326395348837195,5,86.0,flag_for_review,pending
post_compositing_QC,qnd_compositing,1170.0,7835BG005523,qbasis,spatial_residual_exceeds_threshold,warning,498.65,509.31976744186045,-10.669767441860472,5,129.0,flag_for_review,pending
post_compositing_QC,qnd_compositing,1189.0,7835BG000824,qbasis,spatial_residual_exceeds_threshold,warning,513.89,501.1614736842106,12.728526315789395,5,95.0,flag_for_review,pending
post_compositing_QC,qnd_compositing,1191.0,7835BG001298,qbasis,spatial_residual_exceeds_threshold,warning,514.5,503.0573553719008,11.442644628099174,5,121.0,flag_for_review,pending
post_compositing_QC,qnd_compositing,1210.0,7835BG000826,qbasis,spatial_residual_exceeds_threshold,warning,514.61,506.7838759689923,7.826124031007737,5,129.0,flag_for_review,pending
post_compositing_QC,qnd_compositing,1212.0,7835BG001446,qbasis,spatial_residual_exceeds_threshold,warning,511.77,501.799625,9.97037499999999,5,80.0,flag_for_review,pending
post_compositing_QC,qnd_compositing,1225.0,7835BG000858,qbasis,spatial_residual_exceeds_threshold,warning,512.83,504.34792792792797,8.482072072072071,5,111.0,flag_for_review,pending
post_compositing_QC,qnd_compositing,1227.0,7835BG001433,qbasis,spatial_residual_exceeds_threshold,warning,515.9,509.96284946236557,5.937150537634409,5,186.0,flag_for_review,pending
post_compositing_QC,qnd_compositing,1270.0,7835BG000615,qbasis,spatial_residual_exceeds_threshold,warning,514.6,502.84101694915256,11.758983050847462,5,118.0,flag_for_review,pending
post_compositing_QC,qnd_compositing,1276.0,7835BG000908,qbasis,spatial_residual_exceeds_threshold,warning,510.64000000000004,502.2910588235293,8.34894117647076,5,85.0,flag_for_review,pending
post_compositing_QC,qnd_compositing,1279.0,7835BG001516,qbasis,spatial_residual_exceeds_threshold,warning,476.59999999999997,510.94345323741015,-34.34345323741019,5,278.0,flag_for_review,pending
post_compositing_QC,qnd_compositing,1368.0,7835BG003008,qbasis,spatial_residual_exceeds_threshold,warning,508.09999999999997,513.3282954545455,-5.228295454545503,5,88.0,flag_for_review,pending
post_compositing_QC,qnd_compositing,1387.0,7835BG003857,qbasis,spatial_residual_exceeds_threshold,warning,514.85,509.21884353741495,5.631156462585068,5,147.0,flag_for_review,pending
post_compositing_QC,qnd_compositing,1392.0,7835BG003996,qbasis,spatial_residual_exceeds_threshold,warning,507.7,512.9910909090909,-5.291090909090883,5,55.0,flag_for_review,pending
post_compositing_QC,qnd_compositing,1409.0,7835BG003879,qbasis,spatial_residual_exceeds_threshold,warning,507.45000000000005,513.3404237288136,-5.890423728813516,5,118.0,flag_for_review,pending
post_compositing_QC,qnd_compositing,1414.0,7835BG004017,qbasis,spatial_residual_exceeds_threshold,warning,508.04999999999995,513.3353389830509,-5.285338983050906,5,118.0,flag_for_review,pending
post_compositing_QC,qnd_compositing,1444.0,7835BG004050,qbasis,spatial_residual_exceeds_threshold,warning,507.5,513.063,-5.562999999999988,5,60.0,flag_for_review,pending
post_compositing_QC,qnd_compositing,1448.0,7835BG003911,qbasis,spatial_residual_exceeds_threshold,warning,503.99999999999994,509.8474285714285,-5.847428571428566,5,175.0,flag_for_review,pending
post_compositing_QC,qnd_compositing,1453.0,7835BG004321,qbasis,spatial_residual_exceeds_threshold,warning,500.99999999999994,509.30088,-8.300880000000063,5,125.0,flag_for_review,pending
post_compositing_QC,qnd_compositing,1454.0,7835BG004323,qbasis,spatial_residual_exceeds_threshold,warning,491.09999999999997,511.2671739130435,-20.16717391304354,5,230.0,flag_for_review,pending
post_compositing_QC,qnd_compositing,1483.0,7835BG004096,qbasis,spatial_residual_exceeds_threshold,warning,509.0,502.67089887640446,6.329101123595535,5,89.0,flag_for_review,pending
post_compositing_QC,qnd_compositing,1484.0,7835BG004097,qbasis,spatial_residual_exceeds_threshold,warning,510.7,503.79737864077674,6.902621359223247,5,103.0,flag_for_review,pending
post_compositing_QC,qnd_compositing,1520.0,7835BG005246,qbasis,spatial_residual_exceeds_threshold,warning,500.6,511.2664705882352,-10.6664705882352,5,306.0,flag_for_review,pending
post_compositing_QC,qnd_compositing,1540.0,7835BG005146,qbasis,spatial_residual_exceeds_threshold,warning,517.1,510.8839748953975,6.216025104602522,5,239.0,flag_for_review,pending
post_compositing_QC,qnd_compositing,1585.0,7835BG005525,qbasis,spatial_residual_exceeds_threshold,warning,499.45,509.48116279069774,-10.03116279069775,5,129.0,flag_for_review,pending
post_compositing_QC,qnd_compositing,1591.0,7835BG004175,qbasis,spatial_residual_exceeds_threshold,warning,501.40000000000003,509.44720430107515,-8.047204301075112,5,93.0,flag_for_review,pending
post_compositing_QC,qnd_compositing,1625.0,7835BG004208,qbasis,spatial_residual_exceeds_threshold,warning,507.4,512.598319327731,-5.198319327731042,5,119.0,flag_for_review,pending
post_compositing_QC,qnd_compositing,1634.0,7835BG005086,qbasis,spatial_residual_exceeds_threshold,warning,510.1,499.61746031746037,10.482539682539652,5,63.0,flag_for_review,pending
post_compositing_QC,qnd_compositing,1635.0,7835BG005087,qbasis,spatial_residual_exceeds_threshold,warning,510.8,499.2408771929825,11.559122807017502,5,57.0,flag_for_review,pending
post_compositing_QC,qnd_compositing,1636.0,7835BG005089,qbasis,spatial_residual_exceeds_threshold,warning,510.0,500.2238805970149,9.776119402985103,5,67.0,flag_for_review,pending
post_compositing_QC,qnd_compositing,1637.0,7835BG005090,qbasis,spatial_residual_exceeds_threshold,warning,509.0,501.5288311688312,7.471168831168825,5,77.0,flag_for_review,pending
post_compositing_QC,qnd_compositing,1638.0,7835BG005092,qbasis,spatial_residual_exceeds_threshold,warning,509.6,503.4355555555555,6.164444444444541,5,99.0,flag_for_review,pending
post_compositing_QC,qnd_compositing,1639.0,7835BG005093,qbasis,spatial_residual_exceeds_threshold,warning,510.85,503.6055339805825,7.24446601941753,5,103.0,flag_for_review,pending
post_compositing_QC,qnd_compositing,1640.0,7835BG005094,qbasis,spatial_residual_exceeds_threshold,warning,511.0,503.4939,7.5061000000000035,5,100.0,flag_for_review,pending
post_compositing_QC,qnd_compositing,1641.0,7835BG005096,qbasis,spatial_residual_exceeds_threshold,warning,510.29999999999995,500.6612857142857,9.63871428571423,5,70.0,flag_for_review,pending
post_compositing_QC,qnd_compositing,1642.0,7835BG005097,qbasis,spatial_residual_exceeds_threshold,warning,511.3,502.66078651685393,8.63921348314608,5,89.0,flag_for_review,pending
post_compositing_QC,qnd_compositing,1643.0,7835BG005098,qbasis,spatial_residual_exceeds_threshold,warning,510.0,499.38844827586206,10.61155172413794,5,58.0,flag_for_review,pending
post_compositing_QC,qnd_compositing,1644.0,7835BG005100,qbasis,spatial_residual_exceeds_threshold,warning,510.1,498.82636363636374,11.273636363636285,5,55.0,flag_for_review,pending
post_compositing_QC,qnd_compositing,1645.0,7835BG005101,qbasis,spatial_residual_exceeds_threshold,warning,509.59999999999997,499.2918032786886,10.30819672131139,5,61.0,flag_for_review,pending
post_compositing_QC,qnd_compositing,1672.0,7835BG005102,qbasis,spatial_residual_exceeds_threshold,warning,510.99999999999994,500.07909090909095,10.920909090908992,5,66.0,flag_for_review,pending
post_compositing_QC,qnd_compositing,1673.0,7835BG005104,qbasis,spatial_residual_exceeds_threshold,warning,510.09999999999997,500.92736111111117,9.172638888888798,5,72.0,flag_for_review,pending
post_compositing_QC,qnd_compositing,1691.0,7835BG007175,qbasis,spatial_residual_exceeds_threshold,warning,487.0,512.6855681818182,-25.685568181818212,5,176.0,flag_for_review,pending
post_compositing_QC,qnd_compositing,1873.0,7835BG007011,qbasis,spatial_residual_exceeds_threshold,warning,510.20000000000005,502.8441758241759,7.355824175824125,5,91.0,flag_for_review,pending
post_compositing_QC,qnd_compositing,1874.0,7835BG007012,qbasis,spatial_residual_exceeds_threshold,warning,510.50000000000006,502.5623863636363,7.937613636363778,5,88.0,flag_for_review,pending
post_compositing_QC,qnd_compositing,1875.0,7835BG007014,qbasis,spatial_residual_exceeds_threshold,warning,509.30000000000007,502.7900000000001,6.509999999999991,5,90.0,flag_for_review,pending
post_compositing_QC,qnd_compositing,1876.0,7835BG007015,qbasis,spatial_residual_exceeds_threshold,warning,509.69999999999993,502.62730337078654,7.072696629213397,5,89.0,flag_for_review,pending
post_compositing_QC,qnd_compositing,1895.0,7835BG007087,qbasis,spatial_residual_exceeds_threshold,warning,493.2,510.92866438356157,-17.72866438356158,5,292.0,flag_for_review,pending
post_compositing_QC,qnd_compositing,1900.0,7835BG007094,qbasis,spatial_residual_exceeds_threshold,warning,493.29999999999995,510.8784280936455,-17.578428093645527,5,299.0,flag_for_review,pending
post_compositing_QC,qnd_compositing,1903.0,7835BG007098,qbasis,spatial_residual_exceeds_threshold,warning,492.9,510.94143356643355,-18.041433566433568,5,286.0,flag_for_review,pending
post_compositing_QC,qnd_compositing,1904.0,7835BG007100,qbasis,spatial_residual_exceeds_threshold,warning,493.5,510.94017361111116,-17.440173611111163,5,288.0,flag_for_review,pending
post_compositing_QC,qnd_compositing,1907.0,7835BG007104,qbasis,spatial_residual_exceeds_threshold,warning,493.2,510.8805517241379,-17.6805517241379,5,290.0,flag_for_review,pending
post_compositing_QC,qnd_compositing,1936.0,7835BG007550,qbasis,spatial_residual_exceeds_threshold,warning,345.0,511.42392617449667,-166.42392617449667,5,298.0,flag_for_review,pending
post_compositing_QC,qnd_compositing,1937.0,7835BG007546,qbasis,spatial_residual_exceeds_threshold,warning,308.0,502.68175438596495,-194.68175438596495,5,57.0,flag_for_review,pending
post_compositing_QC,qnd_compositing,1938.0,7835BG007540,qbasis,spatial_residual_exceeds_threshold,warning,308.20000000000005,505.0406593406593,-196.84065934065927,5,91.0,flag_for_review,pending
post_compositing_QC,qnd_compositing,1941.0,7835BG015109,qbasis,spatial_residual_exceeds_threshold,warning,510.65000000000003,500.78347222222226,9.866527777777776,5,72.0,flag_for_review,pending
post_compositing_QC,qnd_compositing,1943.0,7835BG015125,qbasis,spatial_residual_exceeds_threshold,warning,305.52,504.73727272727274,-199.21727272727276,5,121.0,flag_for_review,pending
post_compositing_QC,qnd_compositing,1949.0,7835BG015124,qbasis,spatial_residual_exceeds_threshold,warning,310.20000000000005,504.65983471074384,-194.4598347107438,5,121.0,flag_for_review,pending
post_compositing_QC,qnd_compositing,1969.0,7835BG015569,qbasis,spatial_residual_exceeds_threshold,warning,504.30000000000007,510.22212389380536,-5.922123893805292,5,113.0,flag_for_review,pending
post_compositing_QC,qnd_compositing,1999.0,7835BG015788,qbasis,spatial_residual_exceeds_threshold,warning,426.8,513.9075,-87.10750000000002,5,32.0,flag_for_review,pending
post_compositing_QC,qnd_compositing,2001.0,7835BG015772,qbasis,spatial_residual_exceeds_threshold,warning,508.6,503.1623770491803,5.43762295081973,5,122.0,flag_for_review,pending
post_compositing_QC,qnd_compositing,2012.0,7835BG015925,qbasis,spatial_residual_exceeds_threshold,warning,511.5,501.7914423076923,9.708557692307693,5,104.0,flag_for_review,pending
post_compositing_QC,qnd_compositing,2024.0,7835BG015741,qbasis,spatial_residual_exceeds_threshold,warning,510.4,494.48547169811326,15.914528301886719,5,53.0,flag_for_review,pending
post_compositing_QC,qnd_compositing,2052.0,7835BG016023,qbasis,spatial_residual_exceeds_threshold,warning,505.0,510.29480769230764,-5.294807692307643,5,52.0,flag_for_review,pending
post_compositing_QC,qnd_compositing,2055.0,7835BG016887,qbasis,spatial_residual_exceeds_threshold,warning,506.65,512.7618835616438,-6.111883561643822,5,292.0,flag_for_review,pending
post_compositing_QC,qnd_compositing,2071.0,7835BG017180,qbasis,spatial_residual_exceeds_threshold,warning,504.42999999999995,510.90942528735627,-6.479425287356321,5,261.0,flag_for_review,pending
post_compositing_QC,qnd_compositing,2083.0,7835BG016992,qbasis,spatial_residual_exceeds_threshold,warning,459.2,511.2021195652174,-52.00211956521741,5,184.0,flag_for_review,pending
post_compositing_QC,qnd_compositing,2084.0,7835BG017148,qbasis,spatial_residual_exceeds_threshold,warning,464.14,510.7645595854923,-46.62455958549231,5,193.0,flag_for_review,pending
post_compositing_QC,qnd_compositing,2086.0,7835BG017457,qbasis,spatial_residual_exceeds_threshold,warning,459.49999999999994,509.8348148148148,-50.33481481481488,5,108.0,flag_for_review,pending
post_compositing_QC,qnd_compositing,2093.0,7835BG017347,qbasis,spatial_residual_exceeds_threshold,warning,511.8,501.2378571428572,10.562142857142817,5,98.0,flag_for_review,pending
post_compositing_QC,qnd_compositing,2108.0,7835BG017471,qbasis,spatial_residual_exceeds_threshold,warning,462.12000000000006,510.9839272727273,-48.86392727272727,5,275.0,flag_for_review,pending
post_compositing_QC,qnd_compositing,2109.0,7835BG017346,qbasis,spatial_residual_exceeds_threshold,warning,509.5,502.45339285714283,7.0466071428571695,5,112.0,flag_for_review,pending
post_compositing_QC,qnd_compositing,2111.0,7835BG017468,qbasis,spatial_residual_exceeds_threshold,warning,503.75000000000006,510.8002542372882,-7.050254237288129,5,236.0,flag_for_review,pending
post_compositing_QC,qnd_compositing,2122.0,7835BG017793,qbasis,spatial_residual_exceeds_threshold,warning,519.67,513.8231746031746,5.846825396825352,5,63.0,flag_for_review,pending
post_compositing_QC,qnd_compositing,2134.0,7835BG010147,qbasis,spatial_residual_exceeds_threshold,warning,501.9599999999999,508.68084745762707,-6.720847457627144,5,118.0,flag_for_review,pending
post_compositing_QC,qnd_compositing,2141.0,7835BG017631,qbasis,spatial_residual_exceeds_threshold,warning,491.0,511.30835443037984,-20.308354430379836,5,237.0,flag_for_review,pending
post_compositing_QC,qnd_compositing,2142.0,7835BG017630,qbasis,spatial_residual_exceeds_threshold,warning,491.7,511.2935193133047,-19.59351931330474,5,233.0,flag_for_review,pending
post_compositing_QC,qnd_compositing,2146.0,7835BG017624,qbasis,spatial_residual_exceeds_threshold,warning,499.9,511.4916585365854,-11.591658536585442,5,205.0,flag_for_review,pending
post_compositing_QC,qnd_compositing,2167.0,7835BG018051,qbasis,spatial_residual_exceeds_threshold,warning,459.42999999999995,510.30596858638745,-50.8759685863875,5,191.0,flag_for_review,pending
post_compositing_QC,qnd_compositing,2171.0,7835BG018845,qbasis,spatial_residual_exceeds_threshold,warning,511.5,497.79225352112684,13.707746478873162,5,71.0,flag_for_review,pending
post_compositing_QC,qnd_compositing,2175.0,7835BG018943,qbasis,spatial_residual_exceeds_threshold,warning,464.9,504.9336752136752,-40.033675213675224,5,117.0,flag_for_review,pending
post_compositing_QC,qnd_compositing,2177.0,7835BG018944,qbasis,spatial_residual_exceeds_threshold,warning,464.9,503.447868852459,-38.54786885245903,5,122.0,flag_for_review,pending
geological,qnd_compositing,63.0,7835BG012904,qbasis,base_not_identified,warning,,,,,,legacy_excluded,pending
geological,qnd_compositing,104.0,7835BG011909,qbasis,base_not_identified,warning,,,,,,legacy_excluded,pending
geological,qnd_compositing,126.0,7835BG011910,qbasis,base_not_identified,warning,,,,,,legacy_excluded,pending
geological,qnd_compositing,144.0,7835BG011892,qbasis,base_not_identified,warning,,,,,,legacy_excluded,pending
geological,qnd_compositing,181.0,7835BG012024,qbasis,base_not_identified,warning,,,,,,legacy_excluded,pending
geological,qnd_compositing,355.0,7835BG009095,qbasis,base_not_identified,warning,,,,,,legacy_excluded,pending
geological,qnd_compositing,359.0,7835BG009264,qbasis,base_not_identified,warning,,,,,,legacy_excluded,pending
geological,qnd_compositing,398.0,7835BG008598,qbasis,base_not_identified,warning,,,,,,legacy_excluded,pending
geological,qnd_compositing,448.0,7835BG009105,qbasis,base_not_identified,warning,,,,,,legacy_excluded,pending
geological,qnd_compositing,449.0,7835BG009108,qbasis,base_not_identified,warning,,,,,,legacy_excluded,pending
geological,qnd_compositing,478.0,7835BG009230,qbasis,base_not_identified,warning,,,,,,legacy_excluded,pending
geological,qnd_compositing,489.0,7835BG009125,qbasis,base_not_identified,warning,,,,,,legacy_excluded,pending
geological,qnd_compositing,588.0,7835BG007780,qbasis,base_not_identified,warning,,,,,,legacy_excluded,pending
geological,qnd_compositing,612.0,7835BG017223,qbasis,base_not_identified,warning,,,,,,legacy_excluded,pending
geological,qnd_compositing,629.0,7835BG009094,qbasis,base_not_identified,warning,,,,,,legacy_excluded,pending
geological,qnd_compositing,699.0,7835BG007662,qbasis,base_not_identified,warning,,,,,,legacy_excluded,pending
geological,qnd_compositing,830.0,7835BG012906,qbasis,base_not_identified,warning,,,,,,legacy_excluded,pending
geological,qnd_compositing,844.0,7835BG017258,qbasis,base_not_identified,warning,,,,,,legacy_excluded,pending
geological,qnd_compositing,888.0,7835BG000656,qbasis,base_not_identified,warning,,,,,,legacy_excluded,pending
geological,qnd_compositing,975.0,7835BG000265,qbasis,base_not_identified,warning,,,,,,legacy_excluded,pending
geological,qnd_compositing,1000.0,7835BG005148,qbasis,base_not_identified,warning,,,,,,legacy_excluded,pending
geological,qnd_compositing,1013.0,7835BG000654,qbasis,base_not_identified,warning,,,,,,legacy_excluded,pending
geological,qnd_compositing,1014.0,7835BG000655,qbasis,base_not_identified,warning,,,,,,legacy_excluded,pending
geological,qnd_compositing,1031.0,7835BG007088,qbasis,base_not_identified,warning,,,,,,legacy_excluded,pending
geological,qnd_compositing,1033.0,7835BG007096,qbasis,base_not_identified,warning,,,,,,legacy_excluded,pending
geological,qnd_compositing,1034.0,7835BG007099,qbasis,base_not_identified,warning,,,,,,legacy_excluded,pending
geological,qnd_compositing,1035.0,7835BG007103,qbasis,base_not_identified,warning,,,,,,legacy_excluded,pending
geological,qnd_compositing,1054.0,7835BG003909,qbasis,base_not_identified,warning,,,,,,legacy_excluded,pending
geological,qnd_compositing,1079.0,7835BG002248,qbasis,base_not_identified,warning,,,,,,legacy_excluded,pending
geological,qnd_compositing,1082.0,7835BG007115,qbasis,base_not_identified,warning,,,,,,legacy_excluded,pending
geological,qnd_compositing,1123.0,7835BG004368,qbasis,base_not_identified,warning,,,,,,legacy_excluded,pending
geological,qnd_compositing,1168.0,7835BG003625,qbasis,base_not_identified,warning,,,,,,legacy_excluded,pending
geological,qnd_compositing,1171.0,7835BG005527,qbasis,base_not_identified,warning,,,,,,legacy_excluded,pending
geological,qnd_compositing,1184.0,7835BG000652,qbasis,base_not_identified,warning,,,,,,legacy_excluded,pending
geological,qnd_compositing,1186.0,7835BG000674,qbasis,base_not_identified,warning,,,,,,legacy_excluded,pending
geological,qnd_compositing,1211.0,7835BG001438,qbasis,base_not_identified,warning,,,,,,legacy_excluded,pending
geological,qnd_compositing,1221.0,7835BG000828,qbasis,base_not_identified,warning,,,,,,legacy_excluded,pending
geological,qnd_compositing,1239.0,7835BG000263,qbasis,base_not_identified,warning,,,,,,legacy_excluded,pending
geological,qnd_compositing,1273.0,7835BG000632,qbasis,base_not_identified,warning,,,,,,legacy_excluded,pending
geological,qnd_compositing,1384.0,7835BG003853,qbasis,base_not_identified,warning,,,,,,legacy_excluded,pending
geological,qnd_compositing,1516.0,7835BG005241,qbasis,base_not_identified,warning,,,,,,legacy_excluded,pending
geological,qnd_compositing,1542.0,7835BG005149,qbasis,base_not_identified,warning,,,,,,legacy_excluded,pending
geological,qnd_compositing,1543.0,7835BG005150,qbasis,base_not_identified,warning,,,,,,legacy_excluded,pending
geological,qnd_compositing,1584.0,7835BG005524,qbasis,base_not_identified,warning,,,,,,legacy_excluded,pending
geological,qnd_compositing,1586.0,7835BG005526,qbasis,base_not_identified,warning,,,,,,legacy_excluded,pending
geological,qnd_compositing,1613.0,7835BG005550,qbasis,base_not_identified,warning,,,,,,legacy_excluded,pending
geological,qnd_compositing,1734.0,7835BG006473,qbasis,base_not_identified,warning,,,,,,legacy_excluded,pending
geological,qnd_compositing,1893.0,7835BG007085,qbasis,base_not_identified,warning,,,,,,legacy_excluded,pending
geological,qnd_compositing,1894.0,7835BG007086,qbasis,base_not_identified,warning,,,,,,legacy_excluded,pending
geological,qnd_compositing,1896.0,7835BG007089,qbasis,base_not_identified,warning,,,,,,legacy_excluded,pending
geological,qnd_compositing,1897.0,7835BG007090,qbasis,base_not_identified,warning,,,,,,legacy_excluded,pending
geological,qnd_compositing,1898.0,7835BG007091,qbasis,base_not_identified,warning,,,,,,legacy_excluded,pending
geological,qnd_compositing,1899.0,7835BG007093,qbasis,base_not_identified,warning,,,,,,legacy_excluded,pending
geological,qnd_compositing,1901.0,7835BG007095,qbasis,base_not_identified,warning,,,,,,legacy_excluded,pending
geological,qnd_compositing,1902.0,7835BG007097,qbasis,base_not_identified,warning,,,,,,legacy_excluded,pending
geological,qnd_compositing,1905.0,7835BG007101,qbasis,base_not_identified,warning,,,,,,legacy_excluded,pending
geological,qnd_compositing,1906.0,7835BG007102,qbasis,base_not_identified,warning,,,,,,legacy_excluded,pending
geological,qnd_compositing,1908.0,7835BG007105,qbasis,base_not_identified,warning,,,,,,legacy_excluded,pending
geological,qnd_compositing,1915.0,7835BG007114,qbasis,base_not_identified,warning,,,,,,legacy_excluded,pending
geological,qnd_compositing,1916.0,7835BG007116,qbasis,base_not_identified,warning,,,,,,legacy_excluded,pending
geological,qnd_compositing,1917.0,7835BG007117,qbasis,base_not_identified,warning,,,,,,legacy_excluded,pending
geological,qnd_compositing,1939.0,7835BG015971,qbasis,base_not_identified,warning,,,,,,legacy_excluded,pending
geological,qnd_compositing,1940.0,7835BG015973,qbasis,base_not_identified,warning,,,,,,legacy_excluded,pending
geological,qnd_compositing,1942.0,7835BG015103,qbasis,base_not_identified,warning,,,,,,legacy_excluded,pending
geological,qnd_compositing,1944.0,7835BG015033,qbasis,base_not_identified,warning,,,,,,legacy_excluded,pending
geological,qnd_compositing,1945.0,7835BG015164,qbasis,base_not_identified,warning,,,,,,legacy_excluded,pending
geological,qnd_compositing,1946.0,7835BG015024,qbasis,base_not_identified,warning,,,,,,legacy_excluded,pending
geological,qnd_compositing,1947.0,7835BG015240,qbasis,base_not_identified,warning,,,,,,legacy_excluded,pending
geological,qnd_compositing,1948.0,7835BG015393,qbasis,base_not_identified,warning,,,,,,legacy_excluded,pending
geological,qnd_compositing,1950.0,7835BG015243,qbasis,base_not_identified,warning,,,,,,legacy_excluded,pending
geological,qnd_compositing,1951.0,7835BG015081,qbasis,base_not_identified,warning,,,,,,legacy_excluded,pending
geological,qnd_compositing,1952.0,7835BG015231,qbasis,base_not_identified,warning,,,,,,legacy_excluded,pending
geological,qnd_compositing,1955.0,7835BG015462,qbasis,base_not_identified,warning,,,,,,legacy_excluded,pending
geological,qnd_compositing,1961.0,7835BG015972,qbasis,base_not_identified,warning,,,,,,legacy_excluded,pending
geological,qnd_compositing,1962.0,7835BG015585,qbasis,base_not_identified,warning,,,,,,legacy_excluded,pending
geological,qnd_compositing,1964.0,7835BG015567,qbasis,base_not_identified,warning,,,,,,legacy_excluded,pending
geological,qnd_compositing,1965.0,7835BG015584,qbasis,base_not_identified,warning,,,,,,legacy_excluded,pending
geological,qnd_compositing,1967.0,7835BG015586,qbasis,base_not_identified,warning,,,,,,legacy_excluded,pending
geological,qnd_compositing,1971.0,7835BG015580,qbasis,base_not_identified,warning,,,,,,legacy_excluded,pending
geological,qnd_compositing,1974.0,7835BG015581,qbasis,base_not_identified,warning,,,,,,legacy_excluded,pending
geological,qnd_compositing,1976.0,7835BG015582,qbasis,base_not_identified,warning,,,,,,legacy_excluded,pending
geological,qnd_compositing,1978.0,7835BG015583,qbasis,base_not_identified,warning,,,,,,legacy_excluded,pending
geological,qnd_compositing,1979.0,7835BG015976,qbasis,base_not_identified,warning,,,,,,legacy_excluded,pending
geological,qnd_compositing,1981.0,7835BG017003,qbasis,base_not_identified,warning,,,,,,legacy_excluded,pending
geological,qnd_compositing,1984.0,7835BG015579,qbasis,base_not_identified,warning,,,,,,legacy_excluded,pending
geological,qnd_compositing,1986.0,7835BG016940,qbasis,base_not_identified,warning,,,,,,legacy_excluded,pending
geological,qnd_compositing,1988.0,7835BG015553,qbasis,base_not_identified,warning,,,,,,legacy_excluded,pending
geological,qnd_compositing,1989.0,7835BG015500,qbasis,base_not_identified,warning,,,,,,legacy_excluded,pending
geological,qnd_compositing,1991.0,7835BG015550,qbasis,base_not_identified,warning,,,,,,legacy_excluded,pending
geological,qnd_compositing,1992.0,7835BG015501,qbasis,base_not_identified,warning,,,,,,legacy_excluded,pending
geological,qnd_compositing,1993.0,7835BG015464,qbasis,base_not_identified,warning,,,,,,legacy_excluded,pending
geological,qnd_compositing,1996.0,7835BG016964,qbasis,base_not_identified,warning,,,,,,legacy_excluded,pending
geological,qnd_compositing,1997.0,7835BG015465,qbasis,base_not_identified,warning,,,,,,legacy_excluded,pending
geological,qnd_compositing,1998.0,7835BG015463,qbasis,base_not_identified,warning,,,,,,legacy_excluded,pending
geological,qnd_compositing,2000.0,7835BG016941,qbasis,base_not_identified,warning,,,,,,legacy_excluded,pending
geological,qnd_compositing,2002.0,7835BG015889,qbasis,base_not_identified,warning,,,,,,legacy_excluded,pending
geological,qnd_compositing,2003.0,7835BG016165,qbasis,base_not_identified,warning,,,,,,legacy_excluded,pending
geological,qnd_compositing,2004.0,7835BG015948,qbasis,base_not_identified,warning,,,,,,legacy_excluded,pending
geological,qnd_compositing,2006.0,7835BG015877,qbasis,base_not_identified,warning,,,,,,legacy_excluded,pending
geological,qnd_compositing,2008.0,7835BG016886,qbasis,base_not_identified,warning,,,,,,legacy_excluded,pending
geological,qnd_compositing,2009.0,7835BG015902,qbasis,base_not_identified,warning,,,,,,legacy_excluded,pending
geological,qnd_compositing,2010.0,7835BG015903,qbasis,base_not_identified,warning,,,,,,legacy_excluded,pending
geological,qnd_compositing,2011.0,7835BG015954,qbasis,base_not_identified,warning,,,,,,legacy_excluded,pending
geological,qnd_compositing,2013.0,7835BG015890,qbasis,base_not_identified,warning,,,,,,legacy_excluded,pending
geological,qnd_compositing,2014.0,7835BG016891,qbasis,base_not_identified,warning,,,,,,legacy_excluded,pending
geological,qnd_compositing,2015.0,7835BG015893,qbasis,base_not_identified,warning,,,,,,legacy_excluded,pending
geological,qnd_compositing,2016.0,7835BG015950,qbasis,base_not_identified,warning,,,,,,legacy_excluded,pending
geological,qnd_compositing,2017.0,7835BG015891,qbasis,base_not_identified,warning,,,,,,legacy_excluded,pending
geological,qnd_compositing,2019.0,7835BG015885,qbasis,base_not_identified,warning,,,,,,legacy_excluded,pending
geological,qnd_compositing,2020.0,7835BG016256,qbasis,base_not_identified,warning,,,,,,legacy_excluded,pending
geological,qnd_compositing,2021.0,7835BG016538,qbasis,base_not_identified,warning,,,,,,legacy_excluded,pending
geological,qnd_compositing,2022.0,7835BG016252,qbasis,base_not_identified,warning,,,,,,legacy_excluded,pending
geological,qnd_compositing,2023.0,7835BG015892,qbasis,base_not_identified,warning,,,,,,legacy_excluded,pending
geological,qnd_compositing,2025.0,7835BG016994,qbasis,base_not_identified,warning,,,,,,legacy_excluded,pending
geological,qnd_compositing,2026.0,7835BG016991,qbasis,base_not_identified,warning,,,,,,legacy_excluded,pending
geological,qnd_compositing,2027.0,7835BG015886,qbasis,base_not_identified,warning,,,,,,legacy_excluded,pending
geological,qnd_compositing,2028.0,7835BG015888,qbasis,base_not_identified,warning,,,,,,legacy_excluded,pending
geological,qnd_compositing,2029.0,7835BG015904,qbasis,base_not_identified,warning,,,,,,legacy_excluded,pending
geological,qnd_compositing,2030.0,7835BG015905,qbasis,base_not_identified,warning,,,,,,legacy_excluded,pending
geological,qnd_compositing,2031.0,7835BG015956,qbasis,base_not_identified,warning,,,,,,legacy_excluded,pending
geological,qnd_compositing,2032.0,7835BG015955,qbasis,base_not_identified,warning,,,,,,legacy_excluded,pending
geological,qnd_compositing,2033.0,7835BG016253,qbasis,base_not_identified,warning,,,,,,legacy_excluded,pending
geological,qnd_compositing,2034.0,7835BG016993,qbasis,base_not_identified,warning,,,,,,legacy_excluded,pending
geological,qnd_compositing,2036.0,7835BG015957,qbasis,base_not_identified,warning,,,,,,legacy_excluded,pending
geological,qnd_compositing,2037.0,7835BG016273,qbasis,base_not_identified,warning,,,,,,legacy_excluded,pending
geological,qnd_compositing,2038.0,7835BG015952,qbasis,base_not_identified,warning,,,,,,legacy_excluded,pending
geological,qnd_compositing,2039.0,7835BG016251,qbasis,base_not_identified,warning,,,,,,legacy_excluded,pending
geological,qnd_compositing,2041.0,7835BG015951,qbasis,base_not_identified,warning,,,,,,legacy_excluded,pending
geological,qnd_compositing,2042.0,7835BG015953,qbasis,base_not_identified,warning,,,,,,legacy_excluded,pending
geological,qnd_compositing,2043.0,7835BG016294,qbasis,base_not_identified,warning,,,,,,legacy_excluded,pending
geological,qnd_compositing,2044.0,7835BG016271,qbasis,base_not_identified,warning,,,,,,legacy_excluded,pending
geological,qnd_compositing,2045.0,7835BG016893,qbasis,base_not_identified,warning,,,,,,legacy_excluded,pending
geological,qnd_compositing,2046.0,7835BG015949,qbasis,base_not_identified,warning,,,,,,legacy_excluded,pending
geological,qnd_compositing,2047.0,7835BG016537,qbasis,base_not_identified,warning,,,,,,legacy_excluded,pending
geological,qnd_compositing,2048.0,7835BG016254,qbasis,base_not_identified,warning,,,,,,legacy_excluded,pending
geological,qnd_compositing,2049.0,7835BG015901,qbasis,base_not_identified,warning,,,,,,legacy_excluded,pending
geological,qnd_compositing,2050.0,7835BG016258,qbasis,base_not_identified,warning,,,,,,legacy_excluded,pending
geological,qnd_compositing,2051.0,7835BG016888,qbasis,base_not_identified,warning,,,,,,legacy_excluded,pending
geological,qnd_compositing,2053.0,7835BG016260,qbasis,base_not_identified,warning,,,,,,legacy_excluded,pending
geological,qnd_compositing,2054.0,7835BG016268,qbasis,base_not_identified,warning,,,,,,legacy_excluded,pending
geological,qnd_compositing,2056.0,7835BG016272,qbasis,base_not_identified,warning,,,,,,legacy_excluded,pending
geological,qnd_compositing,2057.0,7835BG016255,qbasis,base_not_identified,warning,,,,,,legacy_excluded,pending
geological,qnd_compositing,2058.0,7835BG016257,qbasis,base_not_identified,warning,,,,,,legacy_excluded,pending
geological,qnd_compositing,2060.0,7835BG016539,qbasis,base_not_identified,warning,,,,,,legacy_excluded,pending
geological,qnd_compositing,2062.0,7835BG016902,qbasis,base_not_identified,warning,,,,,,legacy_excluded,pending
geological,qnd_compositing,2064.0,7835BG016793,qbasis,base_not_identified,warning,,,,,,legacy_excluded,pending
geological,qnd_compositing,2065.0,7835BG016655,qbasis,base_not_identified,warning,,,,,,legacy_excluded,pending
geological,qnd_compositing,2066.0,7835BG017092,qbasis,base_not_identified,warning,,,,,,legacy_excluded,pending
geological,qnd_compositing,2067.0,7835BG017004,qbasis,base_not_identified,warning,,,,,,legacy_excluded,pending
geological,qnd_compositing,2068.0,7835BG016903,qbasis,base_not_identified,warning,,,,,,legacy_excluded,pending
geological,qnd_compositing,2069.0,7835BG017099,qbasis,base_not_identified,warning,,,,,,legacy_excluded,pending
geological,qnd_compositing,2070.0,7835BG016800,qbasis,base_not_identified,warning,,,,,,legacy_excluded,pending
geological,qnd_compositing,2072.0,7835BG017093,qbasis,base_not_identified,warning,,,,,,legacy_excluded,pending
geological,qnd_compositing,2073.0,7835BG016844,qbasis,base_not_identified,warning,,,,,,legacy_excluded,pending
geological,qnd_compositing,2075.0,7835BG017107,qbasis,base_not_identified,warning,,,,,,legacy_excluded,pending
geological,qnd_compositing,2079.0,7835BG017114,qbasis,base_not_identified,warning,,,,,,legacy_excluded,pending
geological,qnd_compositing,2081.0,7835BG017116,qbasis,base_not_identified,warning,,,,,,legacy_excluded,pending
geological,qnd_compositing,2082.0,7835BG016966,qbasis,base_not_identified,warning,,,,,,legacy_excluded,pending
geological,qnd_compositing,2085.0,7835BG017104,qbasis,base_not_identified,warning,,,,,,legacy_excluded,pending
geological,qnd_compositing,2087.0,7835BG017101,qbasis,base_not_identified,warning,,,,,,legacy_excluded,pending
geological,qnd_compositing,2089.0,7835BG017095,qbasis,base_not_identified,warning,,,,,,legacy_excluded,pending
geological,qnd_compositing,2090.0,7835BG017466,qbasis,base_not_identified,warning,,,,,,legacy_excluded,pending
geological,qnd_compositing,2092.0,7835BG017094,qbasis,base_not_identified,warning,,,,,,legacy_excluded,pending
geological,qnd_compositing,2096.0,7835BG017098,qbasis,base_not_identified,warning,,,,,,legacy_excluded,pending
geological,qnd_compositing,2097.0,7835BG017106,qbasis,base_not_identified,warning,,,,,,legacy_excluded,pending
geological,qnd_compositing,2098.0,7835BG017103,qbasis,base_not_identified,warning,,,,,,legacy_excluded,pending
geological,qnd_compositing,2100.0,7835BG017348,qbasis,base_not_identified,warning,,,,,,legacy_excluded,pending
geological,qnd_compositing,2101.0,7835BG017113,qbasis,base_not_identified,warning,,,,,,legacy_excluded,pending
geological,qnd_compositing,2103.0,7835BG017100,qbasis,base_not_identified,warning,,,,,,legacy_excluded,pending
geological,qnd_compositing,2104.0,7835BG015115,qbasis,base_not_identified,warning,,,,,,legacy_excluded,pending
geological,qnd_compositing,2107.0,7835BG017464,qbasis,base_not_identified,warning,,,,,,legacy_excluded,pending
geological,qnd_compositing,2114.0,7835BG017117,qbasis,base_not_identified,warning,,,,,,legacy_excluded,pending
geological,qnd_compositing,2115.0,7835BG017614,qbasis,base_not_identified,warning,,,,,,legacy_excluded,pending
geological,qnd_compositing,2116.0,7835BG017613,qbasis,base_not_identified,warning,,,,,,legacy_excluded,pending
geological,qnd_compositing,2117.0,7835BG017612,qbasis,base_not_identified,warning,,,,,,legacy_excluded,pending
geological,qnd_compositing,2119.0,7835BG017458,qbasis,base_not_identified,warning,,,,,,legacy_excluded,pending
geological,qnd_compositing,2120.0,7835BG017459,qbasis,base_not_identified,warning,,,,,,legacy_excluded,pending
geological,qnd_compositing,2123.0,7835BG017794,qbasis,base_not_identified,warning,,,,,,legacy_excluded,pending
geological,qnd_compositing,2126.0,7835BG017469,qbasis,base_not_identified,warning,,,,,,legacy_excluded,pending
geological,qnd_compositing,2128.0,7835BG017467,qbasis,base_not_identified,warning,,,,,,legacy_excluded,pending
geological,qnd_compositing,2130.0,7835BG017637,qbasis,base_not_identified,warning,,,,,,legacy_excluded,pending
geological,qnd_compositing,2133.0,7835BG017638,qbasis,base_not_identified,warning,,,,,,legacy_excluded,pending
geological,qnd_compositing,2138.0,7835BG017657,qbasis,base_not_identified,warning,,,,,,legacy_excluded,pending
geological,qnd_compositing,2139.0,7835BG017658,qbasis,base_not_identified,warning,,,,,,legacy_excluded,pending
geological,qnd_compositing,2143.0,7835BG017629,qbasis,base_not_identified,warning,,,,,,legacy_excluded,pending
geological,qnd_compositing,2144.0,7835BG017628,qbasis,base_not_identified,warning,,,,,,legacy_excluded,pending
geological,qnd_compositing,2145.0,7835BG017627,qbasis,base_not_identified,warning,,,,,,legacy_excluded,pending
geological,qnd_compositing,2147.0,7835BG017625,qbasis,base_not_identified,warning,,,,,,legacy_excluded,pending
geological,qnd_compositing,2148.0,7835BG017626,qbasis,base_not_identified,warning,,,,,,legacy_excluded,pending
geological,qnd_compositing,2150.0,7835BG017623,qbasis,base_not_identified,warning,,,,,,legacy_excluded,pending
geological,qnd_compositing,2151.0,7835BG017622,qbasis,base_not_identified,warning,,,,,,legacy_excluded,pending
geological,qnd_compositing,2152.0,7835BG017620,qbasis,base_not_identified,warning,,,,,,legacy_excluded,pending
geological,qnd_compositing,2153.0,7835BG017619,qbasis,base_not_identified,warning,,,,,,legacy_excluded,pending
geological,qnd_compositing,2154.0,7835BG017618,qbasis,base_not_identified,warning,,,,,,legacy_excluded,pending
geological,qnd_compositing,2155.0,7835BG017616,qbasis,base_not_identified,warning,,,,,,legacy_excluded,pending
geological,qnd_compositing,2156.0,7835BG017617,qbasis,base_not_identified,warning,,,,,,legacy_excluded,pending
geological,qnd_compositing,2165.0,7835BG015104,qbasis,base_not_identified,warning,,,,,,legacy_excluded,pending
geological,qnd_compositing,2174.0,7835BG018864,qbasis,base_not_identified,warning,,,,,,legacy_excluded,pending
modelling_preprocessing,detrend_2D,,7835BG015007,qbasis,outside_buffered_grid,warning,507.79999999999995,,,5,,legacy_excluded,pending
modelling_preprocessing,detrend_2D,,7835BG015006,qbasis,outside_buffered_grid,warning,507.0,,,5,,legacy_excluded,pending
modelling_preprocessing,detrend_2D,,7835BG015009,qbasis,outside_buffered_grid,warning,506.40000000000003,,,5,,legacy_excluded,pending
modelling_preprocessing,detrend_2D,,7835BG015008,qbasis,outside_buffered_grid,warning,506.99999999999994,,,5,,legacy_excluded,pending
modelling_preprocessing,detrend_2D,,7835BG013061,qbasis,outside_buffered_grid,warning,515.85,,,5,,legacy_excluded,pending
modelling_preprocessing,detrend_2D,,7835BG013071,qbasis,outside_buffered_grid,warning,515.4,,,5,,legacy_excluded,pending
modelling_preprocessing,detrend_2D,,7835BG013013,qbasis,outside_buffered_grid,warning,503.90000000000003,,,5,,legacy_excluded,pending
modelling_preprocessing,detrend_2D,,7835BG013014,qbasis,outside_buffered_grid,warning,507.2,,,5,,legacy_excluded,pending
modelling_preprocessing,detrend_2D,,7835BG013015,qbasis,outside_buffered_grid,warning,505.30000000000007,,,5,,legacy_excluded,pending
modelling_preprocessing,detrend_2D,,7835BG012875,qbasis,outside_buffered_grid,warning,510.1,,,5,,legacy_excluded,pending
modelling_preprocessing,detrend_2D,,7835BG012876,qbasis,outside_buffered_grid,warning,510.6,,,5,,legacy_excluded,pending
modelling_preprocessing,detrend_2D,,7835BG012877,qbasis,outside_buffered_grid,warning,510.49999999999994,,,5,,legacy_excluded,pending
modelling_preprocessing,detrend_2D,,7835BG013017,qbasis,outside_buffered_grid,warning,506.99999999999994,,,5,,legacy_excluded,pending
modelling_preprocessing,detrend_2D,,7835BG012909,qbasis,outside_buffered_grid,warning,509.45,,,5,,legacy_excluded,pending
modelling_preprocessing,detrend_2D,,7835BG012958,qbasis,outside_buffered_grid,warning,509.5,,,5,,legacy_excluded,pending
modelling_preprocessing,detrend_2D,,7835BG012921,qbasis,outside_buffered_grid,warning,507.7,,,5,,legacy_excluded,pending
modelling_preprocessing,detrend_2D,,7835BG012881,qbasis,outside_buffered_grid,warning,509.90000000000003,,,5,,legacy_excluded,pending
modelling_preprocessing,detrend_2D,,7835BG013128,qbasis,outside_buffered_grid,warning,508.9,,,5,,legacy_excluded,pending
modelling_preprocessing,detrend_2D,,7835BG012896,qbasis,outside_buffered_grid,warning,510.70000000000005,,,5,,legacy_excluded,pending
modelling_preprocessing,detrend_2D,,7835BG012897,qbasis,outside_buffered_grid,warning,511.2,,,5,,legacy_excluded,pending
modelling_preprocessing,detrend_2D,,7835BG012898,qbasis,outside_buffered_grid,warning,511.2,,,5,,legacy_excluded,pending
modelling_preprocessing,detrend_2D,,7835BG012899,qbasis,outside_buffered_grid,warning,507.9,,,5,,legacy_excluded,pending
modelling_preprocessing,detrend_2D,,7835BG012900,qbasis,outside_buffered_grid,warning,510.30000000000007,,,5,,legacy_excluded,pending
modelling_preprocessing,detrend_2D,,7835BG012904,qbasis,missing_base,warning,,,,5,,legacy_excluded,pending
modelling_preprocessing,detrend_2D,,7835BG013093,qbasis,outside_buffered_grid,warning,514.2,,,5,,legacy_excluded,pending
modelling_preprocessing,detrend_2D,,7835BG012907,qbasis,outside_buffered_grid,warning,508.90000000000003,,,5,,legacy_excluded,pending
modelling_preprocessing,detrend_2D,,7835BG012908,qbasis,outside_buffered_grid,warning,508.8,,,5,,legacy_excluded,pending
modelling_preprocessing,detrend_2D,,7835BG013360,qbasis,outside_buffered_grid,warning,510.04999999999995,,,5,,legacy_excluded,pending
modelling_preprocessing,detrend_2D,,7835BG011386,qbasis,outside_buffered_grid,warning,512.05,,,5,,legacy_excluded,pending
modelling_preprocessing,detrend_2D,,7835BG011986,qbasis,outside_buffered_grid,warning,509.50000000000006,,,5,,legacy_excluded,pending
modelling_preprocessing,detrend_2D,,7835BG011987,qbasis,outside_buffered_grid,warning,509.40000000000003,,,5,,legacy_excluded,pending
modelling_preprocessing,detrend_2D,,7835BG011974,qbasis,outside_buffered_grid,warning,512.5,,,5,,legacy_excluded,pending
modelling_preprocessing,detrend_2D,,7835BG011975,qbasis,outside_buffered_grid,warning,512.5,,,5,,legacy_excluded,pending
modelling_preprocessing,detrend_2D,,7835BG011976,qbasis,outside_buffered_grid,warning,512.5,,,5,,legacy_excluded,pending
modelling_preprocessing,detrend_2D,,7835BG011979,qbasis,outside_buffered_grid,warning,508.8,,,5,,legacy_excluded,pending
modelling_preprocessing,detrend_2D,,7835BG011980,qbasis,outside_buffered_grid,warning,509.15,,,5,,legacy_excluded,pending
modelling_preprocessing,detrend_2D,,7835BG012472,qbasis,outside_buffered_grid,warning,508.29999999999995,,,5,,legacy_excluded,pending
modelling_preprocessing,detrend_2D,,7835BG012473,qbasis,outside_buffered_grid,warning,507.9,,,5,,legacy_excluded,pending
modelling_preprocessing,detrend_2D,,7835BG011908,qbasis,outside_buffered_grid,warning,515.1,,,5,,legacy_excluded,pending
modelling_preprocessing,detrend_2D,,7835BG011909,qbasis,missing_base,warning,,,,5,,legacy_excluded,pending
modelling_preprocessing,detrend_2D,,7835BG011934,qbasis,legacy_residual_threshold,warning,505.99999999999994,511.51388761473567,-5.513887614735722,5,,legacy_excluded,pending
modelling_preprocessing,detrend_2D,,7835BG012476,qbasis,outside_buffered_grid,warning,507.55000000000007,,,5,,legacy_excluded,pending
modelling_preprocessing,detrend_2D,,7835BG012477,qbasis,outside_buffered_grid,warning,507.9,,,5,,legacy_excluded,pending
modelling_preprocessing,detrend_2D,,7835BG012007,qbasis,outside_buffered_grid,warning,510.5,,,5,,legacy_excluded,pending
modelling_preprocessing,detrend_2D,,7835BG012008,qbasis,outside_buffered_grid,warning,511.5,,,5,,legacy_excluded,pending
modelling_preprocessing,detrend_2D,,7835BG012009,qbasis,outside_buffered_grid,warning,511.5,,,5,,legacy_excluded,pending
modelling_preprocessing,detrend_2D,,7835BG012224,qbasis,outside_buffered_grid,warning,505.59999999999997,,,5,,legacy_excluded,pending
modelling_preprocessing,detrend_2D,,7835BG012225,qbasis,outside_buffered_grid,warning,504.90000000000003,,,5,,legacy_excluded,pending
modelling_preprocessing,detrend_2D,,7835BG011910,qbasis,missing_base,warning,,,,5,,legacy_excluded,pending
modelling_preprocessing,detrend_2D,,7835BG012197,qbasis,outside_buffered_grid,warning,495.09999999999997,,,5,,legacy_excluded,pending
modelling_preprocessing,detrend_2D,,7835BG012198,qbasis,outside_buffered_grid,warning,494.90000000000003,,,5,,legacy_excluded,pending
modelling_preprocessing,detrend_2D,,7835BG012226,qbasis,outside_buffered_grid,warning,507.0,,,5,,legacy_excluded,pending
modelling_preprocessing,detrend_2D,,7835BG012227,qbasis,outside_buffered_grid,warning,506.40000000000003,,,5,,legacy_excluded,pending
modelling_preprocessing,detrend_2D,,7835BG011989,qbasis,outside_buffered_grid,warning,514.7,,,5,,legacy_excluded,pending
modelling_preprocessing,detrend_2D,,7835BG011990,qbasis,outside_buffered_grid,warning,509.1,,,5,,legacy_excluded,pending
modelling_preprocessing,detrend_2D,,7835BG012202,qbasis,outside_buffered_grid,warning,498.3,,,5,,legacy_excluded,pending
modelling_preprocessing,detrend_2D,,7835BG012204,qbasis,outside_buffered_grid,warning,497.40000000000003,,,5,,legacy_excluded,pending
modelling_preprocessing,detrend_2D,,7835BG012205,qbasis,outside_buffered_grid,warning,496.65,,,5,,legacy_excluded,pending
modelling_preprocessing,detrend_2D,,7835BG011892,qbasis,missing_base,warning,,,,5,,legacy_excluded,pending
modelling_preprocessing,detrend_2D,,7835BG011945,qbasis,outside_buffered_grid,warning,510.5,,,5,,legacy_excluded,pending
modelling_preprocessing,detrend_2D,,7835BG011947,qbasis,outside_buffered_grid,warning,508.29999999999995,,,5,,legacy_excluded,pending
modelling_preprocessing,detrend_2D,,7835BG012020,qbasis,outside_buffered_grid,warning,507.00000000000006,,,5,,legacy_excluded,pending
modelling_preprocessing,detrend_2D,,7835BG012044,qbasis,outside_buffered_grid,warning,512.8000000000001,,,5,,legacy_excluded,pending
modelling_preprocessing,detrend_2D,,7835BG012022,qbasis,outside_buffered_grid,warning,507.4,,,5,,legacy_excluded,pending
modelling_preprocessing,detrend_2D,,7835BG012023,qbasis,outside_buffered_grid,warning,504.6,,,5,,legacy_excluded,pending
modelling_preprocessing,detrend_2D,,7835BG011950,qbasis,outside_buffered_grid,warning,510.7,,,5,,legacy_excluded,pending
modelling_preprocessing,detrend_2D,,7835BG012024,qbasis,missing_base,warning,,,,5,,legacy_excluded,pending
modelling_preprocessing,detrend_2D,,7835BG012025,qbasis,outside_buffered_grid,warning,506.90000000000003,,,5,,legacy_excluded,pending
modelling_preprocessing,detrend_2D,,7835BG012468,qbasis,outside_buffered_grid,warning,507.5,,,5,,legacy_excluded,pending
modelling_preprocessing,detrend_2D,,7835BG012469,qbasis,outside_buffered_grid,warning,507.59999999999997,,,5,,legacy_excluded,pending
modelling_preprocessing,detrend_2D,,7835BG012397,qbasis,outside_buffered_grid,warning,513.4000000000001,,,5,,legacy_excluded,pending
modelling_preprocessing,detrend_2D,,7835BG010387,qbasis,outside_buffered_grid,warning,512.2700000000001,,,5,,legacy_excluded,pending
modelling_preprocessing,detrend_2D,,7835BG012116,qbasis,outside_buffered_grid,warning,504.74999999999994,,,5,,legacy_excluded,pending
modelling_preprocessing,detrend_2D,,7835BG012117,qbasis,outside_buffered_grid,warning,506.65,,,5,,legacy_excluded,pending
modelling_preprocessing,detrend_2D,,7835BG012119,qbasis,outside_buffered_grid,warning,502.99999999999994,,,5,,legacy_excluded,pending
modelling_preprocessing,detrend_2D,,7835BG012120,qbasis,outside_buffered_grid,warning,505.29999999999995,,,5,,legacy_excluded,pending
modelling_preprocessing,detrend_2D,,7835BG012305,qbasis,legacy_residual_threshold,warning,518.0,511.7405711413713,6.2594288586287234,5,,legacy_excluded,pending
modelling_preprocessing,detrend_2D,,7835BG012309,qbasis,outside_buffered_grid,warning,515.6,,,5,,legacy_excluded,pending
modelling_preprocessing,detrend_2D,,7835BG012311,qbasis,outside_buffered_grid,warning,515.5,,,5,,legacy_excluded,pending
modelling_preprocessing,detrend_2D,,7835BG012312,qbasis,outside_buffered_grid,warning,515.4000000000001,,,5,,legacy_excluded,pending
modelling_preprocessing,detrend_2D,,7835BG012848,qbasis,outside_buffered_grid,warning,508.20000000000005,,,5,,legacy_excluded,pending
modelling_preprocessing,detrend_2D,,7835BG012313,qbasis,outside_buffered_grid,warning,514.9,,,5,,legacy_excluded,pending
modelling_preprocessing,detrend_2D,,7835BG012541,qbasis,outside_buffered_grid,warning,512.7,,,5,,legacy_excluded,pending
modelling_preprocessing,detrend_2D,,7835BG012542,qbasis,outside_buffered_grid,warning,511.8,,,5,,legacy_excluded,pending
modelling_preprocessing,detrend_2D,,7835BG012543,qbasis,outside_buffered_grid,warning,512.5,,,5,,legacy_excluded,pending
modelling_preprocessing,detrend_2D,,7835BG012544,qbasis,outside_buffered_grid,warning,512.1,,,5,,legacy_excluded,pending
modelling_preprocessing,detrend_2D,,7835BG012145,qbasis,outside_buffered_grid,warning,506.5,,,5,,legacy_excluded,pending
modelling_preprocessing,detrend_2D,,7835BG012147,qbasis,outside_buffered_grid,warning,504.2,,,5,,legacy_excluded,pending
modelling_preprocessing,detrend_2D,,7835BG012394,qbasis,outside_buffered_grid,warning,513.3000000000001,,,5,,legacy_excluded,pending
modelling_preprocessing,detrend_2D,,7835BG012441,qbasis,outside_buffered_grid,warning,507.0,,,5,,legacy_excluded,pending
modelling_preprocessing,detrend_2D,,7835BG012442,qbasis,outside_buffered_grid,warning,507.70000000000005,,,5,,legacy_excluded,pending
modelling_preprocessing,detrend_2D,,7835BG012443,qbasis,outside_buffered_grid,warning,506.9,,,5,,legacy_excluded,pending
modelling_preprocessing,detrend_2D,,7835BG012446,qbasis,outside_buffered_grid,warning,505.5,,,5,,legacy_excluded,pending
modelling_preprocessing,detrend_2D,,7835BG012869,qbasis,legacy_residual_threshold,warning,506.09999999999997,511.4700581825853,-5.370058182585353,5,,legacy_excluded,pending
modelling_preprocessing,detrend_2D,,7835BG012148,qbasis,outside_buffered_grid,warning,504.0,,,5,,legacy_excluded,pending
modelling_preprocessing,detrend_2D,,7835BG010401,qbasis,outside_buffered_grid,warning,511.46000000000004,,,5,,legacy_excluded,pending
modelling_preprocessing,detrend_2D,,7835BG010683,qbasis,outside_buffered_grid,warning,507.97,,,5,,legacy_excluded,pending
modelling_preprocessing,detrend_2D,,7835BG010684,qbasis,outside_buffered_grid,warning,507.5,,,5,,legacy_excluded,pending
modelling_preprocessing,detrend_2D,,7835BG011118,qbasis,outside_buffered_grid,warning,509.83000000000004,,,5,,legacy_excluded,pending
modelling_preprocessing,detrend_2D,,7835BG011123,qbasis,outside_buffered_grid,warning,509.7099999999999,,,5,,legacy_excluded,pending
modelling_preprocessing,detrend_2D,,7835BG011125,qbasis,outside_buffered_grid,warning,510.34999999999997,,,5,,legacy_excluded,pending
modelling_preprocessing,detrend_2D,,7835BG011127,qbasis,outside_buffered_grid,warning,509.44,,,5,,legacy_excluded,pending
modelling_preprocessing,detrend_2D,,7835BG010661,qbasis,outside_buffered_grid,warning,509.80000000000007,,,5,,legacy_excluded,pending
modelling_preprocessing,detrend_2D,,7835BG010664,qbasis,outside_buffered_grid,warning,510.26,,,5,,legacy_excluded,pending
modelling_preprocessing,detrend_2D,,7835BG010665,qbasis,outside_buffered_grid,warning,510.22,,,5,,legacy_excluded,pending
modelling_preprocessing,detrend_2D,,7835BG010671,qbasis,outside_buffered_grid,warning,508.03000000000003,,,5,,legacy_excluded,pending
modelling_preprocessing,detrend_2D,,7835BG010672,qbasis,outside_buffered_grid,warning,510.92999999999995,,,5,,legacy_excluded,pending
modelling_preprocessing,detrend_2D,,7835BG010676,qbasis,outside_buffered_grid,warning,506.57,,,5,,legacy_excluded,pending
modelling_preprocessing,detrend_2D,,7835BG010682,qbasis,outside_buffered_grid,warning,510.6,,,5,,legacy_excluded,pending
modelling_preprocessing,detrend_2D,,7835BG010989,qbasis,outside_buffered_grid,warning,510.94,,,5,,legacy_excluded,pending
modelling_preprocessing,detrend_2D,,7835BG009076,qbasis,outside_buffered_grid,warning,503.57000000000005,,,5,,legacy_excluded,pending
modelling_preprocessing,detrend_2D,,7835BG009253,qbasis,outside_buffered_grid,warning,512.09,,,5,,legacy_excluded,pending
modelling_preprocessing,detrend_2D,,7835BG009255,qbasis,outside_buffered_grid,warning,510.69000000000005,,,5,,legacy_excluded,pending
modelling_preprocessing,detrend_2D,,7835BG010957,qbasis,outside_buffered_grid,warning,510.44,,,5,,legacy_excluded,pending
modelling_preprocessing,detrend_2D,,7835BG010966,qbasis,outside_buffered_grid,warning,509.45,,,5,,legacy_excluded,pending
modelling_preprocessing,detrend_2D,,7835BG008621,qbasis,outside_buffered_grid,warning,511.45,,,5,,legacy_excluded,pending
modelling_preprocessing,detrend_2D,,7835BG009091,qbasis,outside_buffered_grid,warning,508.6,,,5,,legacy_excluded,pending
modelling_preprocessing,detrend_2D,,7835BG009095,qbasis,missing_base,warning,,,,5,,legacy_excluded,pending
modelling_preprocessing,detrend_2D,,7835BG009264,qbasis,missing_base,warning,,,,5,,legacy_excluded,pending
modelling_preprocessing,detrend_2D,,7835BG009265,qbasis,outside_buffered_grid,warning,508.87,,,5,,legacy_excluded,pending
modelling_preprocessing,detrend_2D,,7835BG011048,qbasis,outside_buffered_grid,warning,510.02,,,5,,legacy_excluded,pending
modelling_preprocessing,detrend_2D,,7835BG011109,qbasis,outside_buffered_grid,warning,508.71,,,5,,legacy_excluded,pending
modelling_preprocessing,detrend_2D,,7835BG009281,qbasis,legacy_residual_threshold,warning,503.15,508.7426642964139,-5.592664296413943,5,,legacy_excluded,pending
modelling_preprocessing,detrend_2D,,7835BG009283,qbasis,outside_buffered_grid,warning,505.31000000000006,,,5,,legacy_excluded,pending
modelling_preprocessing,detrend_2D,,7835BG011091,qbasis,outside_buffered_grid,warning,508.66,,,5,,legacy_excluded,pending
modelling_preprocessing,detrend_2D,,7835BG010983,qbasis,outside_buffered_grid,warning,507.71,,,5,,legacy_excluded,pending
modelling_preprocessing,detrend_2D,,7835BG011112,qbasis,outside_buffered_grid,warning,510.30000000000007,,,5,,legacy_excluded,pending
modelling_preprocessing,detrend_2D,,7835BG008587,qbasis,outside_buffered_grid,warning,508.42999999999995,,,5,,legacy_excluded,pending
modelling_preprocessing,detrend_2D,,7835BG008589,qbasis,outside_buffered_grid,warning,508.52,,,5,,legacy_excluded,pending
modelling_preprocessing,detrend_2D,,7835BG009242,qbasis,outside_buffered_grid,warning,508.87,,,5,,legacy_excluded,pending
modelling_preprocessing,detrend_2D,,7835BG008594,qbasis,outside_buffered_grid,warning,505.44000000000005,,,5,,legacy_excluded,pending
modelling_preprocessing,detrend_2D,,7835BG008596,qbasis,outside_buffered_grid,warning,503.03,,,5,,legacy_excluded,pending
modelling_preprocessing,detrend_2D,,7835BG008597,qbasis,outside_buffered_grid,warning,501.18,,,5,,legacy_excluded,pending
modelling_preprocessing,detrend_2D,,7835BG008598,qbasis,missing_base,warning,,,,5,,legacy_excluded,pending
modelling_preprocessing,detrend_2D,,7835BG008601,qbasis,outside_buffered_grid,warning,511.40999999999997,,,5,,legacy_excluded,pending
modelling_preprocessing,detrend_2D,,7835BG008602,qbasis,outside_buffered_grid,warning,509.79999999999995,,,5,,legacy_excluded,pending
modelling_preprocessing,detrend_2D,,7835BG011098,qbasis,outside_buffered_grid,warning,510.34000000000003,,,5,,legacy_excluded,pending
modelling_preprocessing,detrend_2D,,7835BG009614,qbasis,outside_buffered_grid,warning,510.97,,,5,,legacy_excluded,pending
modelling_preprocessing,detrend_2D,,7835BG008667,qbasis,outside_buffered_grid,warning,514.91,,,5,,legacy_excluded,pending
modelling_preprocessing,detrend_2D,,7835BG008738,qbasis,legacy_residual_threshold,warning,503.70000000000005,509.6235548710509,-5.92355487105084,5,,legacy_excluded,pending
modelling_preprocessing,detrend_2D,,7835BG009208,qbasis,outside_buffered_grid,warning,513.37,,,5,,legacy_excluded,pending
modelling_preprocessing,detrend_2D,,7835BG009209,qbasis,outside_buffered_grid,warning,513.1999999999999,,,5,,legacy_excluded,pending
modelling_preprocessing,detrend_2D,,7835BG009150,qbasis,outside_buffered_grid,warning,510.29,,,5,,legacy_excluded,pending
modelling_preprocessing,detrend_2D,,7835BG009465,qbasis,outside_buffered_grid,warning,510.39,,,5,,legacy_excluded,pending
modelling_preprocessing,detrend_2D,,7835BG008626,qbasis,outside_buffered_grid,warning,507.06999999999994,,,5,,legacy_excluded,pending
modelling_preprocessing,detrend_2D,,7835BG008627,qbasis,outside_buffered_grid,warning,511.35,,,5,,legacy_excluded,pending
modelling_preprocessing,detrend_2D,,7835BG008628,qbasis,outside_buffered_grid,warning,511.65,,,5,,legacy_excluded,pending
modelling_preprocessing,detrend_2D,,7835BG008630,qbasis,outside_buffered_grid,warning,512.2900000000001,,,5,,legacy_excluded,pending
modelling_preprocessing,detrend_2D,,7835BG009161,qbasis,outside_buffered_grid,warning,513.63,,,5,,legacy_excluded,pending
modelling_preprocessing,detrend_2D,,7835BG009218,qbasis,outside_buffered_grid,warning,505.84,,,5,,legacy_excluded,pending
modelling_preprocessing,detrend_2D,,7835BG009219,qbasis,outside_buffered_grid,warning,507.04,,,5,,legacy_excluded,pending
modelling_preprocessing,detrend_2D,,7835BG009220,qbasis,outside_buffered_grid,warning,506.83,,,5,,legacy_excluded,pending
modelling_preprocessing,detrend_2D,,7835BG009173,qbasis,outside_buffered_grid,warning,505.90000000000003,,,5,,legacy_excluded,pending
modelling_preprocessing,detrend_2D,,7835BG009105,qbasis,missing_base,warning,,,,5,,legacy_excluded,pending
modelling_preprocessing,detrend_2D,,7835BG009108,qbasis,missing_base,warning,,,,5,,legacy_excluded,pending
modelling_preprocessing,detrend_2D,,7835BG009110,qbasis,outside_buffered_grid,warning,509.93,,,5,,legacy_excluded,pending
modelling_preprocessing,detrend_2D,,7835BG008647,qbasis,outside_buffered_grid,warning,510.19000000000005,,,5,,legacy_excluded,pending
modelling_preprocessing,detrend_2D,,7835BG009174,qbasis,outside_buffered_grid,warning,506.97999999999996,,,5,,legacy_excluded,pending
modelling_preprocessing,detrend_2D,,7835BG009228,qbasis,outside_buffered_grid,warning,510.69,,,5,,legacy_excluded,pending
modelling_preprocessing,detrend_2D,,7835BG009230,qbasis,missing_base,warning,,,,5,,legacy_excluded,pending
modelling_preprocessing,detrend_2D,,7835BG009231,qbasis,outside_buffered_grid,warning,503.68999999999994,,,5,,legacy_excluded,pending
modelling_preprocessing,detrend_2D,,7835BG009232,qbasis,outside_buffered_grid,warning,508.39000000000004,,,5,,legacy_excluded,pending
modelling_preprocessing,detrend_2D,,7835BG009292,qbasis,outside_buffered_grid,warning,506.92999999999995,,,5,,legacy_excluded,pending
modelling_preprocessing,detrend_2D,,7835BG009121,qbasis,outside_buffered_grid,warning,511.35,,,5,,legacy_excluded,pending
modelling_preprocessing,detrend_2D,,7835BG009189,qbasis,outside_buffered_grid,warning,508.37,,,5,,legacy_excluded,pending
modelling_preprocessing,detrend_2D,,7835BG009190,qbasis,outside_buffered_grid,warning,507.70000000000005,,,5,,legacy_excluded,pending
modelling_preprocessing,detrend_2D,,7835BG009125,qbasis,missing_base,warning,,,,5,,legacy_excluded,pending
modelling_preprocessing,detrend_2D,,7835BG008649,qbasis,outside_buffered_grid,warning,514.7,,,5,,legacy_excluded,pending
modelling_preprocessing,detrend_2D,,7835BG008661,qbasis,outside_buffered_grid,warning,515.39,,,5,,legacy_excluded,pending
modelling_preprocessing,detrend_2D,,7835BG008664,qbasis,outside_buffered_grid,warning,513.84,,,5,,legacy_excluded,pending
modelling_preprocessing,detrend_2D,,7835BG009139,qbasis,outside_buffered_grid,warning,510.89000000000004,,,5,,legacy_excluded,pending
modelling_preprocessing,detrend_2D,,7835BG009788,qbasis,outside_buffered_grid,warning,513.5,,,5,,legacy_excluded,pending
modelling_preprocessing,detrend_2D,,7835BG009492,qbasis,outside_buffered_grid,warning,510.41,,,5,,legacy_excluded,pending
modelling_preprocessing,detrend_2D,,7835BG010134,qbasis,outside_buffered_grid,warning,510.61,,,5,,legacy_excluded,pending
modelling_preprocessing,detrend_2D,,7835BG009502,qbasis,outside_buffered_grid,warning,509.86,,,5,,legacy_excluded,pending
modelling_preprocessing,detrend_2D,,7835BG009470,qbasis,outside_buffered_grid,warning,509.45000000000005,,,5,,legacy_excluded,pending
modelling_preprocessing,detrend_2D,,7835BG009511,qbasis,outside_buffered_grid,warning,510.64000000000004,,,5,,legacy_excluded,pending
modelling_preprocessing,detrend_2D,,7835BG009513,qbasis,outside_buffered_grid,warning,516.01,,,5,,legacy_excluded,pending
modelling_preprocessing,detrend_2D,,7835BG009474,qbasis,outside_buffered_grid,warning,510.72999999999996,,,5,,legacy_excluded,pending
modelling_preprocessing,detrend_2D,,7835BG009517,qbasis,outside_buffered_grid,warning,509.07000000000005,,,5,,legacy_excluded,pending
modelling_preprocessing,detrend_2D,,7835BG009520,qbasis,outside_buffered_grid,warning,509.78000000000003,,,5,,legacy_excluded,pending
modelling_preprocessing,detrend_2D,,7835BG010117,qbasis,outside_buffered_grid,warning,509.85,,,5,,legacy_excluded,pending
modelling_preprocessing,detrend_2D,,7835BG010118,qbasis,outside_buffered_grid,warning,510.86,,,5,,legacy_excluded,pending
modelling_preprocessing,detrend_2D,,7835BG010119,qbasis,outside_buffered_grid,warning,510.4,,,5,,legacy_excluded,pending
modelling_preprocessing,detrend_2D,,7835BG009524,qbasis,outside_buffered_grid,warning,510.89,,,5,,legacy_excluded,pending
modelling_preprocessing,detrend_2D,,7835BG009484,qbasis,outside_buffered_grid,warning,509.23,,,5,,legacy_excluded,pending
modelling_preprocessing,detrend_2D,,7835BG009528,qbasis,outside_buffered_grid,warning,510.5,,,5,,legacy_excluded,pending
modelling_preprocessing,detrend_2D,,7835BG010121,qbasis,outside_buffered_grid,warning,511.10999999999996,,,5,,legacy_excluded,pending
modelling_preprocessing,detrend_2D,,7835BG010122,qbasis,outside_buffered_grid,warning,511.12999999999994,,,5,,legacy_excluded,pending
modelling_preprocessing,detrend_2D,,7835BG010123,qbasis,outside_buffered_grid,warning,510.96999999999997,,,5,,legacy_excluded,pending
modelling_preprocessing,detrend_2D,,7835BG010128,qbasis,outside_buffered_grid,warning,511.6,,,5,,legacy_excluded,pending
modelling_preprocessing,detrend_2D,,7835BG007750,qbasis,outside_buffered_grid,warning,505.83,,,5,,legacy_excluded,pending
modelling_preprocessing,detrend_2D,,7835BG007752,qbasis,outside_buffered_grid,warning,505.85999999999996,,,5,,legacy_excluded,pending
modelling_preprocessing,detrend_2D,,7835BG007753,qbasis,outside_buffered_grid,warning,508.1,,,5,,legacy_excluded,pending
modelling_preprocessing,detrend_2D,,7835BG010189,qbasis,outside_buffered_grid,warning,513.08,,,5,,legacy_excluded,pending
modelling_preprocessing,detrend_2D,,7835BG010190,qbasis,outside_buffered_grid,warning,514.0699999999999,,,5,,legacy_excluded,pending
modelling_preprocessing,detrend_2D,,7835BG010192,qbasis,outside_buffered_grid,warning,513.35,,,5,,legacy_excluded,pending
modelling_preprocessing,detrend_2D,,7835BG007780,qbasis,missing_base,warning,,,,5,,legacy_excluded,pending
modelling_preprocessing,detrend_2D,,7835BG007781,qbasis,outside_buffered_grid,warning,508.04999999999995,,,5,,legacy_excluded,pending
modelling_preprocessing,detrend_2D,,7835BG010193,qbasis,outside_buffered_grid,warning,512.9100000000001,,,5,,legacy_excluded,pending
modelling_preprocessing,detrend_2D,,7835BG010194,qbasis,outside_buffered_grid,warning,514.03,,,5,,legacy_excluded,pending
modelling_preprocessing,detrend_2D,,7835BG007782,qbasis,outside_buffered_grid,warning,508.69999999999993,,,5,,legacy_excluded,pending
modelling_preprocessing,detrend_2D,,7835BG010197,qbasis,outside_buffered_grid,warning,512.9200000000001,,,5,,legacy_excluded,pending
modelling_preprocessing,detrend_2D,,7835BG007849,qbasis,outside_buffered_grid,warning,515.08,,,5,,legacy_excluded,pending
modelling_preprocessing,detrend_2D,,7835BG017223,qbasis,missing_base,warning,,,,5,,legacy_excluded,pending
modelling_preprocessing,detrend_2D,,7835BG007778,qbasis,outside_buffered_grid,warning,511.37,,,5,,legacy_excluded,pending
modelling_preprocessing,detrend_2D,,7835BG007783,qbasis,outside_buffered_grid,warning,506.04,,,5,,legacy_excluded,pending
modelling_preprocessing,detrend_2D,,7835BG007858,qbasis,outside_buffered_grid,warning,511.65,,,5,,legacy_excluded,pending
modelling_preprocessing,detrend_2D,,7835BG007751,qbasis,outside_buffered_grid,warning,506.96000000000004,,,5,,legacy_excluded,pending
modelling_preprocessing,detrend_2D,,7835BG009092,qbasis,outside_buffered_grid,warning,511.12999999999994,,,5,,legacy_excluded,pending
modelling_preprocessing,detrend_2D,,7835BG009094,qbasis,missing_base,warning,,,,5,,legacy_excluded,pending
modelling_preprocessing,detrend_2D,,7835BG009745,qbasis,outside_buffered_grid,warning,509.33000000000004,,,5,,legacy_excluded,pending
modelling_preprocessing,detrend_2D,,7835BG008588,qbasis,outside_buffered_grid,warning,507.89,,,5,,legacy_excluded,pending
modelling_preprocessing,detrend_2D,,7835BG009759,qbasis,outside_buffered_grid,warning,510.03000000000003,,,5,,legacy_excluded,pending
modelling_preprocessing,detrend_2D,,7835BG009770,qbasis,outside_buffered_grid,warning,511.91999999999996,,,5,,legacy_excluded,pending
modelling_preprocessing,detrend_2D,,7835BG008592,qbasis,outside_buffered_grid,warning,503.78000000000003,,,5,,legacy_excluded,pending
modelling_preprocessing,detrend_2D,,7835BG009229,qbasis,outside_buffered_grid,warning,510.49,,,5,,legacy_excluded,pending
modelling_preprocessing,detrend_2D,,7835BG009233,qbasis,outside_buffered_grid,warning,508.28999999999996,,,5,,legacy_excluded,pending
modelling_preprocessing,detrend_2D,,7835BG009252,qbasis,outside_buffered_grid,warning,511.89000000000004,,,5,,legacy_excluded,pending
modelling_preprocessing,detrend_2D,,7835BG009256,qbasis,outside_buffered_grid,warning,511.44000000000005,,,5,,legacy_excluded,pending
modelling_preprocessing,detrend_2D,,7835BG010114,qbasis,outside_buffered_grid,warning,510.55000000000007,,,5,,legacy_excluded,pending
modelling_preprocessing,detrend_2D,,7835BG010666,qbasis,outside_buffered_grid,warning,511.03,,,5,,legacy_excluded,pending
modelling_preprocessing,detrend_2D,,7835BG010674,qbasis,outside_buffered_grid,warning,510.3,,,5,,legacy_excluded,pending
modelling_preprocessing,detrend_2D,,7835BG008595,qbasis,outside_buffered_grid,warning,503.12,,,5,,legacy_excluded,pending
modelling_preprocessing,detrend_2D,,7835BG008599,qbasis,outside_buffered_grid,warning,511.63,,,5,,legacy_excluded,pending
modelling_preprocessing,detrend_2D,,7835BG008603,qbasis,outside_buffered_grid,warning,511.15999999999997,,,5,,legacy_excluded,pending
modelling_preprocessing,detrend_2D,,7835BG008605,qbasis,outside_buffered_grid,warning,509.67,,,5,,legacy_excluded,pending
modelling_preprocessing,detrend_2D,,7835BG008606,qbasis,outside_buffered_grid,warning,511.71000000000004,,,5,,legacy_excluded,pending
modelling_preprocessing,detrend_2D,,7835BG008629,qbasis,outside_buffered_grid,warning,511.69,,,5,,legacy_excluded,pending
modelling_preprocessing,detrend_2D,,7835BG009290,qbasis,outside_buffered_grid,warning,508.83,,,5,,legacy_excluded,pending
modelling_preprocessing,detrend_2D,,7835BG009483,qbasis,outside_buffered_grid,warning,511.62999999999994,,,5,,legacy_excluded,pending
modelling_preprocessing,detrend_2D,,7835BG010124,qbasis,outside_buffered_grid,warning,511.41,,,5,,legacy_excluded,pending
modelling_preprocessing,detrend_2D,,7835BG007662,qbasis,missing_base,warning,,,,5,,legacy_excluded,pending
modelling_preprocessing,detrend_2D,,7835BG008666,qbasis,outside_buffered_grid,warning,515.3599999999999,,,5,,legacy_excluded,pending
modelling_preprocessing,detrend_2D,,7835BG009661,qbasis,outside_buffered_grid,warning,510.42999999999995,,,5,,legacy_excluded,pending
modelling_preprocessing,detrend_2D,,7835BG009681,qbasis,outside_buffered_grid,warning,511.01,,,5,,legacy_excluded,pending
modelling_preprocessing,detrend_2D,,7835BG009519,qbasis,outside_buffered_grid,warning,509.90999999999997,,,5,,legacy_excluded,pending
modelling_preprocessing,detrend_2D,,7835BG010191,qbasis,outside_buffered_grid,warning,513.97,,,5,,legacy_excluded,pending
modelling_preprocessing,detrend_2D,,7835BG010378,qbasis,outside_buffered_grid,warning,513.85,,,5,,legacy_excluded,pending
modelling_preprocessing,detrend_2D,,7835BG010379,qbasis,legacy_residual_threshold,warning,500.54,511.11306298907283,-10.57306298907281,5,,legacy_excluded,pending
modelling_preprocessing,detrend_2D,,7835BG010988,qbasis,outside_buffered_grid,warning,509.09,,,5,,legacy_excluded,pending
modelling_preprocessing,detrend_2D,,7835BG011003,qbasis,outside_buffered_grid,warning,508.99000000000007,,,5,,legacy_excluded,pending
modelling_preprocessing,detrend_2D,,7835BG012444,qbasis,outside_buffered_grid,warning,505.79999999999995,,,5,,legacy_excluded,pending
modelling_preprocessing,detrend_2D,,7835BG012470,qbasis,outside_buffered_grid,warning,508.20000000000005,,,5,,legacy_excluded,pending
modelling_preprocessing,detrend_2D,,7835BG012471,qbasis,outside_buffered_grid,warning,508.20000000000005,,,5,,legacy_excluded,pending
modelling_preprocessing,detrend_2D,,7835BG009122,qbasis,outside_buffered_grid,warning,511.85,,,5,,legacy_excluded,pending
modelling_preprocessing,detrend_2D,,7835BG009130,qbasis,legacy_residual_threshold,warning,504.6,510.7358351065143,-6.135835106514264,5,,legacy_excluded,pending
modelling_preprocessing,detrend_2D,,7835BG009138,qbasis,outside_buffered_grid,warning,510.39000000000004,,,5,,legacy_excluded,pending
modelling_preprocessing,detrend_2D,,7835BG009789,qbasis,outside_buffered_grid,warning,511.06999999999994,,,5,,legacy_excluded,pending
modelling_preprocessing,detrend_2D,,7835BG012304,qbasis,legacy_residual_threshold,warning,518.75,511.88522831062636,6.86477168937364,5,,legacy_excluded,pending
modelling_preprocessing,detrend_2D,,7835BG012310,qbasis,outside_buffered_grid,warning,515.5500000000001,,,5,,legacy_excluded,pending
modelling_preprocessing,detrend_2D,,7835BG011946,qbasis,outside_buffered_grid,warning,511.0,,,5,,legacy_excluded,pending
modelling_preprocessing,detrend_2D,,7835BG012328,qbasis,outside_buffered_grid,warning,509.79999999999995,,,5,,legacy_excluded,pending
modelling_preprocessing,detrend_2D,,7835BG013069,qbasis,outside_buffered_grid,warning,515.4,,,5,,legacy_excluded,pending
modelling_preprocessing,detrend_2D,,7835BG013070,qbasis,outside_buffered_grid,warning,515.5,,,5,,legacy_excluded,pending
modelling_preprocessing,detrend_2D,,7835BG011101,qbasis,outside_buffered_grid,warning,509.2,,,5,,legacy_excluded,pending
modelling_preprocessing,detrend_2D,,7835BG009149,qbasis,outside_buffered_grid,warning,509.39000000000004,,,5,,legacy_excluded,pending
modelling_preprocessing,detrend_2D,,7835BG009160,qbasis,outside_buffered_grid,warning,506.81,,,5,,legacy_excluded,pending
modelling_preprocessing,detrend_2D,,7835BG011119,qbasis,outside_buffered_grid,warning,509.1,,,5,,legacy_excluded,pending
modelling_preprocessing,detrend_2D,,7835BG011988,qbasis,outside_buffered_grid,warning,509.1,,,5,,legacy_excluded,pending
modelling_preprocessing,detrend_2D,,7835BG012010,qbasis,outside_buffered_grid,warning,511.0,,,5,,legacy_excluded,pending
modelling_preprocessing,detrend_2D,,7835BG012021,qbasis,outside_buffered_grid,warning,507.40000000000003,,,5,,legacy_excluded,pending
modelling_preprocessing,detrend_2D,,7835BG013129,qbasis,outside_buffered_grid,warning,508.40000000000003,,,5,,legacy_excluded,pending
modelling_preprocessing,detrend_2D,,7835BG012545,qbasis,outside_buffered_grid,warning,512.2,,,5,,legacy_excluded,pending
modelling_preprocessing,detrend_2D,,7835BG009210,qbasis,outside_buffered_grid,warning,514.1400000000001,,,5,,legacy_excluded,pending
modelling_preprocessing,detrend_2D,,7835BG009221,qbasis,outside_buffered_grid,warning,511.12,,,5,,legacy_excluded,pending
modelling_preprocessing,detrend_2D,,7835BG012043,qbasis,outside_buffered_grid,warning,513.6,,,5,,legacy_excluded,pending
modelling_preprocessing,detrend_2D,,7835BG012118,qbasis,outside_buffered_grid,warning,506.65000000000003,,,5,,legacy_excluded,pending
modelling_preprocessing,detrend_2D,,7835BG012146,qbasis,outside_buffered_grid,warning,507.9,,,5,,legacy_excluded,pending
modelling_preprocessing,detrend_2D,,7835BG012874,qbasis,outside_buffered_grid,warning,510.79999999999995,,,5,,legacy_excluded,pending
modelling_preprocessing,detrend_2D,,7835BG012195,qbasis,outside_buffered_grid,warning,495.45000000000005,,,5,,legacy_excluded,pending
modelling_preprocessing,detrend_2D,,7835BG012196,qbasis,outside_buffered_grid,warning,495.3,,,5,,legacy_excluded,pending
modelling_preprocessing,detrend_2D,,7835BG012901,qbasis,outside_buffered_grid,warning,509.20000000000005,,,5,,legacy_excluded,pending
modelling_preprocessing,detrend_2D,,7835BG012906,qbasis,missing_base,warning,,,,5,,legacy_excluded,pending
modelling_preprocessing,detrend_2D,,7835BG012923,qbasis,outside_buffered_grid,warning,506.40000000000003,,,5,,legacy_excluded,pending
modelling_preprocessing,detrend_2D,,7835BG011387,qbasis,outside_buffered_grid,warning,511.53,,,5,,legacy_excluded,pending
modelling_preprocessing,detrend_2D,,7835BG012223,qbasis,outside_buffered_grid,warning,507.29999999999995,,,5,,legacy_excluded,pending
modelling_preprocessing,detrend_2D,,7835BG017258,qbasis,missing_base,warning,,,,5,,legacy_excluded,pending
modelling_preprocessing,detrend_2D,,7835BG001714,qbasis,outside_buffered_grid,warning,508.7,,,5,,legacy_excluded,pending
modelling_preprocessing,detrend_2D,,7835BG000784,qbasis,outside_buffered_grid,warning,509.70000000000005,,,5,,legacy_excluded,pending
modelling_preprocessing,detrend_2D,,7835BG002083,qbasis,outside_buffered_grid,warning,510.40000000000003,,,5,,legacy_excluded,pending
modelling_preprocessing,detrend_2D,,7835BG002093,qbasis,outside_buffered_grid,warning,508.09999999999997,,,5,,legacy_excluded,pending
modelling_preprocessing,detrend_2D,,7835BG002929,qbasis,outside_buffered_grid,warning,509.00000000000006,,,5,,legacy_excluded,pending
modelling_preprocessing,detrend_2D,,7835BG002933,qbasis,outside_buffered_grid,warning,507.1,,,5,,legacy_excluded,pending
modelling_preprocessing,detrend_2D,,7835BG002934,qbasis,outside_buffered_grid,warning,505.0,,,5,,legacy_excluded,pending
modelling_preprocessing,detrend_2D,,7835BG002935,qbasis,outside_buffered_grid,warning,511.3,,,5,,legacy_excluded,pending
modelling_preprocessing,detrend_2D,,7835BG002936,qbasis,outside_buffered_grid,warning,510.8,,,5,,legacy_excluded,pending
modelling_preprocessing,detrend_2D,,7835BG002942,qbasis,outside_buffered_grid,warning,511.2,,,5,,legacy_excluded,pending
modelling_preprocessing,detrend_2D,,7835BG002970,qbasis,outside_buffered_grid,warning,512.0,,,5,,legacy_excluded,pending
modelling_preprocessing,detrend_2D,,7835BG002974,qbasis,outside_buffered_grid,warning,511.79999999999995,,,5,,legacy_excluded,pending
modelling_preprocessing,detrend_2D,,7835BG002978,qbasis,outside_buffered_grid,warning,511.79999999999995,,,5,,legacy_excluded,pending
modelling_preprocessing,detrend_2D,,7835BG000805,qbasis,outside_buffered_grid,warning,510.16999999999996,,,5,,legacy_excluded,pending
modelling_preprocessing,detrend_2D,,7835BG002835,qbasis,outside_buffered_grid,warning,512.25,,,5,,legacy_excluded,pending
modelling_preprocessing,detrend_2D,,7835BG000656,qbasis,missing_base,warning,,,,5,,legacy_excluded,pending
modelling_preprocessing,detrend_2D,,7835BG000941,qbasis,outside_buffered_grid,warning,512.95,,,5,,legacy_excluded,pending
modelling_preprocessing,detrend_2D,,7835BG004207,qbasis,outside_buffered_grid,warning,511.90000000000003,,,5,,legacy_excluded,pending
modelling_preprocessing,detrend_2D,,7835BG003912,qbasis,outside_buffered_grid,warning,506.4,,,5,,legacy_excluded,pending
modelling_preprocessing,detrend_2D,,7835BG003940,qbasis,outside_buffered_grid,warning,508.79999999999995,,,5,,legacy_excluded,pending
modelling_preprocessing,detrend_2D,,7835BG005323,qbasis,outside_buffered_grid,warning,513.3,,,5,,legacy_excluded,pending
modelling_preprocessing,detrend_2D,,7835BG005357,qbasis,outside_buffered_grid,warning,514.4000000000001,,,5,,legacy_excluded,pending
modelling_preprocessing,detrend_2D,,7835BG000218,qbasis,outside_buffered_grid,warning,511.9,,,5,,legacy_excluded,pending
modelling_preprocessing,detrend_2D,,7835BG003953,qbasis,outside_buffered_grid,warning,515.05,,,5,,legacy_excluded,pending
modelling_preprocessing,detrend_2D,,7835BG003970,qbasis,outside_buffered_grid,warning,506.09999999999997,,,5,,legacy_excluded,pending
modelling_preprocessing,detrend_2D,,7835BG003980,qbasis,outside_buffered_grid,warning,510.79999999999995,,,5,,legacy_excluded,pending
modelling_preprocessing,detrend_2D,,7835BG005359,qbasis,outside_buffered_grid,warning,512.6,,,5,,legacy_excluded,pending
modelling_preprocessing,detrend_2D,,7835BG005366,qbasis,outside_buffered_grid,warning,515.2,,,5,,legacy_excluded,pending
modelling_preprocessing,detrend_2D,,7835BG005370,qbasis,outside_buffered_grid,warning,513.8000000000001,,,5,,legacy_excluded,pending
modelling_preprocessing,detrend_2D,,7835BG005382,qbasis,outside_buffered_grid,warning,513.3,,,5,,legacy_excluded,pending
modelling_preprocessing,detrend_2D,,7835BG000219,qbasis,outside_buffered_grid,warning,511.5,,,5,,legacy_excluded,pending
modelling_preprocessing,detrend_2D,,7835BG000230,qbasis,outside_buffered_grid,warning,511.85,,,5,,legacy_excluded,pending
modelling_preprocessing,detrend_2D,,7835BG005091,qbasis,outside_buffered_grid,warning,511.40000000000003,,,5,,legacy_excluded,pending
modelling_preprocessing,detrend_2D,,7835BG005099,qbasis,outside_buffered_grid,warning,510.40000000000003,,,5,,legacy_excluded,pending
modelling_preprocessing,detrend_2D,,7835BG007177,qbasis,legacy_global_lower_cutoff,warning,489.29999999999995,512.2214076717082,-22.921407671708266,5,,legacy_excluded,pending
modelling_preprocessing,detrend_2D,,7835BG005385,qbasis,outside_buffered_grid,warning,513.8,,,5,,legacy_excluded,pending
modelling_preprocessing,detrend_2D,,7835BG005393,qbasis,outside_buffered_grid,warning,513.9000000000001,,,5,,legacy_excluded,pending
modelling_preprocessing,detrend_2D,,7835BG005397,qbasis,outside_buffered_grid,warning,510.49999999999994,,,5,,legacy_excluded,pending
modelling_preprocessing,detrend_2D,,7835BG004007,qbasis,outside_buffered_grid,warning,510.59999999999997,,,5,,legacy_excluded,pending
modelling_preprocessing,detrend_2D,,7835BG004018,qbasis,outside_buffered_grid,warning,515.55,,,5,,legacy_excluded,pending
modelling_preprocessing,detrend_2D,,7835BG000265,qbasis,missing_base,warning,,,,5,,legacy_excluded,pending
modelling_preprocessing,detrend_2D,,7835BG000288,qbasis,outside_buffered_grid,warning,506.1,,,5,,legacy_excluded,pending
modelling_preprocessing,detrend_2D,,7835BG000289,qbasis,outside_buffered_grid,warning,507.66,,,5,,legacy_excluded,pending
modelling_preprocessing,detrend_2D,,7835BG004027,qbasis,outside_buffered_grid,warning,517.05,,,5,,legacy_excluded,pending
modelling_preprocessing,detrend_2D,,7835BG004034,qbasis,outside_buffered_grid,warning,507.79999999999995,,,5,,legacy_excluded,pending
modelling_preprocessing,detrend_2D,,7835BG004038,qbasis,outside_buffered_grid,warning,510.7,,,5,,legacy_excluded,pending
modelling_preprocessing,detrend_2D,,7835BG004041,qbasis,outside_buffered_grid,warning,510.79999999999995,,,5,,legacy_excluded,pending
modelling_preprocessing,detrend_2D,,7835BG004044,qbasis,outside_buffered_grid,warning,510.65000000000003,,,5,,legacy_excluded,pending
modelling_preprocessing,detrend_2D,,7835BG004047,qbasis,outside_buffered_grid,warning,510.70000000000005,,,5,,legacy_excluded,pending
modelling_preprocessing,detrend_2D,,7835BG005103,qbasis,outside_buffered_grid,warning,511.19999999999993,,,5,,legacy_excluded,pending
modelling_preprocessing,detrend_2D,,7835BG000290,qbasis,outside_buffered_grid,warning,507.65000000000003,,,5,,legacy_excluded,pending
modelling_preprocessing,detrend_2D,,7835BG005148,qbasis,missing_base,warning,,,,5,,legacy_excluded,pending
modelling_preprocessing,detrend_2D,,7835BG002420,qbasis,outside_buffered_grid,warning,514.8,,,5,,legacy_excluded,pending
modelling_preprocessing,detrend_2D,,7835BG002170,qbasis,outside_buffered_grid,warning,514.7,,,5,,legacy_excluded,pending
modelling_preprocessing,detrend_2D,,7835BG002171,qbasis,outside_buffered_grid,warning,513.9,,,5,,legacy_excluded,pending
modelling_preprocessing,detrend_2D,,7835BG004083,qbasis,outside_buffered_grid,warning,511.69999999999993,,,5,,legacy_excluded,pending
modelling_preprocessing,detrend_2D,,7835BG000314,qbasis,outside_buffered_grid,warning,506.34999999999997,,,5,,legacy_excluded,pending
modelling_preprocessing,detrend_2D,,7835BG000620,qbasis,outside_buffered_grid,warning,507.85,,,5,,legacy_excluded,pending
modelling_preprocessing,detrend_2D,,7835BG000630,qbasis,outside_buffered_grid,warning,510.0,,,5,,legacy_excluded,pending
modelling_preprocessing,detrend_2D,,7835BG000654,qbasis,missing_base,warning,,,,5,,legacy_excluded,pending
modelling_preprocessing,detrend_2D,,7835BG000655,qbasis,missing_base,warning,,,,5,,legacy_excluded,pending
modelling_preprocessing,detrend_2D,,7835BG007065,qbasis,outside_buffered_grid,warning,510.00000000000006,,,5,,legacy_excluded,pending
modelling_preprocessing,detrend_2D,,7835BG007082,qbasis,outside_buffered_grid,warning,511.2,,,5,,legacy_excluded,pending
modelling_preprocessing,detrend_2D,,7835BG007088,qbasis,missing_base,warning,,,,5,,legacy_excluded,pending
modelling_preprocessing,detrend_2D,,7835BG007092,qbasis,legacy_residual_threshold,warning,493.2,510.70918544450865,-17.50918544450866,5,,legacy_excluded,pending
modelling_preprocessing,detrend_2D,,7835BG007096,qbasis,missing_base,warning,,,,5,,legacy_excluded,pending
modelling_preprocessing,detrend_2D,,7835BG007099,qbasis,missing_base,warning,,,,5,,legacy_excluded,pending
modelling_preprocessing,detrend_2D,,7835BG007103,qbasis,missing_base,warning,,,,5,,legacy_excluded,pending
modelling_preprocessing,detrend_2D,,7835BG003848,qbasis,outside_buffered_grid,warning,511.99999999999994,,,5,,legacy_excluded,pending
modelling_preprocessing,detrend_2D,,7835BG003851,qbasis,outside_buffered_grid,warning,505.9,,,5,,legacy_excluded,pending
modelling_preprocessing,detrend_2D,,7835BG004133,qbasis,outside_buffered_grid,warning,513.0,,,5,,legacy_excluded,pending
modelling_preprocessing,detrend_2D,,7835BG004152,qbasis,outside_buffered_grid,warning,507.09999999999997,,,5,,legacy_excluded,pending
modelling_preprocessing,detrend_2D,,7835BG003881,qbasis,outside_buffered_grid,warning,515.2,,,5,,legacy_excluded,pending
modelling_preprocessing,detrend_2D,,7835BG003909,qbasis,missing_base,warning,,,,5,,legacy_excluded,pending
modelling_preprocessing,detrend_2D,,7835BG004174,qbasis,outside_buffered_grid,warning,506.20000000000005,,,5,,legacy_excluded,pending
modelling_preprocessing,detrend_2D,,7835BG004178,qbasis,outside_buffered_grid,warning,505.40000000000003,,,5,,legacy_excluded,pending
modelling_preprocessing,detrend_2D,,7835BG004189,qbasis,outside_buffered_grid,warning,502.3,,,5,,legacy_excluded,pending
modelling_preprocessing,detrend_2D,,7835BG002248,qbasis,missing_base,warning,,,,5,,legacy_excluded,pending
modelling_preprocessing,detrend_2D,,7835BG007115,qbasis,missing_base,warning,,,,5,,legacy_excluded,pending
modelling_preprocessing,detrend_2D,,7835BG006558,qbasis,outside_buffered_grid,warning,510.59999999999997,,,5,,legacy_excluded,pending
modelling_preprocessing,detrend_2D,,7835BG006559,qbasis,outside_buffered_grid,warning,510.40000000000003,,,5,,legacy_excluded,pending
modelling_preprocessing,detrend_2D,,7835BG006560,qbasis,outside_buffered_grid,warning,511.0,,,5,,legacy_excluded,pending
modelling_preprocessing,detrend_2D,,7835BG006561,qbasis,outside_buffered_grid,warning,509.00000000000006,,,5,,legacy_excluded,pending
modelling_preprocessing,detrend_2D,,7835BG006564,qbasis,outside_buffered_grid,warning,510.2,,,5,,legacy_excluded,pending
modelling_preprocessing,detrend_2D,,7835BG006568,qbasis,outside_buffered_grid,warning,509.7,,,5,,legacy_excluded,pending
modelling_preprocessing,detrend_2D,,7835BG006571,qbasis,outside_buffered_grid,warning,509.9,,,5,,legacy_excluded,pending
modelling_preprocessing,detrend_2D,,7835BG006575,qbasis,outside_buffered_grid,warning,509.70000000000005,,,5,,legacy_excluded,pending
modelling_preprocessing,detrend_2D,,7835BG005441,qbasis,outside_buffered_grid,warning,513.8000000000001,,,5,,legacy_excluded,pending
modelling_preprocessing,detrend_2D,,7835BG005445,qbasis,outside_buffered_grid,warning,513.1999999999999,,,5,,legacy_excluded,pending
modelling_preprocessing,detrend_2D,,7835BG005449,qbasis,outside_buffered_grid,warning,512.9,,,5,,legacy_excluded,pending
modelling_preprocessing,detrend_2D,,7835BG006460,qbasis,outside_buffered_grid,warning,512.0999999999999,,,5,,legacy_excluded,pending
modelling_preprocessing,detrend_2D,,7835BG003524,qbasis,outside_buffered_grid,warning,506.79999999999995,,,5,,legacy_excluded,pending
modelling_preprocessing,detrend_2D,,7835BG003534,qbasis,outside_buffered_grid,warning,509.6,,,5,,legacy_excluded,pending
modelling_preprocessing,detrend_2D,,7835BG003537,qbasis,outside_buffered_grid,warning,510.79999999999995,,,5,,legacy_excluded,pending
modelling_preprocessing,detrend_2D,,7835BG003540,qbasis,outside_buffered_grid,warning,511.2,,,5,,legacy_excluded,pending
modelling_preprocessing,detrend_2D,,7835BG004349,qbasis,outside_buffered_grid,warning,511.29999999999995,,,5,,legacy_excluded,pending
modelling_preprocessing,detrend_2D,,7835BG004368,qbasis,missing_base,warning,,,,5,,legacy_excluded,pending
modelling_preprocessing,detrend_2D,,7835BG004390,qbasis,outside_buffered_grid,warning,511.1,,,5,,legacy_excluded,pending
modelling_preprocessing,detrend_2D,,7835BG006483,qbasis,outside_buffered_grid,warning,510.69999999999993,,,5,,legacy_excluded,pending
modelling_preprocessing,detrend_2D,,7835BG006486,qbasis,outside_buffered_grid,warning,510.0,,,5,,legacy_excluded,pending
modelling_preprocessing,detrend_2D,,7835BG006513,qbasis,outside_buffered_grid,warning,509.8,,,5,,legacy_excluded,pending
modelling_preprocessing,detrend_2D,,7835BG007013,qbasis,outside_buffered_grid,warning,509.70000000000005,,,5,,legacy_excluded,pending
modelling_preprocessing,detrend_2D,,7835BG006516,qbasis,outside_buffered_grid,warning,514.4,,,5,,legacy_excluded,pending
modelling_preprocessing,detrend_2D,,7835BG006520,qbasis,outside_buffered_grid,warning,510.59999999999997,,,5,,legacy_excluded,pending
modelling_preprocessing,detrend_2D,,7835BG006524,qbasis,outside_buffered_grid,warning,511.9,,,5,,legacy_excluded,pending
modelling_preprocessing,detrend_2D,,7835BG006528,qbasis,outside_buffered_grid,warning,509.95000000000005,,,5,,legacy_excluded,pending
modelling_preprocessing,detrend_2D,,7835BG006531,qbasis,outside_buffered_grid,warning,508.9,,,5,,legacy_excluded,pending
modelling_preprocessing,detrend_2D,,7835BG006535,qbasis,outside_buffered_grid,warning,509.50000000000006,,,5,,legacy_excluded,pending
modelling_preprocessing,detrend_2D,,7835BG003603,qbasis,outside_buffered_grid,warning,510.9,,,5,,legacy_excluded,pending
modelling_preprocessing,detrend_2D,,7835BG003625,qbasis,missing_base,warning,,,,5,,legacy_excluded,pending
modelling_preprocessing,detrend_2D,,7835BG005523,qbasis,outside_buffered_grid,warning,498.65,,,5,,legacy_excluded,pending
modelling_preprocessing,detrend_2D,,7835BG005527,qbasis,missing_base,warning,,,,5,,legacy_excluded,pending
modelling_preprocessing,detrend_2D,,7835BG007530,qbasis,outside_buffered_grid,warning,510.1,,,5,,legacy_excluded,pending
modelling_preprocessing,detrend_2D,,7835BG015004,qbasis,outside_buffered_grid,warning,506.8,,,5,,legacy_excluded,pending
modelling_preprocessing,detrend_2D,,7835BG000964,qbasis,outside_buffered_grid,warning,511.66999999999996,,,5,,legacy_excluded,pending
modelling_preprocessing,detrend_2D,,7835BG000651,qbasis,outside_buffered_grid,warning,511.5,,,5,,legacy_excluded,pending
modelling_preprocessing,detrend_2D,,7835BG000652,qbasis,missing_base,warning,,,,5,,legacy_excluded,pending
modelling_preprocessing,detrend_2D,,7835BG000674,qbasis,missing_base,warning,,,,5,,legacy_excluded,pending
modelling_preprocessing,detrend_2D,,7835BG000824,qbasis,outside_buffered_grid,warning,513.89,,,5,,legacy_excluded,pending
modelling_preprocessing,detrend_2D,,7835BG000220,qbasis,outside_buffered_grid,warning,512.9,,,5,,legacy_excluded,pending
modelling_preprocessing,detrend_2D,,7835BG000221,qbasis,outside_buffered_grid,warning,512.4,,,5,,legacy_excluded,pending
modelling_preprocessing,detrend_2D,,7835BG000222,qbasis,outside_buffered_grid,warning,512.95,,,5,,legacy_excluded,pending
modelling_preprocessing,detrend_2D,,7835BG000227,qbasis,outside_buffered_grid,warning,512.1,,,5,,legacy_excluded,pending
modelling_preprocessing,detrend_2D,,7835BG000228,qbasis,outside_buffered_grid,warning,511.52000000000004,,,5,,legacy_excluded,pending
modelling_preprocessing,detrend_2D,,7835BG000229,qbasis,outside_buffered_grid,warning,514.6,,,5,,legacy_excluded,pending
modelling_preprocessing,detrend_2D,,7835BG000231,qbasis,outside_buffered_grid,warning,511.1,,,5,,legacy_excluded,pending
modelling_preprocessing,detrend_2D,,7835BG001438,qbasis,missing_base,warning,,,,5,,legacy_excluded,pending
modelling_preprocessing,detrend_2D,,7835BG001446,qbasis,outside_buffered_grid,warning,511.77,,,5,,legacy_excluded,pending
modelling_preprocessing,detrend_2D,,7835BG000694,qbasis,outside_buffered_grid,warning,515.6400000000001,,,5,,legacy_excluded,pending
modelling_preprocessing,detrend_2D,,7835BG000695,qbasis,outside_buffered_grid,warning,515.13,,,5,,legacy_excluded,pending
modelling_preprocessing,detrend_2D,,7835BG000828,qbasis,missing_base,warning,,,,5,,legacy_excluded,pending
modelling_preprocessing,detrend_2D,,7835BG000833,qbasis,outside_buffered_grid,warning,511.03,,,5,,legacy_excluded,pending
modelling_preprocessing,detrend_2D,,7835BG001433,qbasis,legacy_residual_threshold,warning,515.9,510.729301125162,5.170698874837967,5,,legacy_excluded,pending
modelling_preprocessing,detrend_2D,,7835BG001092,qbasis,outside_buffered_grid,warning,505.73999999999995,,,5,,legacy_excluded,pending
modelling_preprocessing,detrend_2D,,7835BG000263,qbasis,missing_base,warning,,,,5,,legacy_excluded,pending
modelling_preprocessing,detrend_2D,,7835BG000719,qbasis,outside_buffered_grid,warning,511.70000000000005,,,5,,legacy_excluded,pending
modelling_preprocessing,detrend_2D,,7835BG000742,qbasis,outside_buffered_grid,warning,507.9200000000001,,,5,,legacy_excluded,pending
modelling_preprocessing,detrend_2D,,7835BG000888,qbasis,outside_buffered_grid,warning,510.53,,,5,,legacy_excluded,pending
modelling_preprocessing,detrend_2D,,7835BG000291,qbasis,outside_buffered_grid,warning,504.62,,,5,,legacy_excluded,pending
modelling_preprocessing,detrend_2D,,7835BG000615,qbasis,outside_buffered_grid,warning,514.6,,,5,,legacy_excluded,pending
modelling_preprocessing,detrend_2D,,7835BG000632,qbasis,missing_base,warning,,,,5,,legacy_excluded,pending
modelling_preprocessing,detrend_2D,,7835BG000908,qbasis,outside_buffered_grid,warning,510.64000000000004,,,5,,legacy_excluded,pending
modelling_preprocessing,detrend_2D,,7835BG001516,qbasis,legacy_global_lower_cutoff,warning,476.59999999999997,511.710298239433,-35.11029823943301,5,,legacy_excluded,pending
modelling_preprocessing,detrend_2D,,7835BG002092,qbasis,outside_buffered_grid,warning,507.20000000000005,,,5,,legacy_excluded,pending
modelling_preprocessing,detrend_2D,,7835BG001713,qbasis,outside_buffered_grid,warning,507.40000000000003,,,5,,legacy_excluded,pending
modelling_preprocessing,detrend_2D,,7835BG001715,qbasis,outside_buffered_grid,warning,507.6,,,5,,legacy_excluded,pending
modelling_preprocessing,detrend_2D,,7835BG001716,qbasis,outside_buffered_grid,warning,509.79999999999995,,,5,,legacy_excluded,pending
modelling_preprocessing,detrend_2D,,7835BG002834,qbasis,outside_buffered_grid,warning,512.06,,,5,,legacy_excluded,pending
modelling_preprocessing,detrend_2D,,7835BG002836,qbasis,outside_buffered_grid,warning,511.99,,,5,,legacy_excluded,pending
modelling_preprocessing,detrend_2D,,7835BG002084,qbasis,outside_buffered_grid,warning,511.1,,,5,,legacy_excluded,pending
modelling_preprocessing,detrend_2D,,7835BG002085,qbasis,outside_buffered_grid,warning,510.20000000000005,,,5,,legacy_excluded,pending
modelling_preprocessing,detrend_2D,,7835BG002087,qbasis,outside_buffered_grid,warning,509.79999999999995,,,5,,legacy_excluded,pending
modelling_preprocessing,detrend_2D,,7835BG003847,qbasis,outside_buffered_grid,warning,512.4,,,5,,legacy_excluded,pending
modelling_preprocessing,detrend_2D,,7835BG003849,qbasis,outside_buffered_grid,warning,507.3,,,5,,legacy_excluded,pending
modelling_preprocessing,detrend_2D,,7835BG003852,qbasis,outside_buffered_grid,warning,503.9,,,5,,legacy_excluded,pending
modelling_preprocessing,detrend_2D,,7835BG003979,qbasis,outside_buffered_grid,warning,514.15,,,5,,legacy_excluded,pending
modelling_preprocessing,detrend_2D,,7835BG003981,qbasis,outside_buffered_grid,warning,514.6999999999999,,,5,,legacy_excluded,pending
modelling_preprocessing,detrend_2D,,7835BG003626,qbasis,outside_buffered_grid,warning,506.2,,,5,,legacy_excluded,pending
modelling_preprocessing,detrend_2D,,7835BG003627,qbasis,outside_buffered_grid,warning,506.5,,,5,,legacy_excluded,pending
modelling_preprocessing,detrend_2D,,7835BG003007,qbasis,outside_buffered_grid,warning,513.9000000000001,,,5,,legacy_excluded,pending
modelling_preprocessing,detrend_2D,,7835BG003008,qbasis,outside_buffered_grid,warning,508.09999999999997,,,5,,legacy_excluded,pending
modelling_preprocessing,detrend_2D,,7835BG004149,qbasis,outside_buffered_grid,warning,507.65,,,5,,legacy_excluded,pending
modelling_preprocessing,detrend_2D,,7835BG004150,qbasis,outside_buffered_grid,warning,507.6,,,5,,legacy_excluded,pending
modelling_preprocessing,detrend_2D,,7835BG004151,qbasis,outside_buffered_grid,warning,508.3,,,5,,legacy_excluded,pending
modelling_preprocessing,detrend_2D,,7835BG003853,qbasis,missing_base,warning,,,,5,,legacy_excluded,pending
modelling_preprocessing,detrend_2D,,7835BG003857,qbasis,legacy_residual_threshold,warning,514.85,509.5776452173361,5.2723547826639106,5,,legacy_excluded,pending
modelling_preprocessing,detrend_2D,,7835BG003996,qbasis,outside_buffered_grid,warning,507.7,,,5,,legacy_excluded,pending
modelling_preprocessing,detrend_2D,,7835BG004005,qbasis,outside_buffered_grid,warning,512.9499999999999,,,5,,legacy_excluded,pending
modelling_preprocessing,detrend_2D,,7835BG004006,qbasis,outside_buffered_grid,warning,512.6,,,5,,legacy_excluded,pending
modelling_preprocessing,detrend_2D,,7835BG004248,qbasis,outside_buffered_grid,warning,509.0,,,5,,legacy_excluded,pending
modelling_preprocessing,detrend_2D,,7835BG003879,qbasis,outside_buffered_grid,warning,507.45000000000005,,,5,,legacy_excluded,pending
modelling_preprocessing,detrend_2D,,7835BG003880,qbasis,outside_buffered_grid,warning,515.5999999999999,,,5,,legacy_excluded,pending
modelling_preprocessing,detrend_2D,,7835BG004016,qbasis,outside_buffered_grid,warning,514.15,,,5,,legacy_excluded,pending
modelling_preprocessing,detrend_2D,,7835BG004017,qbasis,outside_buffered_grid,warning,508.04999999999995,,,5,,legacy_excluded,pending
modelling_preprocessing,detrend_2D,,7835BG004026,qbasis,outside_buffered_grid,warning,514.25,,,5,,legacy_excluded,pending
modelling_preprocessing,detrend_2D,,7835BG002926,qbasis,outside_buffered_grid,warning,507.3,,,5,,legacy_excluded,pending
modelling_preprocessing,detrend_2D,,7835BG002928,qbasis,outside_buffered_grid,warning,509.3,,,5,,legacy_excluded,pending
modelling_preprocessing,detrend_2D,,7835BG002930,qbasis,outside_buffered_grid,warning,508.1,,,5,,legacy_excluded,pending
modelling_preprocessing,detrend_2D,,7835BG002931,qbasis,outside_buffered_grid,warning,508.9,,,5,,legacy_excluded,pending
modelling_preprocessing,detrend_2D,,7835BG002932,qbasis,outside_buffered_grid,warning,506.20000000000005,,,5,,legacy_excluded,pending
modelling_preprocessing,detrend_2D,,7835BG002937,qbasis,outside_buffered_grid,warning,510.2,,,5,,legacy_excluded,pending
modelling_preprocessing,detrend_2D,,7835BG002941,qbasis,outside_buffered_grid,warning,504.59999999999997,,,5,,legacy_excluded,pending
modelling_preprocessing,detrend_2D,,7835BG003526,qbasis,outside_buffered_grid,warning,510.0,,,5,,legacy_excluded,pending
modelling_preprocessing,detrend_2D,,7835BG003528,qbasis,outside_buffered_grid,warning,512.1,,,5,,legacy_excluded,pending
modelling_preprocessing,detrend_2D,,7835BG004033,qbasis,outside_buffered_grid,warning,514.15,,,5,,legacy_excluded,pending
modelling_preprocessing,detrend_2D,,7835BG004050,qbasis,outside_buffered_grid,warning,507.5,,,5,,legacy_excluded,pending
modelling_preprocessing,detrend_2D,,7835BG003911,qbasis,outside_buffered_grid,warning,503.99999999999994,,,5,,legacy_excluded,pending
modelling_preprocessing,detrend_2D,,7835BG003913,qbasis,outside_buffered_grid,warning,507.77,,,5,,legacy_excluded,pending
modelling_preprocessing,detrend_2D,,7835BG004320,qbasis,outside_buffered_grid,warning,510.29999999999995,,,5,,legacy_excluded,pending
modelling_preprocessing,detrend_2D,,7835BG004321,qbasis,outside_buffered_grid,warning,500.99999999999994,,,5,,legacy_excluded,pending
modelling_preprocessing,detrend_2D,,7835BG004323,qbasis,legacy_residual_threshold,warning,491.09999999999997,510.5994325086411,-19.49943250864112,5,,legacy_excluded,pending
modelling_preprocessing,detrend_2D,,7835BG002943,qbasis,outside_buffered_grid,warning,510.79999999999995,,,5,,legacy_excluded,pending
modelling_preprocessing,detrend_2D,,7835BG002944,qbasis,outside_buffered_grid,warning,511.29999999999995,,,5,,legacy_excluded,pending
modelling_preprocessing,detrend_2D,,7835BG002945,qbasis,outside_buffered_grid,warning,511.6,,,5,,legacy_excluded,pending
modelling_preprocessing,detrend_2D,,7835BG004328,qbasis,outside_buffered_grid,warning,514.4,,,5,,legacy_excluded,pending
modelling_preprocessing,detrend_2D,,7835BG003536,qbasis,outside_buffered_grid,warning,510.5,,,5,,legacy_excluded,pending
modelling_preprocessing,detrend_2D,,7835BG003539,qbasis,outside_buffered_grid,warning,511.4,,,5,,legacy_excluded,pending
modelling_preprocessing,detrend_2D,,7835BG004082,qbasis,outside_buffered_grid,warning,512.0999999999999,,,5,,legacy_excluded,pending
modelling_preprocessing,detrend_2D,,7835BG004084,qbasis,outside_buffered_grid,warning,510.55000000000007,,,5,,legacy_excluded,pending
modelling_preprocessing,detrend_2D,,7835BG003941,qbasis,outside_buffered_grid,warning,512.0500000000001,,,5,,legacy_excluded,pending
modelling_preprocessing,detrend_2D,,7835BG003954,qbasis,outside_buffered_grid,warning,509.00000000000006,,,5,,legacy_excluded,pending
modelling_preprocessing,detrend_2D,,7835BG003955,qbasis,outside_buffered_grid,warning,513.3,,,5,,legacy_excluded,pending
modelling_preprocessing,detrend_2D,,7835BG004096,qbasis,outside_buffered_grid,warning,509.0,,,5,,legacy_excluded,pending
modelling_preprocessing,detrend_2D,,7835BG004097,qbasis,outside_buffered_grid,warning,510.7,,,5,,legacy_excluded,pending
modelling_preprocessing,detrend_2D,,7835BG004344,qbasis,outside_buffered_grid,warning,513.5,,,5,,legacy_excluded,pending
modelling_preprocessing,detrend_2D,,7835BG004347,qbasis,outside_buffered_grid,warning,509.0,,,5,,legacy_excluded,pending
modelling_preprocessing,detrend_2D,,7835BG002968,qbasis,outside_buffered_grid,warning,511.90000000000003,,,5,,legacy_excluded,pending
modelling_preprocessing,detrend_2D,,7835BG002969,qbasis,outside_buffered_grid,warning,511.19999999999993,,,5,,legacy_excluded,pending
modelling_preprocessing,detrend_2D,,7835BG002977,qbasis,outside_buffered_grid,warning,511.79999999999995,,,5,,legacy_excluded,pending
modelling_preprocessing,detrend_2D,,7835BG002979,qbasis,outside_buffered_grid,warning,512.3,,,5,,legacy_excluded,pending
modelling_preprocessing,detrend_2D,,7835BG002983,qbasis,outside_buffered_grid,warning,512.2,,,5,,legacy_excluded,pending
modelling_preprocessing,detrend_2D,,7835BG003968,qbasis,outside_buffered_grid,warning,513.05,,,5,,legacy_excluded,pending
modelling_preprocessing,detrend_2D,,7835BG003969,qbasis,outside_buffered_grid,warning,507.99999999999994,,,5,,legacy_excluded,pending
modelling_preprocessing,detrend_2D,,7835BG005241,qbasis,missing_base,warning,,,,5,,legacy_excluded,pending
modelling_preprocessing,detrend_2D,,7835BG005246,qbasis,legacy_residual_threshold,warning,500.6,511.3487678182,-10.748767818199951,5,,legacy_excluded,pending
modelling_preprocessing,detrend_2D,,7835BG005361,qbasis,outside_buffered_grid,warning,514.5,,,5,,legacy_excluded,pending
modelling_preprocessing,detrend_2D,,7835BG005363,qbasis,outside_buffered_grid,warning,514.8,,,5,,legacy_excluded,pending
modelling_preprocessing,detrend_2D,,7835BG005367,qbasis,outside_buffered_grid,warning,513.5,,,5,,legacy_excluded,pending
modelling_preprocessing,detrend_2D,,7835BG005368,qbasis,outside_buffered_grid,warning,513.6,,,5,,legacy_excluded,pending
modelling_preprocessing,detrend_2D,,7835BG005369,qbasis,outside_buffered_grid,warning,514.0,,,5,,legacy_excluded,pending
modelling_preprocessing,detrend_2D,,7835BG005371,qbasis,outside_buffered_grid,warning,514.1,,,5,,legacy_excluded,pending
modelling_preprocessing,detrend_2D,,7835BG005373,qbasis,outside_buffered_grid,warning,514.3000000000001,,,5,,legacy_excluded,pending
modelling_preprocessing,detrend_2D,,7835BG005375,qbasis,outside_buffered_grid,warning,514.3000000000001,,,5,,legacy_excluded,pending
modelling_preprocessing,detrend_2D,,7835BG005146,qbasis,legacy_residual_threshold,warning,517.1,511.92239164646804,5.17760835353198,5,,legacy_excluded,pending
modelling_preprocessing,detrend_2D,,7835BG005149,qbasis,missing_base,warning,,,,5,,legacy_excluded,pending
modelling_preprocessing,detrend_2D,,7835BG005150,qbasis,missing_base,warning,,,,5,,legacy_excluded,pending
modelling_preprocessing,detrend_2D,,7835BG005377,qbasis,outside_buffered_grid,warning,512.9000000000001,,,5,,legacy_excluded,pending
modelling_preprocessing,detrend_2D,,7835BG005379,qbasis,outside_buffered_grid,warning,512.6,,,5,,legacy_excluded,pending
modelling_preprocessing,detrend_2D,,7835BG005383,qbasis,outside_buffered_grid,warning,513.5,,,5,,legacy_excluded,pending
modelling_preprocessing,detrend_2D,,7835BG005387,qbasis,outside_buffered_grid,warning,513.6,,,5,,legacy_excluded,pending
modelling_preprocessing,detrend_2D,,7835BG005388,qbasis,outside_buffered_grid,warning,514.4,,,5,,legacy_excluded,pending
modelling_preprocessing,detrend_2D,,7835BG005390,qbasis,outside_buffered_grid,warning,514.5,,,5,,legacy_excluded,pending
modelling_preprocessing,detrend_2D,,7835BG005395,qbasis,outside_buffered_grid,warning,512.4000000000001,,,5,,legacy_excluded,pending
modelling_preprocessing,detrend_2D,,7835BG005399,qbasis,outside_buffered_grid,warning,513.6,,,5,,legacy_excluded,pending
modelling_preprocessing,detrend_2D,,7835BG005403,qbasis,outside_buffered_grid,warning,514.0,,,5,,legacy_excluded,pending
modelling_preprocessing,detrend_2D,,7835BG005507,qbasis,outside_buffered_grid,warning,513.5,,,5,,legacy_excluded,pending
modelling_preprocessing,detrend_2D,,7835BG005510,qbasis,outside_buffered_grid,warning,515.5,,,5,,legacy_excluded,pending
modelling_preprocessing,detrend_2D,,7835BG005511,qbasis,outside_buffered_grid,warning,513.8,,,5,,legacy_excluded,pending
modelling_preprocessing,detrend_2D,,7835BG005522,qbasis,outside_buffered_grid,warning,511.2,,,5,,legacy_excluded,pending
modelling_preprocessing,detrend_2D,,7835BG005524,qbasis,missing_base,warning,,,,5,,legacy_excluded,pending
modelling_preprocessing,detrend_2D,,7835BG005525,qbasis,outside_buffered_grid,warning,499.45,,,5,,legacy_excluded,pending
modelling_preprocessing,detrend_2D,,7835BG005526,qbasis,missing_base,warning,,,,5,,legacy_excluded,pending
modelling_preprocessing,detrend_2D,,7835BG004175,qbasis,outside_buffered_grid,warning,501.40000000000003,,,5,,legacy_excluded,pending
modelling_preprocessing,detrend_2D,,7835BG004176,qbasis,outside_buffered_grid,warning,508.00000000000006,,,5,,legacy_excluded,pending
modelling_preprocessing,detrend_2D,,7835BG004177,qbasis,outside_buffered_grid,warning,507.20000000000005,,,5,,legacy_excluded,pending
modelling_preprocessing,detrend_2D,,7835BG004190,qbasis,outside_buffered_grid,warning,507.6,,,5,,legacy_excluded,pending
modelling_preprocessing,detrend_2D,,7835BG004191,qbasis,outside_buffered_grid,warning,508.7,,,5,,legacy_excluded,pending
modelling_preprocessing,detrend_2D,,7835BG005295,qbasis,outside_buffered_grid,warning,511.09999999999997,,,5,,legacy_excluded,pending
modelling_preprocessing,detrend_2D,,7835BG005304,qbasis,outside_buffered_grid,warning,513.8000000000001,,,5,,legacy_excluded,pending
modelling_preprocessing,detrend_2D,,7835BG005310,qbasis,outside_buffered_grid,warning,515.2,,,5,,legacy_excluded,pending
modelling_preprocessing,detrend_2D,,7835BG005550,qbasis,missing_base,warning,,,,5,,legacy_excluded,pending
modelling_preprocessing,detrend_2D,,7835BG005554,qbasis,outside_buffered_grid,warning,510.5,,,5,,legacy_excluded,pending
modelling_preprocessing,detrend_2D,,7835BG005555,qbasis,outside_buffered_grid,warning,510.0,,,5,,legacy_excluded,pending
modelling_preprocessing,detrend_2D,,7835BG005313,qbasis,outside_buffered_grid,warning,514.2,,,5,,legacy_excluded,pending
modelling_preprocessing,detrend_2D,,7835BG004205,qbasis,outside_buffered_grid,warning,512.4,,,5,,legacy_excluded,pending
modelling_preprocessing,detrend_2D,,7835BG004206,qbasis,outside_buffered_grid,warning,512.3,,,5,,legacy_excluded,pending
modelling_preprocessing,detrend_2D,,7835BG004208,qbasis,legacy_residual_threshold,warning,507.4,512.4551058654755,-5.055105865475525,5,,legacy_excluded,pending
modelling_preprocessing,detrend_2D,,7835BG004213,qbasis,outside_buffered_grid,warning,509.69999999999993,,,5,,legacy_excluded,pending
modelling_preprocessing,detrend_2D,,7835BG004214,qbasis,outside_buffered_grid,warning,509.90000000000003,,,5,,legacy_excluded,pending
modelling_preprocessing,detrend_2D,,7835BG005086,qbasis,outside_buffered_grid,warning,510.1,,,5,,legacy_excluded,pending
modelling_preprocessing,detrend_2D,,7835BG005087,qbasis,outside_buffered_grid,warning,510.8,,,5,,legacy_excluded,pending
modelling_preprocessing,detrend_2D,,7835BG005089,qbasis,outside_buffered_grid,warning,510.0,,,5,,legacy_excluded,pending
modelling_preprocessing,detrend_2D,,7835BG005090,qbasis,outside_buffered_grid,warning,509.0,,,5,,legacy_excluded,pending
modelling_preprocessing,detrend_2D,,7835BG005092,qbasis,outside_buffered_grid,warning,509.6,,,5,,legacy_excluded,pending
modelling_preprocessing,detrend_2D,,7835BG005093,qbasis,outside_buffered_grid,warning,510.85,,,5,,legacy_excluded,pending
modelling_preprocessing,detrend_2D,,7835BG005094,qbasis,outside_buffered_grid,warning,511.0,,,5,,legacy_excluded,pending
modelling_preprocessing,detrend_2D,,7835BG005096,qbasis,outside_buffered_grid,warning,510.29999999999995,,,5,,legacy_excluded,pending
modelling_preprocessing,detrend_2D,,7835BG005097,qbasis,outside_buffered_grid,warning,511.3,,,5,,legacy_excluded,pending
modelling_preprocessing,detrend_2D,,7835BG005098,qbasis,outside_buffered_grid,warning,510.0,,,5,,legacy_excluded,pending
modelling_preprocessing,detrend_2D,,7835BG005100,qbasis,outside_buffered_grid,warning,510.1,,,5,,legacy_excluded,pending
modelling_preprocessing,detrend_2D,,7835BG005101,qbasis,outside_buffered_grid,warning,509.59999999999997,,,5,,legacy_excluded,pending
modelling_preprocessing,detrend_2D,,7835BG005322,qbasis,outside_buffered_grid,warning,514.6,,,5,,legacy_excluded,pending
modelling_preprocessing,detrend_2D,,7835BG005442,qbasis,outside_buffered_grid,warning,514.4,,,5,,legacy_excluded,pending
modelling_preprocessing,detrend_2D,,7835BG005443,qbasis,outside_buffered_grid,warning,513.2,,,5,,legacy_excluded,pending
modelling_preprocessing,detrend_2D,,7835BG005446,qbasis,outside_buffered_grid,warning,512.0,,,5,,legacy_excluded,pending
modelling_preprocessing,detrend_2D,,7835BG005448,qbasis,outside_buffered_grid,warning,512.9,,,5,,legacy_excluded,pending
modelling_preprocessing,detrend_2D,,7835BG005458,qbasis,outside_buffered_grid,warning,513.4,,,5,,legacy_excluded,pending
modelling_preprocessing,detrend_2D,,7835BG005459,qbasis,outside_buffered_grid,warning,514.4,,,5,,legacy_excluded,pending
modelling_preprocessing,detrend_2D,,7835BG005562,qbasis,outside_buffered_grid,warning,510.90000000000003,,,5,,legacy_excluded,pending
modelling_preprocessing,detrend_2D,,7835BG004391,qbasis,outside_buffered_grid,warning,512.0,,,5,,legacy_excluded,pending
modelling_preprocessing,detrend_2D,,7835BG005102,qbasis,outside_buffered_grid,warning,510.99999999999994,,,5,,legacy_excluded,pending
modelling_preprocessing,detrend_2D,,7835BG005104,qbasis,outside_buffered_grid,warning,510.09999999999997,,,5,,legacy_excluded,pending
modelling_preprocessing,detrend_2D,,7835BG007175,qbasis,legacy_global_lower_cutoff,warning,487.0,512.2214076717082,-25.22140767170822,5,,legacy_excluded,pending
modelling_preprocessing,detrend_2D,,7835BG006469,qbasis,outside_buffered_grid,warning,512.0,,,5,,legacy_excluded,pending
modelling_preprocessing,detrend_2D,,7835BG006470,qbasis,outside_buffered_grid,warning,509.70000000000005,,,5,,legacy_excluded,pending
modelling_preprocessing,detrend_2D,,7835BG006472,qbasis,outside_buffered_grid,warning,509.50000000000006,,,5,,legacy_excluded,pending
modelling_preprocessing,detrend_2D,,7835BG006473,qbasis,missing_base,warning,,,,5,,legacy_excluded,pending
modelling_preprocessing,detrend_2D,,7835BG006474,qbasis,outside_buffered_grid,warning,510.55,,,5,,legacy_excluded,pending
modelling_preprocessing,detrend_2D,,7835BG006476,qbasis,outside_buffered_grid,warning,510.99999999999994,,,5,,legacy_excluded,pending
modelling_preprocessing,detrend_2D,,7835BG006477,qbasis,outside_buffered_grid,warning,509.9,,,5,,legacy_excluded,pending
modelling_preprocessing,detrend_2D,,7835BG006484,qbasis,outside_buffered_grid,warning,510.9,,,5,,legacy_excluded,pending
modelling_preprocessing,detrend_2D,,7835BG006485,qbasis,outside_buffered_grid,warning,510.7,,,5,,legacy_excluded,pending
modelling_preprocessing,detrend_2D,,7835BG006496,qbasis,outside_buffered_grid,warning,511.1,,,5,,legacy_excluded,pending
modelling_preprocessing,detrend_2D,,7835BG007066,qbasis,outside_buffered_grid,warning,508.9,,,5,,legacy_excluded,pending
modelling_preprocessing,detrend_2D,,7835BG006514,qbasis,outside_buffered_grid,warning,510.8,,,5,,legacy_excluded,pending
modelling_preprocessing,detrend_2D,,7835BG006515,qbasis,outside_buffered_grid,warning,510.80000000000007,,,5,,legacy_excluded,pending
modelling_preprocessing,detrend_2D,,7835BG006517,qbasis,outside_buffered_grid,warning,510.7,,,5,,legacy_excluded,pending
modelling_preprocessing,detrend_2D,,7835BG006518,qbasis,outside_buffered_grid,warning,510.7,,,5,,legacy_excluded,pending
modelling_preprocessing,detrend_2D,,7835BG006519,qbasis,outside_buffered_grid,warning,510.74999999999994,,,5,,legacy_excluded,pending
modelling_preprocessing,detrend_2D,,7835BG006521,qbasis,outside_buffered_grid,warning,510.70000000000005,,,5,,legacy_excluded,pending
modelling_preprocessing,detrend_2D,,7835BG006522,qbasis,outside_buffered_grid,warning,511.6,,,5,,legacy_excluded,pending
modelling_preprocessing,detrend_2D,,7835BG006523,qbasis,outside_buffered_grid,warning,511.2,,,5,,legacy_excluded,pending
modelling_preprocessing,detrend_2D,,7835BG006525,qbasis,outside_buffered_grid,warning,509.99999999999994,,,5,,legacy_excluded,pending
modelling_preprocessing,detrend_2D,,7835BG006526,qbasis,outside_buffered_grid,warning,510.69999999999993,,,5,,legacy_excluded,pending
modelling_preprocessing,detrend_2D,,7835BG006527,qbasis,outside_buffered_grid,warning,510.59999999999997,,,5,,legacy_excluded,pending
modelling_preprocessing,detrend_2D,,7835BG006529,qbasis,outside_buffered_grid,warning,508.90000000000003,,,5,,legacy_excluded,pending
modelling_preprocessing,detrend_2D,,7835BG006530,qbasis,outside_buffered_grid,warning,508.79999999999995,,,5,,legacy_excluded,pending
modelling_preprocessing,detrend_2D,,7835BG006532,qbasis,outside_buffered_grid,warning,509.29999999999995,,,5,,legacy_excluded,pending
modelling_preprocessing,detrend_2D,,7835BG006533,qbasis,outside_buffered_grid,warning,508.79999999999995,,,5,,legacy_excluded,pending
modelling_preprocessing,detrend_2D,,7835BG006534,qbasis,outside_buffered_grid,warning,508.20000000000005,,,5,,legacy_excluded,pending
modelling_preprocessing,detrend_2D,,7835BG006536,qbasis,outside_buffered_grid,warning,510.1,,,5,,legacy_excluded,pending
modelling_preprocessing,detrend_2D,,7835BG006555,qbasis,outside_buffered_grid,warning,511.00000000000006,,,5,,legacy_excluded,pending
modelling_preprocessing,detrend_2D,,7835BG006556,qbasis,outside_buffered_grid,warning,510.2,,,5,,legacy_excluded,pending
modelling_preprocessing,detrend_2D,,7835BG006557,qbasis,outside_buffered_grid,warning,510.29999999999995,,,5,,legacy_excluded,pending
modelling_preprocessing,detrend_2D,,7835BG006562,qbasis,outside_buffered_grid,warning,510.96999999999997,,,5,,legacy_excluded,pending
modelling_preprocessing,detrend_2D,,7835BG006563,qbasis,outside_buffered_grid,warning,511.85,,,5,,legacy_excluded,pending
modelling_preprocessing,detrend_2D,,7835BG006565,qbasis,outside_buffered_grid,warning,511.29999999999995,,,5,,legacy_excluded,pending
modelling_preprocessing,detrend_2D,,7835BG006566,qbasis,outside_buffered_grid,warning,510.5,,,5,,legacy_excluded,pending
modelling_preprocessing,detrend_2D,,7835BG006567,qbasis,outside_buffered_grid,warning,510.29999999999995,,,5,,legacy_excluded,pending
modelling_preprocessing,detrend_2D,,7835BG006569,qbasis,outside_buffered_grid,warning,509.2,,,5,,legacy_excluded,pending
modelling_preprocessing,detrend_2D,,7835BG006458,qbasis,outside_buffered_grid,warning,511.40000000000003,,,5,,legacy_excluded,pending
modelling_preprocessing,detrend_2D,,7835BG006459,qbasis,outside_buffered_grid,warning,511.69999999999993,,,5,,legacy_excluded,pending
modelling_preprocessing,detrend_2D,,7835BG006461,qbasis,outside_buffered_grid,warning,509.9,,,5,,legacy_excluded,pending
modelling_preprocessing,detrend_2D,,7835BG006462,qbasis,outside_buffered_grid,warning,509.95000000000005,,,5,,legacy_excluded,pending
modelling_preprocessing,detrend_2D,,7835BG006463,qbasis,outside_buffered_grid,warning,509.09999999999997,,,5,,legacy_excluded,pending
modelling_preprocessing,detrend_2D,,7835BG006570,qbasis,outside_buffered_grid,warning,509.29999999999995,,,5,,legacy_excluded,pending
modelling_preprocessing,detrend_2D,,7835BG006572,qbasis,outside_buffered_grid,warning,509.2,,,5,,legacy_excluded,pending
modelling_preprocessing,detrend_2D,,7835BG006573,qbasis,outside_buffered_grid,warning,509.29999999999995,,,5,,legacy_excluded,pending
modelling_preprocessing,detrend_2D,,7835BG006574,qbasis,outside_buffered_grid,warning,509.69999999999993,,,5,,legacy_excluded,pending
modelling_preprocessing,detrend_2D,,7835BG007011,qbasis,outside_buffered_grid,warning,510.20000000000005,,,5,,legacy_excluded,pending
modelling_preprocessing,detrend_2D,,7835BG007012,qbasis,outside_buffered_grid,warning,510.50000000000006,,,5,,legacy_excluded,pending
modelling_preprocessing,detrend_2D,,7835BG007014,qbasis,outside_buffered_grid,warning,509.30000000000007,,,5,,legacy_excluded,pending
modelling_preprocessing,detrend_2D,,7835BG007015,qbasis,outside_buffered_grid,warning,509.69999999999993,,,5,,legacy_excluded,pending
modelling_preprocessing,detrend_2D,,7835BG007532,qbasis,outside_buffered_grid,warning,513.8,,,5,,legacy_excluded,pending
modelling_preprocessing,detrend_2D,,7835BG007067,qbasis,outside_buffered_grid,warning,510.09999999999997,,,5,,legacy_excluded,pending
modelling_preprocessing,detrend_2D,,7835BG007068,qbasis,outside_buffered_grid,warning,510.5,,,5,,legacy_excluded,pending
modelling_preprocessing,detrend_2D,,7835BG007085,qbasis,missing_base,warning,,,,5,,legacy_excluded,pending
modelling_preprocessing,detrend_2D,,7835BG007086,qbasis,missing_base,warning,,,,5,,legacy_excluded,pending
modelling_preprocessing,detrend_2D,,7835BG007087,qbasis,legacy_residual_threshold,warning,493.2,510.7830217754591,-17.583021775459088,5,,legacy_excluded,pending
modelling_preprocessing,detrend_2D,,7835BG007089,qbasis,missing_base,warning,,,,5,,legacy_excluded,pending
modelling_preprocessing,detrend_2D,,7835BG007090,qbasis,missing_base,warning,,,,5,,legacy_excluded,pending
modelling_preprocessing,detrend_2D,,7835BG007091,qbasis,missing_base,warning,,,,5,,legacy_excluded,pending
modelling_preprocessing,detrend_2D,,7835BG007093,qbasis,missing_base,warning,,,,5,,legacy_excluded,pending
modelling_preprocessing,detrend_2D,,7835BG007094,qbasis,legacy_residual_threshold,warning,493.29999999999995,510.90501996037057,-17.605019960370612,5,,legacy_excluded,pending
modelling_preprocessing,detrend_2D,,7835BG007095,qbasis,missing_base,warning,,,,5,,legacy_excluded,pending
modelling_preprocessing,detrend_2D,,7835BG007097,qbasis,missing_base,warning,,,,5,,legacy_excluded,pending
modelling_preprocessing,detrend_2D,,7835BG007098,qbasis,legacy_residual_threshold,warning,492.9,510.71134802376656,-17.811348023766584,5,,legacy_excluded,pending
modelling_preprocessing,detrend_2D,,7835BG007100,qbasis,legacy_residual_threshold,warning,493.5,510.6956832923445,-17.195683292344484,5,,legacy_excluded,pending
modelling_preprocessing,detrend_2D,,7835BG007101,qbasis,missing_base,warning,,,,5,,legacy_excluded,pending
modelling_preprocessing,detrend_2D,,7835BG007102,qbasis,missing_base,warning,,,,5,,legacy_excluded,pending
modelling_preprocessing,detrend_2D,,7835BG007104,qbasis,legacy_residual_threshold,warning,493.2,510.7233948614859,-17.523394861485883,5,,legacy_excluded,pending
modelling_preprocessing,detrend_2D,,7835BG007105,qbasis,missing_base,warning,,,,5,,legacy_excluded,pending
modelling_preprocessing,detrend_2D,,7835BG007114,qbasis,missing_base,warning,,,,5,,legacy_excluded,pending
modelling_preprocessing,detrend_2D,,7835BG007116,qbasis,missing_base,warning,,,,5,,legacy_excluded,pending
modelling_preprocessing,detrend_2D,,7835BG007117,qbasis,missing_base,warning,,,,5,,legacy_excluded,pending
modelling_preprocessing,detrend_2D,,7835BG007525,qbasis,outside_buffered_grid,warning,506.2,,,5,,legacy_excluded,pending
modelling_preprocessing,detrend_2D,,7835BG007531,qbasis,outside_buffered_grid,warning,514.3,,,5,,legacy_excluded,pending
modelling_preprocessing,detrend_2D,,7835BG007526,qbasis,outside_buffered_grid,warning,509.69999999999993,,,5,,legacy_excluded,pending
modelling_preprocessing,detrend_2D,,7835BG007550,qbasis,legacy_global_lower_cutoff,warning,345.0,511.7680160690378,-166.7680160690378,5,,legacy_excluded,pending
modelling_preprocessing,detrend_2D,,7835BG007546,qbasis,legacy_global_lower_cutoff,warning,308.0,,,5,,legacy_excluded,pending
modelling_preprocessing,detrend_2D,,7835BG007540,qbasis,legacy_global_lower_cutoff,warning,308.20000000000005,,,5,,legacy_excluded,pending
modelling_preprocessing,detrend_2D,,7835BG015971,qbasis,missing_base,warning,,,,5,,legacy_excluded,pending
modelling_preprocessing,detrend_2D,,7835BG015973,qbasis,missing_base,warning,,,,5,,legacy_excluded,pending
modelling_preprocessing,detrend_2D,,7835BG015109,qbasis,outside_buffered_grid,warning,510.65000000000003,,,5,,legacy_excluded,pending
modelling_preprocessing,detrend_2D,,7835BG015103,qbasis,missing_base,warning,,,,5,,legacy_excluded,pending
modelling_preprocessing,detrend_2D,,7835BG015125,qbasis,legacy_global_lower_cutoff,warning,305.52,510.7675039384535,-205.24750393845352,5,,legacy_excluded,pending
modelling_preprocessing,detrend_2D,,7835BG015033,qbasis,missing_base,warning,,,,5,,legacy_excluded,pending
modelling_preprocessing,detrend_2D,,7835BG015164,qbasis,missing_base,warning,,,,5,,legacy_excluded,pending
modelling_preprocessing,detrend_2D,,7835BG015024,qbasis,missing_base,warning,,,,5,,legacy_excluded,pending
modelling_preprocessing,detrend_2D,,7835BG015240,qbasis,missing_base,warning,,,,5,,legacy_excluded,pending
modelling_preprocessing,detrend_2D,,7835BG015393,qbasis,missing_base,warning,,,,5,,legacy_excluded,pending
modelling_preprocessing,detrend_2D,,7835BG015124,qbasis,legacy_global_lower_cutoff,warning,310.20000000000005,510.5224063525726,-200.32240635257256,5,,legacy_excluded,pending
modelling_preprocessing,detrend_2D,,7835BG015243,qbasis,missing_base,warning,,,,5,,legacy_excluded,pending
modelling_preprocessing,detrend_2D,,7835BG015081,qbasis,missing_base,warning,,,,5,,legacy_excluded,pending
modelling_preprocessing,detrend_2D,,7835BG015231,qbasis,missing_base,warning,,,,5,,legacy_excluded,pending
modelling_preprocessing,detrend_2D,,7835BG015462,qbasis,missing_base,warning,,,,5,,legacy_excluded,pending
modelling_preprocessing,detrend_2D,,7835BG015588,qbasis,outside_buffered_grid,warning,509.1,,,5,,legacy_excluded,pending
modelling_preprocessing,detrend_2D,,7835BG015972,qbasis,missing_base,warning,,,,5,,legacy_excluded,pending
modelling_preprocessing,detrend_2D,,7835BG015585,qbasis,missing_base,warning,,,,5,,legacy_excluded,pending
modelling_preprocessing,detrend_2D,,7835BG015567,qbasis,missing_base,warning,,,,5,,legacy_excluded,pending
modelling_preprocessing,detrend_2D,,7835BG015584,qbasis,missing_base,warning,,,,5,,legacy_excluded,pending
modelling_preprocessing,detrend_2D,,7835BG015586,qbasis,missing_base,warning,,,,5,,legacy_excluded,pending
modelling_preprocessing,detrend_2D,,7835BG015587,qbasis,outside_buffered_grid,warning,509.3,,,5,,legacy_excluded,pending
modelling_preprocessing,detrend_2D,,7835BG015569,qbasis,legacy_residual_threshold,warning,504.30000000000007,509.73947133416993,-5.439471334169866,5,,legacy_excluded,pending
modelling_preprocessing,detrend_2D,,7835BG015580,qbasis,missing_base,warning,,,,5,,legacy_excluded,pending
modelling_preprocessing,detrend_2D,,7835BG015499,qbasis,outside_buffered_grid,warning,514.0999999999999,,,5,,legacy_excluded,pending
modelling_preprocessing,detrend_2D,,7835BG015581,qbasis,missing_base,warning,,,,5,,legacy_excluded,pending
modelling_preprocessing,detrend_2D,,7835BG015582,qbasis,missing_base,warning,,,,5,,legacy_excluded,pending
modelling_preprocessing,detrend_2D,,7835BG015583,qbasis,missing_base,warning,,,,5,,legacy_excluded,pending
modelling_preprocessing,detrend_2D,,7835BG015976,qbasis,missing_base,warning,,,,5,,legacy_excluded,pending
modelling_preprocessing,detrend_2D,,7835BG008624,qbasis,outside_buffered_grid,warning,511.96999999999997,,,5,,legacy_excluded,pending
modelling_preprocessing,detrend_2D,,7835BG017003,qbasis,missing_base,warning,,,,5,,legacy_excluded,pending
modelling_preprocessing,detrend_2D,,7835BG015579,qbasis,missing_base,warning,,,,5,,legacy_excluded,pending
modelling_preprocessing,detrend_2D,,7835BG015552,qbasis,outside_buffered_grid,warning,508.40000000000003,,,5,,legacy_excluded,pending
modelling_preprocessing,detrend_2D,,7835BG016940,qbasis,missing_base,warning,,,,5,,legacy_excluded,pending
modelling_preprocessing,detrend_2D,,7835BG015553,qbasis,missing_base,warning,,,,5,,legacy_excluded,pending
modelling_preprocessing,detrend_2D,,7835BG015500,qbasis,missing_base,warning,,,,5,,legacy_excluded,pending
modelling_preprocessing,detrend_2D,,7835BG015550,qbasis,missing_base,warning,,,,5,,legacy_excluded,pending
modelling_preprocessing,detrend_2D,,7835BG015501,qbasis,missing_base,warning,,,,5,,legacy_excluded,pending
modelling_preprocessing,detrend_2D,,7835BG015464,qbasis,missing_base,warning,,,,5,,legacy_excluded,pending
modelling_preprocessing,detrend_2D,,7835BG015549,qbasis,outside_buffered_grid,warning,505.1,,,5,,legacy_excluded,pending
modelling_preprocessing,detrend_2D,,7835BG016964,qbasis,missing_base,warning,,,,5,,legacy_excluded,pending
modelling_preprocessing,detrend_2D,,7835BG015465,qbasis,missing_base,warning,,,,5,,legacy_excluded,pending
modelling_preprocessing,detrend_2D,,7835BG015463,qbasis,missing_base,warning,,,,5,,legacy_excluded,pending
modelling_preprocessing,detrend_2D,,7835BG015788,qbasis,legacy_global_lower_cutoff,warning,426.8,513.8694453048784,-87.06944530487834,5,,legacy_excluded,pending
modelling_preprocessing,detrend_2D,,7835BG016941,qbasis,missing_base,warning,,,,5,,legacy_excluded,pending
modelling_preprocessing,detrend_2D,,7835BG015889,qbasis,missing_base,warning,,,,5,,legacy_excluded,pending
modelling_preprocessing,detrend_2D,,7835BG016165,qbasis,missing_base,warning,,,,5,,legacy_excluded,pending
modelling_preprocessing,detrend_2D,,7835BG015948,qbasis,missing_base,warning,,,,5,,legacy_excluded,pending
modelling_preprocessing,detrend_2D,,7835BG015877,qbasis,missing_base,warning,,,,5,,legacy_excluded,pending
modelling_preprocessing,detrend_2D,,7835BG016886,qbasis,missing_base,warning,,,,5,,legacy_excluded,pending
modelling_preprocessing,detrend_2D,,7835BG015902,qbasis,missing_base,warning,,,,5,,legacy_excluded,pending
modelling_preprocessing,detrend_2D,,7835BG015903,qbasis,missing_base,warning,,,,5,,legacy_excluded,pending
modelling_preprocessing,detrend_2D,,7835BG015954,qbasis,missing_base,warning,,,,5,,legacy_excluded,pending
modelling_preprocessing,detrend_2D,,7835BG015890,qbasis,missing_base,warning,,,,5,,legacy_excluded,pending
modelling_preprocessing,detrend_2D,,7835BG016891,qbasis,missing_base,warning,,,,5,,legacy_excluded,pending
modelling_preprocessing,detrend_2D,,7835BG015893,qbasis,missing_base,warning,,,,5,,legacy_excluded,pending
modelling_preprocessing,detrend_2D,,7835BG015950,qbasis,missing_base,warning,,,,5,,legacy_excluded,pending
modelling_preprocessing,detrend_2D,,7835BG015891,qbasis,missing_base,warning,,,,5,,legacy_excluded,pending
modelling_preprocessing,detrend_2D,,7835BG015885,qbasis,missing_base,warning,,,,5,,legacy_excluded,pending
modelling_preprocessing,detrend_2D,,7835BG016256,qbasis,missing_base,warning,,,,5,,legacy_excluded,pending
modelling_preprocessing,detrend_2D,,7835BG016538,qbasis,missing_base,warning,,,,5,,legacy_excluded,pending
modelling_preprocessing,detrend_2D,,7835BG016252,qbasis,missing_base,warning,,,,5,,legacy_excluded,pending
modelling_preprocessing,detrend_2D,,7835BG015892,qbasis,missing_base,warning,,,,5,,legacy_excluded,pending
modelling_preprocessing,detrend_2D,,7835BG015741,qbasis,outside_buffered_grid,warning,510.4,,,5,,legacy_excluded,pending
modelling_preprocessing,detrend_2D,,7835BG016994,qbasis,missing_base,warning,,,,5,,legacy_excluded,pending
modelling_preprocessing,detrend_2D,,7835BG016991,qbasis,missing_base,warning,,,,5,,legacy_excluded,pending
modelling_preprocessing,detrend_2D,,7835BG015886,qbasis,missing_base,warning,,,,5,,legacy_excluded,pending
modelling_preprocessing,detrend_2D,,7835BG015888,qbasis,missing_base,warning,,,,5,,legacy_excluded,pending
modelling_preprocessing,detrend_2D,,7835BG015904,qbasis,missing_base,warning,,,,5,,legacy_excluded,pending
modelling_preprocessing,detrend_2D,,7835BG015905,qbasis,missing_base,warning,,,,5,,legacy_excluded,pending
modelling_preprocessing,detrend_2D,,7835BG015956,qbasis,missing_base,warning,,,,5,,legacy_excluded,pending
modelling_preprocessing,detrend_2D,,7835BG015955,qbasis,missing_base,warning,,,,5,,legacy_excluded,pending
modelling_preprocessing,detrend_2D,,7835BG016253,qbasis,missing_base,warning,,,,5,,legacy_excluded,pending
modelling_preprocessing,detrend_2D,,7835BG016993,qbasis,missing_base,warning,,,,5,,legacy_excluded,pending
modelling_preprocessing,detrend_2D,,7835BG017002,qbasis,outside_buffered_grid,warning,512.49,,,5,,legacy_excluded,pending
modelling_preprocessing,detrend_2D,,7835BG015957,qbasis,missing_base,warning,,,,5,,legacy_excluded,pending
modelling_preprocessing,detrend_2D,,7835BG016273,qbasis,missing_base,warning,,,,5,,legacy_excluded,pending
modelling_preprocessing,detrend_2D,,7835BG015952,qbasis,missing_base,warning,,,,5,,legacy_excluded,pending
modelling_preprocessing,detrend_2D,,7835BG016251,qbasis,missing_base,warning,,,,5,,legacy_excluded,pending
modelling_preprocessing,detrend_2D,,7835BG015951,qbasis,missing_base,warning,,,,5,,legacy_excluded,pending
modelling_preprocessing,detrend_2D,,7835BG015953,qbasis,missing_base,warning,,,,5,,legacy_excluded,pending
modelling_preprocessing,detrend_2D,,7835BG016294,qbasis,missing_base,warning,,,,5,,legacy_excluded,pending
modelling_preprocessing,detrend_2D,,7835BG016271,qbasis,missing_base,warning,,,,5,,legacy_excluded,pending
modelling_preprocessing,detrend_2D,,7835BG016893,qbasis,missing_base,warning,,,,5,,legacy_excluded,pending
modelling_preprocessing,detrend_2D,,7835BG015949,qbasis,missing_base,warning,,,,5,,legacy_excluded,pending
modelling_preprocessing,detrend_2D,,7835BG016537,qbasis,missing_base,warning,,,,5,,legacy_excluded,pending
modelling_preprocessing,detrend_2D,,7835BG016254,qbasis,missing_base,warning,,,,5,,legacy_excluded,pending
modelling_preprocessing,detrend_2D,,7835BG015901,qbasis,missing_base,warning,,,,5,,legacy_excluded,pending
modelling_preprocessing,detrend_2D,,7835BG016258,qbasis,missing_base,warning,,,,5,,legacy_excluded,pending
modelling_preprocessing,detrend_2D,,7835BG016888,qbasis,missing_base,warning,,,,5,,legacy_excluded,pending
modelling_preprocessing,detrend_2D,,7835BG016260,qbasis,missing_base,warning,,,,5,,legacy_excluded,pending
modelling_preprocessing,detrend_2D,,7835BG016268,qbasis,missing_base,warning,,,,5,,legacy_excluded,pending
modelling_preprocessing,detrend_2D,,7835BG016887,qbasis,legacy_residual_threshold,warning,506.65,513.5886941242467,-6.938694124246695,5,,legacy_excluded,pending
modelling_preprocessing,detrend_2D,,7835BG016272,qbasis,missing_base,warning,,,,5,,legacy_excluded,pending
modelling_preprocessing,detrend_2D,,7835BG016255,qbasis,missing_base,warning,,,,5,,legacy_excluded,pending
modelling_preprocessing,detrend_2D,,7835BG016257,qbasis,missing_base,warning,,,,5,,legacy_excluded,pending
modelling_preprocessing,detrend_2D,,7835BG016539,qbasis,missing_base,warning,,,,5,,legacy_excluded,pending
modelling_preprocessing,detrend_2D,,7835BG016904,qbasis,outside_buffered_grid,warning,513.4,,,5,,legacy_excluded,pending
modelling_preprocessing,detrend_2D,,7835BG016902,qbasis,missing_base,warning,,,,5,,legacy_excluded,pending
modelling_preprocessing,detrend_2D,,7835BG016793,qbasis,missing_base,warning,,,,5,,legacy_excluded,pending
modelling_preprocessing,detrend_2D,,7835BG016655,qbasis,missing_base,warning,,,,5,,legacy_excluded,pending
modelling_preprocessing,detrend_2D,,7835BG017092,qbasis,missing_base,warning,,,,5,,legacy_excluded,pending
modelling_preprocessing,detrend_2D,,7835BG017004,qbasis,missing_base,warning,,,,5,,legacy_excluded,pending
modelling_preprocessing,detrend_2D,,7835BG016903,qbasis,missing_base,warning,,,,5,,legacy_excluded,pending
modelling_preprocessing,detrend_2D,,7835BG017099,qbasis,missing_base,warning,,,,5,,legacy_excluded,pending
modelling_preprocessing,detrend_2D,,7835BG016800,qbasis,missing_base,warning,,,,5,,legacy_excluded,pending
modelling_preprocessing,detrend_2D,,7835BG017180,qbasis,legacy_residual_threshold,warning,504.42999999999995,511.44825684521567,-7.018256845215717,5,,legacy_excluded,pending
modelling_preprocessing,detrend_2D,,7835BG017093,qbasis,missing_base,warning,,,,5,,legacy_excluded,pending
modelling_preprocessing,detrend_2D,,7835BG016844,qbasis,missing_base,warning,,,,5,,legacy_excluded,pending
modelling_preprocessing,detrend_2D,,7835BG017147,qbasis,outside_buffered_grid,warning,512.87,,,5,,legacy_excluded,pending
modelling_preprocessing,detrend_2D,,7835BG017107,qbasis,missing_base,warning,,,,5,,legacy_excluded,pending
modelling_preprocessing,detrend_2D,,7835BG016901,qbasis,outside_buffered_grid,warning,510.92999999999995,,,5,,legacy_excluded,pending
modelling_preprocessing,detrend_2D,,7835BG017114,qbasis,missing_base,warning,,,,5,,legacy_excluded,pending
modelling_preprocessing,detrend_2D,,7835BG017116,qbasis,missing_base,warning,,,,5,,legacy_excluded,pending
modelling_preprocessing,detrend_2D,,7835BG016966,qbasis,missing_base,warning,,,,5,,legacy_excluded,pending
modelling_preprocessing,detrend_2D,,7835BG016992,qbasis,legacy_global_lower_cutoff,warning,459.2,511.9897703093194,-52.78977030931941,5,,legacy_excluded,pending
modelling_preprocessing,detrend_2D,,7835BG017148,qbasis,legacy_global_lower_cutoff,warning,464.14,510.9578742088282,-46.81787420882819,5,,legacy_excluded,pending
modelling_preprocessing,detrend_2D,,7835BG017104,qbasis,missing_base,warning,,,,5,,legacy_excluded,pending
modelling_preprocessing,detrend_2D,,7835BG017457,qbasis,legacy_global_lower_cutoff,warning,459.49999999999994,511.318264802747,-51.81826480274708,5,,legacy_excluded,pending
modelling_preprocessing,detrend_2D,,7835BG017101,qbasis,missing_base,warning,,,,5,,legacy_excluded,pending
modelling_preprocessing,detrend_2D,,7835BG017095,qbasis,missing_base,warning,,,,5,,legacy_excluded,pending
modelling_preprocessing,detrend_2D,,7835BG017466,qbasis,missing_base,warning,,,,5,,legacy_excluded,pending
modelling_preprocessing,detrend_2D,,7835BG017094,qbasis,missing_base,warning,,,,5,,legacy_excluded,pending
modelling_preprocessing,detrend_2D,,7835BG017096,qbasis,outside_buffered_grid,warning,510.92999999999995,,,5,,legacy_excluded,pending
modelling_preprocessing,detrend_2D,,7835BG017098,qbasis,missing_base,warning,,,,5,,legacy_excluded,pending
modelling_preprocessing,detrend_2D,,7835BG017106,qbasis,missing_base,warning,,,,5,,legacy_excluded,pending
modelling_preprocessing,detrend_2D,,7835BG017103,qbasis,missing_base,warning,,,,5,,legacy_excluded,pending
modelling_preprocessing,detrend_2D,,7835BG017146,qbasis,outside_buffered_grid,warning,510.92999999999995,,,5,,legacy_excluded,pending
modelling_preprocessing,detrend_2D,,7835BG017348,qbasis,missing_base,warning,,,,5,,legacy_excluded,pending
modelling_preprocessing,detrend_2D,,7835BG017113,qbasis,missing_base,warning,,,,5,,legacy_excluded,pending
modelling_preprocessing,detrend_2D,,7835BG017377,qbasis,outside_buffered_grid,warning,513.0999999999999,,,5,,legacy_excluded,pending
modelling_preprocessing,detrend_2D,,7835BG017100,qbasis,missing_base,warning,,,,5,,legacy_excluded,pending
modelling_preprocessing,detrend_2D,,7835BG015115,qbasis,missing_base,warning,,,,5,,legacy_excluded,pending
modelling_preprocessing,detrend_2D,,7835BG017464,qbasis,missing_base,warning,,,,5,,legacy_excluded,pending
modelling_preprocessing,detrend_2D,,7835BG017471,qbasis,legacy_global_lower_cutoff,warning,462.12000000000006,511.4052480372789,-49.28524803727885,5,,legacy_excluded,pending
modelling_preprocessing,detrend_2D,,7835BG017115,qbasis,outside_buffered_grid,warning,512.1999999999999,,,5,,legacy_excluded,pending
modelling_preprocessing,detrend_2D,,7835BG017468,qbasis,legacy_residual_threshold,warning,503.75000000000006,511.604255911961,-7.854255911960934,5,,legacy_excluded,pending
modelling_preprocessing,detrend_2D,,7835BG017463,qbasis,outside_buffered_grid,warning,513.69,,,5,,legacy_excluded,pending
modelling_preprocessing,detrend_2D,,7835BG017117,qbasis,missing_base,warning,,,,5,,legacy_excluded,pending
modelling_preprocessing,detrend_2D,,7835BG017614,qbasis,missing_base,warning,,,,5,,legacy_excluded,pending
modelling_preprocessing,detrend_2D,,7835BG017613,qbasis,missing_base,warning,,,,5,,legacy_excluded,pending
modelling_preprocessing,detrend_2D,,7835BG017612,qbasis,missing_base,warning,,,,5,,legacy_excluded,pending
modelling_preprocessing,detrend_2D,,7835BG017458,qbasis,missing_base,warning,,,,5,,legacy_excluded,pending
modelling_preprocessing,detrend_2D,,7835BG017459,qbasis,missing_base,warning,,,,5,,legacy_excluded,pending
modelling_preprocessing,detrend_2D,,7835BG017793,qbasis,outside_buffered_grid,warning,519.67,,,5,,legacy_excluded,pending
modelling_preprocessing,detrend_2D,,7835BG017794,qbasis,missing_base,warning,,,,5,,legacy_excluded,pending
modelling_preprocessing,detrend_2D,,7835BG017469,qbasis,missing_base,warning,,,,5,,legacy_excluded,pending
modelling_preprocessing,detrend_2D,,7835BG017467,qbasis,missing_base,warning,,,,5,,legacy_excluded,pending
modelling_preprocessing,detrend_2D,,7835BG017637,qbasis,missing_base,warning,,,,5,,legacy_excluded,pending
modelling_preprocessing,detrend_2D,,7835BG017638,qbasis,missing_base,warning,,,,5,,legacy_excluded,pending
modelling_preprocessing,detrend_2D,,7835BG010147,qbasis,outside_buffered_grid,warning,501.9599999999999,,,5,,legacy_excluded,pending
modelling_preprocessing,detrend_2D,,7835BG017657,qbasis,missing_base,warning,,,,5,,legacy_excluded,pending
modelling_preprocessing,detrend_2D,,7835BG017658,qbasis,missing_base,warning,,,,5,,legacy_excluded,pending
modelling_preprocessing,detrend_2D,,7835BG017631,qbasis,legacy_residual_threshold,warning,491.0,510.6597613870883,-19.65976138708828,5,,legacy_excluded,pending
modelling_preprocessing,detrend_2D,,7835BG017630,qbasis,legacy_residual_threshold,warning,491.7,510.58186225947225,-18.881862259472257,5,,legacy_excluded,pending
modelling_preprocessing,detrend_2D,,7835BG017629,qbasis,missing_base,warning,,,,5,,legacy_excluded,pending
modelling_preprocessing,detrend_2D,,7835BG017628,qbasis,missing_base,warning,,,,5,,legacy_excluded,pending
modelling_preprocessing,detrend_2D,,7835BG017627,qbasis,missing_base,warning,,,,5,,legacy_excluded,pending
modelling_preprocessing,detrend_2D,,7835BG017624,qbasis,legacy_residual_threshold,warning,499.9,511.89364451004843,-11.993644510048455,5,,legacy_excluded,pending
modelling_preprocessing,detrend_2D,,7835BG017625,qbasis,missing_base,warning,,,,5,,legacy_excluded,pending
modelling_preprocessing,detrend_2D,,7835BG017626,qbasis,missing_base,warning,,,,5,,legacy_excluded,pending
modelling_preprocessing,detrend_2D,,7835BG017623,qbasis,missing_base,warning,,,,5,,legacy_excluded,pending
modelling_preprocessing,detrend_2D,,7835BG017622,qbasis,missing_base,warning,,,,5,,legacy_excluded,pending
modelling_preprocessing,detrend_2D,,7835BG017620,qbasis,missing_base,warning,,,,5,,legacy_excluded,pending
modelling_preprocessing,detrend_2D,,7835BG017619,qbasis,missing_base,warning,,,,5,,legacy_excluded,pending
modelling_preprocessing,detrend_2D,,7835BG017618,qbasis,missing_base,warning,,,,5,,legacy_excluded,pending
modelling_preprocessing,detrend_2D,,7835BG017616,qbasis,missing_base,warning,,,,5,,legacy_excluded,pending
modelling_preprocessing,detrend_2D,,7835BG017617,qbasis,missing_base,warning,,,,5,,legacy_excluded,pending
modelling_preprocessing,detrend_2D,,7835BG015104,qbasis,missing_base,warning,,,,5,,legacy_excluded,pending
modelling_preprocessing,detrend_2D,,7835BG018276,qbasis,outside_buffered_grid,warning,508.22999999999996,,,5,,legacy_excluded,pending
modelling_preprocessing,detrend_2D,,7835BG018051,qbasis,legacy_global_lower_cutoff,warning,459.42999999999995,512.101910884355,-52.67191088435504,5,,legacy_excluded,pending
modelling_preprocessing,detrend_2D,,7835BG018278,qbasis,outside_buffered_grid,warning,507.77000000000004,,,5,,legacy_excluded,pending
modelling_preprocessing,detrend_2D,,7835BG018277,qbasis,outside_buffered_grid,warning,508.1700000000001,,,5,,legacy_excluded,pending
modelling_preprocessing,detrend_2D,,7835BG018845,qbasis,outside_buffered_grid,warning,511.5,,,5,,legacy_excluded,pending
modelling_preprocessing,detrend_2D,,7835BG018864,qbasis,missing_base,warning,,,,5,,legacy_excluded,pending
modelling_preprocessing,detrend_2D,,7835BG018943,qbasis,legacy_global_lower_cutoff,warning,464.9,510.44892287536754,-45.548922875367566,5,,legacy_excluded,pending
modelling_preprocessing,detrend_2D,,7835BG018944,qbasis,legacy_global_lower_cutoff,warning,464.9,510.52779393253206,-45.627793932532086,5,,legacy_excluded,pending
